Date,Close,High,Low,Open,Volume
2021-05-24,66.05000305175781,66.13999938964844,63.630001068115234,63.869998931884766,466647.0
2021-05-25,66.06999969482422,66.51000213623047,65.41000366210938,66.0199966430664,497394.0
2021-05-26,66.20999908447266,66.43000030517578,65.25,66.04000091552734,376207.0
2021-05-27,66.8499984741211,66.91999816894531,65.47000122070312,66.16000366210938,337542.0
2021-05-28,66.31999969482422,67.5199966430664,66.16999816894531,66.94999694824219,390461.0
2021-05-29,66.31999969482422,66.31999969482422,66.31999969482422,66.31999969482422,0.0
2021-05-30,66.31999969482422,66.31999969482422,66.31999969482422,66.31999969482422,0.0
2021-05-31,66.31999969482422,66.31999969482422,66.31999969482422,66.31999969482422,0.0
2021-06-01,67.72000122070312,68.87000274658203,66.41000366210938,66.68000030517578,570985.0
2021-06-02,68.83000183105469,69.0,67.77999877929688,67.98999786376953,332995.0
2021-06-03,68.80999755859375,69.4000015258789,68.19000244140625,68.76000213623047,351367.0
2021-06-04,69.62000274658203,69.76000213623047,68.33000183105469,68.91000366210938,326250.0
2021-06-05,69.62000274658203,69.62000274658203,69.62000274658203,69.62000274658203,0.0
2021-06-06,69.62000274658203,69.62000274658203,69.62000274658203,69.62000274658203,0.0
2021-06-07,69.2300033569336,70.0,68.93000030517578,69.5199966430664,365621.0
2021-06-08,70.05000305175781,70.2699966430664,68.47000122070312,69.29000091552734,441302.0
2021-06-09,69.95999908447266,70.62000274658203,69.45999908447266,70.01000213623047,410820.0
2021-06-10,70.29000091552734,70.6500015258789,68.68000030517578,69.76000213623047,492464.0
2021-06-11,70.91000366210938,71.23999786376953,69.68000030517578,70.0999984741211,563575.0
2021-06-12,70.91000366210938,70.91000366210938,70.91000366210938,70.91000366210938,0.0
2021-06-13,70.91000366210938,70.91000366210938,70.91000366210938,70.91000366210938,0.0
2021-06-14,70.87999725341797,71.77999877929688,70.6500015258789,70.6500015258789,319639.0
2021-06-15,72.12000274658203,72.48999786376953,70.80999755859375,71.16000366210938,336035.0
2021-06-16,72.1500015258789,72.98999786376953,71.61000061035156,72.44999694824219,426775.0
2021-06-17,71.04000091552734,72.30000305175781,69.7699966430664,71.6500015258789,373780.0
2021-06-18,71.63999938964844,72.16999816894531,70.16000366210938,71.0999984741211,139584.0
2021-06-19,71.63999938964844,71.63999938964844,71.63999938964844,71.63999938964844,0.0
2021-06-20,71.63999938964844,71.63999938964844,71.63999938964844,71.63999938964844,0.0
2021-06-21,73.66000366210938,73.95999908447266,71.1500015258789,71.5199966430664,123662.0
2021-06-22,73.05999755859375,73.94999694824219,72.94000244140625,73.41000366210938,498555.0
2021-06-23,73.08000183105469,74.25,72.81999969482422,72.91000366210938,429207.0
2021-06-24,73.30000305175781,73.61000061035156,72.31999969482422,73.27999877929688,334833.0
2021-06-25,74.05000305175781,74.18000030517578,72.8499984741211,73.31999969482422,364721.0
2021-06-26,74.05000305175781,74.05000305175781,74.05000305175781,74.05000305175781,0.0
2021-06-27,74.05000305175781,74.05000305175781,74.05000305175781,74.05000305175781,0.0
2021-06-28,72.91000366210938,74.44999694824219,72.62000274658203,73.98999786376953,354701.0
2021-06-29,72.9800033569336,73.80999755859375,71.97000122070312,72.77999877929688,321448.0
2021-06-30,73.47000122070312,74.13999938964844,72.81999969482422,73.47000122070312,383626.0
2021-07-01,75.2300033569336,76.22000122070312,73.38999938964844,73.5,615678.0
2021-07-02,75.16000366210938,75.62000274658203,74.41000366210938,75.0199966430664,377531.0
2021-07-03,75.16000366210938,75.16000366210938,75.16000366210938,75.16000366210938,0.0
2021-07-04,75.16000366210938,75.16000366210938,75.16000366210938,75.16000366210938,0.0
2021-07-05,75.16000366210938,75.16000366210938,75.16000366210938,75.16000366210938,0.0
2021-07-06,73.37000274658203,76.9800033569336,72.94000244140625,75.3499984741211,714044.0
2021-07-07,72.19999694824219,74.86000061035156,71.06999969482422,73.8499984741211,607971.0
2021-07-08,72.94000244140625,73.26000213623047,70.76000213623047,72.16999816894531,529690.0
2021-07-09,74.55999755859375,74.76000213623047,72.72000122070312,73.26000213623047,422154.0
2021-07-10,74.55999755859375,74.55999755859375,74.55999755859375,74.55999755859375,0.0
2021-07-11,74.55999755859375,74.55999755859375,74.55999755859375,74.55999755859375,0.0
2021-07-12,74.0999984741211,74.93000030517578,73.16000366210938,74.73999786376953,397931.0
2021-07-13,75.25,75.5199966430664,73.68000030517578,74.18000030517578,444078.0
2021-07-14,73.12999725341797,75.44000244140625,72.20999908447266,75.16999816894531,528360.0
2021-07-15,71.6500015258789,72.95999908447266,71.4000015258789,72.95999908447266,368679.0
2021-07-16,71.80999755859375,72.30000305175781,70.41000366210938,71.4800033569336,133926.0
2021-07-17,71.80999755859375,71.80999755859375,71.80999755859375,71.80999755859375,0.0
2021-07-18,71.80999755859375,71.80999755859375,71.80999755859375,71.80999755859375,0.0
2021-07-19,66.41999816894531,71.66999816894531,65.62999725341797,71.48999786376953,82565.0
2021-07-20,67.41999816894531,67.6500015258789,65.20999908447266,66.5999984741211,561629.0
2021-07-21,70.30000305175781,70.51000213623047,66.44000244140625,66.44999694824219,503030.0
2021-07-22,71.91000366210938,72.02999877929688,69.86000061035156,70.22000122070312,435181.0
2021-07-23,72.06999969482422,72.20999908447266,71.38999938964844,71.70999908447266,274778.0
2021-07-24,72.06999969482422,72.06999969482422,72.06999969482422,72.06999969482422,0.0
2021-07-25,72.06999969482422,72.06999969482422,72.06999969482422,72.06999969482422,0.0
2021-07-26,71.91000366210938,72.43000030517578,70.55999755859375,72.18000030517578,395743.0
2021-07-27,71.6500015258789,72.33000183105469,71.08000183105469,72.22000122070312,333123.0
2021-07-28,72.38999938964844,72.5999984741211,71.69999694824219,71.9000015258789,318911.0
2021-07-29,73.62000274658203,73.68000030517578,72.26000213623047,72.4000015258789,294462.0
2021-07-30,73.94999694824219,74.2300033569336,72.93000030517578,73.41000366210938,303700.0
2021-07-31,73.94999694824219,73.94999694824219,73.94999694824219,73.94999694824219,0.0
2021-08-01,73.94999694824219,73.94999694824219,73.94999694824219,73.94999694824219,0.0
2021-08-02,71.26000213623047,73.94999694824219,70.55000305175781,73.91000366210938,448200.0
2021-08-03,70.55999755859375,71.95999908447266,69.19000244140625,71.5199966430664,509938.0
2021-08-04,68.1500015258789,70.80999755859375,67.8499984741211,70.31999969482422,582924.0
2021-08-05,69.08999633789062,69.3499984741211,67.61000061035156,68.05999755859375,416331.0
2021-08-06,68.27999877929688,70.18000030517578,67.80000305175781,69.13999938964844,537136.0
2021-08-07,68.27999877929688,68.27999877929688,68.27999877929688,68.27999877929688,0.0
2021-08-08,68.27999877929688,68.27999877929688,68.27999877929688,68.27999877929688,0.0
2021-08-09,66.4800033569336,67.9000015258789,65.1500015258789,67.87999725341797,598381.0
2021-08-10,68.29000091552734,68.9000015258789,66.55999755859375,66.8499984741211,452126.0
2021-08-11,69.25,69.44999694824219,66.66999816894531,68.51000213623047,513292.0
2021-08-12,69.08999633789062,69.62000274658203,68.45999908447266,69.36000061035156,352465.0
2021-08-13,68.44000244140625,69.22000122070312,67.7699966430664,68.91000366210938,272033.0
2021-08-14,68.44000244140625,68.44000244140625,68.44000244140625,68.44000244140625,0.0
2021-08-15,68.44000244140625,68.44000244140625,68.44000244140625,68.44000244140625,0.0
2021-08-16,67.29000091552734,68.13999938964844,65.7300033569336,68.12999725341797,334844.0
2021-08-17,66.58999633789062,67.72000122070312,66.33000183105469,67.43000030517578,235303.0
2021-08-18,65.45999908447266,67.4800033569336,64.33999633789062,66.58000183105469,121197.0
2021-08-19,63.689998626708984,64.76000213623047,62.630001068115234,64.58000183105469,88237.0
2021-08-20,62.31999969482422,64.0999984741211,62.11000061035156,64.05000305175781,365009.0
2021-08-21,62.31999969482422,62.31999969482422,62.31999969482422,62.31999969482422,0.0
2021-08-22,62.31999969482422,62.31999969482422,62.31999969482422,62.31999969482422,0.0
2021-08-23,65.63999938964844,66.0,61.7400016784668,61.959999084472656,397290.0
2021-08-24,67.54000091552734,67.80000305175781,65.41000366210938,65.54000091552734,335888.0
2021-08-25,68.36000061035156,68.54000091552734,66.91999816894531,67.62999725341797,353742.0
2021-08-26,67.41999816894531,68.30999755859375,67.0199966430664,68.0,344286.0
2021-08-27,68.73999786376953,69.05000305175781,67.5199966430664,67.75,326056.0
2021-08-28,68.73999786376953,68.73999786376953,68.73999786376953,68.73999786376953,0.0
2021-08-29,68.73999786376953,68.73999786376953,68.73999786376953,68.73999786376953,0.0
2021-08-30,69.20999908447266,69.63999938964844,67.66999816894531,69.30000305175781,360797.0
2021-08-31,68.5,69.33999633789062,68.16000366210938,69.18000030517578,325853.0
2021-09-01,68.58999633789062,69.23999786376953,67.12000274658203,68.55000305175781,399497.0
2021-09-02,69.98999786376953,70.61000061035156,67.83999633789062,68.29000091552734,403314.0
2021-09-03,69.29000091552734,70.52999877929688,69.05000305175781,69.76000213623047,313086.0
2021-09-04,69.29000091552734,69.29000091552734,69.29000091552734,69.29000091552734,0.0
2021-09-05,69.29000091552734,69.29000091552734,69.29000091552734,69.29000091552734,0.0
2021-09-06,69.29000091552734,69.29000091552734,69.29000091552734,69.29000091552734,0.0
2021-09-07,68.3499984741211,69.4800033569336,67.63999938964844,69.11000061035156,481704.0
2021-09-08,69.30000305175781,69.75,68.30999755859375,68.37000274658203,389325.0
2021-09-09,68.13999938964844,69.88999938964844,67.55999755859375,69.36000061035156,556451.0
2021-09-10,69.72000122070312,69.95999908447266,67.68000030517578,67.97000122070312,411079.0
2021-09-11,69.72000122070312,69.72000122070312,69.72000122070312,69.72000122070312,0.0
2021-09-12,69.72000122070312,69.72000122070312,69.72000122070312,69.72000122070312,0.0
2021-09-13,70.44999694824219,70.97000122070312,69.51000213623047,69.73999786376953,390939.0
2021-09-14,70.45999908447266,71.22000122070312,69.9800033569336,70.63999938964844,414231.0
2021-09-15,72.61000061035156,73.13999938964844,70.6500015258789,70.76000213623047,418665.0
2021-09-16,72.61000061035156,72.98999786376953,71.52999877929688,72.6500015258789,298412.0
2021-09-17,71.97000122070312,72.72000122070312,71.20999908447266,72.62000274658203,119933.0
2021-09-18,71.97000122070312,71.97000122070312,71.97000122070312,71.97000122070312,0.0
2021-09-19,71.97000122070312,71.97000122070312,71.97000122070312,71.97000122070312,0.0
2021-09-20,70.29000091552734,72.08000183105469,69.86000061035156,71.91999816894531,75837.0
2021-09-21,70.55999755859375,71.62999725341797,69.66999816894531,70.58999633789062,393403.0
2021-09-22,72.2300033569336,72.30000305175781,70.63999938964844,70.8499984741211,381061.0
2021-09-23,73.30000305175781,73.5,71.61000061035156,71.97000122070312,403405.0
2021-09-24,73.9800033569336,74.2699966430664,72.80999755859375,73.23999786376953,350382.0
2021-09-25,73.9800033569336,73.9800033569336,73.9800033569336,73.9800033569336,0.0
2021-09-26,73.9800033569336,73.9800033569336,73.9800033569336,73.9800033569336,0.0
2021-09-27,75.44999694824219,75.75,74.16000366210938,74.19000244140625,417829.0
2021-09-28,75.29000091552734,76.66999816894531,74.23999786376953,75.43000030517578,476143.0
2021-09-29,74.83000183105469,75.79000091552734,73.73999786376953,74.37999725341797,424193.0
2021-09-30,75.02999877929688,76.06999969482422,73.13999938964844,74.77999877929688,583189.0
2021-10-01,75.87999725341797,75.98999786376953,74.2300033569336,75.12000274658203,388996.0
2021-10-02,75.87999725341797,75.87999725341797,75.87999725341797,75.87999725341797,0.0
2021-10-03,75.87999725341797,75.87999725341797,75.87999725341797,75.87999725341797,0.0
2021-10-04,77.62000274658203,78.37999725341797,75.31999969482422,75.9000015258789,458006.0
2021-10-05,78.93000030517578,79.4800033569336,77.47000122070312,77.58000183105469,449617.0
2021-10-06,77.43000030517578,79.77999877929688,76.83000183105469,79.04000091552734,459055.0
2021-10-07,78.30000305175781,78.88999938964844,74.95999908447266,77.0,545008.0
2021-10-08,79.3499984741211,80.11000061035156,78.62999725341797,78.86000061035156,662010.0
2021-10-09,79.3499984741211,79.3499984741211,79.3499984741211,79.3499984741211,0.0
2021-10-10,79.3499984741211,79.3499984741211,79.3499984741211,79.3499984741211,0.0
2021-10-11,80.5199966430664,82.18000030517578,79.55000305175781,79.58999633789062,653756.0
2021-10-12,80.63999938964844,81.62000274658203,79.47000122070312,80.5,598181.0
2021-10-13,80.44000244140625,81.04000091552734,79.41999816894531,80.58000183105469,487220.0
2021-10-14,81.30999755859375,81.68000030517578,80.37999725341797,80.58999633789062,399813.0
2021-10-15,82.27999877929688,82.66000366210938,81.38999938964844,81.4800033569336,277953.0
2021-10-16,82.27999877929688,82.27999877929688,82.27999877929688,82.27999877929688,0.0
2021-10-17,82.27999877929688,82.27999877929688,82.27999877929688,82.27999877929688,0.0
2021-10-18,82.44000244140625,83.87000274658203,81.83999633789062,82.5999984741211,134098.0
2021-10-19,82.95999908447266,83.73999786376953,81.80000305175781,82.37000274658203,82607.0
2021-10-20,83.87000274658203,84.25,81.30000305175781,83.33999633789062,530693.0
2021-10-21,82.5,83.95999908447266,80.79000091552734,83.58000183105469,567503.0
2021-10-22,83.76000213623047,84.22000122070312,81.76000213623047,82.61000061035156,465355.0
2021-10-23,83.76000213623047,83.76000213623047,83.76000213623047,83.76000213623047,0.0
2021-10-24,83.76000213623047,83.76000213623047,83.76000213623047,83.76000213623047,0.0
2021-10-25,83.76000213623047,85.41000366210938,83.38999938964844,83.9800033569336,568725.0
2021-10-26,84.6500015258789,84.87999725341797,82.97000122070312,83.72000122070312,467716.0
2021-10-27,82.66000366210938,84.51000213623047,82.01000213623047,84.38999938964844,529952.0
2021-10-28,82.80999755859375,83.20999908447266,80.58000183105469,82.25,491585.0
2021-10-29,83.56999969482422,83.73999786376953,81.41000366210938,83.08999633789062,507309.0
2021-10-30,83.56999969482422,83.56999969482422,83.56999969482422,83.56999969482422,0.0
2021-10-31,83.56999969482422,83.56999969482422,83.56999969482422,83.56999969482422,0.0
2021-11-01,84.05000305175781,84.87999725341797,82.73999786376953,83.36000061035156,412309.0
2021-11-02,83.91000366210938,84.41000366210938,82.91999816894531,83.87000274658203,429608.0
2021-11-03,80.86000061035156,83.08000183105469,79.69000244140625,83.06999969482422,546577.0
2021-11-04,78.80999755859375,83.41999816894531,78.25,80.18000030517578,701119.0
2021-11-05,81.2699966430664,81.80000305175781,78.95999908447266,79.37000274658203,531054.0
2021-11-06,81.2699966430664,81.2699966430664,81.2699966430664,81.2699966430664,0.0
2021-11-07,81.2699966430664,81.2699966430664,81.2699966430664,81.2699966430664,0.0
2021-11-08,81.93000030517578,82.66999816894531,81.05000305175781,81.12999725341797,393953.0
2021-11-09,84.1500015258789,84.62999725341797,81.77999877929688,82.16000366210938,504832.0
2021-11-10,81.33999633789062,84.97000122070312,80.80999755859375,84.52999877929688,555215.0
2021-11-11,81.58999633789062,82.33000183105469,80.19999694824219,81.41000366210938,475436.0
2021-11-12,80.79000091552734,81.62000274658203,79.77999877929688,81.20999908447266,390304.0
2021-11-13,80.79000091552734,80.79000091552734,80.79000091552734,80.79000091552734,0.0
2021-11-14,80.79000091552734,80.79000091552734,80.79000091552734,80.79000091552734,0.0
2021-11-15,80.87999725341797,81.19999694824219,79.30000305175781,80.66000366210938,343484.0
2021-11-16,80.76000213623047,81.80999755859375,80.02999877929688,80.93000030517578,325668.0
2021-11-17,78.36000061035156,80.69000244140625,77.69000244140625,80.54000091552734,174471.0
2021-11-18,79.01000213623047,79.36000061035156,77.08000183105469,78.33999633789062,83984.0
2021-11-19,76.0999984741211,79.91999816894531,75.37000274658203,78.76000213623047,623448.0
2021-11-20,76.0999984741211,76.0999984741211,76.0999984741211,76.0999984741211,0.0
2021-11-21,76.0999984741211,76.0999984741211,76.0999984741211,76.0999984741211,0.0
2021-11-22,76.75,77.16000366210938,74.76000213623047,75.75,465768.0
2021-11-23,78.5,78.86000061035156,75.30000305175781,76.45999908447266,506987.0
2021-11-24,78.38999938964844,79.2300033569336,77.9800033569336,78.4800033569336,328848.0
2021-11-25,78.38999938964844,78.38999938964844,78.38999938964844,78.38999938964844,0.0
2021-11-26,68.1500015258789,78.6500015258789,67.4000015258789,78.33999633789062,844630.0
2021-11-27,68.1500015258789,68.1500015258789,68.1500015258789,68.1500015258789,0.0
2021-11-28,68.1500015258789,68.1500015258789,68.1500015258789,68.1500015258789,0.0
2021-11-29,69.94999694824219,72.93000030517578,68.86000061035156,69.2300033569336,675090.0
2021-11-30,66.18000030517578,71.22000122070312,64.43000030517578,70.04000091552734,722475.0
2021-12-01,65.56999969482422,69.48999786376953,64.83999633789062,67.01000213623047,602447.0
2021-12-02,66.5,67.48999786376953,62.43000030517578,65.62999725341797,668293.0
2021-12-03,66.26000213623047,69.22000122070312,65.5999984741211,67.5,449974.0
2021-12-04,66.26000213623047,66.26000213623047,66.26000213623047,66.26000213623047,0.0
2021-12-05,66.26000213623047,66.26000213623047,66.26000213623047,66.26000213623047,0.0
2021-12-06,69.48999786376953,70.1500015258789,66.72000122070312,67.0199966430664,401060.0
2021-12-07,72.05000305175781,73.02999877929688,69.5199966430664,69.72000122070312,496528.0
2021-12-08,72.36000061035156,73.0,70.91000366210938,71.86000061035156,464846.0
2021-12-09,70.94000244140625,73.33999633789062,70.38999938964844,72.5199966430664,393205.0
2021-12-10,71.66999816894531,72.33000183105469,70.31999969482422,70.68000030517578,397883.0
2021-12-11,71.66999816894531,71.66999816894531,71.66999816894531,71.66999816894531,0.0
2021-12-12,71.66999816894531,71.66999816894531,71.66999816894531,71.66999816894531,0.0
2021-12-13,71.29000091552734,73.0,70.70999908447266,72.04000091552734,406604.0
2021-12-14,70.7300033569336,72.02999877929688,69.51000213623047,71.12000274658203,359454.0
2021-12-15,70.87000274658203,71.66000366210938,69.38999938964844,70.3499984741211,294337.0
2021-12-16,72.37999725341797,72.98999786376953,71.02999877929688,71.4800033569336,142541.0
2021-12-17,70.86000061035156,72.26000213623047,69.88999938964844,71.91999816894531,78125.0
2021-12-18,70.86000061035156,70.86000061035156,70.86000061035156,70.86000061035156,0.0
2021-12-19,70.86000061035156,70.86000061035156,70.86000061035156,70.86000061035156,0.0
2021-12-20,68.2300033569336,70.06999969482422,66.04000091552734,70.06999969482422,492217.0
2021-12-21,71.12000274658203,71.55000305175781,68.55999755859375,69.20999908447266,358779.0
2021-12-22,72.76000213623047,73.16000366210938,70.80000305175781,71.2699966430664,306709.0
2021-12-23,73.79000091552734,73.94999694824219,72.2699966430664,73.02999877929688,270223.0
2021-12-24,73.79000091552734,73.79000091552734,73.79000091552734,73.79000091552734,0.0
2021-12-25,73.79000091552734,73.79000091552734,73.79000091552734,73.79000091552734,0.0
2021-12-26,73.79000091552734,73.79000091552734,73.79000091552734,73.79000091552734,0.0
2021-12-27,75.56999969482422,76.08999633789062,72.56999969482422,73.37999725341797,268490.0
2021-12-28,75.9800033569336,76.91999816894531,75.52999877929688,75.97000122070312,249728.0
2021-12-29,76.55999755859375,77.37000274658203,75.36000061035156,76.04000091552734,283557.0
2021-12-30,76.98999786376953,77.44000244140625,75.77999877929688,76.58000183105469,231163.0
2021-12-31,75.20999908447266,77.08000183105469,74.94999694824219,76.66000366210938,237118.0
2022-01-01,75.20999908447266,75.20999908447266,75.20999908447266,75.20999908447266,0.0
2022-01-02,75.20999908447266,75.20999908447266,75.20999908447266,75.20999908447266,0.0
2022-01-03,76.08000183105469,76.45999908447266,74.2699966430664,75.69000244140625,317628.0
2022-01-04,76.98999786376953,77.63999938964844,75.69999694824219,76.0199966430664,372848.0
2022-01-05,77.8499984741211,78.58000183105469,76.51000213623047,77.18000030517578,397898.0
2022-01-06,79.45999908447266,80.23999786376953,76.7300033569336,77.23999786376953,476665.0
2022-01-07,78.9000015258789,80.47000122070312,78.5199966430664,79.62000274658203,414434.0
2022-01-08,78.9000015258789,78.9000015258789,78.9000015258789,78.9000015258789,0.0
2022-01-09,78.9000015258789,78.9000015258789,78.9000015258789,78.9000015258789,0.0
2022-01-10,78.2300033569336,79.44999694824219,77.83000183105469,78.87999725341797,389956.0
2022-01-11,81.22000122070312,81.58999633789062,78.36000061035156,78.41999816894531,481815.0
2022-01-12,82.63999938964844,83.0999984741211,81.16999816894531,81.37999725341797,420619.0
2022-01-13,82.12000274658203,82.94000244140625,81.38999938964844,82.81999969482422,364769.0
2022-01-14,83.81999969482422,84.44999694824219,81.58000183105469,81.7300033569336,364442.0
2022-01-15,83.81999969482422,83.81999969482422,83.81999969482422,83.81999969482422,0.0
2022-01-16,83.81999969482422,83.81999969482422,83.81999969482422,83.81999969482422,0.0
2022-01-17,83.81999969482422,83.81999969482422,83.81999969482422,83.81999969482422,0.0
2022-01-18,85.43000030517578,86.62999725341797,83.5,84.31999969482422,163643.0
2022-01-19,86.95999908447266,87.91000366210938,85.7699966430664,86.61000061035156,113153.0
2022-01-20,86.9000015258789,87.81999969482422,86.0,86.2300033569336,532202.0
2022-01-21,85.13999938964844,85.55999755859375,82.77999877929688,84.56999969482422,509103.0
2022-01-22,85.13999938964844,85.13999938964844,85.13999938964844,85.13999938964844,0.0
2022-01-23,85.13999938964844,85.13999938964844,85.13999938964844,85.13999938964844,0.0
2022-01-24,83.30999755859375,86.08999633789062,81.9000015258789,84.91000366210938,511695.0
2022-01-25,85.5999984741211,85.70999908447266,82.98999786376953,84.1500015258789,507219.0
2022-01-26,87.3499984741211,87.94999694824219,85.01000213623047,85.26000213623047,459642.0
2022-01-27,86.61000061035156,88.54000091552734,86.19999694824219,87.1500015258789,427804.0
2022-01-28,86.81999969482422,88.83999633789062,86.44000244140625,87.5,436172.0
2022-01-29,86.81999969482422,86.81999969482422,86.81999969482422,86.81999969482422,0.0
2022-01-30,86.81999969482422,86.81999969482422,86.81999969482422,86.81999969482422,0.0
2022-01-31,88.1500015258789,88.38999938964844,86.33999633789062,87.44999694824219,359080.0
2022-02-01,88.19999694824219,88.87000274658203,86.55000305175781,88.1500015258789,376841.0
2022-02-02,88.26000213623047,89.72000122070312,87.0999984741211,88.3499984741211,456863.0
2022-02-03,90.2699966430664,90.44999694824219,86.75,87.9800033569336,465771.0
2022-02-04,92.30999755859375,93.16999816894531,90.06999969482422,90.19000244140625,410926.0
2022-02-05,92.30999755859375,92.30999755859375,92.30999755859375,92.30999755859375,0.0
2022-02-06,92.30999755859375,92.30999755859375,92.30999755859375,92.30999755859375,0.0
2022-02-07,91.31999969482422,92.7300033569336,90.7300033569336,91.81999969482422,497754.0
2022-02-08,89.36000061035156,91.68000030517578,88.51000213623047,91.63999938964844,467386.0
2022-02-09,89.66000366210938,90.58000183105469,88.41000366210938,89.86000061035156,445618.0
2022-02-10,89.87999725341797,91.73999786376953,89.02999877929688,90.01000213623047,492091.0
2022-02-11,93.0999984741211,94.66000366210938,89.19000244140625,90.0,554423.0
2022-02-12,93.0999984741211,93.0999984741211,93.0999984741211,93.0999984741211,0.0
2022-02-13,93.0999984741211,93.0999984741211,93.0999984741211,93.0999984741211,0.0
2022-02-14,95.45999908447266,95.81999969482422,92.08999633789062,93.91000366210938,467071.0
2022-02-15,92.06999969482422,95.16999816894531,90.66000366210938,94.83000183105469,442641.0
2022-02-16,93.66000366210938,95.01000213623047,90.0,92.20999908447266,401453.0
2022-02-17,91.76000213623047,93.36000061035156,90.62000274658203,90.9000015258789,212552.0
2022-02-18,91.06999969482422,92.66000366210938,89.02999877929688,91.62999725341797,150382.0
2022-02-19,91.06999969482422,91.06999969482422,91.06999969482422,91.06999969482422,0.0
2022-02-20,91.06999969482422,91.06999969482422,91.06999969482422,91.06999969482422,0.0
2022-02-21,91.06999969482422,91.06999969482422,91.06999969482422,91.06999969482422,0.0
2022-02-22,92.3499984741211,96.0,90.3499984741211,91.75,789041.0
2022-02-23,92.0999984741211,93.9000015258789,90.63999938964844,91.73999786376953,440574.0
2022-02-24,92.80999755859375,100.54000091552734,91.44999694824219,92.5199966430664,872244.0
2022-02-25,91.58999633789062,95.63999938964844,90.05999755859375,93.31999969482422,523793.0
2022-02-26,91.58999633789062,91.58999633789062,91.58999633789062,91.58999633789062,0.0
2022-02-27,91.58999633789062,91.58999633789062,91.58999633789062,91.58999633789062,0.0
2022-02-28,95.72000122070312,99.0999984741211,94.43000030517578,94.98999786376953,490796.0
2022-03-01,103.41000366210938,106.77999877929688,95.31999969482422,96.08999633789062,698814.0
2022-03-02,110.5999984741211,112.51000213623047,105.18000030517578,107.12000274658203,651853.0
2022-03-03,107.66999816894531,116.56999969482422,106.43000030517578,111.33000183105469,592031.0
2022-03-04,115.68000030517578,116.0199966430664,107.25,107.95999908447266,493875.0
2022-03-05,115.68000030517578,115.68000030517578,115.68000030517578,115.68000030517578,0.0
2022-03-06,115.68000030517578,115.68000030517578,115.68000030517578,115.68000030517578,0.0
2022-03-07,119.4000015258789,130.5,115.54000091552734,121.33000183105469,576022.0
2022-03-08,123.69999694824219,129.44000244140625,117.06999969482422,120.66999816894531,583106.0
2022-03-09,108.69999694824219,126.83999633789062,103.62999725341797,124.66000366210938,594773.0
2022-03-10,106.0199966430664,114.87999725341797,105.52999877929688,110.41000366210938,437924.0
2022-03-11,109.33000183105469,110.29000091552734,104.4800033569336,105.98999786376953,368194.0
2022-03-12,109.33000183105469,109.33000183105469,109.33000183105469,109.33000183105469,0.0
2022-03-13,109.33000183105469,109.33000183105469,109.33000183105469,109.33000183105469,0.0
2022-03-14,103.01000213623047,109.72000122070312,99.76000213623047,109.41999816894531,344184.0
2022-03-15,96.44000244140625,102.58000183105469,93.52999877929688,102.27999877929688,401690.0
2022-03-16,95.04000091552734,99.22000122070312,94.06999969482422,95.2300033569336,293947.0
2022-03-17,102.9800033569336,104.23999786376953,94.8499984741211,95.33999633789062,210763.0
2022-03-18,104.69999694824219,106.27999877929688,102.30000305175781,103.62000274658203,74247.0
2022-03-19,104.69999694824219,104.69999694824219,104.69999694824219,104.69999694824219,0.0
2022-03-20,104.69999694824219,104.69999694824219,104.69999694824219,104.69999694824219,0.0
2022-03-21,112.12000274658203,112.69000244140625,104.08000183105469,105.12999725341797,77217.0
2022-03-22,111.76000213623047,115.01000213623047,109.30000305175781,112.9000015258789,318629.0
2022-03-23,114.93000030517578,115.4000015258789,108.37999725341797,108.8499984741211,289182.0
2022-03-24,112.33999633789062,116.63999938964844,110.61000061035156,114.47000122070312,307238.0
2022-03-25,113.9000015258789,114.12000274658203,108.68000030517578,111.75,320304.0
2022-03-26,113.9000015258789,113.9000015258789,113.9000015258789,113.9000015258789,0.0
2022-03-27,113.9000015258789,113.9000015258789,113.9000015258789,113.9000015258789,0.0
2022-03-28,105.95999908447266,112.93000030517578,102.83000183105469,112.91999816894531,372251.0
2022-03-29,104.23999786376953,107.83999633789062,98.44000244140625,103.47000122070312,387200.0
2022-03-30,107.81999969482422,108.75,104.55000305175781,105.23999786376953,284544.0
2022-03-31,100.27999877929688,107.80000305175781,99.66000366210938,107.44999694824219,450845.0
2022-04-01,99.2699966430664,101.75,97.77999877929688,101.2300033569336,324777.0
2022-04-02,99.2699966430664,99.2699966430664,99.2699966430664,99.2699966430664,0.0
2022-04-03,99.2699966430664,99.2699966430664,99.2699966430664,99.2699966430664,0.0
2022-04-04,103.27999877929688,103.94000244140625,98.05000305175781,98.94999694824219,288131.0
2022-04-05,101.95999908447266,105.58999633789062,99.87999725341797,103.66000366210938,280283.0
2022-04-06,96.2300033569336,104.0199966430664,95.7300033569336,101.23999786376953,366036.0
2022-04-07,96.02999877929688,98.81999969482422,93.80999755859375,97.16000366210938,367318.0
2022-04-08,98.26000213623047,98.76000213623047,95.29000091552734,97.16999816894531,310082.0
2022-04-09,98.26000213623047,98.26000213623047,98.26000213623047,98.26000213623047,0.0
2022-04-10,98.26000213623047,98.26000213623047,98.26000213623047,98.26000213623047,0.0
2022-04-11,94.29000091552734,98.5199966430664,92.93000030517578,98.4000015258789,315873.0
2022-04-12,100.5999984741211,101.3499984741211,94.83999633789062,95.16999816894531,329037.0
2022-04-13,104.25,104.47000122070312,99.87000274658203,100.91000366210938,312502.0
2022-04-14,106.94999694824219,107.63999938964844,102.12000274658203,104.19999694824219,244952.0
2022-04-15,106.94999694824219,106.94999694824219,106.94999694824219,106.94999694824219,0.0
2022-04-16,106.94999694824219,106.94999694824219,106.94999694824219,106.94999694824219,0.0
2022-04-17,106.94999694824219,106.94999694824219,106.94999694824219,106.94999694824219,0.0
2022-04-18,108.20999908447266,109.80999755859375,106.0,107.02999877929688,68489.0
2022-04-19,102.55999755859375,108.91999816894531,102.0999984741211,107.75,71792.0
2022-04-20,102.75,104.16000366210938,100.69999694824219,103.05000305175781,299028.0
2022-04-21,103.79000091552734,105.41999816894531,102.01000213623047,102.5,280321.0
2022-04-22,102.06999969482422,104.22000122070312,101.05999755859375,104.06999969482422,246116.0
2022-04-23,102.06999969482422,102.06999969482422,102.06999969482422,102.06999969482422,0.0
2022-04-24,102.06999969482422,102.06999969482422,102.06999969482422,102.06999969482422,0.0
2022-04-25,98.54000091552734,101.55000305175781,95.27999877929688,101.37999725341797,328153.0
2022-04-26,101.69999694824219,102.77999877929688,97.05999755859375,98.63999938964844,351850.0
2022-04-27,102.0199966430664,102.98999786376953,99.80000305175781,101.76000213623047,278781.0
2022-04-28,105.36000061035156,105.68000030517578,100.12999725341797,102.11000061035156,312064.0
2022-04-29,104.69000244140625,107.98999786376953,103.77999877929688,105.16999816894531,294386.0
2022-04-30,104.69000244140625,104.69000244140625,104.69000244140625,104.69000244140625,0.0
2022-05-01,104.69000244140625,104.69000244140625,104.69000244140625,104.69000244140625,0.0
2022-05-02,105.16999816894531,105.94000244140625,100.27999877929688,104.0,261878.0
2022-05-03,102.41000366210938,105.80000305175781,102.0999984741211,105.08000183105469,239266.0
2022-05-04,107.80999755859375,108.61000061035156,102.94999694824219,103.5,272909.0
2022-05-05,108.26000213623047,111.37000274658203,106.44999694824219,107.58000183105469,286916.0
2022-05-06,109.7699966430664,111.18000030517578,107.23999786376953,108.69999694824219,294278.0
2022-05-07,109.7699966430664,109.7699966430664,109.7699966430664,109.7699966430664,0.0
2022-05-08,109.7699966430664,109.7699966430664,109.7699966430664,109.7699966430664,0.0
2022-05-09,103.08999633789062,110.48999786376953,102.12999725341797,110.43000030517578,368183.0
2022-05-10,99.76000213623047,104.16000366210938,98.86000061035156,102.6500015258789,389750.0
2022-05-11,105.70999908447266,106.44000244140625,98.19999694824219,99.0,382701.0
2022-05-12,106.12999725341797,107.37000274658203,102.66000366210938,105.62999725341797,323547.0
2022-05-13,110.48999786376953,110.63999938964844,106.29000091552734,106.6500015258789,240989.0
2022-05-14,110.48999786376953,110.48999786376953,110.48999786376953,110.48999786376953,0.0
2022-05-15,110.48999786376953,110.48999786376953,110.48999786376953,110.48999786376953,0.0
2022-05-16,114.19999694824219,114.9000015258789,108.11000061035156,110.9800033569336,289127.0
2022-05-17,112.4000015258789,115.55999755859375,111.75,113.87000274658203,252630.0
2022-05-18,109.58999633789062,115.41999816894531,108.45999908447266,113.66000366210938,103669.0
2022-05-19,112.20999908447266,112.62000274658203,105.12999725341797,109.08999633789062,68511.0
2022-05-20,113.2300033569336,114.04000091552734,110.8499984741211,111.44999694824219,229930.0
2022-05-21,113.2300033569336,113.2300033569336,113.2300033569336,113.2300033569336,0.0
2022-05-22,113.2300033569336,113.2300033569336,113.2300033569336,113.2300033569336,0.0
2022-05-23,110.29000091552734,111.95999908447266,109.1500015258789,110.55999755859375,215623.0
2022-05-24,109.7699966430664,111.43000030517578,108.61000061035156,110.41000366210938,224794.0
2022-05-25,110.33000183105469,111.68000030517578,109.2300033569336,110.38999938964844,191370.0
2022-05-26,114.08999633789062,114.83000183105469,110.2699966430664,110.69000244140625,234752.0
2022-05-27,115.06999969482422,115.30000305175781,112.8499984741211,114.19999694824219,217281.0
2022-05-28,115.06999969482422,115.06999969482422,115.06999969482422,115.06999969482422,0.0
2022-05-29,115.06999969482422,115.06999969482422,115.06999969482422,115.06999969482422,0.0
2022-05-30,115.06999969482422,115.06999969482422,115.06999969482422,115.06999969482422,0.0
2022-05-31,114.66999816894531,119.9800033569336,114.1500015258789,114.95999908447266,440796.0
2022-06-01,115.26000213623047,117.87000274658203,114.58000183105469,115.4000015258789,290530.0
2022-06-02,116.87000274658203,117.7699966430664,111.19999694824219,114.80000305175781,327600.0
2022-06-03,118.87000274658203,120.45999908447266,115.2300033569336,117.55000305175781,240831.0
2022-06-04,118.87000274658203,118.87000274658203,118.87000274658203,118.87000274658203,0.0
2022-06-05,118.87000274658203,118.87000274658203,118.87000274658203,118.87000274658203,0.0
2022-06-06,118.5,120.98999786376953,117.62999725341797,120.81999969482422,246825.0
2022-06-07,119.41000366210938,120.36000061035156,117.13999938964844,119.0999984741211,341694.0
2022-06-08,122.11000061035156,123.18000030517578,119.30000305175781,119.79000091552734,340591.0
2022-06-09,121.51000213623047,122.72000122070312,120.79000091552734,122.43000030517578,293295.0
2022-06-10,120.66999816894531,122.75,118.33000183105469,121.45999908447266,352906.0
2022-06-11,120.66999816894531,120.66999816894531,120.66999816894531,120.66999816894531,0.0
2022-06-12,120.66999816894531,120.66999816894531,120.66999816894531,120.66999816894531,0.0
2022-06-13,120.93000030517578,122.25,117.47000122070312,120.19000244140625,372403.0
2022-06-14,118.93000030517578,123.68000030517578,116.62000274658203,121.08999633789062,366320.0
2022-06-15,115.30999755859375,119.61000061035156,114.5999984741211,119.06999969482422,301750.0
2022-06-16,117.58999633789062,118.08000183105469,112.30999755859375,115.9800033569336,162543.0
2022-06-17,109.55999755859375,118.97000122070312,108.25,117.08000183105469,103149.0
2022-06-18,109.55999755859375,109.55999755859375,109.55999755859375,109.55999755859375,0.0
2022-06-19,109.55999755859375,109.55999755859375,109.55999755859375,109.55999755859375,0.0
2022-06-20,109.55999755859375,109.55999755859375,109.55999755859375,109.55999755859375,0.0
2022-06-21,110.6500015258789,112.47000122070312,108.72000122070312,110.58000183105469,427262.0
2022-06-22,106.19000244140625,109.76000213623047,101.52999877929688,109.54000091552734,432724.0
2022-06-23,104.2699966430664,107.05000305175781,102.31999969482422,104.41999816894531,346362.0
2022-06-24,107.62000274658203,108.58000183105469,103.63999938964844,103.98999786376953,321591.0
2022-06-25,107.62000274658203,107.62000274658203,107.62000274658203,107.62000274658203,0.0
2022-06-26,107.62000274658203,107.62000274658203,107.62000274658203,107.62000274658203,0.0
2022-06-27,109.56999969482422,110.54000091552734,105.5999984741211,107.22000122070312,282914.0
2022-06-28,111.76000213623047,112.22000122070312,109.62000274658203,110.18000030517578,306748.0
2022-06-29,109.77999877929688,114.05000305175781,109.22000122070312,111.86000061035156,322060.0
2022-06-30,105.76000213623047,110.44999694824219,105.0999984741211,109.69999694824219,362890.0
2022-07-01,108.43000030517578,109.33999633789062,104.55999755859375,106.01000213623047,305338.0
2022-07-02,108.43000030517578,108.43000030517578,108.43000030517578,108.43000030517578,0.0
2022-07-03,108.43000030517578,108.43000030517578,108.43000030517578,108.43000030517578,0.0
2022-07-04,108.43000030517578,108.43000030517578,108.43000030517578,108.43000030517578,0.0
2022-07-05,99.5,111.44999694824219,97.43000030517578,108.80000305175781,594215.0
2022-07-06,98.52999877929688,102.13999938964844,95.0999984741211,100.36000061035156,444106.0
2022-07-07,102.7300033569336,104.4800033569336,96.56999969482422,98.22000122070312,379861.0
2022-07-08,104.79000091552734,105.23999786376953,101.51000213623047,102.22000122070312,327461.0
2022-07-09,104.79000091552734,104.79000091552734,104.79000091552734,104.79000091552734,0.0
2022-07-10,104.79000091552734,104.79000091552734,104.79000091552734,104.79000091552734,0.0
2022-07-11,104.08999633789062,105.05000305175781,100.88999938964844,104.79000091552734,348566.0
2022-07-12,95.83999633789062,103.48999786376953,95.3499984741211,103.45999908447266,398552.0
2022-07-13,96.30000305175781,97.95999908447266,93.66999816894531,95.88999938964844,347193.0
2022-07-14,95.77999877929688,97.0,90.55999755859375,96.56999969482422,387528.0
2022-07-15,97.58999633789062,99.02999877929688,94.56999969482422,96.38999938964844,240766.0
2022-07-16,97.58999633789062,97.58999633789062,97.58999633789062,97.58999633789062,0.0
2022-07-17,97.58999633789062,97.58999633789062,97.58999633789062,97.58999633789062,0.0
2022-07-18,102.5999984741211,102.80000305175781,95.8499984741211,97.2699966430664,84669.0
2022-07-19,104.22000122070312,104.45999908447266,99.8499984741211,102.0,63149.0
2022-07-20,102.26000213623047,104.38999938964844,101.51000213623047,103.5999984741211,315620.0
2022-07-21,96.3499984741211,99.98999786376953,94.58999633789062,99.91000366210938,318911.0
2022-07-22,94.69999694824219,97.94999694824219,94.2300033569336,96.51000213623047,307568.0
2022-07-23,94.69999694824219,94.69999694824219,94.69999694824219,94.69999694824219,0.0
2022-07-24,94.69999694824219,94.69999694824219,94.69999694824219,94.69999694824219,0.0
2022-07-25,96.69999694824219,96.94000244140625,93.01000213623047,95.0999984741211,278998.0
2022-07-26,94.9800033569336,99.0,94.76000213623047,96.33000183105469,310043.0
2022-07-27,97.26000213623047,98.58999633789062,94.30000305175781,95.5999984741211,321903.0
2022-07-28,96.41999816894531,99.83999633789062,96.04000091552734,98.16999816894531,318403.0
2022-07-29,98.62000274658203,101.87999725341797,96.41000366210938,97.30000305175781,349374.0
2022-07-30,98.62000274658203,98.62000274658203,98.62000274658203,98.62000274658203,0.0
2022-07-31,98.62000274658203,98.62000274658203,98.62000274658203,98.62000274658203,0.0
2022-08-01,93.88999938964844,98.6500015258789,92.41999816894531,98.45999908447266,365293.0
2022-08-02,94.41999816894531,96.47000122070312,92.58999633789062,93.75,328538.0
2022-08-03,90.66000366210938,96.56999969482422,90.37999725341797,93.83000183105469,395099.0
2022-08-04,88.54000091552734,91.9000015258789,87.55000305175781,90.94999694824219,334931.0
2022-08-05,89.01000213623047,90.76000213623047,87.01000213623047,88.05999755859375,350016.0
2022-08-06,89.01000213623047,89.01000213623047,89.01000213623047,89.01000213623047,0.0
2022-08-07,89.01000213623047,89.01000213623047,89.01000213623047,89.01000213623047,0.0
2022-08-08,90.76000213623047,90.88999938964844,87.22000122070312,88.45999908447266,340157.0
2022-08-09,90.5,92.6500015258789,89.05000305175781,90.69000244140625,347045.0
2022-08-10,91.93000030517578,92.43000030517578,87.66000366210938,90.51000213623047,383766.0
2022-08-11,94.33999633789062,95.05000305175781,91.23999786376953,91.55000305175781,341234.0
2022-08-12,92.08999633789062,94.80999755859375,91.16000366210938,94.08999633789062,264953.0
2022-08-13,92.08999633789062,92.08999633789062,92.08999633789062,92.08999633789062,0.0
2022-08-14,92.08999633789062,92.08999633789062,92.08999633789062,92.08999633789062,0.0
2022-08-15,89.41000366210938,92.0999984741211,86.81999969482422,91.94000244140625,275443.0
2022-08-16,86.52999877929688,90.6500015258789,85.7300033569336,87.93000030517578,305366.0
2022-08-17,88.11000061035156,89.16000366210938,85.87999725341797,87.0999984741211,230346.0
2022-08-18,90.5,91.45999908447266,87.31999969482422,87.38999938964844,80029.0
2022-08-19,90.7699966430664,92.08999633789062,88.37999725341797,90.38999938964844,58714.0
2022-08-20,90.7699966430664,90.7699966430664,90.7699966430664,90.7699966430664,0.0
2022-08-21,90.7699966430664,90.7699966430664,90.7699966430664,90.7699966430664,0.0
2022-08-22,90.2300033569336,91.26000213623047,86.5999984741211,89.6500015258789,352665.0
2022-08-23,93.73999786376953,94.22000122070312,90.41999816894531,90.55000305175781,285607.0
2022-08-24,94.88999938964844,95.4000015258789,92.79000091552734,93.77999877929688,320388.0
2022-08-25,92.5199966430664,95.76000213623047,92.29000091552734,95.3499984741211,279877.0
2022-08-26,93.05999755859375,94.0199966430664,91.08000183105469,93.05999755859375,288392.0
2022-08-27,93.05999755859375,93.05999755859375,93.05999755859375,93.05999755859375,0.0
2022-08-28,93.05999755859375,93.05999755859375,93.05999755859375,93.05999755859375,0.0
2022-08-29,97.01000213623047,97.37000274658203,92.29000091552734,92.95999908447266,283463.0
2022-08-30,91.63999938964844,97.66000366210938,90.54000091552734,96.9000015258789,386272.0
2022-08-31,89.55000305175781,92.7300033569336,88.2699966430664,92.30999755859375,344147.0
2022-09-01,86.61000061035156,89.62999725341797,85.9800033569336,88.83000183105469,305106.0
2022-09-02,86.87000274658203,89.66000366210938,86.3499984741211,86.55999755859375,277533.0
2022-09-03,86.87000274658203,86.87000274658203,86.87000274658203,86.87000274658203,0.0
2022-09-04,86.87000274658203,86.87000274658203,86.87000274658203,86.87000274658203,0.0
2022-09-05,86.87000274658203,86.87000274658203,86.87000274658203,86.87000274658203,0.0
2022-09-06,86.87999725341797,90.38999938964844,86.18000030517578,86.83999633789062,420255.0
2022-09-07,81.94000244140625,87.76000213623047,81.5,86.93000030517578,380781.0
2022-09-08,83.54000091552734,84.25,81.19999694824219,81.91000366210938,342763.0
2022-09-09,86.79000091552734,87.19999694824219,82.70999908447266,82.80000305175781,305188.0
2022-09-10,86.79000091552734,86.79000091552734,86.79000091552734,86.79000091552734,0.0
2022-09-11,86.79000091552734,86.79000091552734,86.79000091552734,86.79000091552734,0.0
2022-09-12,87.77999877929688,89.0999984741211,85.16000366210938,86.25,275104.0
2022-09-13,87.30999755859375,89.30999755859375,85.05999755859375,88.08999633789062,347998.0
2022-09-14,88.4800033569336,90.19000244140625,86.18000030517578,87.94000244140625,335381.0
2022-09-15,85.0999984741211,89.1500015258789,84.52999877929688,88.91000366210938,235358.0
2022-09-16,85.11000061035156,86.58999633789062,84.2699966430664,85.16000366210938,87829.0
2022-09-17,85.11000061035156,85.11000061035156,85.11000061035156,85.11000061035156,0.0
2022-09-18,85.11000061035156,85.11000061035156,85.11000061035156,85.11000061035156,0.0
2022-09-19,85.7300033569336,86.22000122070312,82.0999984741211,85.20999908447266,59626.0
2022-09-20,84.44999694824219,86.44999694824219,83.5199966430664,85.61000061035156,279813.0
2022-09-21,82.94000244140625,86.68000030517578,82.48999786376953,84.25,339683.0
2022-09-22,83.48999786376953,86.0,82.4000015258789,83.06999969482422,303492.0
2022-09-23,78.73999786376953,83.91999816894531,78.04000091552734,83.54000091552734,334271.0
2022-09-24,78.73999786376953,78.73999786376953,78.73999786376953,78.73999786376953,0.0
2022-09-25,78.73999786376953,78.73999786376953,78.73999786376953,78.73999786376953,0.0
2022-09-26,76.70999908447266,80.30999755859375,76.25,79.2300033569336,280927.0
2022-09-27,78.5,79.51000213623047,76.41999816894531,76.47000122070312,283614.0
2022-09-28,82.1500015258789,82.33999633789062,76.55000305175781,78.08000183105469,324678.0
2022-09-29,81.2300033569336,82.94000244140625,80.33999633789062,81.9000015258789,286126.0
2022-09-30,79.48999786376953,82.55999755859375,79.13999938964844,81.73999786376953,253154.0
2022-10-01,79.48999786376953,79.48999786376953,79.48999786376953,79.48999786376953,0.0
2022-10-02,79.48999786376953,79.48999786376953,79.48999786376953,79.48999786376953,0.0
2022-10-03,83.62999725341797,84.55999755859375,80.87000274658203,81.0199966430664,287168.0
2022-10-04,86.5199966430664,86.9800033569336,83.22000122070312,83.22000122070312,302549.0
2022-10-05,87.76000213623047,88.41999816894531,85.41999816894531,86.37000274658203,329790.0
2022-10-06,88.44999694824219,89.06999969482422,87.04000091552734,88.08000183105469,235296.0
2022-10-07,92.63999938964844,93.30999755859375,88.0,88.93000030517578,429162.0
2022-10-08,92.63999938964844,92.63999938964844,92.63999938964844,92.63999938964844,0.0
2022-10-09,92.63999938964844,92.63999938964844,92.63999938964844,92.63999938964844,0.0
2022-10-10,91.12999725341797,93.63999938964844,90.54000091552734,93.4800033569336,289508.0
2022-10-11,89.3499984741211,91.3499984741211,87.91000366210938,91.13999938964844,333158.0
2022-10-12,87.2699966430664,90.06999969482422,86.27999877929688,88.66999816894531,332271.0
2022-10-13,89.11000061035156,89.66000366210938,85.55999755859375,87.08000183105469,298032.0
2022-10-14,85.61000061035156,89.7300033569336,85.19999694824219,89.2699966430664,237026.0
2022-10-15,85.61000061035156,85.61000061035156,85.61000061035156,85.61000061035156,0.0
2022-10-16,85.61000061035156,85.61000061035156,85.61000061035156,85.61000061035156,0.0
2022-10-17,85.45999908447266,87.12000274658203,84.61000061035156,85.58999633789062,172020.0
2022-10-18,82.81999969482422,86.51000213623047,82.08999633789062,85.69999694824219,97304.0
2022-10-19,85.55000305175781,86.19999694824219,82.58999633789062,83.69000244140625,71309.0
2022-10-20,85.9800033569336,88.16999816894531,85.22000122070312,85.94000244140625,338344.0
2022-10-21,85.05000305175781,85.9000015258789,83.1500015258789,85.06999969482422,272803.0
2022-10-22,85.05000305175781,85.05000305175781,85.05000305175781,85.05000305175781,0.0
2022-10-23,85.05000305175781,85.05000305175781,85.05000305175781,85.05000305175781,0.0
2022-10-24,84.58000183105469,85.91999816894531,82.62999725341797,85.23999786376953,250726.0
2022-10-25,85.31999969482422,86.02999877929688,83.05999755859375,84.87999725341797,240441.0
2022-10-26,87.91000366210938,88.41000366210938,84.13999938964844,85.06999969482422,287182.0
2022-10-27,89.08000183105469,89.79000091552734,87.33000183105469,88.26000213623047,292556.0
2022-10-28,87.9000015258789,88.76000213623047,87.08000183105469,88.66999816894531,263404.0
2022-10-29,87.9000015258789,87.9000015258789,87.9000015258789,87.9000015258789,0.0
2022-10-30,87.9000015258789,87.9000015258789,87.9000015258789,87.9000015258789,0.0
2022-10-31,86.52999877929688,88.6500015258789,85.30000305175781,88.38999938964844,285342.0
2022-11-01,88.37000274658203,89.44999694824219,85.91999816894531,86.43000030517578,274321.0
2022-11-02,90.0,90.36000061035156,87.72000122070312,88.62000274658203,280961.0
2022-11-03,88.16999816894531,89.66999816894531,87.5999984741211,89.3499984741211,239816.0
2022-11-04,92.61000061035156,92.87000274658203,87.81999969482422,87.9000015258789,354060.0
2022-11-05,92.61000061035156,92.61000061035156,92.61000061035156,92.61000061035156,0.0
2022-11-06,92.61000061035156,92.61000061035156,92.61000061035156,92.61000061035156,0.0
2022-11-07,91.79000091552734,93.73999786376953,90.4000015258789,91.0,322419.0
2022-11-08,88.91000366210938,92.16999816894531,88.5199966430664,91.87000274658203,344223.0
2022-11-09,85.83000183105469,89.23999786376953,85.5,88.56999969482422,388301.0
2022-11-10,86.47000122070312,87.3499984741211,84.69999694824219,85.8499984741211,340007.0
2022-11-11,88.95999908447266,90.0999984741211,86.18000030517578,86.2699966430664,301664.0
2022-11-12,88.95999908447266,88.95999908447266,88.95999908447266,88.95999908447266,0.0
2022-11-13,88.95999908447266,88.95999908447266,88.95999908447266,88.95999908447266,0.0
2022-11-14,85.87000274658203,89.83999633789062,85.1500015258789,89.0199966430664,315450.0
2022-11-15,86.91999816894531,88.68000030517578,84.05999755859375,85.25,331709.0
2022-11-16,85.58999633789062,87.51000213623047,84.19999694824219,86.88999938964844,225668.0
2022-11-17,81.63999938964844,85.44999694824219,81.4000015258789,85.22000122070312,138476.0
2022-11-18,80.08000183105469,82.63999938964844,77.23999786376953,82.08999633789062,96583.0
2022-11-19,80.08000183105469,80.08000183105469,80.08000183105469,80.08000183105469,0.0
2022-11-20,80.08000183105469,80.08000183105469,80.08000183105469,80.08000183105469,0.0
2022-11-21,79.7300033569336,80.30000305175781,75.08000183105469,80.30000305175781,475104.0
2022-11-22,80.94999694824219,82.36000061035156,79.8499984741211,80.22000122070312,269615.0
2022-11-23,77.94000244140625,81.94999694824219,76.83000183105469,81.08000183105469,379145.0
2022-11-24,77.94000244140625,77.94000244140625,77.94000244140625,77.94000244140625,0.0
2022-11-25,76.27999877929688,79.9000015258789,76.22000122070312,77.51000213623047,266451.0
2022-11-26,76.27999877929688,76.27999877929688,76.27999877929688,76.27999877929688,0.0
2022-11-27,76.27999877929688,76.27999877929688,76.27999877929688,76.27999877929688,0.0
2022-11-28,77.23999786376953,77.83999633789062,73.5999984741211,75.93000030517578,405033.0
2022-11-29,78.19999694824219,79.6500015258789,76.29000091552734,76.54000091552734,381869.0
2022-11-30,80.55000305175781,81.37999725341797,78.4000015258789,79.0,287534.0
2022-12-01,81.22000122070312,83.33999633789062,79.93000030517578,80.4000015258789,321432.0
2022-12-02,79.9800033569336,82.22000122070312,79.6500015258789,81.47000122070312,280235.0
2022-12-03,79.9800033569336,79.9800033569336,79.9800033569336,79.9800033569336,0.0
2022-12-04,79.9800033569336,79.9800033569336,79.9800033569336,79.9800033569336,0.0
2022-12-05,76.93000030517578,82.72000122070312,76.7699966430664,79.98999786376953,346657.0
2022-12-06,74.25,77.87999725341797,73.41000366210938,77.3499984741211,380598.0
2022-12-07,72.01000213623047,75.37999725341797,71.75,74.55000305175781,392236.0
2022-12-08,71.45999908447266,75.44000244140625,71.12000274658203,72.37999725341797,474459.0
2022-12-09,71.0199966430664,72.91999816894531,70.08000183105469,71.8499984741211,356722.0
2022-12-10,71.0199966430664,71.0199966430664,71.0199966430664,71.0199966430664,0.0
2022-12-11,71.0199966430664,71.0199966430664,71.0199966430664,71.0199966430664,0.0
2022-12-12,73.16999816894531,73.98999786376953,70.25,71.79000091552734,323553.0
2022-12-13,75.38999938964844,76.37000274658203,73.20999908447266,73.29000091552734,352858.0
2022-12-14,77.27999877929688,77.75,74.9000015258789,75.2699966430664,292488.0
2022-12-15,76.11000061035156,77.7699966430664,75.33000183105469,77.37000274658203,224663.0
2022-12-16,74.29000091552734,76.56999969482422,73.33000183105469,76.37000274658203,99205.0
2022-12-17,74.29000091552734,74.29000091552734,74.29000091552734,74.29000091552734,0.0
2022-12-18,74.29000091552734,74.29000091552734,74.29000091552734,74.29000091552734,0.0
2022-12-19,75.19000244140625,76.41000366210938,73.80999755859375,74.5,69348.0
2022-12-20,76.08999633789062,76.75,74.30999755859375,75.69999694824219,254792.0
2022-12-21,78.29000091552734,78.61000061035156,75.80000305175781,75.98999786376953,234624.0
2022-12-22,77.48999786376953,79.9000015258789,77.02999877929688,78.43000030517578,219142.0
2022-12-23,79.55999755859375,80.33000183105469,77.9800033569336,78.18000030517578,237711.0
2022-12-24,79.55999755859375,79.55999755859375,79.55999755859375,79.55999755859375,0.0
2022-12-25,79.55999755859375,79.55999755859375,79.55999755859375,79.55999755859375,0.0
2022-12-26,79.55999755859375,79.55999755859375,79.55999755859375,79.55999755859375,0.0
2022-12-27,79.52999877929688,81.18000030517578,79.16000366210938,79.9000015258789,199601.0
2022-12-28,78.95999908447266,79.91999816894531,77.30000305175781,79.88999938964844,207717.0
2022-12-29,78.4000015258789,78.81999969482422,76.79000091552734,78.81999969482422,199858.0
2022-12-30,80.26000213623047,80.66999816894531,77.70999908447266,78.7300033569336,205909.0
2022-12-31,80.26000213623047,80.26000213623047,80.26000213623047,80.26000213623047,0.0
2023-01-01,80.26000213623047,80.26000213623047,80.26000213623047,80.26000213623047,0.0
2023-01-02,80.26000213623047,80.26000213623047,80.26000213623047,80.26000213623047,0.0
2023-01-03,76.93000030517578,81.5,76.5999984741211,80.56999969482422,338520.0
2023-01-04,72.83999633789062,77.41999816894531,72.7300033569336,77.25,352434.0
2023-01-05,73.66999816894531,74.91999816894531,72.45999908447266,73.25,300731.0
2023-01-06,73.7699966430664,75.47000122070312,73.23999786376953,73.97000122070312,258128.0
2023-01-07,73.7699966430664,73.7699966430664,73.7699966430664,73.7699966430664,0.0
2023-01-08,73.7699966430664,73.7699966430664,73.7699966430664,73.7699966430664,0.0
2023-01-09,74.62999725341797,76.73999786376953,73.47000122070312,73.47000122070312,329290.0
2023-01-10,75.12000274658203,75.91999816894531,73.83999633789062,74.86000061035156,307430.0
2023-01-11,77.41000366210938,77.83999633789062,74.30999755859375,74.77999877929688,350891.0
2023-01-12,78.38999938964844,79.16000366210938,77.0999984741211,77.69999694824219,307705.0
2023-01-13,79.86000061035156,80.11000061035156,77.97000122070312,78.31999969482422,283539.0
2023-01-14,79.86000061035156,79.86000061035156,79.86000061035156,79.86000061035156,0.0
2023-01-15,79.86000061035156,79.86000061035156,79.86000061035156,79.86000061035156,0.0
2023-01-16,79.86000061035156,79.86000061035156,79.86000061035156,79.86000061035156,0.0
2023-01-17,80.18000030517578,81.2300033569336,78.52999877929688,80.0999984741211,312275.0
2023-01-18,79.4800033569336,82.37999725341797,78.94000244140625,80.97000122070312,92549.0
2023-01-19,80.33000183105469,81.18000030517578,78.12999725341797,79.13999938964844,58863.0
2023-01-20,81.30999755859375,81.63999938964844,79.69000244140625,80.5999984741211,300145.0
2023-01-21,81.30999755859375,81.30999755859375,81.30999755859375,81.30999755859375,0.0
2023-01-22,81.30999755859375,81.30999755859375,81.30999755859375,81.30999755859375,0.0
2023-01-23,81.62000274658203,82.63999938964844,81.05000305175781,81.79000091552734,297076.0
2023-01-24,80.12999725341797,82.22000122070312,79.66000366210938,81.62000274658203,288207.0
2023-01-25,80.1500015258789,81.2300033569336,79.44999694824219,80.26000213623047,297234.0
2023-01-26,81.01000213623047,82.13999938964844,79.91999816894531,80.4800033569336,291060.0
2023-01-27,79.68000030517578,82.4800033569336,79.04000091552734,81.22000122070312,367588.0
2023-01-28,79.68000030517578,79.68000030517578,79.68000030517578,79.68000030517578,0.0
2023-01-29,79.68000030517578,79.68000030517578,79.68000030517578,79.68000030517578,0.0
2023-01-30,77.9000015258789,80.48999786376953,77.66000366210938,80.04000091552734,327426.0
2023-01-31,78.87000274658203,79.25,76.55000305175781,77.91000366210938,312734.0
2023-02-01,76.41000366210938,79.7300033569336,76.05000305175781,79.05999755859375,360859.0
2023-02-02,75.87999725341797,77.23999786376953,74.97000122070312,76.79000091552734,339755.0
2023-02-03,73.38999938964844,78.0,73.0999984741211,75.91999816894531,413414.0
2023-02-04,73.38999938964844,73.38999938964844,73.38999938964844,73.38999938964844,0.0
2023-02-05,73.38999938964844,73.38999938964844,73.38999938964844,73.38999938964844,0.0
2023-02-06,74.11000061035156,74.51000213623047,72.25,73.2300033569336,380028.0
2023-02-07,77.13999938964844,77.5999984741211,74.3499984741211,74.56999969482422,408279.0
2023-02-08,78.47000122070312,78.56999969482422,77.08000183105469,77.48999786376953,353468.0
2023-02-09,78.05999755859375,78.83999633789062,76.5199966430664,78.44999694824219,324156.0
2023-02-10,79.72000122070312,80.33000183105469,77.47000122070312,77.68000030517578,356062.0
2023-02-11,79.72000122070312,79.72000122070312,79.72000122070312,79.72000122070312,0.0
2023-02-12,79.72000122070312,79.72000122070312,79.72000122070312,79.72000122070312,0.0
2023-02-13,80.13999938964844,80.62000274658203,78.44999694824219,79.94000244140625,301299.0
2023-02-14,79.05999755859375,79.61000061035156,77.45999908447266,79.05999755859375,299938.0
2023-02-15,78.58999633789062,79.1500015258789,77.25,78.83000183105469,264486.0
2023-02-16,78.48999786376953,79.54000091552734,77.91999816894531,78.54000091552734,117600.0
2023-02-17,76.33999633789062,78.25,75.05999755859375,78.06999969482422,93267.0
2023-02-18,76.33999633789062,76.33999633789062,76.33999633789062,76.33999633789062,0.0
2023-02-19,76.33999633789062,76.33999633789062,76.33999633789062,76.33999633789062,0.0
2023-02-20,76.33999633789062,76.33999633789062,76.33999633789062,76.33999633789062,0.0
2023-02-21,76.16000366210938,77.51000213623047,75.69000244140625,76.52999877929688,402351.0
2023-02-22,73.94999694824219,76.55000305175781,73.80000305175781,76.11000061035156,332018.0
2023-02-23,75.38999938964844,75.98999786376953,73.83000183105469,73.91999816894531,333838.0
2023-02-24,76.31999969482422,76.62999725341797,74.08999633789062,75.5999984741211,329254.0
2023-02-25,76.31999969482422,76.31999969482422,76.31999969482422,76.31999969482422,0.0
2023-02-26,76.31999969482422,76.31999969482422,76.31999969482422,76.31999969482422,0.0
2023-02-27,75.68000030517578,76.81999969482422,74.98999786376953,76.41999816894531,266091.0
2023-02-28,77.05000305175781,77.83000183105469,75.55000305175781,75.76000213623047,300093.0
2023-03-01,77.69000244140625,77.8499984741211,76.12000274658203,76.8499984741211,342121.0
2023-03-02,78.16000366210938,78.58999633789062,77.2300033569336,77.73999786376953,260331.0
2023-03-03,79.68000030517578,79.9000015258789,75.83000183105469,77.88999938964844,374201.0
2023-03-04,79.68000030517578,79.68000030517578,79.68000030517578,79.68000030517578,0.0
2023-03-05,79.68000030517578,79.68000030517578,79.68000030517578,79.68000030517578,0.0
2023-03-06,80.45999908447266,80.62999725341797,78.31999969482422,79.91999816894531,292351.0
2023-03-07,77.58000183105469,80.94000244140625,77.05999755859375,80.5,398241.0
2023-03-08,76.66000366210938,77.7300033569336,76.11000061035156,77.31999969482422,335930.0
2023-03-09,75.72000122070312,78.05999755859375,75.43000030517578,76.5,349960.0
2023-03-10,76.68000030517578,77.11000061035156,74.7699966430664,75.6500015258789,371834.0
2023-03-11,76.68000030517578,76.68000030517578,76.68000030517578,76.68000030517578,0.0
2023-03-12,76.68000030517578,76.68000030517578,76.68000030517578,76.68000030517578,0.0
2023-03-13,74.80000305175781,77.47000122070312,72.30000305175781,76.5999984741211,457423.0
2023-03-14,71.33000183105469,74.9000015258789,70.77999877929688,74.69999694824219,432858.0
2023-03-15,67.61000061035156,72.55999755859375,65.6500015258789,71.55999755859375,555164.0
2023-03-16,68.3499984741211,69.37999725341797,65.70999908447266,68.22000122070312,327120.0
2023-03-17,66.73999786376953,69.63999938964844,65.16999816894531,68.26000213623047,152255.0
2023-03-18,66.73999786376953,66.73999786376953,66.73999786376953,66.73999786376953,0.0
2023-03-19,66.73999786376953,66.73999786376953,66.73999786376953,66.73999786376953,0.0
2023-03-20,67.63999938964844,67.69999694824219,64.12000274658203,66.62000274658203,76873.0
2023-03-21,69.33000183105469,69.5999984741211,66.7699966430664,67.62000274658203,409495.0
2023-03-22,70.9000015258789,71.30999755859375,68.88999938964844,69.4800033569336,337639.0
2023-03-23,69.95999908447266,71.66999816894531,69.13999938964844,69.94999694824219,335241.0
2023-03-24,69.26000213623047,70.37999725341797,66.81999969482422,69.51000213623047,380852.0
2023-03-25,69.26000213623047,69.26000213623047,69.26000213623047,69.26000213623047,0.0
2023-03-26,69.26000213623047,69.26000213623047,69.26000213623047,69.26000213623047,0.0
2023-03-27,72.80999755859375,73.0999984741211,69.12999725341797,69.41999816894531,353598.0
2023-03-28,73.19999694824219,73.93000030517578,72.19000244140625,72.86000061035156,328472.0
2023-03-29,72.97000122070312,74.37000274658203,72.76000213623047,73.61000061035156,312669.0
2023-03-30,74.37000274658203,74.62999725341797,72.61000061035156,72.9800033569336,269743.0
2023-03-31,75.66999816894531,75.72000122070312,73.7699966430664,74.37000274658203,304361.0
2023-04-01,75.66999816894531,75.66999816894531,75.66999816894531,75.66999816894531,0.0
2023-04-02,75.66999816894531,75.66999816894531,75.66999816894531,75.66999816894531,0.0
2023-04-03,80.41999816894531,81.69000244140625,79.0,80.0999984741211,547126.0
2023-04-04,80.70999908447266,81.80999755859375,79.61000061035156,80.44000244140625,343570.0
2023-04-05,80.61000061035156,81.23999786376953,79.72000122070312,81.01000213623047,254974.0
2023-04-06,80.69999694824219,80.95999908447266,79.6500015258789,80.37000274658203,0.0
2023-04-07,80.69999694824219,80.69999694824219,80.69999694824219,80.69999694824219,0.0
2023-04-08,80.69999694824219,80.69999694824219,80.69999694824219,80.69999694824219,0.0
2023-04-09,80.69999694824219,80.69999694824219,80.69999694824219,80.69999694824219,0.0
2023-04-10,79.73999786376953,81.22000122070312,79.61000061035156,80.5,264906.0
2023-04-11,81.52999877929688,81.58999633789062,79.37000274658203,79.87999725341797,309683.0
2023-04-12,83.26000213623047,83.52999877929688,81.27999877929688,81.44000244140625,356133.0
2023-04-13,82.16000366210938,83.44000244140625,82.11000061035156,83.22000122070312,261230.0
2023-04-14,82.5199966430664,83.12000274658203,81.76000213623047,82.4000015258789,275129.0
2023-04-15,82.5199966430664,82.5199966430664,82.5199966430664,82.5199966430664,0.0
2023-04-16,82.5199966430664,82.5199966430664,82.5199966430664,82.5199966430664,0.0
2023-04-17,80.83000183105469,82.70999908447266,80.47000122070312,82.4800033569336,217048.0
2023-04-18,80.86000061035156,81.4800033569336,79.87000274658203,81.0,96290.0
2023-04-19,79.16000366210938,81.18000030517578,78.45999908447266,80.91999816894531,78310.0
2023-04-20,77.29000091552734,78.88999938964844,76.97000122070312,78.87000274658203,361413.0
2023-04-21,77.87000274658203,78.38999938964844,76.72000122070312,77.12999725341797,291114.0
2023-04-22,77.87000274658203,77.87000274658203,77.87000274658203,77.87000274658203,0.0
2023-04-23,77.87000274658203,77.87000274658203,77.87000274658203,77.87000274658203,0.0
2023-04-24,78.76000213623047,79.18000030517578,76.72000122070312,77.97000122070312,306720.0
2023-04-25,77.06999969482422,79.06999969482422,76.5,78.73999786376953,361646.0
2023-04-26,74.30000305175781,77.93000030517578,74.05000305175781,77.08000183105469,497778.0
2023-04-27,74.76000213623047,75.27999877929688,74.02999877929688,74.37999725341797,345880.0
2023-04-28,76.77999877929688,76.91999816894531,73.93000030517578,74.91000366210938,328399.0
2023-04-29,76.77999877929688,76.77999877929688,76.77999877929688,76.77999877929688,0.0
2023-04-30,76.77999877929688,76.77999877929688,76.77999877929688,76.77999877929688,0.0
2023-05-01,75.66000366210938,76.69000244140625,74.52999877929688,76.66000366210938,215017.0
2023-05-02,71.66000366210938,76.11000061035156,71.41999816894531,75.76000213623047,417820.0
2023-05-03,68.5999984741211,71.79000091552734,67.94999694824219,71.55999755859375,490523.0
2023-05-04,68.55999755859375,69.83999633789062,63.63999938964844,68.16000366210938,412495.0
2023-05-05,71.33999633789062,71.80999755859375,68.4800033569336,68.69999694824219,330585.0
2023-05-06,71.33999633789062,71.33999633789062,71.33999633789062,71.33999633789062,0.0
2023-05-07,71.33999633789062,71.33999633789062,71.33999633789062,71.33999633789062,0.0
2023-05-08,73.16000366210938,73.69000244140625,71.04000091552734,71.3499984741211,290076.0
2023-05-09,73.70999908447266,73.77999877929688,71.33999633789062,72.83999633789062,317493.0
2023-05-10,72.55999755859375,73.88999938964844,71.80000305175781,73.58000183105469,351506.0
2023-05-11,70.87000274658203,73.5,70.62999725341797,72.7699966430664,365892.0
2023-05-12,70.04000091552734,71.77999877929688,69.93000030517578,71.41999816894531,275435.0
2023-05-13,70.04000091552734,70.04000091552734,70.04000091552734,70.04000091552734,0.0
2023-05-14,70.04000091552734,70.04000091552734,70.04000091552734,70.04000091552734,0.0
2023-05-15,71.11000061035156,71.69000244140625,69.41000366210938,70.04000091552734,259013.0
2023-05-16,70.86000061035156,71.79000091552734,70.44999694824219,71.31999969482422,232328.0
2023-05-17,72.83000183105469,73.26000213623047,70.04000091552734,70.5999984741211,273708.0
2023-05-18,71.86000061035156,72.87000274658203,71.41999816894531,72.75,80864.0
2023-05-19,71.55000305175781,73.4000015258789,71.02999877929688,71.94000244140625,69949.0
2023-05-20,71.55000305175781,71.55000305175781,71.55000305175781,71.55000305175781,0.0
2023-05-21,71.55000305175781,71.55000305175781,71.55000305175781,71.55000305175781,0.0
2023-05-22,71.98999786376953,72.36000061035156,70.55000305175781,71.69999694824219,263977.0
2023-05-23,72.91000366210938,73.79000091552734,71.70999908447266,72.0999984741211,317586.0
2023-05-24,74.33999633789062,74.7300033569336,73.12999725341797,73.7699966430664,386611.0
2023-05-25,71.83000183105469,74.37000274658203,70.9800033569336,74.20999908447266,422637.0
2023-05-26,72.66999816894531,73.05000305175781,71.48999786376953,71.88999938964844,261498.0
2023-05-27,72.66999816894531,72.66999816894531,72.66999816894531,72.66999816894531,0.0
2023-05-28,72.66999816894531,72.66999816894531,72.66999816894531,72.66999816894531,0.0
2023-05-29,72.66999816894531,72.66999816894531,72.66999816894531,72.66999816894531,0.0
2023-05-30,69.45999908447266,73.55000305175781,69.0199966430664,73.2300033569336,440862.0
2023-05-31,68.08999633789062,69.69000244140625,67.02999877929688,69.62000274658203,444787.0
2023-06-01,70.0999984741211,71.06999969482422,67.51000213623047,67.5999984741211,395393.0
2023-06-02,71.73999786376953,72.16999816894531,70.0,70.20999908447266,322596.0
2023-06-03,71.73999786376953,71.73999786376953,71.73999786376953,71.73999786376953,0.0
2023-06-04,71.73999786376953,71.73999786376953,71.73999786376953,71.73999786376953,0.0
2023-06-05,72.1500015258789,75.05999755859375,71.7300033569336,75.02999877929688,383943.0
2023-06-06,71.73999786376953,72.33000183105469,70.12999725341797,71.98999786376953,314962.0
2023-06-07,72.52999877929688,73.19000244140625,71.01000213623047,71.55999755859375,299127.0
2023-06-08,71.29000091552734,73.27999877929688,69.02999877929688,72.47000122070312,485396.0
2023-06-09,70.16999816894531,71.7699966430664,70.0999984741211,70.94000244140625,300724.0
2023-06-10,70.16999816894531,70.16999816894531,70.16999816894531,70.16999816894531,0.0
2023-06-11,70.16999816894531,70.16999816894531,70.16999816894531,70.16999816894531,0.0
2023-06-12,67.12000274658203,70.33000183105469,66.80000305175781,70.2699966430664,404769.0
2023-06-13,69.41999816894531,69.83000183105469,67.1500015258789,67.30999755859375,366354.0
2023-06-14,68.2699966430664,70.48999786376953,68.06999969482422,69.3499984741211,304449.0
2023-06-15,70.62000274658203,70.95999908447266,67.97000122070312,68.69999694824219,115613.0
2023-06-16,71.77999877929688,71.88999938964844,69.94999694824219,70.55000305175781,99185.0
2023-06-17,71.77999877929688,71.77999877929688,71.77999877929688,71.77999877929688,0.0
2023-06-18,71.77999877929688,71.77999877929688,71.77999877929688,71.77999877929688,0.0
2023-06-19,71.77999877929688,71.77999877929688,71.77999877929688,71.77999877929688,0.0
2023-06-20,70.5,72.08999633789062,69.6500015258789,71.44999694824219,430492.0
2023-06-21,72.52999877929688,72.72000122070312,70.80000305175781,70.9000015258789,264656.0
2023-06-22,69.51000213623047,72.6500015258789,68.93000030517578,72.43000030517578,421348.0
2023-06-23,69.16000366210938,69.6500015258789,67.3499984741211,69.52999877929688,322475.0
2023-06-24,69.16000366210938,69.16000366210938,69.16000366210938,69.16000366210938,0.0
2023-06-25,69.16000366210938,69.16000366210938,69.16000366210938,69.16000366210938,0.0
2023-06-26,69.37000274658203,70.11000061035156,68.70999908447266,69.83999633789062,280116.0
2023-06-27,67.69999694824219,70.1500015258789,67.5,69.48999786376953,384752.0
2023-06-28,69.55999755859375,69.7300033569336,67.05000305175781,68.01000213623047,368295.0
2023-06-29,69.86000061035156,70.5999984741211,68.93000030517578,69.25,292865.0
2023-06-30,70.63999938964844,71.04000091552734,69.52999877929688,69.81999969482422,299873.0
2023-07-01,70.63999938964844,70.63999938964844,70.63999938964844,70.63999938964844,0.0
2023-07-02,70.63999938964844,70.63999938964844,70.63999938964844,70.63999938964844,0.0
2023-07-03,69.79000091552734,71.7699966430664,69.69000244140625,70.44999694824219,303479.0
2023-07-04,69.79000091552734,69.79000091552734,69.79000091552734,69.79000091552734,0.0
2023-07-05,71.79000091552734,72.16999816894531,69.9000015258789,70.1500015258789,456809.0
2023-07-06,71.80000305175781,72.33999633789062,70.22000122070312,71.80000305175781,395381.0
2023-07-07,73.86000061035156,73.91999816894531,71.19000244140625,71.88999938964844,362632.0
2023-07-08,73.86000061035156,73.86000061035156,73.86000061035156,73.86000061035156,0.0
2023-07-09,73.86000061035156,73.86000061035156,73.86000061035156,73.86000061035156,0.0
2023-07-10,72.98999786376953,74.1500015258789,72.66999816894531,73.86000061035156,301014.0
2023-07-11,74.83000183105469,74.95999908447266,72.9800033569336,73.19000244140625,326883.0
2023-07-12,75.75,76.1500015258789,74.66999816894531,74.83000183105469,352887.0
2023-07-13,76.88999938964844,77.33000183105469,75.31999969482422,75.8499984741211,379728.0
2023-07-14,75.41999816894531,77.30000305175781,75.11000061035156,77.16000366210938,299576.0
2023-07-15,75.41999816894531,75.41999816894531,75.41999816894531,75.41999816894531,0.0
2023-07-16,75.41999816894531,75.41999816894531,75.41999816894531,75.41999816894531,0.0
2023-07-17,74.1500015258789,76.08999633789062,73.83999633789062,75.0199966430664,244785.0
2023-07-18,75.75,75.95999908447266,73.87999725341797,74.18000030517578,125092.0
2023-07-19,75.3499984741211,76.97000122070312,75.06999969482422,75.83999633789062,92920.0
2023-07-20,75.62999725341797,76.1500015258789,74.72000122070312,75.3499984741211,340962.0
2023-07-21,77.06999969482422,77.29000091552734,75.69000244140625,75.69999694824219,308106.0
2023-07-22,77.06999969482422,77.06999969482422,77.06999969482422,77.06999969482422,0.0
2023-07-23,77.06999969482422,77.06999969482422,77.06999969482422,77.06999969482422,0.0
2023-07-24,78.73999786376953,79.27999877929688,76.44000244140625,77.01000213623047,368285.0
2023-07-25,79.62999725341797,79.9000015258789,78.29000091552734,78.8499984741211,349600.0
2023-07-26,78.77999877929688,79.7699966430664,78.55000305175781,79.33999633789062,322031.0
2023-07-27,80.08999633789062,80.5999984741211,78.87000274658203,78.9000015258789,374358.0
2023-07-28,80.58000183105469,80.70999908447266,79.06999969482422,79.83999633789062,299547.0
2023-07-29,80.58000183105469,80.58000183105469,80.58000183105469,80.58000183105469,0.0
2023-07-30,80.58000183105469,80.58000183105469,80.58000183105469,80.58000183105469,0.0
2023-07-31,81.80000305175781,82.0,80.12999725341797,80.6500015258789,297270.0
2023-08-01,81.37000274658203,82.22000122070312,80.58999633789062,81.7300033569336,307859.0
2023-08-02,79.48999786376953,82.43000030517578,79.05000305175781,82.05000305175781,414825.0
2023-08-03,81.55000305175781,81.86000061035156,78.69000244140625,79.7699966430664,402641.0
2023-08-04,82.81999969482422,83.23999786376953,81.51000213623047,81.7300033569336,320873.0
2023-08-05,82.81999969482422,82.81999969482422,82.81999969482422,82.81999969482422,0.0
2023-08-06,82.81999969482422,82.81999969482422,82.81999969482422,82.81999969482422,0.0
2023-08-07,81.94000244140625,83.30000305175781,81.5199966430664,82.81999969482422,293036.0
2023-08-08,82.91999816894531,83.08000183105469,79.9000015258789,82.52999877929688,424545.0
2023-08-09,84.4000015258789,84.6500015258789,82.66999816894531,82.87999725341797,478140.0
2023-08-10,82.81999969482422,84.88999938964844,82.58000183105469,84.25,362188.0
2023-08-11,83.19000244140625,83.80999755859375,82.2300033569336,82.83000183105469,331254.0
2023-08-12,83.19000244140625,83.19000244140625,83.19000244140625,83.19000244140625,0.0
2023-08-13,83.19000244140625,83.19000244140625,83.19000244140625,83.19000244140625,0.0
2023-08-14,82.51000213623047,83.19999694824219,81.76000213623047,83.08999633789062,277352.0
2023-08-15,80.98999786376953,82.91000366210938,80.4000015258789,82.5199966430664,303207.0
2023-08-16,79.37999725341797,81.43000030517578,79.05000305175781,81.2300033569336,325403.0
2023-08-17,80.38999938964844,81.08000183105469,78.94999694824219,79.25,235581.0
2023-08-18,81.25,81.61000061035156,79.58999633789062,80.04000091552734,128090.0
2023-08-19,81.25,81.25,81.25,81.25,0.0
2023-08-20,81.25,81.25,81.25,81.25,0.0
2023-08-21,80.72000122070312,82.47000122070312,80.61000061035156,81.43000030517578,115874.0
2023-08-22,80.3499984741211,80.98999786376953,80.0999984741211,80.80000305175781,287489.0
2023-08-23,78.88999938964844,79.91000366210938,77.62000274658203,79.63999938964844,378146.0
2023-08-24,79.05000305175781,79.27999877929688,77.58999633789062,78.56999969482422,349230.0
2023-08-25,79.83000183105469,80.44999694824219,78.13999938964844,78.87999725341797,411409.0
2023-08-26,79.83000183105469,79.83000183105469,79.83000183105469,79.83000183105469,0.0
2023-08-27,79.83000183105469,79.83000183105469,79.83000183105469,79.83000183105469,0.0
2023-08-28,80.0999984741211,80.87000274658203,79.61000061035156,80.1500015258789,246584.0
2023-08-29,81.16000366210938,81.41000366210938,79.33999633789062,79.9800033569336,284168.0
2023-08-30,81.62999725341797,82.05000305175781,80.87999725341797,81.29000091552734,299418.0
2023-08-31,83.62999725341797,83.69000244140625,81.4800033569336,81.69999694824219,368848.0
2023-09-01,85.55000305175781,86.05999755859375,83.45999908447266,83.62999725341797,420461.0
2023-09-02,85.55000305175781,85.55000305175781,85.55000305175781,85.55000305175781,0.0
2023-09-03,85.55000305175781,85.55000305175781,85.55000305175781,85.55000305175781,0.0
2023-09-04,85.55000305175781,85.55000305175781,85.55000305175781,85.55000305175781,0.0
2023-09-05,86.69000244140625,88.06999969482422,85.0199966430664,86.05999755859375,452908.0
2023-09-06,87.54000091552734,88.08000183105469,85.93000030517578,86.72000122070312,307115.0
2023-09-07,86.87000274658203,87.73999786376953,86.38999938964844,87.54000091552734,270736.0
2023-09-08,87.51000213623047,87.94999694824219,86.1500015258789,86.77999877929688,294437.0
2023-09-09,87.51000213623047,87.51000213623047,87.51000213623047,87.51000213623047,0.0
2023-09-10,87.51000213623047,87.51000213623047,87.51000213623047,87.51000213623047,0.0
2023-09-11,87.29000091552734,88.1500015258789,86.70999908447266,87.4000015258789,292388.0
2023-09-12,88.83999633789062,89.37000274658203,87.22000122070312,87.2699966430664,341137.0
2023-09-13,88.5199966430664,89.63999938964844,88.29000091552734,88.75,345972.0
2023-09-14,90.16000366210938,90.79000091552734,88.68000030517578,88.80999755859375,325270.0
2023-09-15,90.7699966430664,91.2300033569336,89.22000122070312,90.66999816894531,315003.0
2023-09-16,90.7699966430664,90.7699966430664,90.7699966430664,90.7699966430664,0.0
2023-09-17,90.7699966430664,90.7699966430664,90.7699966430664,90.7699966430664,0.0
2023-09-18,91.4800033569336,92.43000030517578,90.75,91.19999694824219,119258.0
2023-09-19,91.19999694824219,93.73999786376953,91.06999969482422,92.22000122070312,94597.0
2023-09-20,90.27999877929688,91.9800033569336,89.87000274658203,91.55000305175781,457854.0
2023-09-21,89.62999725341797,90.9800033569336,88.37000274658203,89.30000305175781,351032.0
2023-09-22,90.02999877929688,91.33000183105469,89.30999755859375,89.62000274658203,402087.0
2023-09-23,90.02999877929688,90.02999877929688,90.02999877929688,90.02999877929688,0.0
2023-09-24,90.02999877929688,90.02999877929688,90.02999877929688,90.02999877929688,0.0
2023-09-25,89.68000030517578,90.83000183105469,89.02999877929688,90.55000305175781,328369.0
2023-09-26,90.38999938964844,90.73999786376953,88.19000244140625,89.87999725341797,318016.0
2023-09-27,93.68000030517578,94.16999816894531,90.4000015258789,90.52999877929688,504630.0
2023-09-28,91.70999908447266,95.02999877929688,91.38999938964844,93.77999877929688,406709.0
2023-09-29,90.79000091552734,93.0999984741211,90.3499984741211,91.76000213623047,355782.0
2023-09-30,90.79000091552734,90.79000091552734,90.79000091552734,90.79000091552734,0.0
2023-10-01,90.79000091552734,90.79000091552734,90.79000091552734,90.79000091552734,0.0
2023-10-02,88.81999969482422,91.87999725341797,88.45999908447266,90.81999969482422,334493.0
2023-10-03,89.2300033569336,90.2699966430664,87.76000213623047,88.66999816894531,350659.0
2023-10-04,84.22000122070312,89.58999633789062,84.16000366210938,89.41999816894531,459995.0
2023-10-05,82.30999755859375,84.91999816894531,82.1500015258789,84.44999694824219,465997.0
2023-10-06,82.79000091552734,83.27999877929688,81.5,82.27999877929688,461139.0
2023-10-07,82.79000091552734,82.79000091552734,82.79000091552734,82.79000091552734,0.0
2023-10-08,82.79000091552734,82.79000091552734,82.79000091552734,82.79000091552734,0.0
2023-10-09,86.37999725341797,87.23999786376953,84.66999816894531,85.25,435037.0
2023-10-10,85.97000122070312,86.73999786376953,85.12000274658203,86.43000030517578,337654.0
2023-10-11,83.48999786376953,86.51000213623047,83.11000061035156,85.95999908447266,425395.0
2023-10-12,82.91000366210938,85.19999694824219,82.30999755859375,83.19999694824219,373492.0
2023-10-13,87.69000244140625,87.83000183105469,83.3499984741211,83.51000213623047,356863.0
2023-10-14,87.69000244140625,87.69000244140625,87.69000244140625,87.69000244140625,0.0
2023-10-15,87.69000244140625,87.69000244140625,87.69000244140625,87.69000244140625,0.0
2023-10-16,86.66000366210938,88.33000183105469,86.31999969482422,87.72000122070312,235780.0
2023-10-17,86.66000366210938,87.75,85.5999984741211,87.05999755859375,197124.0
2023-10-18,88.31999969482422,89.87999725341797,87.19999694824219,87.80999755859375,92797.0
2023-10-19,89.37000274658203,90.68000030517578,86.5999984741211,88.23999786376953,72058.0
2023-10-20,88.75,90.77999877929688,88.33000183105469,90.27999877929688,311917.0
2023-10-21,88.75,88.75,88.75,88.75,0.0
2023-10-22,88.75,88.75,88.75,88.75,0.0
2023-10-23,85.48999786376953,88.29000091552734,85.3499984741211,88.0,315517.0
2023-10-24,83.73999786376953,86.30000305175781,82.94000244140625,86.1500015258789,370591.0
2023-10-25,85.38999938964844,85.55999755859375,82.08000183105469,83.69000244140625,429459.0
2023-10-26,83.20999908447266,85.58999633789062,82.55999755859375,85.37000274658203,341792.0
2023-10-27,85.54000091552734,85.9000015258789,83.0999984741211,83.52999877929688,333760.0
2023-10-28,85.54000091552734,85.54000091552734,85.54000091552734,85.54000091552734,0.0
2023-10-29,85.54000091552734,85.54000091552734,85.54000091552734,85.54000091552734,0.0
2023-10-30,82.30999755859375,85.30000305175781,81.81999969482422,85.0,356928.0
2023-10-31,81.0199966430664,83.37000274658203,80.73999786376953,82.58999633789062,346007.0
2023-11-01,80.44000244140625,83.41999816894531,80.30000305175781,81.4800033569336,321592.0
2023-11-02,82.45999908447266,82.83000183105469,80.22000122070312,80.81999969482422,307122.0
2023-11-03,80.51000213623047,83.5999984741211,80.0999984741211,82.58000183105469,457281.0
2023-11-04,80.51000213623047,80.51000213623047,80.51000213623047,80.51000213623047,0.0
2023-11-05,80.51000213623047,80.51000213623047,80.51000213623047,80.51000213623047,0.0
2023-11-06,80.81999969482422,82.23999786376953,80.66000366210938,81.12999725341797,271131.0
2023-11-07,77.37000274658203,81.05000305175781,77.08999633789062,80.93000030517578,396289.0
2023-11-08,75.33000183105469,77.52999877929688,74.91000366210938,77.12000274658203,429647.0
2023-11-09,75.73999786376953,77.16000366210938,75.20999908447266,75.6500015258789,303430.0
2023-11-10,77.16999816894531,77.7300033569336,75.30999755859375,75.58999633789062,266998.0
2023-11-11,77.16999816894531,77.16999816894531,77.16999816894531,77.16999816894531,0.0
2023-11-12,77.16999816894531,77.16999816894531,77.16999816894531,77.16999816894531,0.0
2023-11-13,78.26000213623047,78.63999938964844,76.20999908447266,77.1500015258789,262903.0
2023-11-14,78.26000213623047,79.7699966430664,77.79000091552734,78.52999877929688,263002.0
2023-11-15,76.66000366210938,78.7699966430664,76.30999755859375,78.16999816894531,282301.0
2023-11-16,72.9000015258789,76.62999725341797,72.16000366210938,76.5999984741211,125165.0
2023-11-17,75.88999938964844,75.98999786376953,72.75,72.97000122070312,101484.0
2023-11-18,75.88999938964844,75.88999938964844,75.88999938964844,75.88999938964844,0.0
2023-11-19,75.88999938964844,75.88999938964844,75.88999938964844,75.88999938964844,0.0
2023-11-20,77.5999984741211,78.22000122070312,75.6500015258789,75.6500015258789,270638.0
2023-11-21,77.7699966430664,77.91999816894531,76.91999816894531,77.6500015258789,238629.0
2023-11-22,77.0999984741211,77.97000122070312,73.79000091552734,77.7699966430664,389325.0
2023-11-23,77.0999984741211,77.0999984741211,77.0999984741211,77.0999984741211,0.0
2023-11-24,75.54000091552734,77.08999633789062,75.06999969482422,76.79000091552734,281147.0
2023-11-25,75.54000091552734,75.54000091552734,75.54000091552734,75.54000091552734,0.0
2023-11-26,75.54000091552734,75.54000091552734,75.54000091552734,75.54000091552734,0.0
2023-11-27,74.86000061035156,76.2300033569336,74.05999755859375,75.30999755859375,289562.0
2023-11-28,76.41000366210938,77.0199966430664,74.63999938964844,75.06999969482422,286618.0
2023-11-29,77.86000061035156,78.08999633789062,75.66999816894531,76.55999755859375,322170.0
2023-11-30,75.95999908447266,79.5999984741211,75.05000305175781,77.75,559169.0
2023-12-01,74.06999969482422,76.76000213623047,73.93000030517578,75.58999633789062,358976.0
2023-12-02,74.06999969482422,74.06999969482422,74.06999969482422,74.06999969482422,0.0
2023-12-03,74.06999969482422,74.06999969482422,74.06999969482422,74.06999969482422,0.0
2023-12-04,73.04000091552734,75.02999877929688,72.62999725341797,74.58000183105469,388832.0
2023-12-05,72.31999969482422,74.12000274658203,72.0199966430664,73.30000305175781,358703.0
2023-12-06,69.37999725341797,72.5999984741211,69.11000061035156,72.0999984741211,436803.0
2023-12-07,69.33999633789062,70.4800033569336,68.80000305175781,69.27999877929688,339000.0
2023-12-08,71.2300033569336,71.62999725341797,69.5,69.76000213623047,302250.0
2023-12-09,71.2300033569336,71.2300033569336,71.2300033569336,71.2300033569336,0.0
2023-12-10,71.2300033569336,71.2300033569336,71.2300033569336,71.2300033569336,0.0
2023-12-11,71.31999969482422,71.80999755859375,70.3499984741211,71.1500015258789,274414.0
2023-12-12,68.61000061035156,71.95999908447266,68.22000122070312,71.43000030517578,324530.0
2023-12-13,69.47000122070312,69.88999938964844,67.70999908447266,68.7300033569336,306996.0
2023-12-14,71.58000183105469,72.45999908447266,69.54000091552734,69.8499984741211,275688.0
2023-12-15,71.43000030517578,72.22000122070312,70.30000305175781,71.61000061035156,95513.0
2023-12-16,71.43000030517578,71.43000030517578,71.43000030517578,71.43000030517578,0.0
2023-12-17,71.43000030517578,71.43000030517578,71.43000030517578,71.43000030517578,0.0
2023-12-18,72.47000122070312,74.26000213623047,70.63999938964844,71.68000030517578,73941.0
2023-12-19,73.44000244140625,74.01000213623047,71.8499984741211,72.4800033569336,230042.0
2023-12-20,74.22000122070312,75.37000274658203,73.5999984741211,74.05999755859375,273364.0
2023-12-21,73.88999938964844,74.58000183105469,72.44000244140625,73.80999755859375,251982.0
2023-12-22,73.55999755859375,74.9800033569336,73.38999938964844,73.91000366210938,222600.0
2023-12-23,73.55999755859375,73.55999755859375,73.55999755859375,73.55999755859375,0.0
2023-12-24,73.55999755859375,73.55999755859375,73.55999755859375,73.55999755859375,0.0
2023-12-25,73.55999755859375,73.55999755859375,73.55999755859375,73.55999755859375,0.0
2023-12-26,75.56999969482422,76.18000030517578,73.12999725341797,73.55999755859375,208715.0
2023-12-27,74.11000061035156,75.66000366210938,73.7699966430664,75.31999969482422,253323.0
2023-12-28,71.7699966430664,74.4000015258789,71.72000122070312,73.80000305175781,262748.0
2023-12-29,71.6500015258789,72.62000274658203,71.25,71.98999786376953,214486.0
2023-12-30,71.6500015258789,71.6500015258789,71.6500015258789,71.6500015258789,0.0
2023-12-31,71.6500015258789,71.6500015258789,71.6500015258789,71.6500015258789,0.0
2024-01-01,71.6500015258789,71.6500015258789,71.6500015258789,71.6500015258789,0.0
2024-01-02,70.37999725341797,73.63999938964844,70.05999755859375,71.70999908447266,330992.0
2024-01-03,72.69999694824219,73.2300033569336,69.27999877929688,70.5,334861.0
2024-01-04,72.19000244140625,74.0,71.05999755859375,73.04000091552734,344467.0
2024-01-05,73.80999755859375,74.23999786376953,72.20999908447266,72.4000015258789,325525.0
2024-01-06,73.80999755859375,73.80999755859375,73.80999755859375,73.80999755859375,0.0
2024-01-07,73.80999755859375,73.80999755859375,73.80999755859375,73.80999755859375,0.0
2024-01-08,70.7699966430664,73.94999694824219,70.12999725341797,73.51000213623047,392249.0
2024-01-09,72.23999786376953,72.93000030517578,70.47000122070312,70.91000366210938,363445.0
2024-01-10,71.37000274658203,73.58999633789062,71.01000213623047,72.16999816894531,352772.0
2024-01-11,72.0199966430664,73.80999755859375,71.16999816894531,71.33000183105469,373645.0
2024-01-12,72.68000030517578,75.25,72.36000061035156,73.01000213623047,403636.0
2024-01-13,72.68000030517578,72.68000030517578,72.68000030517578,72.68000030517578,0.0
2024-01-14,72.68000030517578,72.68000030517578,72.68000030517578,72.68000030517578,0.0
2024-01-15,72.68000030517578,72.68000030517578,72.68000030517578,72.68000030517578,0.0
2024-01-16,72.4000015258789,73.55999755859375,71.2300033569336,72.62999725341797,430437.0
2024-01-17,72.55999755859375,72.94999694824219,70.5,72.0,315679.0
2024-01-18,74.08000183105469,74.37999725341797,72.18000030517578,72.77999877929688,86646.0
2024-01-19,73.41000366210938,74.91000366210938,73.19999694824219,74.08000183105469,78234.0
2024-01-20,73.41000366210938,73.41000366210938,73.41000366210938,73.41000366210938,0.0
2024-01-21,73.41000366210938,73.41000366210938,73.41000366210938,73.41000366210938,0.0
2024-01-22,75.19000244140625,75.75,72.88999938964844,73.41000366210938,372284.0
2024-01-23,74.37000274658203,75.25,73.41000366210938,74.68000030517578,306060.0
2024-01-24,75.08999633789062,75.83000183105469,73.94000244140625,74.56999969482422,323726.0
2024-01-25,77.36000061035156,77.51000213623047,75.16000366210938,75.30000305175781,320177.0
2024-01-26,78.01000213623047,78.26000213623047,76.05999755859375,77.1500015258789,365456.0
2024-01-27,78.01000213623047,78.01000213623047,78.01000213623047,78.01000213623047,0.0
2024-01-28,78.01000213623047,78.01000213623047,78.01000213623047,78.01000213623047,0.0
2024-01-29,76.77999877929688,79.29000091552734,76.41000366210938,78.9000015258789,331925.0
2024-01-30,77.81999969482422,78.13999938964844,75.8499984741211,77.0199966430664,347242.0
2024-01-31,75.8499984741211,78.11000061035156,75.5199966430664,77.83999633789062,344493.0
2024-02-01,73.81999969482422,76.94999694824219,73.69999694824219,75.95999908447266,577936.0
2024-02-02,72.27999877929688,74.5199966430664,71.79000091552734,73.91000366210938,467768.0
2024-02-03,72.27999877929688,72.27999877929688,72.27999877929688,72.27999877929688,0.0
2024-02-04,72.27999877929688,72.27999877929688,72.27999877929688,72.27999877929688,0.0
2024-02-05,72.77999877929688,73.27999877929688,71.41000366210938,72.75,350843.0
2024-02-06,73.30999755859375,73.81999969482422,72.37999725341797,72.76000213623047,310955.0
2024-02-07,73.86000061035156,74.22000122070312,73.2300033569336,73.5,294955.0
2024-02-08,76.22000122070312,76.58999633789062,73.55999755859375,74.08000183105469,377906.0
2024-02-09,76.83999633789062,77.29000091552734,75.93000030517578,76.41999816894531,302612.0
2024-02-10,76.83999633789062,76.83999633789062,76.83999633789062,76.83999633789062,0.0
2024-02-11,76.83999633789062,76.83999633789062,76.83999633789062,76.83999633789062,0.0
2024-02-12,76.91999816894531,77.08999633789062,75.54000091552734,76.5999984741211,248476.0
2024-02-13,77.87000274658203,78.47000122070312,76.87000274658203,77.02999877929688,338174.0
2024-02-14,76.63999938964844,78.7699966430664,76.37999725341797,77.80999755859375,296131.0
2024-02-15,78.02999877929688,78.44000244140625,75.77999877929688,76.5999984741211,122432.0
2024-02-16,79.19000244140625,79.3499984741211,77.22000122070312,78.11000061035156,113713.0
2024-02-17,79.19000244140625,79.19000244140625,79.19000244140625,79.19000244140625,0.0
2024-02-18,79.19000244140625,79.19000244140625,79.19000244140625,79.19000244140625,0.0
2024-02-19,79.19000244140625,79.19000244140625,79.19000244140625,79.19000244140625,0.0
2024-02-20,78.18000030517578,79.80000305175781,77.66999816894531,78.9800033569336,435235.0
2024-02-21,77.91000366210938,78.08000183105469,76.31999969482422,77.1500015258789,323243.0
2024-02-22,78.61000061035156,78.91999816894531,77.2300033569336,78.08999633789062,330511.0
2024-02-23,76.48999786376953,78.38999938964844,76.3499984741211,78.37000274658203,353437.0
2024-02-24,76.48999786376953,76.48999786376953,76.48999786376953,76.48999786376953,0.0
2024-02-25,76.48999786376953,76.48999786376953,76.48999786376953,76.48999786376953,0.0
2024-02-26,77.58000183105469,78.02999877929688,75.83999633789062,76.4000015258789,274710.0
2024-02-27,78.87000274658203,79.0,77.16999816894531,77.62000274658203,269236.0
2024-02-28,78.54000091552734,79.62000274658203,77.77999877929688,78.4800033569336,330043.0
2024-02-29,78.26000213623047,79.27999877929688,77.94000244140625,78.19999694824219,317939.0
2024-03-01,79.97000122070312,80.8499984741211,78.05000305175781,78.27999877929688,363417.0
2024-03-02,79.97000122070312,79.97000122070312,79.97000122070312,79.97000122070312,0.0
2024-03-03,79.97000122070312,79.97000122070312,79.97000122070312,79.97000122070312,0.0
2024-03-04,78.73999786376953,80.41000366210938,78.55999755859375,80.13999938964844,347214.0
2024-03-05,78.1500015258789,79.48999786376953,77.5199966430664,78.73999786376953,436521.0
2024-03-06,79.12999725341797,80.66999816894531,77.98999786376953,78.1500015258789,371049.0
2024-03-07,78.93000030517578,79.52999877929688,78.0199966430664,79.12999725341797,432923.0
2024-03-08,78.01000213623047,79.98999786376953,77.55999755859375,79.51000213623047,347533.0
2024-03-09,78.01000213623047,78.01000213623047,78.01000213623047,78.01000213623047,0.0
2024-03-10,78.01000213623047,78.01000213623047,78.01000213623047,78.01000213623047,0.0
2024-03-11,77.93000030517578,78.47000122070312,76.79000091552734,77.80000305175781,329873.0
2024-03-12,77.55999755859375,78.7300033569336,77.33999633789062,78.08999633789062,309922.0
2024-03-13,79.72000122070312,79.9000015258789,77.56999969482422,78.05999755859375,316390.0
2024-03-14,81.26000213623047,81.62000274658203,79.56999969482422,79.62999725341797,297450.0
2024-03-15,81.04000091552734,81.44999694824219,80.48999786376953,81.13999938964844,185078.0
2024-03-16,81.04000091552734,81.04000091552734,81.04000091552734,81.04000091552734,0.0
2024-03-17,81.04000091552734,81.04000091552734,81.04000091552734,81.04000091552734,0.0
2024-03-18,82.72000122070312,83.08999633789062,81.01000213623047,81.02999877929688,84718.0
2024-03-19,83.47000122070312,83.8499984741211,82.38999938964844,82.8499984741211,76814.0
2024-03-20,81.68000030517578,83.20999908447266,81.44000244140625,83.19999694824219,351161.0
2024-03-21,81.06999969482422,81.91999816894531,80.30000305175781,81.48999786376953,266860.0
2024-03-22,80.62999725341797,81.44999694824219,80.41999816894531,80.83999633789062,231101.0
2024-03-23,80.62999725341797,80.62999725341797,80.62999725341797,80.62999725341797,0.0
2024-03-24,80.62999725341797,80.62999725341797,80.62999725341797,80.62999725341797,0.0
2024-03-25,81.94999694824219,82.4800033569336,80.58999633789062,80.8499984741211,300360.0
2024-03-26,81.62000274658203,82.36000061035156,81.22000122070312,81.94000244140625,235845.0
2024-03-27,81.3499984741211,81.73999786376953,80.55000305175781,81.29000091552734,249964.0
2024-03-28,83.16999816894531,83.20999908447266,81.5199966430664,81.70999908447266,293774.0
2024-03-29,83.16999816894531,83.16999816894531,83.16999816894531,83.16999816894531,0.0
2024-03-30,83.16999816894531,83.16999816894531,83.16999816894531,83.16999816894531,0.0
2024-03-31,83.16999816894531,83.16999816894531,83.16999816894531,83.16999816894531,0.0
2024-04-01,83.70999908447266,84.48999786376953,82.5999984741211,83.13999938964844,321059.0
2024-04-02,85.1500015258789,85.5,83.8499984741211,84.04000091552734,344040.0
2024-04-03,85.43000030517578,86.19999694824219,84.8499984741211,85.45999908447266,322549.0
2024-04-04,86.58999633789062,87.22000122070312,84.63999938964844,85.66000366210938,359534.0
2024-04-05,86.91000366210938,87.62999725341797,86.31999969482422,86.86000061035156,353206.0
2024-04-06,86.91000366210938,86.91000366210938,86.91000366210938,86.91000366210938,0.0
2024-04-07,86.91000366210938,86.91000366210938,86.91000366210938,86.91000366210938,0.0
2024-04-08,86.43000030517578,87.0999984741211,84.69000244140625,86.0999984741211,393734.0
2024-04-09,85.2300033569336,86.9800033569336,85.08999633789062,86.58999633789062,314994.0
2024-04-10,86.20999908447266,86.37999725341797,84.55000305175781,85.33999633789062,373939.0
2024-04-11,85.0199966430664,86.62999725341797,84.83999633789062,86.31999969482422,388128.0
2024-04-12,85.66000366210938,87.66999816894531,85.23999786376953,85.5999984741211,369958.0
2024-04-13,85.66000366210938,85.66000366210938,85.66000366210938,85.66000366210938,0.0
2024-04-14,85.66000366210938,85.66000366210938,85.66000366210938,85.66000366210938,0.0
2024-04-15,85.41000366210938,86.11000061035156,84.05000305175781,85.93000030517578,343894.0
2024-04-16,85.36000061035156,86.18000030517578,84.75,85.69999694824219,241343.0
2024-04-17,82.69000244140625,85.51000213623047,82.55000305175781,85.36000061035156,259540.0
2024-04-18,82.7300033569336,83.47000122070312,81.55999755859375,82.79000091552734,84468.0
2024-04-19,83.13999938964844,86.27999877929688,81.80000305175781,82.62000274658203,76901.0
2024-04-20,83.13999938964844,83.13999938964844,83.13999938964844,83.13999938964844,0.0
2024-04-21,83.13999938964844,83.13999938964844,83.13999938964844,83.13999938964844,0.0
2024-04-22,82.8499984741211,83.3499984741211,81.8499984741211,83.05000305175781,313914.0
2024-04-23,83.36000061035156,83.43000030517578,80.87999725341797,82.12999725341797,355814.0
2024-04-24,82.80999755859375,83.70999908447266,82.44000244140625,83.4000015258789,329077.0
2024-04-25,83.56999969482422,83.83000183105469,81.98999786376953,82.83000183105469,314116.0
2024-04-26,83.8499984741211,84.45999908447266,83.3499984741211,83.80999755859375,244090.0
2024-04-27,83.8499984741211,83.8499984741211,83.8499984741211,83.8499984741211,0.0
2024-04-28,83.8499984741211,83.8499984741211,83.8499984741211,83.8499984741211,0.0
2024-04-29,82.62999725341797,83.91000366210938,82.4000015258789,83.69000244140625,336984.0
2024-04-30,81.93000030517578,83.30000305175781,80.94999694824219,82.76000213623047,400680.0
2024-05-01,79.0,81.56999969482422,78.83000183105469,81.4800033569336,441978.0
2024-05-02,78.94999694824219,79.9000015258789,78.41000366210938,79.1500015258789,359652.0
2024-05-03,78.11000061035156,79.62999725341797,77.95999908447266,79.06999969482422,324438.0
2024-05-04,78.11000061035156,78.11000061035156,78.11000061035156,78.11000061035156,0.0
2024-05-05,78.11000061035156,78.11000061035156,78.11000061035156,78.11000061035156,0.0
2024-05-06,78.4800033569336,79.08999633789062,77.91000366210938,78.16000366210938,297369.0
2024-05-07,78.37999725341797,79.16999816894531,77.55000305175781,78.72000122070312,327593.0
2024-05-08,78.98999786376953,79.2699966430664,76.88999938964844,78.33999633789062,355449.0
2024-05-09,79.26000213623047,79.80000305175781,78.91000366210938,79.2300033569336,272712.0
2024-05-10,78.26000213623047,79.95999908447266,78.13999938964844,79.58999633789062,281169.0
2024-05-11,78.26000213623047,78.26000213623047,78.26000213623047,78.26000213623047,0.0
2024-05-12,78.26000213623047,78.26000213623047,78.26000213623047,78.26000213623047,0.0
2024-05-13,79.12000274658203,79.48999786376953,77.77999877929688,78.18000030517578,287701.0
2024-05-14,78.0199966430664,79.37999725341797,77.68000030517578,79.2300033569336,307410.0
2024-05-15,78.62999725341797,78.91999816894531,76.69999694824219,78.44000244140625,321267.0
2024-05-16,79.2300033569336,79.8499984741211,78.19999694824219,78.83999633789062,230277.0
2024-05-17,80.05999755859375,80.13999938964844,79.0,79.37999725341797,94152.0
2024-05-18,80.05999755859375,80.05999755859375,80.05999755859375,80.05999755859375,0.0
2024-05-19,80.05999755859375,80.05999755859375,80.05999755859375,80.05999755859375,0.0
2024-05-20,79.80000305175781,80.5999984741211,79.16999816894531,80.01000213623047,85072.0
2024-05-21,79.26000213623047,79.72000122070312,78.08000183105469,79.69999694824219,371672.0
2024-05-22,77.56999969482422,78.41000366210938,77.25,78.20999908447266,314145.0
2024-05-23,76.87000274658203,78.66000366210938,76.43000030517578,77.29000091552734,330273.0
2024-05-24,77.72000122070312,78.05000305175781,76.1500015258789,77.04000091552734,299075.0
2024-05-25,77.72000122070312,77.72000122070312,77.72000122070312,77.72000122070312,0.0
2024-05-26,77.72000122070312,77.72000122070312,77.72000122070312,77.72000122070312,0.0
2024-05-27,77.72000122070312,77.72000122070312,77.72000122070312,77.72000122070312,0.0
2024-05-28,79.83000183105469,80.29000091552734,77.69000244140625,77.80999755859375,334074.0
2024-05-29,79.2300033569336,80.62000274658203,78.98999786376953,80.26000213623047,259594.0
2024-05-30,77.91000366210938,79.41999816894531,77.62999725341797,79.27999877929688,373779.0
2024-05-31,76.98999786376953,78.62000274658203,76.66999816894531,77.91000366210938,345120.0
2024-06-01,76.98999786376953,76.98999786376953,76.98999786376953,76.98999786376953,0.0
2024-06-02,76.98999786376953,76.98999786376953,76.98999786376953,76.98999786376953,0.0
2024-06-03,74.22000122070312,77.5199966430664,73.9800033569336,76.97000122070312,443271.0
2024-06-04,73.25,74.12999725341797,72.4800033569336,74.0199966430664,408721.0
2024-06-05,74.06999969482422,74.33000183105469,72.81999969482422,72.9000015258789,307701.0
2024-06-06,75.55000305175781,75.79000091552734,74.05999755859375,74.30000305175781,291082.0
2024-06-07,75.52999877929688,76.25,75.20999908447266,75.66999816894531,280253.0
2024-06-08,75.52999877929688,75.52999877929688,75.52999877929688,75.52999877929688,0.0
2024-06-09,75.52999877929688,75.52999877929688,75.52999877929688,75.52999877929688,0.0
2024-06-10,77.73999786376953,78.29000091552734,75.2300033569336,75.3499984741211,317031.0
2024-06-11,77.9000015258789,78.36000061035156,77.22000122070312,78.12000274658203,314874.0
2024-06-12,78.5,79.31999969482422,77.87999725341797,78.22000122070312,322285.0
2024-06-13,78.62000274658203,78.88999938964844,77.66999816894531,78.37000274658203,307638.0
2024-06-14,78.44999694824219,79.1500015258789,77.7300033569336,77.95999908447266,245827.0
2024-06-15,78.44999694824219,78.44999694824219,78.44999694824219,78.44999694824219,0.0
2024-06-16,78.44999694824219,78.44999694824219,78.44999694824219,78.44999694824219,0.0
2024-06-17,80.33000183105469,80.66000366210938,77.9800033569336,78.4800033569336,126733.0
2024-06-18,81.56999969482422,81.66999816894531,79.7699966430664,80.43000030517578,140709.0
2024-06-19,81.56999969482422,81.56999969482422,81.56999969482422,81.56999969482422,0.0
2024-06-20,82.16999816894531,82.41000366210938,81.12999725341797,81.5199966430664,420499.0
2024-06-21,80.7300033569336,81.79000091552734,80.3499984741211,81.2699966430664,290500.0
2024-06-22,80.7300033569336,80.7300033569336,80.7300033569336,80.7300033569336,0.0
2024-06-23,80.7300033569336,80.7300033569336,80.7300033569336,80.7300033569336,0.0
2024-06-24,81.62999725341797,81.77999877929688,80.2300033569336,80.44999694824219,271745.0
2024-06-25,80.83000183105469,81.9000015258789,80.55000305175781,81.69999694824219,286038.0
2024-06-26,80.9000015258789,81.62999725341797,80.18000030517578,80.72000122070312,308410.0
2024-06-27,81.73999786376953,82.04000091552734,80.51000213623047,80.86000061035156,306342.0
2024-06-28,81.54000091552734,82.72000122070312,80.97000122070312,81.86000061035156,260252.0
2024-06-29,81.54000091552734,81.54000091552734,81.54000091552734,81.54000091552734,0.0
2024-06-30,81.54000091552734,81.54000091552734,81.54000091552734,81.54000091552734,0.0
2024-07-01,83.37999725341797,83.63999938964844,81.37999725341797,81.44999694824219,345780.0
2024-07-02,82.80999755859375,84.37999725341797,82.72000122070312,83.43000030517578,367787.0
2024-07-03,83.87999725341797,83.93000030517578,82.45999908447266,83.19999694824219,289685.0
2024-07-04,83.87999725341797,83.87999725341797,83.87999725341797,83.87999725341797,0.0
2024-07-05,83.16000366210938,84.5199966430664,83.0199966430664,83.5999984741211,361357.0
2024-07-06,83.16000366210938,83.16000366210938,83.16000366210938,83.16000366210938,0.0
2024-07-07,83.16000366210938,83.16000366210938,83.16000366210938,83.16000366210938,0.0
2024-07-08,82.33000183105469,83.31999969482422,82.08000183105469,83.1500015258789,251774.0
2024-07-09,81.41000366210938,82.4800033569336,81.25,82.22000122070312,297325.0
2024-07-10,82.0999984741211,82.66000366210938,80.80999755859375,81.80999755859375,334380.0
2024-07-11,82.62000274658203,83.12999725341797,81.62999725341797,82.4000015258789,324170.0
2024-07-12,82.20999908447266,83.73999786376953,82.0999984741211,82.86000061035156,370062.0
2024-07-13,82.20999908447266,82.20999908447266,82.20999908447266,82.20999908447266,0.0
2024-07-14,82.20999908447266,82.20999908447266,82.20999908447266,82.20999908447266,0.0
2024-07-15,81.91000366210938,82.58000183105469,81.47000122070312,82.16000366210938,296520.0
2024-07-16,80.76000213623047,81.93000030517578,80.22000122070312,81.91999816894531,308186.0
2024-07-17,82.8499984741211,83.0999984741211,80.44999694824219,80.8499984741211,257437.0
2024-07-18,82.81999969482422,83.81999969482422,82.04000091552734,83.11000061035156,95704.0
2024-07-19,80.12999725341797,82.87999725341797,80.06999969482422,82.47000122070312,83795.0
2024-07-20,80.12999725341797,80.12999725341797,80.12999725341797,80.12999725341797,0.0
2024-07-21,80.12999725341797,80.12999725341797,80.12999725341797,80.12999725341797,0.0
2024-07-22,79.77999877929688,80.69000244140625,79.16999816894531,80.38999938964844,345235.0
2024-07-23,76.95999908447266,78.7300033569336,76.4000015258789,78.2699966430664,417941.0
2024-07-24,77.58999633789062,78.19000244140625,76.9800033569336,77.44999694824219,355971.0
2024-07-25,78.27999877929688,78.47000122070312,76.04000091552734,77.5,457288.0
2024-07-26,77.16000366210938,78.5999984741211,76.19000244140625,78.3499984741211,365121.0
2024-07-27,77.16000366210938,77.16000366210938,77.16000366210938,77.16000366210938,0.0
2024-07-28,77.16000366210938,77.16000366210938,77.16000366210938,77.16000366210938,0.0
2024-07-29,75.80999755859375,77.69000244140625,75.3499984741211,77.30000305175781,362635.0
2024-07-30,74.7300033569336,75.97000122070312,74.58999633789062,75.91000366210938,419478.0
2024-07-31,77.91000366210938,78.66000366210938,75.18000030517578,75.23999786376953,460315.0
2024-08-01,76.30999755859375,78.87999725341797,76.23999786376953,78.58999633789062,383014.0
2024-08-02,73.5199966430664,77.29000091552734,72.97000122070312,76.87000274658203,467786.0
2024-08-03,73.5199966430664,73.5199966430664,73.5199966430664,73.5199966430664,0.0
2024-08-04,73.5199966430664,73.5199966430664,73.5199966430664,73.5199966430664,0.0
2024-08-05,72.94000244140625,74.45999908447266,71.66999816894531,74.20999908447266,500151.0
2024-08-06,73.19999694824219,74.55999755859375,72.19999694824219,73.86000061035156,352250.0
2024-08-07,75.2300033569336,75.83999633789062,72.58000183105469,72.83999633789062,427995.0
2024-08-08,76.19000244140625,76.5199966430664,74.5999984741211,75.47000122070312,327301.0
2024-08-09,76.83999633789062,77.08999633789062,75.8499984741211,76.0199966430664,263007.0
2024-08-10,76.83999633789062,76.83999633789062,76.83999633789062,76.83999633789062,0.0
2024-08-11,76.83999633789062,76.83999633789062,76.83999633789062,76.83999633789062,0.0
2024-08-12,80.05999755859375,80.16000366210938,76.69999694824219,76.98999786376953,376747.0
2024-08-13,78.3499984741211,80.1500015258789,78.16000366210938,79.73999786376953,370763.0
2024-08-14,76.9800033569336,79.0999984741211,76.83000183105469,78.7300033569336,357636.0
2024-08-15,78.16000366210938,78.5999984741211,76.93000030517578,77.5199966430664,195122.0
2024-08-16,76.6500015258789,78.16000366210938,75.54000091552734,78.16000366210938,100810.0
2024-08-17,76.6500015258789,76.6500015258789,76.6500015258789,76.6500015258789,0.0
2024-08-18,76.6500015258789,76.6500015258789,76.6500015258789,76.6500015258789,0.0
2024-08-19,74.37000274658203,76.87000274658203,74.16999816894531,76.58000183105469,118172.0
2024-08-20,74.04000091552734,75.02999877929688,73.5,74.33999633789062,329276.0
2024-08-21,71.93000030517578,74.16000366210938,71.45999908447266,73.12000274658203,390527.0
2024-08-22,73.01000213623047,73.5199966430664,71.58000183105469,71.93000030517578,334117.0
2024-08-23,74.83000183105469,75.06999969482422,72.83000183105469,72.95999908447266,313764.0
2024-08-24,74.83000183105469,74.83000183105469,74.83000183105469,74.83000183105469,0.0
2024-08-25,74.83000183105469,74.83000183105469,74.83000183105469,74.83000183105469,0.0
2024-08-26,77.41999816894531,77.5999984741211,75.04000091552734,75.0999984741211,409675.0
2024-08-27,75.52999877929688,77.4800033569336,75.4000015258789,77.19999694824219,331162.0
2024-08-28,74.5199966430664,75.94999694824219,73.81999969482422,75.75,337361.0
2024-08-29,75.91000366210938,76.91000366210938,74.05000305175781,74.41999816894531,408147.0
2024-08-30,73.55000305175781,76.58999633789062,73.36000061035156,75.87000274658203,427273.0
2024-08-31,73.55000305175781,73.55000305175781,73.55000305175781,73.55000305175781,0.0
2024-09-01,73.55000305175781,73.55000305175781,73.55000305175781,73.55000305175781,0.0
2024-09-02,73.55000305175781,73.55000305175781,73.55000305175781,73.55000305175781,0.0
2024-09-03,70.33999633789062,74.41000366210938,70.0999984741211,73.52999877929688,546617.0
2024-09-04,69.19999694824219,71.45999908447266,68.81999969482422,70.27999877929688,482025.0
2024-09-05,69.1500015258789,70.81999969482422,68.75,69.2699966430664,405596.0
2024-09-06,67.66999816894531,70.12999725341797,67.16999816894531,69.33000183105469,351074.0
2024-09-07,67.66999816894531,67.66999816894531,67.66999816894531,67.66999816894531,0.0
2024-09-08,67.66999816894531,67.66999816894531,67.66999816894531,67.66999816894531,0.0
2024-09-09,68.70999908447266,68.95999908447266,67.30999755859375,68.12999725341797,351074.0
2024-09-10,65.75,69.08000183105469,65.2699966430664,68.77999877929688,442855.0
2024-09-11,67.30999755859375,67.97000122070312,65.62999725341797,66.27999877929688,393311.0
2024-09-12,68.97000122070312,69.80999755859375,67.23999786376953,67.38999938964844,351976.0
2024-09-13,68.6500015258789,70.31999969482422,68.47000122070312,69.30999755859375,308983.0
2024-09-14,68.6500015258789,68.6500015258789,68.6500015258789,68.6500015258789,0.0
2024-09-15,68.6500015258789,68.6500015258789,68.6500015258789,68.6500015258789,0.0
2024-09-16,70.08999633789062,70.69999694824219,68.6500015258789,69.16000366210938,295176.0
2024-09-17,71.19000244140625,71.91999816894531,69.61000061035156,70.5,251629.0
2024-09-18,70.91000366210938,71.4800033569336,69.7300033569336,71.13999938964844,102907.0
2024-09-19,71.94999694824219,72.48999786376953,70.12999725341797,70.12999725341797,86630.0
2024-09-20,71.91999816894531,72.4000015258789,71.36000061035156,72.0999984741211,306997.0
2024-09-21,71.91999816894531,71.91999816894531,71.91999816894531,71.91999816894531,0.0
2024-09-22,71.91999816894531,71.91999816894531,71.91999816894531,71.91999816894531,0.0
2024-09-23,70.37000274658203,71.80999755859375,69.48999786376953,71.30999755859375,338267.0
2024-09-24,71.55999755859375,72.4000015258789,70.44000244140625,70.76000213623047,318516.0
2024-09-25,69.69000244140625,71.72000122070312,69.2300033569336,71.54000091552734,476237.0
2024-09-26,67.66999816894531,70.01000213623047,66.94999694824219,69.88999938964844,478069.0
2024-09-27,68.18000030517578,68.6500015258789,67.05999755859375,67.44999694824219,341133.0
2024-09-28,68.18000030517578,68.18000030517578,68.18000030517578,68.18000030517578,0.0
2024-09-29,68.18000030517578,68.18000030517578,68.18000030517578,68.18000030517578,0.0
2024-09-30,68.16999816894531,69.31999969482422,67.56999969482422,68.62999725341797,350115.0
2024-10-01,69.83000183105469,71.94000244140625,66.33000183105469,68.41000366210938,668216.0
2024-10-02,70.0999984741211,72.48999786376953,69.87000274658203,70.80000305175781,429225.0
2024-10-03,73.70999908447266,74.08999633789062,70.5199966430664,70.9800033569336,460554.0
2024-10-04,74.37999725341797,75.56999969482422,73.45999908447266,73.94999694824219,428815.0
2024-10-05,74.37999725341797,74.37999725341797,74.37999725341797,74.37999725341797,0.0
2024-10-06,74.37999725341797,74.37999725341797,74.37999725341797,74.37999725341797,0.0
2024-10-07,77.13999938964844,77.4000015258789,73.62000274658203,74.4000015258789,419018.0
2024-10-08,73.56999969482422,78.45999908447266,72.69000244140625,77.33000183105469,496760.0
2024-10-09,73.23999786376953,74.44999694824219,71.52999877929688,73.83999633789062,401159.0
2024-10-10,75.8499984741211,76.23999786376953,73.26000213623047,73.38999938964844,321453.0
2024-10-11,75.55999755859375,76.04000091552734,74.52999877929688,75.73999786376953,315302.0
2024-10-12,75.55999755859375,75.55999755859375,75.55999755859375,75.55999755859375,0.0
2024-10-13,75.55999755859375,75.55999755859375,75.55999755859375,75.55999755859375,0.0
2024-10-14,73.83000183105469,75.08000183105469,71.80999755859375,75.05000305175781,273455.0
2024-10-15,70.58000183105469,72.12000274658203,69.70999908447266,71.51000213623047,328738.0
2024-10-16,70.38999938964844,71.30999755859375,69.63999938964844,70.98999786376953,222437.0
2024-10-17,70.66999816894531,71.11000061035156,69.44000244140625,70.68000030517578,188161.0
2024-10-18,69.22000122070312,71.2300033569336,68.69000244140625,70.75,95768.0
2024-10-19,69.22000122070312,69.22000122070312,69.22000122070312,69.22000122070312,0.0
2024-10-20,69.22000122070312,69.22000122070312,69.22000122070312,69.22000122070312,0.0
2024-10-21,70.55999755859375,71.02999877929688,69.0,69.45999908447266,92584.0
2024-10-22,72.08999633789062,72.66000366210938,70.05000305175781,70.48999786376953,330456.0
2024-10-23,70.7699966430664,71.72000122070312,70.12999725341797,71.3499984741211,293835.0
2024-10-24,70.19000244140625,72.33999633789062,69.7699966430664,71.0199966430664,286571.0
2024-10-25,71.77999877929688,71.91999816894531,69.95999908447266,70.33000183105469,287189.0
2024-10-26,71.77999877929688,71.77999877929688,71.77999877929688,71.77999877929688,0.0
2024-10-27,71.77999877929688,71.77999877929688,71.77999877929688,71.77999877929688,0.0
2024-10-28,67.37999725341797,69.0,66.91999816894531,68.9800033569336,419623.0
2024-10-29,67.20999908447266,68.5199966430664,66.72000122070312,68.0199966430664,291929.0
2024-10-30,68.61000061035156,69.16999816894531,67.27999877929688,67.47000122070312,284795.0
2024-10-31,69.26000213623047,70.80999755859375,68.30000305175781,69.0999984741211,311055.0
2024-11-01,69.48999786376953,71.44999694824219,69.31999969482422,70.44000244140625,320572.0
2024-11-02,69.48999786376953,69.48999786376953,69.48999786376953,69.48999786376953,0.0
2024-11-03,69.48999786376953,69.48999786376953,69.48999786376953,69.48999786376953,0.0
2024-11-04,71.47000122070312,71.80999755859375,70.25,70.29000091552734,286947.0
2024-11-05,71.98999786376953,72.66999816894531,71.29000091552734,71.62000274658203,247311.0
2024-11-06,71.69000244140625,72.62999725341797,69.73999786376953,72.0199966430664,388265.0
2024-11-07,72.36000061035156,72.87999725341797,70.66000366210938,71.87000274658203,353595.0
2024-11-08,70.37999725341797,72.25,69.98999786376953,72.20999908447266,362038.0
2024-11-09,70.37999725341797,70.37999725341797,70.37999725341797,70.37999725341797,0.0
2024-11-10,70.37999725341797,70.37999725341797,70.37999725341797,70.37999725341797,0.0
2024-11-11,68.04000091552734,70.55999755859375,67.91999816894531,70.25,364506.0
2024-11-12,68.12000274658203,69.12999725341797,67.75,68.1500015258789,286926.0
2024-11-13,68.43000030517578,68.86000061035156,66.94000244140625,67.9800033569336,386027.0
2024-11-14,68.69999694824219,69.38999938964844,67.91999816894531,68.12999725341797,232270.0
2024-11-15,67.0199966430664,68.69000244140625,66.81999969482422,68.62000274658203,205235.0
2024-11-16,67.0199966430664,67.0199966430664,67.0199966430664,67.0199966430664,0.0
2024-11-17,67.0199966430664,67.0199966430664,67.0199966430664,67.0199966430664,0.0
2024-11-18,69.16000366210938,69.38999938964844,66.61000061035156,66.86000061035156,110375.0
2024-11-19,69.38999938964844,69.69000244140625,68.44999694824219,69.01000213623047,89360.0
2024-11-20,68.87000274658203,70.1500015258789,68.75,69.55000305175781,235637.0
2024-11-21,70.0999984741211,70.37999725341797,68.86000061035156,69.04000091552734,283850.0
2024-11-22,71.23999786376953,71.51000213623047,69.29000091552734,70.18000030517578,408207.0
2024-11-23,71.23999786376953,71.23999786376953,71.23999786376953,71.23999786376953,0.0
2024-11-24,71.23999786376953,71.23999786376953,71.23999786376953,71.23999786376953,0.0
2024-11-25,68.94000244140625,71.4800033569336,68.73999786376953,71.44000244140625,380922.0
2024-11-26,68.7699966430664,70.30000305175781,68.05000305175781,69.08000183105469,292138.0
2024-11-27,68.72000122070312,69.37000274658203,68.18000030517578,68.91000366210938,227215.0
2024-11-28,68.72000122070312,68.72000122070312,68.72000122070312,68.72000122070312,0.0
2024-11-29,68.0,69.69000244140625,67.87000274658203,68.7699966430664,291408.0
2024-11-30,68.0,68.0,68.0,68.0,0.0
2024-12-01,68.0,68.0,68.0,68.0,0.0
2024-12-02,68.0999984741211,69.11000061035156,67.70999908447266,68.0,264883.0
2024-12-03,69.94000244140625,70.2300033569336,67.91000366210938,68.16000366210938,303752.0
2024-12-04,68.54000091552734,70.51000213623047,68.48999786376953,70.0199966430664,325636.0
2024-12-05,68.30000305175781,69.16000366210938,67.9800033569336,68.73999786376953,286701.0
2024-12-06,67.19999694824219,68.48999786376953,66.9800033569336,68.44000244140625,341593.0
2024-12-07,67.19999694824219,67.19999694824219,67.19999694824219,67.19999694824219,0.0
2024-12-08,67.19999694824219,67.19999694824219,67.19999694824219,67.19999694824219,0.0
2024-12-09,68.37000274658203,68.87999725341797,67.08000183105469,67.1500015258789,297085.0
2024-12-10,68.58999633789062,69.05999755859375,67.72000122070312,68.19000244140625,286003.0
2024-12-11,70.29000091552734,70.52999877929688,68.44000244140625,68.5,335892.0
2024-12-12,70.0199966430664,70.72000122070312,69.13999938964844,70.43000030517578,326046.0
2024-12-13,71.29000091552734,71.41999816894531,69.87000274658203,70.05999755859375,230429.0
2024-12-14,71.29000091552734,71.29000091552734,71.29000091552734,71.29000091552734,0.0
2024-12-15,71.29000091552734,71.29000091552734,71.29000091552734,71.29000091552734,0.0
2024-12-16,70.70999908447266,71.44000244140625,70.37000274658203,71.44000244140625,204296.0
2024-12-17,70.08000183105469,70.91999816894531,69.18000030517578,70.61000061035156,99604.0
2024-12-18,70.58000183105469,71.37999725341797,69.98999786376953,70.22000122070312,99386.0
2024-12-19,69.91000366210938,71.26000213623047,69.69999694824219,70.13999938964844,291660.0
2024-12-20,69.45999908447266,69.8499984741211,68.41999816894531,69.2300033569336,231592.0
2024-12-21,69.45999908447266,69.45999908447266,69.45999908447266,69.45999908447266,0.0
2024-12-22,69.45999908447266,69.45999908447266,69.45999908447266,69.45999908447266,0.0
2024-12-23,69.23999786376953,69.94000244140625,68.58999633789062,69.4000015258789,188843.0
2024-12-24,70.0999984741211,70.43000030517578,69.36000061035156,69.55999755859375,122602.0
2024-12-25,70.0999984741211,70.0999984741211,70.0999984741211,70.0999984741211,0.0
2024-12-26,69.62000274658203,70.75,69.33000183105469,70.19999694824219,144877.0
2024-12-27,70.5999984741211,70.75,69.44000244140625,69.68000030517578,172641.0
2024-12-28,70.5999984741211,70.5999984741211,70.5999984741211,70.5999984741211,0.0
2024-12-29,70.5999984741211,70.5999984741211,70.5999984741211,70.5999984741211,0.0
2024-12-30,70.98999786376953,71.55999755859375,70.12000274658203,70.41999816894531,199296.0
2024-12-31,71.72000122070312,72.0199966430664,70.87000274658203,71.1500015258789,151155.0
2025-01-01,71.72000122070312,71.72000122070312,71.72000122070312,71.72000122070312,0.0
2025-01-02,73.12999725341797,73.7300033569336,71.79000091552734,71.8499984741211,306498.0
2025-01-03,73.95999908447266,74.3499984741211,72.69999694824219,73.12999725341797,296040.0
2025-01-04,73.95999908447266,73.95999908447266,73.95999908447266,73.95999908447266,0.0
2025-01-05,73.95999908447266,73.95999908447266,73.95999908447266,73.95999908447266,0.0
2025-01-06,73.55999755859375,74.98999786376953,73.19999694824219,74.05000305175781,306042.0
2025-01-07,74.25,74.52999877929688,73.11000061035156,73.44000244140625,277328.0
2025-01-08,73.31999969482422,75.29000091552734,73.16000366210938,74.5199966430664,328617.0
2025-01-09,73.91999816894531,74.31999969482422,72.83999633789062,73.31999969482422,213421.0
2025-01-10,76.56999969482422,77.86000061035156,74.0199966430664,74.29000091552734,478432.0
2025-01-11,76.56999969482422,76.56999969482422,76.56999969482422,76.56999969482422,0.0
2025-01-12,76.56999969482422,76.56999969482422,76.56999969482422,76.56999969482422,0.0
2025-01-13,78.81999969482422,79.2699966430664,76.54000091552734,76.54000091552734,460942.0
2025-01-14,77.5,79.08999633789062,77.41000366210938,78.81999969482422,326729.0
2025-01-15,80.04000091552734,80.7699966430664,77.23999786376953,78.02999877929688,321422.0
2025-01-16,78.68000030517578,80.58999633789062,77.87000274658203,80.4000015258789,159948.0
2025-01-17,77.87999725341797,79.44000244140625,77.76000213623047,78.75,112409.0
2025-01-18,77.87999725341797,77.87999725341797,77.87999725341797,77.87999725341797,0.0
2025-01-19,77.87999725341797,77.87999725341797,77.87999725341797,77.87999725341797,0.0
2025-01-20,77.87999725341797,77.87999725341797,77.87999725341797,77.87999725341797,0.0
2025-01-21,75.88999938964844,78.47000122070312,75.48999786376953,78.19000244140625,568807.0
2025-01-22,75.44000244140625,76.44999694824219,75.27999877929688,75.87999725341797,315333.0
2025-01-23,74.62000274658203,76.0,74.13999938964844,75.38999938964844,350688.0
2025-01-24,74.66000366210938,75.20999908447266,74.01000213623047,74.30000305175781,319679.0
2025-01-25,74.66000366210938,74.66000366210938,74.66000366210938,74.66000366210938,0.0
2025-01-26,74.66000366210938,74.66000366210938,74.66000366210938,74.66000366210938,0.0
2025-01-27,73.16999816894531,75.1500015258789,72.37999725341797,74.54000091552734,334418.0
2025-01-28,73.7699966430664,74.30999755859375,72.93000030517578,73.1500015258789,326075.0
2025-01-29,72.62000274658203,74.08000183105469,72.33000183105469,73.94999694824219,312733.0
2025-01-30,72.7300033569336,73.83999633789062,72.0199966430664,73.0,336475.0
2025-01-31,72.52999877929688,73.83999633789062,71.94000244140625,73.19999694824219,376335.0
2025-02-01,72.52999877929688,72.52999877929688,72.52999877929688,72.52999877929688,0.0
2025-02-02,72.52999877929688,72.52999877929688,72.52999877929688,72.52999877929688,0.0
2025-02-03,73.16000366210938,75.18000030517578,72.05000305175781,74.13999938964844,517853.0
2025-02-04,72.69999694824219,73.3499984741211,70.66999816894531,72.3499984741211,452961.0
2025-02-05,71.02999877929688,72.97000122070312,70.95999908447266,72.76000213623047,289902.0
2025-02-06,70.61000061035156,71.8499984741211,70.43000030517578,71.18000030517578,299037.0
2025-02-07,71.0,71.41000366210938,70.47000122070312,70.55999755859375,273766.0
2025-02-08,71.0,71.0,71.0,71.0,0.0
2025-02-09,71.0,71.0,71.0,71.0,0.0
2025-02-10,72.31999969482422,72.54000091552734,70.83999633789062,71.0,255941.0
2025-02-11,73.31999969482422,73.68000030517578,72.30999755859375,72.48999786376953,266819.0
2025-02-12,71.37000274658203,73.22000122070312,71.16999816894531,73.19999694824219,318123.0
2025-02-13,71.29000091552734,71.5999984741211,70.22000122070312,71.23999786376953,278197.0
2025-02-14,70.73999786376953,72.0199966430664,70.5199966430664,71.5199966430664,207719.0
2025-02-15,70.73999786376953,70.73999786376953,70.73999786376953,70.73999786376953,0.0
2025-02-16,70.73999786376953,70.73999786376953,70.73999786376953,70.73999786376953,0.0
2025-02-17,70.73999786376953,70.73999786376953,70.73999786376953,70.73999786376953,0.0
2025-02-18,71.8499984741211,72.06999969482422,70.12000274658203,70.69999694824219,130937.0
2025-02-19,72.25,73.04000091552734,71.70999908447266,71.77999877929688,69012.0
2025-02-20,72.56999969482422,73.25,71.8499984741211,72.18000030517578,240060.0
2025-02-21,70.4000015258789,72.7699966430664,70.16999816894531,72.58000183105469,268470.0
2025-02-22,70.4000015258789,70.4000015258789,70.4000015258789,70.4000015258789,0.0
2025-02-23,70.4000015258789,70.4000015258789,70.4000015258789,70.4000015258789,0.0
2025-02-24,70.69999694824219,70.94000244140625,69.80000305175781,69.80000305175781,205468.0
2025-02-25,68.93000030517578,71.26000213623047,68.68000030517578,70.91999816894531,267310.0
2025-02-26,68.62000274658203,69.27999877929688,68.36000061035156,69.11000061035156,255601.0
2025-02-27,70.3499984741211,70.54000091552734,68.61000061035156,68.81999969482422,265933.0
2025-02-28,69.76000213623047,70.29000091552734,69.13999938964844,70.16999816894531,250074.0
2025-03-01,69.76000213623047,69.76000213623047,69.76000213623047,69.76000213623047,0.0
2025-03-02,69.76000213623047,69.76000213623047,69.76000213623047,69.76000213623047,0.0
2025-03-03,68.37000274658203,70.5999984741211,67.88999938964844,69.94999694824219,332751.0
2025-03-04,68.26000213623047,68.55999755859375,66.7699966430664,68.45999908447266,386750.0
2025-03-05,66.30999755859375,68.0999984741211,65.22000122070312,68.08000183105469,382493.0
2025-03-06,66.36000061035156,67.08999633789062,65.58999633789062,66.38999938964844,341632.0
2025-03-07,67.04000091552734,68.22000122070312,66.12000274658203,66.33999633789062,329710.0
2025-03-08,67.04000091552734,67.04000091552734,67.04000091552734,67.04000091552734,0.0
2025-03-09,67.04000091552734,67.04000091552734,67.04000091552734,67.04000091552734,0.0
2025-03-10,66.02999877929688,67.5999984741211,65.80000305175781,67.11000061035156,249633.0
2025-03-11,66.25,67.16999816894531,65.29000091552734,65.94999694824219,222511.0
2025-03-12,67.68000030517578,67.87999725341797,66.1500015258789,66.62000274658203,246675.0
2025-03-13,66.55000305175781,67.94000244140625,66.37000274658203,67.69000244140625,268590.0
2025-03-14,67.18000030517578,67.4800033569336,66.58999633789062,66.77999877929688,180495.0
2025-03-15,67.18000030517578,67.18000030517578,67.18000030517578,67.18000030517578,0.0
2025-03-16,67.18000030517578,67.18000030517578,67.18000030517578,67.18000030517578,0.0
2025-03-17,67.58000183105469,68.37000274658203,67.25,67.3499984741211,161298.0
2025-03-18,66.9000015258789,68.72000122070312,66.55999755859375,67.4000015258789,110338.0
2025-03-19,67.16000366210938,67.62999725341797,66.20999908447266,66.72000122070312,73077.0
2025-03-20,68.26000213623047,68.47000122070312,66.87999725341797,67.29000091552734,283376.0
2025-03-21,68.27999877929688,68.6500015258789,67.6500015258789,68.3499984741211,198964.0
2025-03-22,68.27999877929688,68.27999877929688,68.27999877929688,68.27999877929688,0.0
2025-03-23,68.27999877929688,68.27999877929688,68.27999877929688,68.27999877929688,0.0
2025-03-24,69.11000061035156,69.33000183105469,67.94999694824219,68.3499984741211,247024.0
2025-03-25,69.0,69.68000030517578,68.5199966430664,69.16000366210938,258411.0
2025-03-26,69.6500015258789,70.22000122070312,69.05999755859375,69.16000366210938,262413.0
2025-03-27,69.91999816894531,69.97000122070312,69.12000274658203,69.95999908447266,211825.0
2025-03-28,69.36000061035156,70.08999633789062,68.87000274658203,69.91000366210938,246650.0
2025-03-29,69.36000061035156,69.36000061035156,69.36000061035156,69.36000061035156,0.0
2025-03-30,69.36000061035156,69.36000061035156,69.36000061035156,69.36000061035156,0.0
2025-03-31,71.4800033569336,71.83000183105469,68.80999755859375,69.43000030517578,313087.0
2025-04-01,71.19999694824219,72.0999984741211,71.02999877929688,71.38999938964844,272832.0
2025-04-02,71.70999908447266,72.27999877929688,70.58999633789062,71.19999694824219,286501.0
2025-04-03,66.94999694824219,70.41000366210938,65.9800033569336,70.37999725341797,459238.0
2025-04-04,61.9900016784668,66.9000015258789,60.45000076293945,66.63999938964844,559638.0
2025-04-05,61.9900016784668,61.9900016784668,61.9900016784668,61.9900016784668,0.0
2025-04-06,61.9900016784668,61.9900016784668,61.9900016784668,61.9900016784668,0.0
2025-04-07,60.70000076293945,63.900001525878906,58.95000076293945,61.119998931884766,597617.0
2025-04-08,59.58000183105469,61.75,57.880001068115234,61.029998779296875,557655.0
2025-04-09,62.349998474121094,62.93000030517578,55.119998931884766,58.31999969482422,592250.0
2025-04-10,60.06999969482422,63.34000015258789,58.7599983215332,62.709999084472656,391826.0
2025-04-11,61.5,61.869998931884766,59.43000030517578,60.20000076293945,306231.0
2025-04-12,61.5,61.5,61.5,61.5,0.0
2025-04-13,61.5,61.5,61.5,61.5,0.0
2025-04-14,61.529998779296875,62.68000030517578,60.59000015258789,61.70000076293945,238068.0
2025-04-15,61.33000183105469,62.060001373291016,60.880001068115234,61.58000183105469,197404.0
2025-04-16,62.470001220703125,62.97999954223633,60.439998626708984,61.540000915527344,213194.0
2025-04-17,64.68000030517578,64.86000061035156,62.61000061035156,62.630001068115234,111479.0
2025-04-18,64.68000030517578,64.68000030517578,64.68000030517578,64.68000030517578,0.0
2025-04-19,64.68000030517578,64.68000030517578,64.68000030517578,64.68000030517578,0.0
2025-04-20,64.68000030517578,64.68000030517578,64.68000030517578,64.68000030517578,0.0
2025-04-21,63.08000183105469,64.41999816894531,62.45000076293945,64.30000305175781,82671.0
2025-04-22,64.30999755859375,65.08999633789062,63.43000030517578,63.43000030517578,297928.0
2025-04-23,62.27000045776367,64.87000274658203,61.529998779296875,64.0,397841.0
2025-04-24,62.790000915527344,63.310001373291016,61.9900016784668,62.34000015258789,264908.0
2025-04-25,63.02000045776367,63.40999984741211,61.79999923706055,62.86000061035156,283758.0
2025-04-26,63.02000045776367,63.02000045776367,63.02000045776367,63.02000045776367,0.0
2025-04-27,63.02000045776367,63.02000045776367,63.02000045776367,63.02000045776367,0.0
2025-04-28,62.04999923706055,63.91999816894531,61.47999954223633,63.4900016784668,276116.0
2025-04-29,60.41999816894531,62.06999969482422,60.119998931884766,61.869998931884766,312373.0
2025-04-30,58.209999084472656,60.43000030517578,57.90999984741211,60.15999984741211,419549.0
2025-05-01,59.2400016784668,59.5,56.38999938964844,58.15999984741211,364216.0
2025-05-02,58.290000915527344,59.869998931884766,57.7400016784668,58.9900016784668,322096.0
2025-05-03,58.290000915527344,58.290000915527344,58.290000915527344,58.290000915527344,0.0
2025-05-04,58.290000915527344,58.290000915527344,58.290000915527344,58.290000915527344,0.0
2025-05-05,57.130001068115234,57.70000076293945,55.29999923706055,56.7599983215332,308387.0
2025-05-06,59.09000015258789,59.84000015258789,57.029998779296875,57.25,343893.0
2025-05-07,58.06999969482422,60.2599983215332,57.810001373291016,58.97999954223633,295238.0
2025-05-08,59.90999984741211,60.290000915527344,57.7400016784668,57.93000030517578,281000.0
2025-05-09,61.02000045776367,61.45000076293945,59.88999938964844,60.25,239640.0
2025-05-10,61.02000045776367,61.02000045776367,61.02000045776367,61.02000045776367,0.0
2025-05-11,61.02000045776367,61.02000045776367,61.02000045776367,61.02000045776367,0.0
2025-05-12,61.95000076293945,63.61000061035156,61.02000045776367,61.38999938964844,325865.0
2025-05-13,63.66999816894531,63.900001525878906,61.650001525878906,62.0,258795.0
2025-05-14,63.150001525878906,63.68000030517578,62.75,63.619998931884766,225626.0
2025-05-15,61.619998931884766,62.90999984741211,60.470001220703125,62.880001068115234,258404.0
2025-05-16,62.4900016784668,62.709999084472656,61.25,61.70000076293945,121556.0
2025-05-17,62.4900016784668,62.4900016784668,62.4900016784668,62.4900016784668,0.0
2025-05-18,62.4900016784668,62.4900016784668,62.4900016784668,62.4900016784668,0.0
2025-05-19,62.689998626708984,63.400001525878906,61.56999969482422,62.75,95570.0
2025-05-20,62.560001373291016,63.16999816894531,62.189998626708984,62.68000030517578,250414.0
2025-05-21,61.56999969482422,64.19000244140625,61.279998779296875,62.27000045776367,302702.0
2025-05-22,61.20000076293945,61.75,60.25,61.33000183105469,258549.0
2025-05-23,61.529998779296875,61.880001068115234,60.02000045776367,60.810001373291016,273392.0
2025-05-24,61.529998779296875,61.529998779296875,61.529998779296875,61.529998779296875,0.0
2025-05-25,61.529998779296875,61.529998779296875,61.529998779296875,61.529998779296875,0.0
2025-05-26,61.529998779296875,61.529998779296875,61.529998779296875,61.529998779296875,0.0
2025-05-27,60.88999938964844,62.13999938964844,60.2599983215332,61.70000076293945,291317.0
2025-05-28,61.84000015258789,62.540000915527344,60.849998474121094,61.040000915527344,260374.0
2025-05-29,60.939998626708984,63.06999969482422,60.54999923706055,61.83000183105469,299859.0
2025-05-30,60.790000915527344,61.720001220703125,59.7400016784668,60.939998626708984,384927.0
2025-05-31,60.790000915527344,60.790000915527344,60.790000915527344,60.790000915527344,0.0
2025-06-01,60.790000915527344,60.790000915527344,60.790000915527344,60.790000915527344,0.0
2025-06-02,62.52000045776367,63.880001068115234,61.060001373291016,61.11000061035156,403580.0
2025-06-03,63.40999984741211,63.88999938964844,62.400001525878906,63.02000045776367,291260.0
2025-06-04,62.849998474121094,63.959999084472656,62.16999816894531,63.36000061035156,321128.0
2025-06-05,63.369998931884766,63.97999954223633,62.5,62.7599983215332,232423.0
2025-06-06,64.58000183105469,64.80000305175781,62.81999969482422,63.33000183105469,310133.0
2025-06-07,64.58000183105469,64.58000183105469,64.58000183105469,64.58000183105469,0.0
2025-06-08,64.58000183105469,64.58000183105469,64.58000183105469,64.58000183105469,0.0
2025-06-09,65.29000091552734,65.43000030517578,64.19999694824219,64.80000305175781,235900.0
2025-06-10,64.9800033569336,66.27999877929688,64.56999969482422,65.45999908447266,279021.0
2025-06-11,68.1500015258789,68.37000274658203,64.5999984741211,64.76000213623047,378473.0
2025-06-12,68.04000091552734,69.29000091552734,66.72000122070312,69.02999877929688,379394.0
2025-06-13,72.9800033569336,77.62000274658203,68.48999786376953,68.9000015258789,715652.0
2025-06-14,72.9800033569336,72.9800033569336,72.9800033569336,72.9800033569336,0.0
2025-06-15,72.9800033569336,72.9800033569336,72.9800033569336,72.9800033569336,0.0
2025-06-16,71.7699966430664,77.48999786376953,69.37999725341797,76.54000091552734,367312.0
2025-06-17,74.83999633789062,75.54000091552734,71.0,71.11000061035156,154264.0
2025-06-18,75.13999938964844,76.06999969482422,72.94000244140625,75.61000061035156,0.0
2025-06-19,75.13999938964844,75.13999938964844,75.13999938964844,75.13999938964844,0.0
2025-06-20,74.93000030517578,77.58000183105469,74.30000305175781,74.5999984741211,678377.0
2025-06-21,74.93000030517578,74.93000030517578,74.93000030517578,74.93000030517578,0.0
2025-06-22,74.93000030517578,74.93000030517578,74.93000030517578,74.93000030517578,0.0
2025-06-23,68.51000213623047,78.4000015258789,66.5999984741211,78.0,728868.0
2025-06-24,64.37000274658203,67.83000183105469,64.0,67.73999786376953,541475.0
2025-06-25,64.91999816894531,66.02999877929688,64.51000213623047,65.12000274658203,278504.0
2025-06-26,65.23999786376953,66.41999816894531,64.66000366210938,64.9800033569336,233771.0
2025-06-27,65.5199966430664,66.08999633789062,64.80000305175781,65.30000305175781,236284.0
2025-06-28,65.5199966430664,65.5199966430664,65.5199966430664,65.5199966430664,0.0
2025-06-29,65.5199966430664,65.5199966430664,65.5199966430664,65.5199966430664,0.0
2025-06-30,65.11000061035156,65.81999969482422,64.5,65.1500015258789,193289.0
2025-07-01,65.44999694824219,65.9800033569336,64.66999816894531,64.95999908447266,193162.0
2025-07-02,67.44999694824219,67.58000183105469,65.2300033569336,65.55999755859375,265200.0
2025-07-03,67.0,67.58000183105469,66.52999877929688,67.5,0.0
2025-07-04,66.5,67.18000030517578,66.04000091552734,67.12999725341797,0.0
2025-07-05,66.5,66.5,66.5,66.5,0.0
2025-07-06,66.5,66.5,66.5,66.5,0.0
2025-07-07,67.93000030517578,68.31999969482422,65.4000015258789,65.69999694824219,332949.0
2025-07-08,68.33000183105469,68.91000366210938,67.33000183105469,67.95999908447266,219882.0
2025-07-09,68.37999725341797,68.94000244140625,67.69999694824219,68.18000030517578,223945.0
2025-07-10,66.56999969482422,68.6500015258789,66.44999694824219,68.29000091552734,258654.0
2025-07-11,68.44999694824219,68.7699966430664,66.5,66.8499984741211,226297.0
2025-07-12,68.44999694824219,68.44999694824219,68.44999694824219,68.44999694824219,0.0
2025-07-13,68.44999694824219,68.44999694824219,68.44999694824219,68.44999694824219,0.0
2025-07-14,66.9800033569336,69.6500015258789,66.80000305175781,68.68000030517578,263877.0
2025-07-15,66.5199966430664,67.12999725341797,66.22000122070312,66.86000061035156,252724.0
2025-07-16,66.37999725341797,67.01000213623047,65.41999816894531,66.7300033569336,248346.0
2025-07-17,67.54000091552734,67.69000244140625,66.29000091552734,66.5999984741211,188802.0
2025-07-18,67.33999633789062,68.95999908447266,67.19999694824219,67.5999984741211,107628.0
2025-07-19,67.33999633789062,67.33999633789062,67.33999633789062,67.33999633789062,0.0
2025-07-20,67.33999633789062,67.33999633789062,67.33999633789062,67.33999633789062,0.0
2025-07-21,67.19999694824219,67.76000213623047,66.45999908447266,67.31999969482422,81194.0
2025-07-22,66.20999908447266,67.12999725341797,65.98999786376953,67.12000274658203,269991.0
2025-07-23,65.25,65.77999877929688,64.70999908447266,65.48999786376953,251825.0
2025-07-24,66.02999877929688,66.38999938964844,65.33000183105469,65.41999816894531,281209.0
2025-07-25,65.16000366210938,66.73999786376953,65.0,66.1500015258789,234283.0
2025-07-26,65.16000366210938,65.16000366210938,65.16000366210938,65.16000366210938,0.0
2025-07-27,65.16000366210938,65.16000366210938,65.16000366210938,65.16000366210938,0.0
2025-07-28,66.70999908447266,67.13999938964844,65.05000305175781,65.1500015258789,262038.0
2025-07-29,69.20999908447266,69.76000213623047,66.52999877929688,67.04000091552734,329112.0
2025-07-30,70.0,70.51000213623047,68.44999694824219,69.33999633789062,345336.0
2025-07-31,69.26000213623047,70.41000366210938,68.55999755859375,70.30000305175781,247031.0
2025-08-01,67.33000183105469,69.58000183105469,67.05000305175781,69.3499984741211,355819.0
2025-08-02,67.33000183105469,67.33000183105469,67.33000183105469,67.33000183105469,0.0
2025-08-03,67.33000183105469,67.33000183105469,67.33000183105469,67.33000183105469,0.0
2025-08-04,66.29000091552734,67.73999786376953,65.45999908447266,66.8499984741211,277375.0
2025-08-05,65.16000366210938,66.38999938964844,65.02999877929688,66.20999908447266,279030.0
2025-08-06,64.3499984741211,66.75,63.63999938964844,65.1500015258789,353827.0
2025-08-07,63.880001068115234,65.11000061035156,63.70000076293945,64.36000061035156,300518.0
2025-08-08,63.880001068115234,64.58000183105469,62.77000045776367,63.849998474121094,322939.0
2025-08-09,63.880001068115234,63.880001068115234,63.880001068115234,63.880001068115234,0.0
2025-08-10,63.880001068115234,63.880001068115234,63.880001068115234,63.880001068115234,0.0
2025-08-11,63.959999084472656,64.44000244140625,63.02000045776367,63.47999954223633,234807.0
2025-08-12,63.16999816894531,64.33999633789062,63.060001373291016,64.0,304441.0
2025-08-13,62.650001525878906,63.380001068115234,61.939998626708984,63.06999969482422,298939.0
2025-08-14,63.959999084472656,64.0999984741211,62.58000183105469,62.790000915527344,251652.0
2025-08-15,62.79999923706055,64.1500015258789,62.68000030517578,63.90999984741211,197390.0
2025-08-16,62.79999923706055,62.79999923706055,62.79999923706055,62.79999923706055,0.0
2025-08-17,62.79999923706055,62.79999923706055,62.79999923706055,62.79999923706055,0.0
2025-08-18,63.41999816894531,63.790000915527344,62.18000030517578,63.0,95113.0
2025-08-19,62.349998474121094,63.38999938964844,62.25,63.27000045776367,99484.0
2025-08-20,63.209999084472656,63.54999923706055,62.38999938964844,62.599998474121094,280663.0
2025-08-21,63.52000045776367,63.66999816894531,62.52000045776367,62.849998474121094,250166.0
2025-08-22,63.65999984741211,63.93000030517578,63.310001373291016,63.5,223169.0
2025-08-23,63.65999984741211,63.65999984741211,63.65999984741211,63.65999984741211,0.0
2025-08-24,63.65999984741211,63.65999984741211,63.65999984741211,63.65999984741211,0.0
2025-08-25,64.80000305175781,65.0999984741211,63.529998779296875,63.880001068115234,185270.0
2025-08-26,63.25,64.76000213623047,63.130001068115234,64.75,199101.0
2025-08-27,64.1500015258789,64.2300033569336,62.95000076293945,63.310001373291016,193476.0
2025-08-28,64.5999984741211,64.69999694824219,63.349998474121094,63.869998931884766,208931.0
2025-08-29,64.01000213623047,64.55000305175781,63.880001068115234,64.26000213623047,0.0
2025-08-30,64.01000213623047,64.01000213623047,64.01000213623047,64.01000213623047,0.0
2025-08-31,64.01000213623047,64.01000213623047,64.01000213623047,64.01000213623047,0.0
2025-09-01,64.01000213623047,64.01000213623047,64.01000213623047,64.01000213623047,0.0
2025-09-02,65.58999633789062,66.02999877929688,63.65999984741211,63.95000076293945,320218.0
2025-09-03,63.970001220703125,65.72000122070312,63.720001220703125,65.62000274658203,298737.0
2025-09-04,63.47999954223633,63.84000015258789,62.720001220703125,63.81999969482422,251689.0
2025-09-05,61.869998931884766,63.4900016784668,61.45000076293945,63.33000183105469,294540.0
2025-09-06,61.869998931884766,61.869998931884766,61.869998931884766,61.869998931884766,0.0
2025-09-07,61.869998931884766,61.869998931884766,61.869998931884766,61.869998931884766,0.0
2025-09-08,62.2599983215332,63.34000015258789,61.849998474121094,62.0,237288.0
2025-09-09,62.630001068115234,63.66999816894531,62.369998931884766,62.43000030517578,268529.0
2025-09-10,63.66999816894531,64.08000183105469,62.720001220703125,62.7400016784668,260684.0
2025-09-11,62.369998931884766,63.79999923706055,62.209999084472656,63.79999923706055,222661.0
2025-09-12,62.689998626708984,63.97999954223633,61.689998626708984,62.27000045776367,313265.0
2025-09-13,62.689998626708984,62.689998626708984,62.689998626708984,62.689998626708984,0.0
2025-09-14,62.689998626708984,62.689998626708984,62.689998626708984,62.689998626708984,0.0
2025-09-15,63.29999923706055,63.66999816894531,62.52000045776367,62.970001220703125,205560.0
2025-09-16,64.5199966430664,64.76000213623047,62.88999938964844,63.310001373291016,234250.0
2025-09-17,64.05000305175781,64.66999816894531,63.689998626708984,64.58999633789062,165427.0
2025-09-18,63.56999969482422,64.55000305175781,63.33000183105469,63.9900016784668,82321.0
2025-09-19,62.68000030517578,63.650001525878906,62.599998474121094,63.59000015258789,87165.0
2025-09-20,62.68000030517578,62.68000030517578,62.68000030517578,62.68000030517578,0.0
2025-09-21,62.68000030517578,62.68000030517578,62.68000030517578,62.68000030517578,0.0
2025-09-22,62.63999938964844,63.18000030517578,61.97999954223633,62.7400016784668,223779.0
2025-09-23,63.40999984741211,63.88999938964844,61.849998474121094,62.33000183105469,265948.0
2025-09-24,64.98999786376953,65.05000305175781,63.25,63.63999938964844,282721.0
2025-09-25,64.9800033569336,65.33999633789062,64.05999755859375,64.80000305175781,258353.0
2025-09-26,65.72000122070312,66.41999816894531,64.66000366210938,65.19999694824219,284990.0
2025-09-27,65.72000122070312,65.72000122070312,65.72000122070312,65.72000122070312,0.0
2025-09-28,65.72000122070312,65.72000122070312,65.72000122070312,65.72000122070312,0.0
2025-09-29,63.45000076293945,65.4000015258789,62.97999954223633,65.06999969482422,294292.0
2025-09-30,62.369998931884766,63.2599983215332,62.029998779296875,63.13999938964844,271649.0
2025-10-01,61.779998779296875,62.88999938964844,61.400001525878906,62.459999084472656,274339.0
2025-10-02,60.47999954223633,62.540000915527344,60.400001525878906,61.779998779296875,290507.0
2025-10-03,60.880001068115234,61.380001068115234,60.54999923706055,60.70000076293945,240044.0
2025-10-04,60.880001068115234,60.880001068115234,60.880001068115234,60.880001068115234,0.0
2025-10-05,60.880001068115234,60.880001068115234,60.880001068115234,60.880001068115234,0.0
2025-10-06,61.689998626708984,62.119998931884766,61.040000915527344,61.13999938964844,224682.0
2025-10-07,61.72999954223633,62.11000061035156,60.720001220703125,61.72999954223633,245121.0
2025-10-08,62.54999923706055,62.91999816894531,62.04999923706055,62.04999923706055,273318.0
2025-10-09,61.5099983215332,62.869998931884766,61.25,62.310001373291016,259171.0
2025-10-10,58.900001525878906,61.66999816894531,58.220001220703125,61.4900016784668,339103.0
2025-10-11,58.900001525878906,58.900001525878906,58.900001525878906,58.900001525878906,0.0
2025-10-12,58.900001525878906,58.900001525878906,58.900001525878906,58.900001525878906,0.0
2025-10-13,59.4900016784668,60.16999816894531,59.0,59.0,339103.0
2025-10-14,58.70000076293945,59.81999969482422,57.68000030517578,59.58000183105469,259200.0
2025-10-15,58.27000045776367,59.41999816894531,58.20000076293945,58.599998474121094,224919.0
2025-10-16,57.459999084472656,59.11000061035156,57.2599983215332,58.77000045776367,203866.0
2025-10-17,57.540000915527344,57.720001220703125,56.599998474121094,57.5,108748.0
2025-10-18,57.540000915527344,57.540000915527344,57.540000915527344,57.540000915527344,0.0
2025-10-19,57.540000915527344,57.540000915527344,57.540000915527344,57.540000915527344,0.0
2025-10-20,57.52000045776367,57.810001373291016,56.349998474121094,57.72999954223633,108146.0
2025-10-21,57.81999969482422,58.279998779296875,56.9900016784668,57.369998931884766,314207.0
2025-10-22,58.5,59.83000183105469,57.34000015258789,57.59000015258789,378637.0
2025-10-23,61.790000915527344,62.20000076293945,59.63999938964844,59.939998626708984,735186.0
2025-10-24,61.5,62.59000015258789,61.209999084472656,61.790000915527344,373744.0
2025-10-25,61.5,61.5,61.5,61.5,0.0
2025-10-26,61.5,61.5,61.5,61.5,0.0
2025-10-27,61.310001373291016,62.16999816894531,60.66999816894531,61.81999969482422,272191.0
2025-10-28,60.150001525878906,61.5,59.7599983215332,61.5,307568.0
2025-10-29,60.47999954223633,61.02000045776367,59.70000076293945,60.18000030517578,276875.0
2025-10-30,60.56999969482422,60.790000915527344,59.63999938964844,60.38999938964844,247917.0
2025-10-31,60.97999954223633,61.380001068115234,59.9900016784668,60.29999923706055,278598.0
2025-11-01,60.97999954223633,60.97999954223633,60.97999954223633,60.97999954223633,0.0
2025-11-02,60.97999954223633,60.97999954223633,60.97999954223633,60.97999954223633,0.0
2025-11-03,61.04999923706055,61.5,60.5099983215332,61.400001525878906,0.0
2025-11-04,60.560001373291016,61.029998779296875,59.939998626708984,61.029998779296875,219300.0
2025-11-05,59.599998474121094,61.09000015258789,59.52000045776367,60.43000030517578,292518.0
2025-11-06,59.43000030517578,60.5099983215332,58.83000183105469,59.68000030517578,277768.0
2025-11-07,59.75,60.459999084472656,59.31999969482422,59.650001525878906,259446.0
2025-11-08,59.75,59.75,59.75,59.75,0.0
2025-11-09,59.75,59.75,59.75,59.75,0.0
2025-11-10,60.130001068115234,60.47999954223633,59.40999984741211,59.869998931884766,222879.0
2025-11-11,61.040000915527344,61.279998779296875,59.65999984741211,60.06999969482422,264427.0
2025-11-12,58.4900016784668,61.060001373291016,58.29999923706055,61.04999923706055,329517.0
2025-11-13,58.689998626708984,59.209999084472656,58.119998931884766,58.470001220703125,247349.0
2025-11-14,60.09000015258789,60.650001525878906,58.709999084472656,58.709999084472656,334116.0
2025-11-15,60.09000015258789,60.09000015258789,60.09000015258789,60.09000015258789,0.0
2025-11-16,60.09000015258789,60.09000015258789,60.09000015258789,60.09000015258789,0.0
2025-11-17,59.90999984741211,60.439998626708984,59.31999969482422,59.79999923706055,189638.0
2025-11-18,60.7400016784668,60.93000030517578,59.310001373291016,59.7400016784668,105325.0
2025-11-19,59.439998626708984,60.790000915527344,58.77000045776367,60.619998931884766,79622.0
2025-11-20,59.13999938964844,60.33000183105469,58.86000061035156,59.630001068115234,324282.0
2025-11-21,58.060001373291016,58.79999923706055,57.380001068115234,58.79999923706055,345014.0
2025-11-22,58.060001373291016,58.060001373291016,58.060001373291016,58.060001373291016,0.0
2025-11-23,58.060001373291016,58.060001373291016,58.060001373291016,58.060001373291016,0.0
2025-11-24,58.84000015258789,59.060001373291016,57.41999816894531,58.04999923706055,238138.0
2025-11-25,57.95000076293945,58.959999084472656,57.099998474121094,58.88999938964844,334442.0
2025-11-26,58.650001525878906,58.720001220703125,57.65999984741211,58.04999923706055,228285.0
2025-11-27,58.650001525878906,58.650001525878906,58.650001525878906,58.650001525878906,0.0
2025-11-28,58.54999923706055,59.63999938964844,58.27000045776367,58.58000183105469,153758.0
2025-11-29,58.54999923706055,58.54999923706055,58.54999923706055,58.54999923706055,0.0
2025-11-30,58.54999923706055,58.54999923706055,58.54999923706055,58.54999923706055,0.0
2025-12-01,59.31999969482422,59.970001220703125,58.83000183105469,58.959999084472656,232770.0
2025-12-02,58.63999938964844,59.66999816894531,58.279998779296875,59.52000045776367,255513.0
2025-12-03,58.95000076293945,59.63999938964844,58.369998931884766,58.650001525878906,260974.0
2025-12-04,59.66999816894531,60.02000045776367,58.810001373291016,59.09000015258789,264993.0
2025-12-05,60.08000183105469,60.5,59.41999816894531,59.70000076293945,255075.0
2025-12-06,60.08000183105469,60.08000183105469,60.08000183105469,60.08000183105469,0.0
2025-12-07,60.08000183105469,60.08000183105469,60.08000183105469,60.08000183105469,0.0
2025-12-08,58.880001068115234,60.29999923706055,58.68000030517578,60.150001525878906,263009.0
2025-12-09,58.25,59.16999816894531,58.119998931884766,58.869998931884766,260206.0
2025-12-10,58.459999084472656,59.04999923706055,57.65999984741211,58.369998931884766,256508.0
2025-12-11,57.599998474121094,58.939998626708984,57.0099983215332,58.90999984741211,286808.0
2025-12-12,57.439998626708984,58.189998626708984,57.150001525878906,57.88999938964844,212806.0
2025-12-13,57.439998626708984,57.439998626708984,57.439998626708984,57.439998626708984,0.0
2025-12-14,57.439998626708984,57.439998626708984,57.439998626708984,57.439998626708984,0.0
2025-12-15,56.81999969482422,57.79999923706055,56.400001525878906,57.5,229310.0
2025-12-16,55.27000045776367,56.70000076293945,54.97999954223633,56.68000030517578,230933.0
2025-12-17,55.939998626708984,56.97999954223633,55.20000076293945,55.22999954223633,125608.0
2025-12-18,56.150001525878906,57.029998779296875,55.880001068115234,56.900001525878906,85735.0
2025-12-19,56.65999984741211,56.900001525878906,55.81999969482422,56.029998779296875,209264.0
2025-12-20,56.65999984741211,56.65999984741211,56.65999984741211,56.65999984741211,0.0
2025-12-21,56.65999984741211,56.65999984741211,56.65999984741211,56.65999984741211,0.0
2025-12-22,58.0099983215332,58.130001068115234,56.599998474121094,56.630001068115234,221576.0
2025-12-23,58.380001068115234,58.560001373291016,57.7400016784668,57.95000076293945,183633.0
2025-12-24,58.349998474121094,58.75,58.130001068115234,58.470001220703125,111762.0
2025-12-25,58.349998474121094,58.349998474121094,58.349998474121094,58.349998474121094,0.0
2025-12-26,56.7400016784668,58.880001068115234,56.650001525878906,58.349998474121094,166669.0
2025-12-27,56.7400016784668,56.7400016784668,56.7400016784668,56.7400016784668,0.0
2025-12-28,56.7400016784668,56.7400016784668,56.7400016784668,56.7400016784668,0.0
2025-12-29,58.08000183105469,58.29999923706055,56.90999984741211,57.040000915527344,178590.0
2025-12-30,57.95000076293945,58.470001220703125,57.599998474121094,57.810001373291016,143802.0
2025-12-31,57.41999816894531,58.54999923706055,57.20000076293945,57.95000076293945,157160.0
2026-01-01,57.41999816894531,57.41999816894531,57.41999816894531,57.41999816894531,0.0
2026-01-02,57.31999969482422,57.93000030517578,56.599998474121094,57.40999984741211,189503.0
2026-01-03,57.31999969482422,57.31999969482422,57.31999969482422,57.31999969482422,0.0
2026-01-04,57.31999969482422,57.31999969482422,57.31999969482422,57.31999969482422,0.0
2026-01-05,58.31999969482422,58.5099983215332,56.310001373291016,57.470001220703125,301483.0
2026-01-06,57.130001068115234,58.869998931884766,56.84000015258789,58.34000015258789,292067.0
2026-01-07,55.9900016784668,57.16999816894531,55.7599983215332,57.0,383128.0
2026-01-08,57.7599983215332,58.7400016784668,55.970001220703125,56.41999816894531,334134.0
2026-01-09,59.119998931884766,59.77000045776367,57.61000061035156,58.400001525878906,360309.0
2026-01-10,59.119998931884766,59.119998931884766,59.119998931884766,59.119998931884766,0.0
2026-01-11,59.119998931884766,59.119998931884766,59.119998931884766,59.119998931884766,0.0
2026-01-12,59.5,59.90999984741211,58.45000076293945,59.0,309700.0
2026-01-13,61.150001525878906,61.5,59.470001220703125,59.95000076293945,411190.0
2026-01-14,62.02000045776367,62.36000061035156,59.189998626708984,61.119998931884766,410261.0
2026-01-15,59.189998626708984,61.13999938964844,58.880001068115234,61.060001373291016,113642.0
2026-01-16,59.439998626708984,60.18000030517578,58.939998626708984,59.2599983215332,113794.0
2026-01-17,59.439998626708984,59.439998626708984,59.439998626708984,59.439998626708984,0.0
2026-01-18,59.439998626708984,59.439998626708984,59.439998626708984,59.439998626708984,0.0
2026-01-19,59.439998626708984,59.439998626708984,59.439998626708984,59.439998626708984,0.0
2026-01-20,60.34000015258789,60.68000030517578,58.70000076293945,59.0099983215332,499595.0
2026-01-21,60.619998931884766,60.88999938964844,59.220001220703125,59.56999969482422,333062.0
2026-01-22,59.36000061035156,60.81999969482422,58.959999084472656,60.68000030517578,324349.0
2026-01-23,61.06999969482422,61.36000061035156,59.52000045776367,59.65999984741211,283419.0
2026-01-24,61.06999969482422,61.06999969482422,61.06999969482422,61.06999969482422,0.0
2026-01-25,61.06999969482422,61.06999969482422,61.06999969482422,61.06999969482422,0.0
2026-01-26,60.630001068115234,61.709999084472656,60.31999969482422,61.220001220703125,281062.0
2026-01-27,62.38999938964844,62.630001068115234,60.13999938964844,60.779998779296875,360208.0
2026-01-28,63.209999084472656,63.56999969482422,62.06999969482422,62.58000183105469,354864.0
2026-01-29,65.41999816894531,66.4800033569336,63.279998779296875,63.5,560007.0
2026-01-30,65.20999908447266,66.11000061035156,63.63999938964844,65.5199966430664,449325.0
2026-01-31,65.20999908447266,65.20999908447266,65.20999908447266,65.20999908447266,0.0
2026-02-01,65.20999908447266,65.20999908447266,65.20999908447266,65.20999908447266,0.0
2026-02-02,62.13999938964844,64.73999786376953,61.38999938964844,64.72000122070312,414083.0
2026-02-03,63.209999084472656,64.20999908447266,61.119998931884766,62.279998779296875,381144.0
2026-02-04,65.13999938964844,65.52999877929688,62.86000061035156,63.79999923706055,446588.0
2026-02-05,63.290000915527344,64.66999816894531,62.650001525878906,64.48999786376953,389763.0
2026-02-06,63.54999923706055,64.58000183105469,62.20000076293945,63.099998474121094,448924.0
2026-02-07,63.54999923706055,63.54999923706055,63.54999923706055,63.54999923706055,0.0
2026-02-08,63.54999923706055,63.54999923706055,63.54999923706055,63.54999923706055,0.0
2026-02-09,64.36000061035156,64.87999725341797,62.619998931884766,62.9900016784668,298005.0
2026-02-10,63.959999084472656,64.70999908447266,63.650001525878906,64.44000244140625,276292.0
2026-02-11,64.62999725341797,65.83000183105469,64.1500015258789,64.19999694824219,340194.0
2026-02-12,62.84000015258789,65.0999984741211,62.38999938964844,64.87000274658203,369303.0
2026-02-13,62.88999938964844,63.2599983215332,62.13999938964844,62.9900016784668,255793.0
2026-02-14,62.88999938964844,62.88999938964844,62.88999938964844,62.88999938964844,0.0
2026-02-15,62.88999938964844,62.88999938964844,62.88999938964844,62.88999938964844,0.0
2026-02-16,62.88999938964844,62.88999938964844,62.88999938964844,62.88999938964844,0.0
2026-02-17,62.33000183105469,64.13999938964844,61.869998931884766,63.29999923706055,328727.0
2026-02-18,65.19000244140625,65.55999755859375,62.119998931884766,62.29999923706055,115379.0
2026-02-19,66.43000030517578,66.9000015258789,64.87999725341797,65.0999984741211,113408.0
2026-02-20,66.38999938964844,67.05000305175781,65.94000244140625,66.66999816894531,351351.0
2026-02-21,66.38999938964844,66.38999938964844,66.38999938964844,66.38999938964844,0.0
2026-02-22,66.38999938964844,66.38999938964844,66.38999938964844,66.38999938964844,0.0
2026-02-23,66.30999755859375,67.27999877929688,65.37999725341797,65.88999938964844,270365.0
2026-02-24,65.62999725341797,67.1500015258789,65.55000305175781,66.30999755859375,312124.0
2026-02-25,65.41999816894531,66.5999984741211,65.12000274658203,66.06999969482422,306780.0
2026-02-26,65.20999908447266,66.70999908447266,63.599998474121094,65.6500015258789,498542.0
2026-02-27,67.0199966430664,67.83000183105469,64.8499984741211,65.3499984741211,437053.0
2026-02-28,67.0199966430664,67.0199966430664,67.0199966430664,67.0199966430664,0.0
2026-03-01,67.0199966430664,67.0199966430664,67.0199966430664,67.0199966430664,0.0
2026-03-02,71.2300033569336,75.33000183105469,69.19999694824219,75.0,881329.0
2026-03-03,74.55999755859375,77.9800033569336,70.41000366210938,71.2300033569336,1009753.0
2026-03-04,74.66000366210938,77.2300033569336,73.27999877929688,74.73999786376953,617822.0
2026-03-05,81.01000213623047,82.16000366210938,74.97000122070312,76.1500015258789,707030.0
2026-03-06,90.9000015258789,92.61000061035156,78.23999786376953,79.08000183105469,996251.0
2026-03-07,90.9000015258789,90.9000015258789,90.9000015258789,90.9000015258789,0.0
2026-03-08,90.9000015258789,90.9000015258789,90.9000015258789,90.9000015258789,0.0
2026-03-09,94.7699966430664,119.4800033569336,81.19000244140625,98.0,1107193.0
2026-03-10,83.44999694824219,91.4800033569336,76.7300033569336,85.75,801564.0
2026-03-11,87.25,88.98999786376953,81.79000091552734,86.88999938964844,538020.0
2026-03-12,95.7300033569336,97.19000244140625,88.61000061035156,89.31999969482422,548999.0
2026-03-13,98.70999908447266,99.31999969482422,92.04000091552734,96.73999786376953,436700.0
2026-03-14,98.70999908447266,98.70999908447266,98.70999908447266,98.70999908447266,0.0
2026-03-15,98.70999908447266,98.70999908447266,98.70999908447266,98.70999908447266,0.0
2026-03-16,93.5,102.44000244140625,92.93000030517578,100.93000030517578,455454.0
2026-03-17,96.20999908447266,98.41999816894531,93.83000183105469,94.41000366210938,308425.0
2026-03-18,96.31999969482422,100.55000305175781,91.95999908447266,96.0,157222.0
2026-03-19,96.13999938964844,101.4800033569336,92.80000305175781,99.12999725341797,118719.0
2026-03-20,98.31999969482422,99.66999816894531,93.41999816894531,95.0,461845.0
2026-03-21,98.31999969482422,98.31999969482422,98.31999969482422,98.31999969482422,0.0
2026-03-22,98.31999969482422,98.31999969482422,98.31999969482422,98.31999969482422,0.0
2026-03-23,88.12999725341797,101.66999816894531,84.37000274658203,100.51000213623047,666790.0
2026-03-24,92.3499984741211,93.36000061035156,86.33999633789062,88.77999877929688,420067.0
2026-03-25,90.31999969482422,91.7300033569336,86.45999908447266,88.48999786376953,405170.0
2026-03-26,94.4800033569336,95.44000244140625,89.51000213623047,91.37999725341797,350768.0
2026-03-27,99.63999938964844,101.23999786376953,92.08000183105469,93.30999755859375,374920.0
2026-03-28,99.63999938964844,99.63999938964844,99.63999938964844,99.63999938964844,0.0
2026-03-29,99.63999938964844,99.63999938964844,99.63999938964844,99.63999938964844,0.0
2026-03-30,102.87999725341797,105.36000061035156,99.43000030517578,102.5999984741211,374075.0
2026-03-31,101.37999725341797,106.86000061035156,99.62000274658203,105.06999969482422,495395.0
2026-04-01,100.12000274658203,103.30999755859375,96.5,101.72000122070312,434561.0
2026-04-02,111.54000091552734,113.97000122070312,97.5,98.91999816894531,0.0
2026-04-03,111.54000091552734,111.54000091552734,111.54000091552734,111.54000091552734,0.0
2026-04-04,111.54000091552734,111.54000091552734,111.54000091552734,111.54000091552734,0.0
2026-04-05,111.54000091552734,111.54000091552734,111.54000091552734,111.54000091552734,0.0
2026-04-06,112.41000366210938,115.4800033569336,108.88999938964844,112.95999908447266,271742.0
2026-04-07,112.94999694824219,117.62999725341797,109.19999694824219,112.62000274658203,429331.0
2026-04-08,94.41000366210938,109.19000244140625,91.05000305175781,108.73999786376953,599576.0
2026-04-09,97.87000274658203,102.69999694824219,95.25,96.77999877929688,427201.0
2026-04-10,96.56999969482422,100.41999816894531,95.51000213623047,98.2300033569336,314855.0
2026-04-11,96.56999969482422,96.56999969482422,96.56999969482422,96.56999969482422,0.0
2026-04-12,96.56999969482422,96.56999969482422,96.56999969482422,96.56999969482422,0.0
2026-04-13,99.08000183105469,105.62999725341797,97.02999877929688,102.0,344337.0
2026-04-14,91.27999877929688,98.0,91.05999755859375,97.98999786376953,315821.0
2026-04-15,91.29000091552734,93.30000305175781,86.95999908447266,92.0199966430664,240397.0
2026-04-16,94.69000244140625,95.44000244140625,90.5199966430664,91.47000122070312,194354.0
2026-04-17,83.8499984741211,94.04000091552734,80.55999755859375,93.18000030517578,116624.0
2026-04-18,83.8499984741211,83.8499984741211,83.8499984741211,83.8499984741211,0.0
2026-04-19,83.8499984741211,83.8499984741211,83.8499984741211,83.8499984741211,0.0
2026-04-20,89.61000061035156,91.19999694824219,87.0199966430664,89.0,115578.0
2026-04-21,92.12999725341797,94.44999694824219,87.76000213623047,87.88999938964844,383596.0
2026-04-22,92.95999908447266,93.7300033569336,87.63999938964844,90.0,299675.0
2026-04-23,95.8499984741211,98.38999938964844,92.30000305175781,92.9000015258789,365210.0
2026-04-24,94.4000015258789,97.8499984741211,92.68000030517578,96.62000274658203,330280.0
2026-04-25,94.4000015258789,94.4000015258789,94.4000015258789,94.4000015258789,0.0
2026-04-26,94.4000015258789,94.4000015258789,94.4000015258789,94.4000015258789,0.0
2026-04-27,96.37000274658203,97.66999816894531,94.58999633789062,95.5999984741211,219055.0
2026-04-28,99.93000030517578,101.8499984741211,96.23999786376953,96.66999816894531,281078.0
2026-04-29,106.87999725341797,108.5999984741211,98.41999816894531,99.70999908447266,318841.0
2026-04-30,105.06999969482422,110.93000030517578,103.33999633789062,109.06999969482422,341994.0
2026-05-01,101.94000244140625,106.6500015258789,99.30000305175781,105.13999938964844,268707.0
2026-05-02,101.94000244140625,101.94000244140625,101.94000244140625,101.94000244140625,0.0
2026-05-03,101.94000244140625,101.94000244140625,101.94000244140625,101.94000244140625,0.0
2026-05-04,106.41999816894531,107.45999908447266,99.11000061035156,99.7300033569336,342843.0
2026-05-05,102.2699966430664,105.4800033569336,101.08000183105469,104.93000030517578,241150.0
2026-05-06,95.08000183105469,102.69999694824219,88.66000366210938,102.69999694824219,423491.0
2026-05-07,94.80999755859375,97.98999786376953,89.8499984741211,96.30000305175781,392091.0
2026-05-08,95.41999816894531,98.63999938964844,93.81999969482422,98.25,243423.0
2026-05-09,95.41999816894531,95.41999816894531,95.41999816894531,95.41999816894531,0.0
2026-05-10,95.41999816894531,95.41999816894531,95.41999816894531,95.41999816894531,0.0
2026-05-11,98.06999969482422,100.37000274658203,96.12999725341797,98.19000244140625,256251.0
2026-05-12,102.18000030517578,102.72000122070312,98.0,98.38999938964844,231747.0
2026-05-13,101.0199966430664,103.66999816894531,100.55999755859375,102.16000366210938,212582.0
2026-05-14,101.16999816894531,102.3499984741211,99.38999938964844,101.0199966430664,173862.0
2026-05-15,105.41999816894531,106.0,101.4800033569336,102.05999755859375,96552.0
2026-05-16,105.41999816894531,105.41999816894531,105.41999816894531,105.41999816894531,0.0
2026-05-17,105.41999816894531,105.41999816894531,105.41999816894531,105.41999816894531,0.0
2026-05-18,108.66000366210938,109.47000122070312,102.6500015258789,106.0,117910.0
2026-05-19,107.7699966430664,109.23999786376953,106.76000213623047,107.11000061035156,206472.0
2026-05-20,98.26000213623047,104.44999694824219,96.94000244140625,104.12000274658203,320034.0
2026-05-21,96.3499984741211,102.66000366210938,95.76000213623047,98.94999694824219,345482.0
2026-05-22,96.5999984741211,99.43000030517578,94.7300033569336,98.0,241610.0
