Datetime,EMA_ratio,Close_SMA20_ratio,RSI_14,MACD_Hist,ATR_14,Range_intraday,hour,news_date,news_title,news_url,news_domain,news_language,news_article_count,sentiment_score
2021-05-24,1.0,1.0,,0.0,2.509998321533203,2.509998321533203,0,2026-01-16,"Precio de la gasolina y diésel en Málaga hoy , viernes 16 de enero : ¿ Dónde están las gasolineras más baratas ?",https://www.diariosur.es/economia/mibolsillo/precio-gasolina-diesel-provincia-malaga-viernes-16-enero-2026-20260114000000-nt.html,diariosur.es,Spanish,1,-0.072663
2021-05-25,1.0002739088325536,1.0001513521242107,100.0,0.0012761390446939,2.4092840467180525,1.0999984741210938,0,2026-01-16,"Precio de la gasolina y diésel en Málaga hoy , viernes 16 de enero : ¿ Dónde están las gasolineras más baratas ?",https://www.diariosur.es/economia/mibolsillo/precio-gasolina-diesel-provincia-malaga-viernes-16-enero-2026-20260114000000-nt.html,diariosur.es,Spanish,1,-0.072744
2021-05-26,1.002165004114904,1.001512607369503,100.0,0.0109406263617893,2.3214780651793188,1.1800003051757812,0,2026-01-16,"Precio de la gasolina y diésel en Málaga hoy , viernes 16 de enero : ¿ Dónde están las gasolineras más baratas ?",https://www.diariosur.es/economia/mibolsillo/precio-gasolina-diesel-provincia-malaga-viernes-16-enero-2026-20260114000000-nt.html,diariosur.es,Spanish,1,-0.072825
2021-05-27,1.0107112704988706,1.0083716478948404,100.0,0.0572400354800283,2.259229413969524,1.4499969482421875,0,2026-01-16,"Precio de la gasolina y diésel en Málaga hoy , viernes 16 de enero : ¿ Dónde están las gasolineras más baratas ?",https://www.diariosur.es/economia/mibolsillo/precio-gasolina-diesel-provincia-malaga-viernes-16-enero-2026-20260114000000-nt.html,diariosur.es,Spanish,1,-0.072906
2021-05-28,1.002440574501379,1.0003016545222356,63.92464753297658,0.049277400882369,2.194284346837493,1.3499984741210938,0,2026-01-16,"Precio de la gasolina y diésel en Málaga hoy , viernes 16 de enero : ¿ Dónde están las gasolineras más baratas ?",https://www.diariosur.es/economia/mibolsillo/precio-gasolina-diesel-provincia-malaga-viernes-16-enero-2026-20260114000000-nt.html,diariosur.es,Spanish,1,-0.072987
2021-05-29,1.0022076257036283,1.000251366130908,63.924647532976586,0.0414327537338365,2.037549750634815,0.0,0,2026-01-16,"Precio de la gasolina y diésel en Málaga hoy , viernes 16 de enero : ¿ Dónde están las gasolineras más baratas ?",https://www.diariosur.es/economia/mibolsillo/precio-gasolina-diesel-provincia-malaga-viernes-16-enero-2026-20260114000000-nt.html,diariosur.es,Spanish,1,-0.073068
2021-05-30,1.0019969557765305,1.0002154489469828,63.92464753297658,0.0339788545720636,1.8920104827323283,0.0,0,2026-01-16,"Precio de la gasolina y diésel en Málaga hoy , viernes 16 de enero : ¿ Dónde están las gasolineras más baratas ?",https://www.diariosur.es/economia/mibolsillo/precio-gasolina-diesel-provincia-malaga-viernes-16-enero-2026-20260114000000-nt.html,diariosur.es,Spanish,1,-0.073149
2021-05-31,1.0018064259546946,1.0001885127517507,63.924647532976586,0.0270831697065955,1.7568668768228763,0.0,0,2026-01-16,"Precio de la gasolina y diésel en Málaga hoy , viernes 16 de enero : ¿ Dónde están las gasolineras más baratas ?",https://www.diariosur.es/economia/mibolsillo/precio-gasolina-diesel-provincia-malaga-viernes-16-enero-2026-20260114000000-nt.html,diariosur.es,Spanish,1,-0.073231
2021-06-01,1.0207229212997448,1.0188906527723889,84.18960458860357,0.1101819446435192,1.8135194607468004,2.459999084472656,0,2026-01-16,"Precio de la gasolina y diésel en Málaga hoy , viernes 16 de enero : ¿ Dónde están las gasolineras más baratas ?",https://www.diariosur.es/economia/mibolsillo/precio-gasolina-diesel-provincia-malaga-viernes-16-enero-2026-20260114000000-nt.html,diariosur.es,Spanish,1,-0.073312
2021-06-02,1.0337661659919628,1.0319185860873614,89.31469411215829,0.2265730205324569,1.7754108406432343,1.220001220703125,0,2026-01-16,"Precio de la gasolina y diésel en Málaga hoy , viernes 16 de enero : ¿ Dónde están las gasolineras más baratas ?",https://www.diariosur.es/economia/mibolsillo/precio-gasolina-diesel-provincia-malaga-viernes-16-enero-2026-20260114000000-nt.html,diariosur.es,Spanish,1,-0.073394
2021-06-03,1.0301823106174806,1.028661864937694,88.75629832585297,0.28509897568539,1.73502428663105,1.2099990844726562,0,2026-01-16,"Precio de la gasolina y diésel en Málaga hoy , viernes 16 de enero : ¿ Dónde están las gasolineras más baratas ?",https://www.diariosur.es/economia/mibolsillo/precio-gasolina-diesel-provincia-malaga-viernes-16-enero-2026-20260114000000-nt.html,diariosur.es,Spanish,1,-0.073475
2021-06-04,1.0381261484700393,1.0372467600648636,91.16496722465388,0.3566076333932444,1.7132368593842453,1.4300003051757812,0,2026-01-16,"Precio de la gasolina y diésel en Málaga hoy , viernes 16 de enero : ¿ Dónde están las gasolineras más baratas ?",https://www.diariosur.es/economia/mibolsillo/precio-gasolina-diesel-provincia-malaga-viernes-16-enero-2026-20260114000000-nt.html,diariosur.es,Spanish,1,-0.073557
2021-06-05,1.034370286079557,1.034283398098092,91.16496722465388,0.3799995758378646,1.5908627979996564,0.0,0,2026-01-16,"Precio de la gasolina y diésel en Málaga hoy , viernes 16 de enero : ¿ Dónde están las gasolineras más baratas ?",https://www.diariosur.es/economia/mibolsillo/precio-gasolina-diesel-provincia-malaga-viernes-16-enero-2026-20260114000000-nt.html,diariosur.es,Spanish,1,-0.073639
2021-06-06,1.030995466163484,1.0317568174044134,91.16496722465388,0.3711405531555274,1.4772297409996809,0.0,0,2026-01-16,"Precio de la gasolina y diésel en Málaga hoy , viernes 16 de enero : ¿ Dónde están las gasolineras más baratas ?",https://www.diariosur.es/economia/mibolsillo/precio-gasolina-diesel-provincia-malaga-viernes-16-enero-2026-20260114000000-nt.html,diariosur.es,Spanish,1,-0.073721
2021-06-07,1.0227634244267416,1.024203369913708,80.76098556206813,0.3167969006121667,1.4481418805585766,1.0699996948242188,0,2026-01-16,"Precio de la gasolina y diésel en Málaga hoy , viernes 16 de enero : ¿ Dónde están las gasolineras más baratas ?",https://www.diariosur.es/economia/mibolsillo/precio-gasolina-diesel-provincia-malaga-viernes-16-enero-2026-20260114000000-nt.html,diariosur.es,Spanish,1,-0.073802
2021-06-08,1.0314514688909604,1.0339865253306262,84.71162483063225,0.3132904178951935,1.47327427640177,1.7999954223632812,0,2026-01-16,"Precio de la gasolina y diésel en Málaga hoy , viernes 16 de enero : ¿ Dónde están las gasolineras más baratas ?",https://www.diariosur.es/economia/mibolsillo/precio-gasolina-diesel-provincia-malaga-viernes-16-enero-2026-20260114000000-nt.html,diariosur.es,Spanish,1,-0.073885
2021-06-09,1.027179061675353,1.0306780111241374,82.7041752941505,0.2830431439481153,1.450897803952313,1.160003662109375,0,2026-01-16,"Precio de la gasolina y diésel en Málaga hoy , viernes 16 de enero : ¿ Dónde están las gasolineras más baratas ?",https://www.diariosur.es/economia/mibolsillo/precio-gasolina-diesel-provincia-malaga-viernes-16-enero-2026-20260114000000-nt.html,diariosur.es,Spanish,1,-0.073967
2021-06-10,1.028886241091108,1.0334991559093156,84.18408533806891,0.2637795484559165,1.487976619434514,1.970001220703125,0,2026-01-16,"Precio de la gasolina y diésel en Málaga hoy , viernes 16 de enero : ¿ Dónde están las gasolineras más baratas ?",https://www.diariosur.es/economia/mibolsillo/precio-gasolina-diesel-provincia-malaga-viernes-16-enero-2026-20260114000000-nt.html,diariosur.es,Spanish,1,-0.074049
2021-06-11,1.0342225497387592,1.040282020854758,86.51811608641957,0.2703161133231915,1.4931209722316023,1.55999755859375,0,2026-01-16,"Precio de la gasolina y diésel en Málaga hoy , viernes 16 de enero : ¿ Dónde están las gasolineras más baratas ?",https://www.diariosur.es/economia/mibolsillo/precio-gasolina-diesel-provincia-malaga-viernes-16-enero-2026-20260114000000-nt.html,diariosur.es,Spanish,1,-0.074131
2021-06-12,1.0308626688854483,1.038190999280546,86.51811608641957,0.25249782939111,1.3864694742150594,0.0,0,2026-01-16,"Precio de la gasolina y diésel en Málaga hoy , viernes 16 de enero : ¿ Dónde están las gasolineras más baratas ?",https://www.diariosur.es/economia/mibolsillo/precio-gasolina-diesel-provincia-malaga-viernes-16-enero-2026-20260114000000-nt.html,diariosur.es,Spanish,1,-0.074214
2021-06-13,1.0278415324205146,1.0345104641477705,86.51811608641957,0.2197729683222231,1.2874359403425553,0.0,0,2026-01-16,"Precio de la gasolina y diésel en Málaga hoy , viernes 16 de enero : ¿ Dónde están las gasolineras más baratas ?",https://www.diariosur.es/economia/mibolsillo/precio-gasolina-diesel-provincia-malaga-viernes-16-enero-2026-20260114000000-nt.html,diariosur.es,Spanish,1,-0.074296
2021-06-14,1.0247318837892974,1.0304571669897304,85.753159397301,0.1770045988323358,1.2761903198479418,1.1299972534179688,0,2026-01-16,"Precio de la gasolina y diésel en Málaga hoy , viernes 16 de enero : ¿ Dónde están las gasolineras más baratas ?",https://www.diariosur.es/economia/mibolsillo/precio-gasolina-diesel-provincia-malaga-viernes-16-enero-2026-20260114000000-nt.html,diariosur.es,Spanish,1,-0.074379
2021-06-15,1.0384400553502413,1.0439994140163895,89.77608030585766,0.2108289047512435,1.305033890228502,1.6800003051757812,0,2026-01-16,"Precio de la gasolina y diésel en Málaga hoy , viernes 16 de enero : ¿ Dónde están las gasolineras más baratas ?",https://www.diariosur.es/economia/mibolsillo/precio-gasolina-diesel-provincia-malaga-viernes-16-enero-2026-20260114000000-nt.html,diariosur.es,Spanish,1,-0.074461
2021-06-16,1.0350401837233434,1.0404424244496953,89.85074610252703,0.2131865663584715,1.3103884161706068,1.3799972534179688,0,2026-01-16,"Precio de la gasolina y diésel en Málaga hoy , viernes 16 de enero : ¿ Dónde están las gasolineras más baratas ?",https://www.diariosur.es/economia/mibolsillo/precio-gasolina-diesel-provincia-malaga-viernes-16-enero-2026-20260114000000-nt.html,diariosur.es,Spanish,1,-0.074544
2021-06-17,1.0172644310914671,1.02096102409221,69.59722577132874,0.1224599592951776,1.3975039870649495,2.5300064086914062,0,2026-01-16,"Precio de la gasolina y diésel en Málaga hoy , viernes 16 de enero : ¿ Dónde están las gasolineras más baratas ?",https://www.diariosur.es/economia/mibolsillo/precio-gasolina-diesel-provincia-malaga-viernes-16-enero-2026-20260114000000-nt.html,diariosur.es,Spanish,1,-0.074627
2021-06-18,1.0233362119493714,1.0256630227440442,73.12383789445025,0.0869950103150756,1.4412533099057343,2.009994506835937,0,2026-01-16,"Precio de la gasolina y diésel en Málaga hoy , viernes 16 de enero : ¿ Dónde están las gasolineras más baratas ?",https://www.diariosur.es/economia/mibolsillo/precio-gasolina-diesel-provincia-malaga-viernes-16-enero-2026-20260114000000-nt.html,diariosur.es,Spanish,1,-0.07471
2021-06-19,1.02106689447661,1.021771812875543,73.12383789445025,0.0495373491155168,1.338306644912468,0.0,0,2026-01-16,"Precio de la gasolina y diésel en Málaga hoy , viernes 16 de enero : ¿ Dónde están las gasolineras más baratas ?",https://www.diariosur.es/economia/mibolsillo/precio-gasolina-diesel-provincia-malaga-viernes-16-enero-2026-20260114000000-nt.html,diariosur.es,Spanish,1,-0.074793
2021-06-20,1.019022357669151,1.0179100167353548,73.12383789445025,0.0126813813589869,1.242713313133006,0.0,0,2026-01-16,"Precio de la gasolina y diésel en Málaga hoy , viernes 16 de enero : ¿ Dónde están las gasolineras más baratas ?",https://www.diariosur.es/economia/mibolsillo/precio-gasolina-diesel-provincia-malaga-viernes-16-enero-2026-20260114000000-nt.html,diariosur.es,Spanish,1,-0.074876
2021-06-21,1.0430115736544188,1.042213495793219,81.93507430061054,0.1070176442640553,1.3546621878087737,2.80999755859375,0,2026-01-16,"Precio de la gasolina y diésel en Málaga hoy , viernes 16 de enero : ¿ Dónde están las gasolineras más baratas ?",https://www.diariosur.es/economia/mibolsillo/precio-gasolina-diesel-provincia-malaga-viernes-16-enero-2026-20260114000000-nt.html,diariosur.es,Spanish,1,-0.074959
2021-06-22,1.0311260840537528,1.0306398299999415,74.15800930777894,0.1111905367156005,1.3300430677392852,1.0099945068359375,0,2026-01-16,"Precio de la gasolina y diésel en Málaga hoy , viernes 16 de enero : ¿ Dónde están las gasolineras más baratas ?",https://www.diariosur.es/economia/mibolsillo/precio-gasolina-diesel-provincia-malaga-viernes-16-enero-2026-20260114000000-nt.html,diariosur.es,Spanish,1,-0.075043
2021-06-23,1.028332385238338,1.027826421741448,74.24577930118328,0.0979462134167674,1.3371828704133206,1.4300003051757812,0,2026-01-16,"Precio de la gasolina y diésel en Málaga hoy , viernes 16 de enero : ¿ Dónde están las gasolineras más baratas ?",https://www.diariosur.es/economia/mibolsillo/precio-gasolina-diesel-provincia-malaga-viernes-16-enero-2026-20260114000000-nt.html,diariosur.es,Spanish,1,-0.075126
2021-06-24,1.0283500858091477,1.0282596254473648,75.24170699989429,0.0870195048003028,1.3338127307786078,1.2900009155273438,0,2026-01-16,"Precio de la gasolina y diésel en Málaga hoy , viernes 16 de enero : ¿ Dónde están las gasolineras más baratas ?",https://www.diariosur.es/economia/mibolsillo/precio-gasolina-diesel-provincia-malaga-viernes-16-enero-2026-20260114000000-nt.html,diariosur.es,Spanish,1,-0.07521
2021-06-25,1.0350402589035466,1.035562972900793,78.31968705317722,0.1117431771555459,1.3335405236554707,1.3300018310546875,0,2026-01-16,"Precio de la gasolina y diésel en Málaga hoy , viernes 16 de enero : ¿ Dónde están las gasolineras más baratas ?",https://www.diariosur.es/economia/mibolsillo/precio-gasolina-diesel-provincia-malaga-viernes-16-enero-2026-20260114000000-nt.html,diariosur.es,Spanish,1,-0.075293
2021-06-26,1.031597644755307,1.0323651197536028,78.31968705317722,0.1093978287151116,1.2382876291086513,0.0,0,2026-01-16,"Precio de la gasolina y diésel en Málaga hoy , viernes 16 de enero : ¿ Dónde están las gasolineras más baratas ?",https://www.diariosur.es/economia/mibolsillo/precio-gasolina-diesel-provincia-malaga-viernes-16-enero-2026-20260114000000-nt.html,diariosur.es,Spanish,1,-0.075377
2021-06-27,1.0285025724776813,1.0289081001419829,78.31968705317722,0.0899597497142234,1.1498385127437476,0.0,0,2026-01-16,"Precio de la gasolina y diésel en Málaga hoy , viernes 16 de enero : ¿ Dónde están las gasolineras más baratas ?",https://www.diariosur.es/economia/mibolsillo/precio-gasolina-diesel-provincia-malaga-viernes-16-enero-2026-20260114000000-nt.html,diariosur.es,Spanish,1,-0.075461
2021-06-28,1.0114484173629434,1.0110591384206005,63.36459273902169,-0.0121298797071189,1.1984210619520623,1.829994201660156,0,2026-01-16,"Precio de la gasolina y diésel en Málaga hoy , viernes 16 de enero : ¿ Dónde están las gasolineras más baratas ?",https://www.diariosur.es/economia/mibolsillo/precio-gasolina-diesel-provincia-malaga-viernes-16-enero-2026-20260114000000-nt.html,diariosur.es,Spanish,1,-0.075545
2021-06-29,1.0112234084046638,1.0099151245121571,63.821413693205486,-0.0834252313939725,1.2442478673762456,1.839996337890625,0,2026-01-16,"Precio de la gasolina y diésel en Málaga hoy , viernes 16 de enero : ¿ Dónde están las gasolineras más baratas ?",https://www.diariosur.es/economia/mibolsillo/precio-gasolina-diesel-provincia-malaga-viernes-16-enero-2026-20260114000000-nt.html,diariosur.es,Spanish,1,-0.075629
2021-06-30,1.0162694775506929,1.0144637293736338,66.9299933361776,-0.1046884613084089,1.249658712193958,1.3199996948242188,0,2026-01-16,"Precio de la gasolina y diésel en Málaga hoy , viernes 16 de enero : ¿ Dónde están las gasolineras más baratas ?",https://www.diariosur.es/economia/mibolsillo/precio-gasolina-diesel-provincia-malaga-viernes-16-enero-2026-20260114000000-nt.html,diariosur.es,Spanish,1,-0.075713
2021-07-01,1.036604956173433,1.035676694251285,75.17945218226183,-0.0121905610447095,1.362540363541153,2.8300018310546875,0,2026-01-16,"Precio de la gasolina y diésel en Málaga hoy , viernes 16 de enero : ¿ Dónde están las gasolineras más baratas ?",https://www.diariosur.es/economia/mibolsillo/precio-gasolina-diesel-provincia-malaga-viernes-16-enero-2026-20260114000000-nt.html,diariosur.es,Spanish,1,-0.075797
2021-07-02,1.0321370111497383,1.031694854806031,74.3846806265271,0.0300030620325246,1.351644557893403,1.2099990844726562,0,2026-01-16,"Precio de la gasolina y diésel en Málaga hoy , viernes 16 de enero : ¿ Dónde están las gasolineras más baratas ?",https://www.diariosur.es/economia/mibolsillo/precio-gasolina-diesel-provincia-malaga-viernes-16-enero-2026-20260114000000-nt.html,diariosur.es,Spanish,1,-0.075881
2021-07-03,1.0289876219421863,1.028694243674252,74.38468062652711,0.0428539132259779,1.2550985180438743,0.0,0,2026-01-16,"Precio de la gasolina y diésel en Málaga hoy , viernes 16 de enero : ¿ Dónde están las gasolineras más baratas ?",https://www.diariosur.es/economia/mibolsillo/precio-gasolina-diesel-provincia-malaga-viernes-16-enero-2026-20260114000000-nt.html,diariosur.es,Spanish,1,-0.075966
2021-07-04,1.0261546901125496,1.025690035130197,74.38468062652711,0.0365419478753512,1.1654486238978836,0.0,0,2026-01-16,"Precio de la gasolina y diésel en Málaga hoy , viernes 16 de enero : ¿ Dónde están las gasolineras más baratas ?",https://www.diariosur.es/economia/mibolsillo/precio-gasolina-diesel-provincia-malaga-viernes-16-enero-2026-20260114000000-nt.html,diariosur.es,Spanish,1,-0.07605
2021-07-05,1.0236049690873927,1.0235668431185216,74.3846806265271,0.0184666975231735,1.0822022936194633,0.0,0,2026-01-16,"Precio de la gasolina y diésel en Málaga hoy , viernes 16 de enero : ¿ Dónde están las gasolineras más baratas ?",https://www.diariosur.es/economia/mibolsillo/precio-gasolina-diesel-provincia-malaga-viernes-16-enero-2026-20260114000000-nt.html,diariosur.es,Spanish,1,-0.076135
2021-07-06,0.9993005003038996,0.998360340226107,54.549713909365565,-0.1203097834834068,1.2934736237557405,4.040000915527344,0,2026-01-16,"Precio de la gasolina y diésel en Málaga hoy , viernes 16 de enero : ¿ Dónde están las gasolineras más baratas ?",https://www.diariosur.es/economia/mibolsillo/precio-gasolina-diesel-provincia-malaga-viernes-16-enero-2026-20260114000000-nt.html,diariosur.es,Spanish,1,-0.076219
2021-07-07,0.98492540722225,0.9816650919590276,45.9288132348632,-0.2876237147511349,1.4717970017394264,3.790000915527344,0,2026-01-16,"Precio de la gasolina y diésel en Málaga hoy , viernes 16 de enero : ¿ Dónde están las gasolineras más baratas ?",https://www.diariosur.es/economia/mibolsillo/precio-gasolina-diesel-provincia-malaga-viernes-16-enero-2026-20260114000000-nt.html,diariosur.es,Spanish,1,-0.076304
2021-07-08,0.9954924066460756,0.9908508675696662,51.18362652910438,-0.3415054831146793,1.5452400730437532,2.5,0,2026-01-16,"Precio de la gasolina y diésel en Málaga hoy , viernes 16 de enero : ¿ Dónde están las gasolineras más baratas ?",https://www.diariosur.es/economia/mibolsillo/precio-gasolina-diesel-provincia-malaga-viernes-16-enero-2026-20260114000000-nt.html,diariosur.es,Spanish,1,-0.076389
2021-07-09,1.0158992017680204,1.0108527783831232,60.28333718918135,-0.2645283559186102,1.5805801332211524,2.040000915527344,0,2026-01-16,"Precio de la gasolina y diésel en Málaga hoy , viernes 16 de enero : ¿ Dónde están las gasolineras más baratas ?",https://www.diariosur.es/economia/mibolsillo/precio-gasolina-diesel-provincia-malaga-viernes-16-enero-2026-20260114000000-nt.html,diariosur.es,Spanish,1,-0.076474
2021-07-10,1.0143632431138936,1.0088558443358897,60.28333718918135,-0.2123480664933792,1.4676815522767843,0.0,0,2026-01-16,"Precio de la gasolina y diésel en Málaga hoy , viernes 16 de enero : ¿ Dónde están las gasolineras más baratas ?",https://www.diariosur.es/economia/mibolsillo/precio-gasolina-diesel-provincia-malaga-viernes-16-enero-2026-20260114000000-nt.html,diariosur.es,Spanish,1,-0.076559
2021-07-11,1.012977562827816,1.0082419444418464,60.28333718918134,-0.1779613473866924,1.3628471556855857,0.0,0,2026-01-16,"Precio de la gasolina y diésel en Málaga hoy , viernes 16 de enero : ¿ Dónde están las gasolineras más baratas ?",https://www.diariosur.es/economia/mibolsillo/precio-gasolina-diesel-provincia-malaga-viernes-16-enero-2026-20260114000000-nt.html,diariosur.es,Spanish,1,-0.076644
2021-07-12,1.0060833236126243,1.0013174797262654,56.54520087954556,-0.1854803590945783,1.391929261927073,1.7699966430664062,0,2026-01-16,"Precio de la gasolina y diésel en Málaga hoy , viernes 16 de enero : ¿ Dónde están las gasolineras más baratas ?",https://www.diariosur.es/economia/mibolsillo/precio-gasolina-diesel-provincia-malaga-viernes-16-enero-2026-20260114000000-nt.html,diariosur.es,Spanish,1,-0.076729
2021-07-13,1.019590429715603,1.0153688168921882,62.76204285161271,-0.1157016870549982,1.4239340530673266,1.839996337890625,0,2026-01-16,"Precio de la gasolina y diésel en Málaga hoy , viernes 16 de enero : ¿ Dónde están las gasolineras más baratas ?",https://www.diariosur.es/economia/mibolsillo/precio-gasolina-diesel-provincia-malaga-viernes-16-enero-2026-20260114000000-nt.html,diariosur.es,Spanish,1,-0.076814
2021-07-14,0.9917284544841568,0.9868762318874852,48.87918871348351,-0.2095525634329796,1.5529390033434889,3.2300033569335938,0,2026-01-16,"Precio de la gasolina y diésel en Málaga hoy , viernes 16 de enero : ¿ Dónde están las gasolineras más baratas ?",https://www.diariosur.es/economia/mibolsillo/precio-gasolina-diesel-provincia-malaga-viernes-16-enero-2026-20260114000000-nt.html,diariosur.es,Spanish,1,-0.0769
2021-07-15,0.9742878150090504,0.9684722784937216,41.90964435514161,-0.3597220872445752,1.5655859122146012,1.55999755859375,0,2026-01-16,"Precio de la gasolina y diésel en Málaga hoy , viernes 16 de enero : ¿ Dónde están las gasolineras más baratas ?",https://www.diariosur.es/economia/mibolsillo/precio-gasolina-diesel-provincia-malaga-viernes-16-enero-2026-20260114000000-nt.html,diariosur.es,Spanish,1,-0.076985
2021-07-16,0.9786571584468357,0.9721065464419124,42.85821060737484,-0.4318385913917137,1.5887583034598751,1.8899993896484373,0,2026-01-16,"Precio de la gasolina y diésel en Málaga hoy , viernes 16 de enero : ¿ Dónde están las gasolineras más baratas ?",https://www.diariosur.es/economia/mibolsillo/precio-gasolina-diesel-provincia-malaga-viernes-16-enero-2026-20260114000000-nt.html,diariosur.es,Spanish,1,-0.077071
2021-07-17,0.9806504791893474,0.973582663760018,42.85821060737484,-0.4604788341633966,1.4752755674984557,0.0,0,2026-01-16,"Precio de la gasolina y diésel en Málaga hoy , viernes 16 de enero : ¿ Dónde están las gasolineras más baratas ?",https://www.diariosur.es/economia/mibolsillo/precio-gasolina-diesel-provincia-malaga-viernes-16-enero-2026-20260114000000-nt.html,diariosur.es,Spanish,1,-0.077157
2021-07-18,0.9824609695680436,0.9743091875120052,42.85821060737484,-0.4593181053199035,1.369898741248566,0.0,0,2026-01-16,"Precio de la gasolina y diésel en Málaga hoy , viernes 16 de enero : ¿ Dónde están las gasolineras más baratas ?",https://www.diariosur.es/economia/mibolsillo/precio-gasolina-diesel-provincia-malaga-viernes-16-enero-2026-20260114000000-nt.html,diariosur.es,Spanish,1,-0.077242
2021-07-19,0.9166874787714144,0.9052067525571724,25.404021956875027,-0.7824698422862255,1.713477424386224,6.040000915527344,0,2026-01-16,"Precio de la gasolina y diésel en Málaga hoy , viernes 16 de enero : ¿ Dónde están las gasolineras más baratas ?",https://www.diariosur.es/economia/mibolsillo/precio-gasolina-diesel-provincia-malaga-viernes-16-enero-2026-20260114000000-nt.html,diariosur.es,Spanish,1,-0.077328
2021-07-20,0.9366898452210336,0.9226389803508872,31.017123493569244,-0.8823759619193026,1.7653720684590832,2.44000244140625,0,2026-01-16,"Precio de la gasolina y diésel en Málaga hoy , viernes 16 de enero : ¿ Dónde están las gasolineras más baratas ?",https://www.diariosur.es/economia/mibolsillo/precio-gasolina-diesel-provincia-malaga-viernes-16-enero-2026-20260114000000-nt.html,diariosur.es,Spanish,1,-0.077414
2021-07-21,0.9788746814640542,0.9653080006683769,44.07009707154004,-0.7151301768255917,1.9299883274851644,4.069999694824219,0,2026-01-16,"Precio de la gasolina y diésel en Málaga hoy , viernes 16 de enero : ¿ Dónde están las gasolineras más baratas ?",https://www.diariosur.es/economia/mibolsillo/precio-gasolina-diesel-provincia-malaga-viernes-16-enero-2026-20260114000000-nt.html,diariosur.es,Spanish,1,-0.0775
2021-07-22,1.0011694682851888,0.9896235236501044,49.78984891661685,-0.468624833234704,1.9471318875894608,2.1699981689453125,0,2026-01-16,"Precio de la gasolina y diésel en Málaga hoy , viernes 16 de enero : ¿ Dónde están las gasolineras más baratas ?",https://www.diariosur.es/economia/mibolsillo/precio-gasolina-diesel-provincia-malaga-viernes-16-enero-2026-20260114000000-nt.html,diariosur.es,Spanish,1,-0.077586
2021-07-23,1.003072498882732,0.9939387246174824,50.333431004959,-0.2768311652141203,1.8666224452490865,0.8199996948242188,0,2026-01-16,"Precio de la gasolina y diésel en Málaga hoy , viernes 16 de enero : ¿ Dónde están las gasolineras más baratas ?",https://www.diariosur.es/economia/mibolsillo/precio-gasolina-diesel-provincia-malaga-viernes-16-enero-2026-20260114000000-nt.html,diariosur.es,Spanish,1,-0.077673
2021-07-24,1.002779066733954,0.9960610897765848,50.333431004959,-0.1389634753066055,1.7332922705884373,0.0,0,2026-01-16,"Precio de la gasolina y diésel en Málaga hoy , viernes 16 de enero : ¿ Dónde están las gasolineras más baratas ?",https://www.diariosur.es/economia/mibolsillo/precio-gasolina-diesel-provincia-malaga-viernes-16-enero-2026-20260114000000-nt.html,diariosur.es,Spanish,1,-0.077759
2021-07-25,1.002513728395581,0.9981925381370798,50.333431004959,-0.0418060700114057,1.6094856798321204,0.0,0,2026-01-16,"Precio de la gasolina y diésel en Málaga hoy , viernes 16 de enero : ¿ Dónde están las gasolineras más baratas ?",https://www.diariosur.es/economia/mibolsillo/precio-gasolina-diesel-provincia-malaga-viernes-16-enero-2026-20260114000000-nt.html,diariosur.es,Spanish,1,-0.077845
2021-07-26,1.0002606901342697,0.996984565812214,49.66192300344572,0.0146264773095922,1.6280940417428285,1.8700027465820312,0,2026-01-16,"Precio de la gasolina y diésel en Málaga hoy , viernes 16 de enero : ¿ Dónde están las gasolineras más baratas ?",https://www.diariosur.es/economia/mibolsillo/precio-gasolina-diesel-provincia-malaga-viernes-16-enero-2026-20260114000000-nt.html,diariosur.es,Spanish,1,-0.077932
2021-07-27,0.9969627273744198,0.9937586949371396,48.52887766149815,0.0361596926487334,1.6010873244754835,1.25,0,2026-01-16,"Precio de la gasolina y diésel en Málaga hoy , viernes 16 de enero : ¿ Dónde están las gasolineras más baratas ?",https://www.diariosur.es/economia/mibolsillo/precio-gasolina-diesel-provincia-malaga-viernes-16-enero-2026-20260114000000-nt.html,diariosur.es,Spanish,1,-0.078019
2021-07-28,1.006563411055415,1.0044052853176832,51.89298902798422,0.0984251246478116,1.5545808690302485,0.9000015258789062,0,2026-01-16,"Precio de la gasolina y diésel en Málaga hoy , viernes 16 de enero : ¿ Dónde están las gasolineras más baratas ?",https://www.diariosur.es/economia/mibolsillo/precio-gasolina-diesel-provincia-malaga-viernes-16-enero-2026-20260114000000-nt.html,diariosur.es,Spanish,1,-0.078105
2021-07-29,1.0213641914340594,1.0221380348254523,56.93175736150256,0.2140033391641344,1.5449678190241816,1.4199981689453125,0,2026-01-16,"Precio de la gasolina y diésel en Málaga hoy , viernes 16 de enero : ¿ Dónde están las gasolineras más baratas ?",https://www.diariosur.es/economia/mibolsillo/precio-gasolina-diesel-provincia-malaga-viernes-16-enero-2026-20260114000000-nt.html,diariosur.es,Spanish,1,-0.078192
2021-07-30,1.0234138041468803,1.0271546254837822,58.19681435533988,0.2990139333307052,1.5274703356480124,1.3000030517578125,0,2026-01-16,"Precio de la gasolina y diésel en Málaga hoy , viernes 16 de enero : ¿ Dónde están las gasolineras más baratas ?",https://www.diariosur.es/economia/mibolsillo/precio-gasolina-diesel-provincia-malaga-viernes-16-enero-2026-20260114000000-nt.html,diariosur.es,Spanish,1,-0.078279
2021-07-31,1.0211367854134663,1.027589954674837,58.19681435533988,0.3386679671740407,1.4183653116731545,0.0,0,2026-01-16,"Precio de la gasolina y diésel en Málaga hoy , viernes 16 de enero : ¿ Dónde están las gasolineras más baratas ?",https://www.diariosur.es/economia/mibolsillo/precio-gasolina-diesel-provincia-malaga-viernes-16-enero-2026-20260114000000-nt.html,diariosur.es,Spanish,1,-0.078366
2021-08-01,1.019085338925193,1.0276970603504918,58.19681435533988,0.3470427649274208,1.3170535036965003,0.0,0,2026-01-16,"Precio de la gasolina y diésel en Málaga hoy , viernes 16 de enero : ¿ Dónde están las gasolineras más baratas ?",https://www.diariosur.es/economia/mibolsillo/precio-gasolina-diesel-provincia-malaga-viernes-16-enero-2026-20260114000000-nt.html,diariosur.es,Spanish,1,-0.078453
2021-08-02,0.9837001483267308,0.9930669607956026,44.79932086298753,0.1629131574971764,1.465834960324206,3.399993896484375,0,2026-01-16,"Precio de la gasolina y diésel en Málaga hoy , viernes 16 de enero : ¿ Dónde están las gasolineras más baratas ?",https://www.diariosur.es/economia/mibolsillo/precio-gasolina-diesel-provincia-malaga-viernes-16-enero-2026-20260114000000-nt.html,diariosur.es,Spanish,1,-0.07854
2021-08-03,0.9764514563231352,0.9850758469919164,42.08426828696101,-0.0055968876529471,1.5589893662343632,2.7699966430664062,0,2026-01-16,"Precio de la gasolina y diésel en Málaga hoy , viernes 16 de enero : ¿ Dónde están las gasolineras más baratas ?",https://www.diariosur.es/economia/mibolsillo/precio-gasolina-diesel-provincia-malaga-viernes-16-enero-2026-20260114000000-nt.html,diariosur.es,Spanish,1,-0.078628
2021-08-04,0.948238997598656,0.9537604865002698,34.36286392052976,-0.2645982221228492,1.65906148896567,2.959999084472656,0,2026-01-16,"Precio de la gasolina y diésel en Málaga hoy , viernes 16 de enero : ¿ Dónde están las gasolineras más baratas ?",https://www.diariosur.es/economia/mibolsillo/precio-gasolina-diesel-provincia-malaga-viernes-16-enero-2026-20260114000000-nt.html,diariosur.es,Spanish,1,-0.078715
2021-08-05,0.964872666920534,0.968759593340796,39.05939389041389,-0.3523488033065233,1.664842658594517,1.7399978637695312,0,2026-01-16,"Precio de la gasolina y diésel en Málaga hoy , viernes 16 de enero : ¿ Dónde están las gasolineras más baratas ?",https://www.diariosur.es/economia/mibolsillo/precio-gasolina-diesel-provincia-malaga-viernes-16-enero-2026-20260114000000-nt.html,diariosur.es,Spanish,1,-0.078803
2021-08-06,0.9577968247906066,0.9597773319026536,36.62732636147965,-0.4390400501373936,1.715925129653335,2.3799972534179688,0,2026-01-16,"Precio de la gasolina y diésel en Málaga hoy , viernes 16 de enero : ¿ Dónde están las gasolineras más baratas ?",https://www.diariosur.es/economia/mibolsillo/precio-gasolina-diesel-provincia-malaga-viernes-16-enero-2026-20260114000000-nt.html,diariosur.es,Spanish,1,-0.07889
2021-08-07,0.9616620812962424,0.9621644331645014,36.62732636147965,-0.4678300153388708,1.5933590489638112,0.0,0,2026-01-16,"Precio de la gasolina y diésel en Málaga hoy , viernes 16 de enero : ¿ Dónde están las gasolineras más baratas ?",https://www.diariosur.es/economia/mibolsillo/precio-gasolina-diesel-provincia-malaga-viernes-16-enero-2026-20260114000000-nt.html,diariosur.es,Spanish,1,-0.078978
2021-08-08,0.9651861984400312,0.9609051615568424,36.62732636147965,-0.4577530821630219,1.479547688323539,0.0,0,2026-01-16,"Precio de la gasolina y diésel en Málaga hoy , viernes 16 de enero : ¿ Dónde están las gasolineras más baratas ?",https://www.diariosur.es/economia/mibolsillo/precio-gasolina-diesel-provincia-malaga-viernes-16-enero-2026-20260114000000-nt.html,diariosur.es,Spanish,1,-0.079066
2021-08-09,0.945166161576437,0.9361930306543056,31.230157087731115,-0.5376715704191599,1.5974369429731412,2.75,0,2026-01-16,"Precio de la gasolina y diésel en Málaga hoy , viernes 16 de enero : ¿ Dónde están las gasolineras más baratas ?",https://www.diariosur.es/economia/mibolsillo/precio-gasolina-diesel-provincia-malaga-viernes-16-enero-2026-20260114000000-nt.html,diariosur.es,Spanish,1,-0.079154
2021-08-10,0.973597748664886,0.9630449786648244,40.69368435072924,-0.4382012054027964,1.6561913162568678,2.340003967285156,0,2026-01-16,"Precio de la gasolina y diésel en Málaga hoy , viernes 16 de enero : ¿ Dónde están las gasolineras más baratas ?",https://www.diariosur.es/economia/mibolsillo/precio-gasolina-diesel-provincia-malaga-viernes-16-enero-2026-20260114000000-nt.html,diariosur.es,Spanish,1,-0.079242
2021-08-11,0.9884813477758158,0.9784182858103518,45.0155605321586,-0.2847539510768725,1.7364632779025828,2.779998779296875,0,2026-01-16,"Precio de la gasolina y diésel en Málaga hoy , viernes 16 de enero : ¿ Dónde están las gasolineras más baratas ?",https://www.diariosur.es/economia/mibolsillo/precio-gasolina-diesel-provincia-malaga-viernes-16-enero-2026-20260114000000-nt.html,diariosur.es,Spanish,1,-0.07933
2021-08-12,0.9874955317420412,0.9782169623590646,44.43434931437233,-0.1763459337710797,1.6952875910602108,1.160003662109375,0,2026-01-16,"Precio de la gasolina y diésel en Málaga hoy , viernes 16 de enero : ¿ Dónde están las gasolineras más baratas ?",https://www.diariosur.es/economia/mibolsillo/precio-gasolina-diesel-provincia-malaga-viernes-16-enero-2026-20260114000000-nt.html,diariosur.es,Spanish,1,-0.079418
2021-08-13,0.980239917615796,0.9715105354864724,42.05865403351145,-0.1327186690745223,1.6777673758156757,1.4500045776367188,0,2026-01-16,"Precio de la gasolina y diésel en Málaga hoy , viernes 16 de enero : ¿ Dónde están las gasolineras más baratas ?",https://www.diariosur.es/economia/mibolsillo/precio-gasolina-diesel-provincia-malaga-viernes-16-enero-2026-20260114000000-nt.html,diariosur.es,Spanish,1,-0.079506
2021-08-14,0.9820881216340852,0.974020003562277,42.05865403351145,-0.0901981537453037,1.5579268489716986,0.0,0,2026-01-16,"Precio de la gasolina y diésel en Málaga hoy , viernes 16 de enero : ¿ Dónde están las gasolineras más baratas ?",https://www.diariosur.es/economia/mibolsillo/precio-gasolina-diesel-provincia-malaga-viernes-16-enero-2026-20260114000000-nt.html,diariosur.es,Spanish,1,-0.079595
2021-08-15,0.9837663218910564,0.9764310138132184,42.05865403351145,-0.0503947433160179,1.4466463597594346,0.0,0,2026-01-16,"Precio de la gasolina y diésel en Málaga hoy , viernes 16 de enero : ¿ Dónde están las gasolineras más baratas ?",https://www.diariosur.es/economia/mibolsillo/precio-gasolina-diesel-provincia-malaga-viernes-16-enero-2026-20260114000000-nt.html,diariosur.es,Spanish,1,-0.079683
2021-08-16,0.9702636252787044,0.963019164800218,37.61467124117946,-0.0876564731001838,1.5368858400960932,2.409996032714844,0,2026-01-16,"Precio de la gasolina y diésel en Málaga hoy , viernes 16 de enero : ¿ Dónde están las gasolineras más baratas ?",https://www.diariosur.es/economia/mibolsillo/precio-gasolina-diesel-provincia-malaga-viernes-16-enero-2026-20260114000000-nt.html,diariosur.es,Spanish,1,-0.079772
2021-08-17,0.963826263772658,0.9569728197336248,35.17811358734238,-0.1423502775277043,1.5263939507784037,1.3899993896484375,0,2026-01-16,"Precio de la gasolina y diésel en Málaga hoy , viernes 16 de enero : ¿ Dónde están las gasolineras más baratas ?",https://www.diariosur.es/economia/mibolsillo/precio-gasolina-diesel-provincia-malaga-viernes-16-enero-2026-20260114000000-nt.html,diariosur.es,Spanish,1,-0.07986
2021-08-18,0.9522344735806711,0.9462819417757729,31.617623090649644,-0.2322197119710665,1.6416520270830155,3.1400070190429688,0,2026-01-16,"Precio de la gasolina y diésel en Málaga hoy , viernes 16 de enero : ¿ Dónde están las gasolineras más baratas ?",https://www.diariosur.es/economia/mibolsillo/precio-gasolina-diesel-provincia-malaga-viernes-16-enero-2026-20260114000000-nt.html,diariosur.es,Spanish,1,-0.079949
2021-08-19,0.9330189277540312,0.9275737887711778,27.006685489491744,-0.37973967922778,1.7265338834597588,2.1300010681152344,0,2026-01-16,"Precio de la gasolina y diésel en Málaga hoy , viernes 16 de enero : ¿ Dónde están las gasolineras más baratas ?",https://www.diariosur.es/economia/mibolsillo/precio-gasolina-diesel-provincia-malaga-viernes-16-enero-2026-20260114000000-nt.html,diariosur.es,Spanish,1,-0.080038
2021-08-20,0.9205814143640852,0.9153734861177454,24.079567417848097,-0.5292679766792143,1.7453527391961712,1.9899978637695312,0,2026-01-16,"Precio de la gasolina y diésel en Málaga hoy , viernes 16 de enero : ¿ Dónde están las gasolineras más baratas ?",https://www.diariosur.es/economia/mibolsillo/precio-gasolina-diesel-provincia-malaga-viernes-16-enero-2026-20260114000000-nt.html,diariosur.es,Spanish,1,-0.080127
2021-08-21,0.9275974599170452,0.923259257346992,24.07956741784808,-0.5835800961083404,1.6206846863964448,0.0,0,2026-01-16,"Precio de la gasolina y diésel en Málaga hoy , viernes 16 de enero : ¿ Dónde están las gasolineras más baratas ?",https://www.diariosur.es/economia/mibolsillo/precio-gasolina-diesel-provincia-malaga-viernes-16-enero-2026-20260114000000-nt.html,diariosur.es,Spanish,1,-0.080216
2021-08-22,0.9340381009688932,0.92941404539021,24.07956741784808,-0.5740353316648494,1.5049214945109846,0.0,0,2026-01-16,"Precio de la gasolina y diésel en Málaga hoy , viernes 16 de enero : ¿ Dónde están las gasolineras más baratas ?",https://www.diariosur.es/economia/mibolsillo/precio-gasolina-diesel-provincia-malaga-viernes-16-enero-2026-20260114000000-nt.html,diariosur.es,Spanish,1,-0.080305
2021-08-23,0.9853179463775812,0.9825317647407606,42.8331772058746,-0.3117836948122008,1.701712696441143,4.259998321533203,0,2026-01-16,"Precio de la gasolina y diésel en Málaga hoy , viernes 16 de enero : ¿ Dónde están las gasolineras más baratas ?",https://www.diariosur.es/economia/mibolsillo/precio-gasolina-diesel-provincia-malaga-viernes-16-enero-2026-20260114000000-nt.html,diariosur.es,Spanish,1,-0.080395
2021-08-24,1.012504294400152,1.0114336805639113,50.38632809931822,0.0052017021071082,1.7508760316702354,2.389999389648437,0,2026-01-16,"Precio de la gasolina y diésel en Málaga hoy , viernes 16 de enero : ¿ Dónde están las gasolineras más baratas ?",https://www.diariosur.es/economia/mibolsillo/precio-gasolina-diesel-provincia-malaga-viernes-16-enero-2026-20260114000000-nt.html,diariosur.es,Spanish,1,-0.080484
2021-08-25,1.0223825734931222,1.0242733091013558,53.25676058389419,0.2709412116590048,1.7415279398782209,1.6200027465820312,0,2026-01-16,"Precio de la gasolina y diésel en Málaga hoy , viernes 16 de enero : ¿ Dónde están las gasolineras más baratas ?",https://www.diariosur.es/economia/mibolsillo/precio-gasolina-diesel-provincia-malaga-viernes-16-enero-2026-20260114000000-nt.html,diariosur.es,Spanish,1,-0.080574
2021-08-26,1.0075252984764151,1.0108400413564955,49.7065084426321,0.3776935331269311,1.7128476561215735,1.2900009155273438,0,2026-01-16,"Precio de la gasolina y diésel en Málaga hoy , viernes 16 de enero : ¿ Dónde están las gasolineras más baratas ?",https://www.diariosur.es/economia/mibolsillo/precio-gasolina-diesel-provincia-malaga-viernes-16-enero-2026-20260114000000-nt.html,diariosur.es,Spanish,1,-0.080663
2021-08-27,1.024592194099174,1.030275749125828,54.31238671054865,0.5225668487019117,1.7069303151709254,1.5300064086914062,0,2026-01-16,"Precio de la gasolina y diésel en Málaga hoy , viernes 16 de enero : ¿ Dónde están las gasolineras más baratas ?",https://www.diariosur.es/economia/mibolsillo/precio-gasolina-diesel-provincia-malaga-viernes-16-enero-2026-20260114000000-nt.html,diariosur.es,Spanish,1,-0.080753
2021-08-28,1.0221980899243908,1.0299207112173656,54.31238671054865,0.5983088339462583,1.585006721230145,0.0,0,2026-01-16,"Precio de la gasolina y diésel en Málaga hoy , viernes 16 de enero : ¿ Dónde están las gasolineras más baratas ?",https://www.diariosur.es/economia/mibolsillo/precio-gasolina-diesel-provincia-malaga-viernes-16-enero-2026-20260114000000-nt.html,diariosur.es,Spanish,1,-0.080843
2021-08-29,1.0200416160653394,1.028179943623606,54.31238671054865,0.6253864537536027,1.471791955427992,0.0,0,2026-01-16,"Precio de la gasolina y diésel en Málaga hoy , viernes 16 de enero : ¿ Dónde están las gasolineras más baratas ?",https://www.diariosur.es/economia/mibolsillo/precio-gasolina-diesel-provincia-malaga-viernes-16-enero-2026-20260114000000-nt.html,diariosur.es,Spanish,1,-0.080932
2021-08-30,1.0243803400623868,1.0344982157343834,56.100280117297714,0.6491117361824509,1.507378331519073,1.970001220703125,0,2026-01-16,"Precio de la gasolina y diésel en Málaga hoy , viernes 16 de enero : ¿ Dónde están las gasolineras más baratas ?",https://www.diariosur.es/economia/mibolsillo/precio-gasolina-diesel-provincia-malaga-viernes-16-enero-2026-20260114000000-nt.html,diariosur.es,Spanish,1,-0.081022
2021-08-31,1.012533946849353,1.0244599232672735,52.74253564469485,0.5927078002499254,1.4839936418235142,1.17999267578125,0,2026-01-16,"Precio de la gasolina y diésel en Málaga hoy , viernes 16 de enero : ¿ Dónde están las gasolineras más baratas ?",https://www.diariosur.es/economia/mibolsillo/precio-gasolina-diesel-provincia-malaga-viernes-16-enero-2026-20260114000000-nt.html,diariosur.es,Spanish,1,-0.081112
2021-09-01,1.0125272854381293,1.026189556745723,53.12551105590734,0.5387401480849004,1.5294223186352276,2.1199951171875,0,2026-01-16,"Precio de la gasolina y diésel en Málaga hoy , viernes 16 de enero : ¿ Dónde están las gasolineras más baratas ?",https://www.diariosur.es/economia/mibolsillo/precio-gasolina-diesel-provincia-malaga-viernes-16-enero-2026-20260114000000-nt.html,diariosur.es,Spanish,1,-0.081203
2021-09-02,1.0299381519527586,1.0459225406662782,58.72871944684818,0.5715021578035155,1.618035315337064,2.770004272460937,0,2026-01-16,"Precio de la gasolina y diésel en Málaga hoy , viernes 16 de enero : ¿ Dónde están las gasolineras más baratas ?",https://www.diariosur.es/economia/mibolsillo/precio-gasolina-diesel-provincia-malaga-viernes-16-enero-2026-20260114000000-nt.html,diariosur.es,Spanish,1,-0.081293
2021-09-03,1.01773395383662,1.0348046472281758,55.17721528122628,0.5215876350122193,1.608175344780064,1.4799957275390625,0,2026-01-16,"Precio de la gasolina y diésel en Málaga hoy , viernes 16 de enero : ¿ Dónde están las gasolineras más baratas ?",https://www.diariosur.es/economia/mibolsillo/precio-gasolina-diesel-provincia-malaga-viernes-16-enero-2026-20260114000000-nt.html,diariosur.es,Spanish,1,-0.081383
2021-09-04,1.0160179523638204,1.0341482620582734,55.17721528122628,0.4659530313086593,1.4933056772957738,0.0,0,2026-01-16,"Precio de la gasolina y diésel en Málaga hoy , viernes 16 de enero : ¿ Dónde están las gasolineras más baratas ?",https://www.diariosur.es/economia/mibolsillo/precio-gasolina-diesel-provincia-malaga-viernes-16-enero-2026-20260114000000-nt.html,diariosur.es,Spanish,1,-0.081474
2021-09-05,1.014470358280635,1.0326071034101698,55.17721528122628,0.408587648352683,1.3866409860603617,0.0,0,2026-01-16,"Precio de la gasolina y diésel en Málaga hoy , viernes 16 de enero : ¿ Dónde están las gasolineras más baratas ?",https://www.diariosur.es/economia/mibolsillo/precio-gasolina-diesel-provincia-malaga-viernes-16-enero-2026-20260114000000-nt.html,diariosur.es,Spanish,1,-0.081564
2021-09-06,1.0130742109665818,1.030533807505933,55.17721528122628,0.3522133807590226,1.2875952013417642,0.0,0,2026-01-16,"Precio de la gasolina y diésel en Málaga hoy , viernes 16 de enero : ¿ Dónde están las gasolineras más baratas ?",https://www.diariosur.es/economia/mibolsillo/precio-gasolina-diesel-provincia-malaga-viernes-16-enero-2026-20260114000000-nt.html,diariosur.es,Spanish,1,-0.081655
2021-09-07,0.9993943475229284,1.014373369453829,49.74380649453941,0.2386240320010623,1.327052970337721,1.840003967285156,0,2026-01-16,"Precio de la gasolina y diésel en Málaga hoy , viernes 16 de enero : ¿ Dónde están las gasolineras más baratas ?",https://www.diariosur.es/economia/mibolsillo/precio-gasolina-diesel-provincia-malaga-viernes-16-enero-2026-20260114000000-nt.html,diariosur.es,Spanish,1,-0.081746
2021-09-08,1.0120046145811734,1.0242086186021648,54.60863206452023,0.2151998802857118,1.3351207896997588,1.44000244140625,0,2026-01-16,"Precio de la gasolina y diésel en Málaga hoy , viernes 16 de enero : ¿ Dónde están las gasolineras más baratas ?",https://www.diariosur.es/economia/mibolsillo/precio-gasolina-diesel-provincia-malaga-viernes-16-enero-2026-20260114000000-nt.html,diariosur.es,Spanish,1,-0.081837
2021-09-09,0.9955327212117712,1.002751900498494,48.44237715621307,0.1143711794717793,1.4061837212251107,2.3300018310546875,0,2026-01-16,"Precio de la gasolina y diésel en Málaga hoy , viernes 16 de enero : ¿ Dónde están las gasolineras más baratas ?",https://www.diariosur.es/economia/mibolsillo/precio-gasolina-diesel-provincia-malaga-viernes-16-enero-2026-20260114000000-nt.html,diariosur.es,Spanish,1,-0.081928
2021-09-10,1.016813885807557,1.0204470186713863,55.76850811658507,0.1449124883347433,1.468599082515951,2.279998779296875,0,2026-01-16,"Precio de la gasolina y diésel en Málaga hoy , viernes 16 de enero : ¿ Dónde están las gasolineras más baratas ?",https://www.diariosur.es/economia/mibolsillo/precio-gasolina-diesel-provincia-malaga-viernes-16-enero-2026-20260114000000-nt.html,diariosur.es,Spanish,1,-0.082019
2021-09-11,1.0151882420765617,1.0149506001616209,55.76850811658505,0.1550306377661999,1.3636991480505258,0.0,0,2026-01-16,"Precio de la gasolina y diésel en Málaga hoy , viernes 16 de enero : ¿ Dónde están las gasolineras más baratas ?",https://www.diariosur.es/economia/mibolsillo/precio-gasolina-diesel-provincia-malaga-viernes-16-enero-2026-20260114000000-nt.html,diariosur.es,Spanish,1,-0.08211
2021-09-12,1.0137218941216826,1.0119453892506374,55.76850811658507,0.1514641902327391,1.2662920660469168,0.0,0,2026-01-16,"Precio de la gasolina y diésel en Málaga hoy , viernes 16 de enero : ¿ Dónde están las gasolineras más baratas ?",https://www.diariosur.es/economia/mibolsillo/precio-gasolina-diesel-provincia-malaga-viernes-16-enero-2026-20260114000000-nt.html,diariosur.es,Spanish,1,-0.082201
2021-09-13,1.021967335155977,1.0203859566982338,59.1205084718386,0.1857488659102006,1.2801282816487554,1.4599990844726562,0,2026-01-16,"Precio de la gasolina y diésel en Málaga hoy , viernes 16 de enero : ¿ Dónde están las gasolineras más baratas ?",https://www.diariosur.es/economia/mibolsillo/precio-gasolina-diesel-provincia-malaga-viernes-16-enero-2026-20260114000000-nt.html,diariosur.es,Spanish,1,-0.082293
2021-09-14,1.0199644393016012,1.0189811580847796,59.166169923638094,0.19558896476682,1.2772618232288109,1.2399978637695312,0,2026-01-16,"Precio de la gasolina y diésel en Málaga hoy , viernes 16 de enero : ¿ Dónde están las gasolineras más baratas ?",https://www.diariosur.es/economia/mibolsillo/precio-gasolina-diesel-provincia-malaga-viernes-16-enero-2026-20260114000000-nt.html,diariosur.es,Spanish,1,-0.082384
2021-09-15,1.045998147727763,1.0461480980499271,67.55532687492695,0.3257158170045556,1.377457429082166,2.4899978637695312,0,2026-01-16,"Precio de la gasolina y diésel en Málaga hoy , viernes 16 de enero : ¿ Dónde están las gasolineras más baratas ?",https://www.diariosur.es/economia/mibolsillo/precio-gasolina-diesel-provincia-malaga-viernes-16-enero-2026-20260114000000-nt.html,diariosur.es,Spanish,1,-0.082476
2021-09-16,1.0414358505750256,1.043239644785395,67.55532687492695,0.3864641644826906,1.383353261610058,1.4599990844726562,0,2026-01-16,"Precio de la gasolina y diésel en Málaga hoy , viernes 16 de enero : ¿ Dónde están las gasolineras más baratas ?",https://www.diariosur.es/economia/mibolsillo/precio-gasolina-diesel-provincia-malaga-viernes-16-enero-2026-20260114000000-nt.html,diariosur.es,Spanish,1,-0.082567
2021-09-17,1.029095000868437,1.0316504878142152,63.08119988687941,0.3588187846091855,1.3923996097972302,1.5100021362304688,0,2026-01-16,"Precio de la gasolina y diésel en Málaga hoy , viernes 16 de enero : ¿ Dónde están las gasolineras más baratas ?",https://www.diariosur.es/economia/mibolsillo/precio-gasolina-diesel-provincia-malaga-viernes-16-enero-2026-20260114000000-nt.html,diariosur.es,Spanish,1,-0.082659
2021-09-18,1.026251307280194,1.0292677162596495,63.08119988687941,0.317244590697943,1.292942494811714,0.0,0,2026-01-16,"Precio de la gasolina y diésel en Málaga hoy , viernes 16 de enero : ¿ Dónde están las gasolineras más baratas ?",https://www.diariosur.es/economia/mibolsillo/precio-gasolina-diesel-provincia-malaga-viernes-16-enero-2026-20260114000000-nt.html,diariosur.es,Spanish,1,-0.082751
2021-09-19,1.0236919499527208,1.0272403680806754,63.08119988687941,0.2683964093425433,1.20058945946802,0.0,0,2026-01-16,"Precio de la gasolina y diésel en Málaga hoy , viernes 16 de enero : ¿ Dónde están las gasolineras más baratas ?",https://www.diariosur.es/economia/mibolsillo/precio-gasolina-diesel-provincia-malaga-viernes-16-enero-2026-20260114000000-nt.html,diariosur.es,Spanish,1,-0.082843
2021-09-20,0.9998152836643286,1.0019814500360795,51.82755346494931,0.109724311564969,1.2734045852705276,2.220001220703125,0,2026-01-16,"Precio de la gasolina y diésel en Málaga hoy , viernes 16 de enero : ¿ Dónde están las gasolineras más baratas ?",https://www.diariosur.es/economia/mibolsillo/precio-gasolina-diesel-provincia-malaga-viernes-16-enero-2026-20260114000000-nt.html,diariosur.es,Spanish,1,-0.082935
2021-09-21,1.0033064371350022,1.0044199216040195,53.27039655260938,0.0147287299629124,1.322447049499251,1.959999084472656,0,2026-01-16,"Precio de la gasolina y diésel en Málaga hoy , viernes 16 de enero : ¿ Dónde están las gasolineras más baratas ?",https://www.diariosur.es/economia/mibolsillo/precio-gasolina-diesel-provincia-malaga-viernes-16-enero-2026-20260114000000-nt.html,diariosur.es,Spanish,1,-0.083027
2021-09-22,1.0244132418991163,1.026555755534343,61.042756686426735,0.0539359242988561,1.3522726526181663,1.660003662109375,0,2026-01-16,"Precio de la gasolina y diésel en Málaga hoy , viernes 16 de enero : ¿ Dónde están las gasolineras más baratas ?",https://www.diariosur.es/economia/mibolsillo/precio-gasolina-diesel-provincia-malaga-viernes-16-enero-2026-20260114000000-nt.html,diariosur.es,Spanish,1,-0.08312
2021-09-23,1.0356837880289322,1.0388027886138471,65.05341712682427,0.1367895940547221,1.3906817052631857,1.8899993896484373,0,2026-01-16,"Precio de la gasolina y diésel en Málaga hoy , viernes 16 de enero : ¿ Dónde están las gasolineras más baratas ?",https://www.diariosur.es/economia/mibolsillo/precio-gasolina-diesel-provincia-malaga-viernes-16-enero-2026-20260114000000-nt.html,diariosur.es,Spanish,1,-0.083212
2021-09-24,1.0408022696901522,1.0449669481364496,67.35365316795779,0.2174560816610238,1.3956329466352908,1.4599990844726562,0,2026-01-16,"Precio de la gasolina y diésel en Málaga hoy , viernes 16 de enero : ¿ Dónde están las gasolineras más baratas ?",https://www.diariosur.es/economia/mibolsillo/precio-gasolina-diesel-provincia-malaga-viernes-16-enero-2026-20260114000000-nt.html,diariosur.es,Spanish,1,-0.083305
2021-09-25,1.03677344021252,1.04151711814966,67.35365316795779,0.2486313580248155,1.2959448790184844,0.0,0,2026-01-16,"Precio de la gasolina y diésel en Málaga hoy , viernes 16 de enero : ¿ Dónde están las gasolineras más baratas ?",https://www.diariosur.es/economia/mibolsillo/precio-gasolina-diesel-provincia-malaga-viernes-16-enero-2026-20260114000000-nt.html,diariosur.es,Spanish,1,-0.083397
2021-09-26,1.0331550909774418,1.0380899915899535,67.35365316795779,0.2465855613263037,1.2033773876600211,0.0,0,2026-01-16,"Precio de la gasolina y diésel en Málaga hoy , viernes 16 de enero : ¿ Dónde están las gasolineras más baratas ?",https://www.diariosur.es/economia/mibolsillo/precio-gasolina-diesel-provincia-malaga-viernes-16-enero-2026-20260114000000-nt.html,diariosur.es,Spanish,1,-0.08349
2021-09-27,1.0483241996545811,1.053469271390355,72.27996448878683,0.3170742221257949,1.2438501916176203,1.589996337890625,0,2026-01-16,"Precio de la gasolina y diésel en Málaga hoy , viernes 16 de enero : ¿ Dónde están las gasolineras más baratas ?",https://www.diariosur.es/economia/mibolsillo/precio-gasolina-diesel-provincia-malaga-viernes-16-enero-2026-20260114000000-nt.html,diariosur.es,Spanish,1,-0.083583
2021-09-28,1.0415282473926863,1.0468576200913442,71.02373430929589,0.3245861374410181,1.3285751997289177,2.430000305175781,0,2026-01-16,"Precio de la gasolina y diésel en Málaga hoy , viernes 16 de enero : ¿ Dónde están las gasolineras más baratas ?",https://www.diariosur.es/economia/mibolsillo/precio-gasolina-diesel-provincia-malaga-viernes-16-enero-2026-20260114000000-nt.html,diariosur.es,Spanish,1,-0.083676
2021-09-29,1.0317095980715425,1.03564485029286,67.39693221752424,0.2723463703697357,1.3801057605881244,2.0500030517578125,0,2026-01-16,"Precio de la gasolina y diésel en Málaga hoy , viernes 16 de enero : ¿ Dónde están las gasolineras más baratas ?",https://www.diariosur.es/economia/mibolsillo/precio-gasolina-diesel-provincia-malaga-viernes-16-enero-2026-20260114000000-nt.html,diariosur.es,Spanish,1,-0.083769
2021-09-30,1.031082426963691,1.0346111129483822,68.15825409809877,0.2268925737417391,1.490812513772957,2.930000305175781,0,2026-01-16,"Precio de la gasolina y diésel en Málaga hoy , viernes 16 de enero : ¿ Dónde están las gasolineras más baratas ?",https://www.diariosur.es/economia/mibolsillo/precio-gasolina-diesel-provincia-malaga-viernes-16-enero-2026-20260114000000-nt.html,diariosur.es,Spanish,1,-0.083862
2021-10-01,1.0385336999703778,1.0419069119801725,71.23283784376362,0.2290392998378843,1.5100397989917411,1.7599945068359375,0,2026-01-16,"Precio de la gasolina y diésel en Málaga hoy , viernes 16 de enero : ¿ Dónde están las gasolineras más baratas ?",https://www.diariosur.es/economia/mibolsillo/precio-gasolina-diesel-provincia-malaga-viernes-16-enero-2026-20260114000000-nt.html,diariosur.es,Spanish,1,-0.083955
2021-10-02,1.034736345694811,1.0375190985877092,71.23283784376362,0.2061416327116985,1.402179813349474,0.0,0,2026-01-16,"Precio de la gasolina y diésel en Málaga hoy , viernes 16 de enero : ¿ Dónde están las gasolineras más baratas ?",https://www.diariosur.es/economia/mibolsillo/precio-gasolina-diesel-provincia-malaga-viernes-16-enero-2026-20260114000000-nt.html,diariosur.es,Spanish,1,-0.084048
2021-10-03,1.0313244938717014,1.033681800636665,71.23283784376362,0.1682771201725073,1.3020241123959402,0.0,0,2026-01-16,"Precio de la gasolina y diésel en Málaga hoy , viernes 16 de enero : ¿ Dónde están las gasolineras más baratas ?",https://www.diariosur.es/economia/mibolsillo/precio-gasolina-diesel-provincia-malaga-viernes-16-enero-2026-20260114000000-nt.html,diariosur.es,Spanish,1,-0.084142
2021-10-04,1.049479158783818,1.052253452796026,76.92857981545743,0.2336761472076793,1.4275936442672124,3.05999755859375,0,2026-01-16,"Precio de la gasolina y diésel en Málaga hoy , viernes 16 de enero : ¿ Dónde están las gasolineras más baratas ?",https://www.diariosur.es/economia/mibolsillo/precio-gasolina-diesel-provincia-malaga-viernes-16-enero-2026-20260114000000-nt.html,diariosur.es,Spanish,1,-0.084235
2021-10-05,1.0604055677685174,1.0654481839409349,80.11993812516944,0.3323957382222411,1.4691942508360163,2.0100021362304688,0,2026-01-16,"Precio de la gasolina y diésel en Málaga hoy , viernes 16 de enero : ¿ Dónde están las gasolineras más baratas ?",https://www.diariosur.es/economia/mibolsillo/precio-gasolina-diesel-provincia-malaga-viernes-16-enero-2026-20260114000000-nt.html,diariosur.es,Spanish,1,-0.084329
2021-10-06,1.0362806809322682,1.0418110218211818,68.44514158080854,0.2667398924781838,1.5749658720793145,2.9499969482421875,0,2026-01-16,"Precio de la gasolina y diésel en Málaga hoy , viernes 16 de enero : ¿ Dónde están las gasolineras más baratas ?",https://www.diariosur.es/economia/mibolsillo/precio-gasolina-diesel-provincia-malaga-viernes-16-enero-2026-20260114000000-nt.html,diariosur.es,Spanish,1,-0.084423
2021-10-07,1.043163093872221,1.0490494555852234,71.07757539788244,0.2521385797376856,1.7431826173004907,3.930000305175781,0,2026-01-16,"Precio de la gasolina y diésel en Málaga hoy , viernes 16 de enero : ¿ Dónde están las gasolineras más baratas ?",https://www.diariosur.es/economia/mibolsillo/precio-gasolina-diesel-provincia-malaga-viernes-16-enero-2026-20260114000000-nt.html,diariosur.es,Spanish,1,-0.084517
2021-10-08,1.0514288512361143,1.0578871303976145,73.9068153271653,0.2812147213815674,1.7479551131071522,1.4800033569335938,0,2026-01-16,"Precio de la gasolina y diésel en Málaga hoy , viernes 16 de enero : ¿ Dónde están las gasolineras más baratas ?",https://www.diariosur.es/economia/mibolsillo/precio-gasolina-diesel-provincia-malaga-viernes-16-enero-2026-20260114000000-nt.html,diariosur.es,Spanish,1,-0.084611
2021-10-09,1.0463040687314922,1.0527083596369655,73.9068153271653,0.2684936257612613,1.6231011764566414,0.0,0,2026-01-16,"Precio de la gasolina y diésel en Málaga hoy , viernes 16 de enero : ¿ Dónde están las gasolineras más baratas ?",https://www.diariosur.es/economia/mibolsillo/precio-gasolina-diesel-provincia-malaga-viernes-16-enero-2026-20260114000000-nt.html,diariosur.es,Spanish,1,-0.084705
2021-10-10,1.041710219057062,1.0464195985069125,73.9068153271653,0.229629741140066,1.50716537813831,0.0,0,2026-01-16,"Precio de la gasolina y diésel en Málaga hoy , viernes 16 de enero : ¿ Dónde están las gasolineras más baratas ?",https://www.diariosur.es/economia/mibolsillo/precio-gasolina-diesel-provincia-malaga-viernes-16-enero-2026-20260114000000-nt.html,diariosur.es,Spanish,1,-0.084799
2021-10-11,1.051355636944518,1.054920820268061,77.03348503533132,0.2505605490781193,1.6016536962037655,2.6299972534179688,0,2026-01-16,"Precio de la gasolina y diésel en Málaga hoy , viernes 16 de enero : ¿ Dónde están las gasolineras más baratas ?",https://www.diariosur.es/economia/mibolsillo/precio-gasolina-diesel-provincia-malaga-viernes-16-enero-2026-20260114000000-nt.html,diariosur.es,Spanish,1,-0.084893
2021-10-12,1.0476421537399836,1.0507045652425586,77.33349124086507,0.2402929513089726,1.6408213983234186,2.1500015258789062,0,2026-01-16,"Precio de la gasolina y diésel en Málaga hoy , viernes 16 de enero : ¿ Dónde están las gasolineras más baratas ?",https://www.diariosur.es/economia/mibolsillo/precio-gasolina-diesel-provincia-malaga-viernes-16-enero-2026-20260114000000-nt.html,diariosur.es,Spanish,1,-0.084987
2021-10-13,1.0405798983070005,1.0432459734982449,75.56193447321996,0.190039732509228,1.6393343517704624,1.6200027465820312,0,2026-01-16,"Precio de la gasolina y diésel en Málaga hoy , viernes 16 de enero : ¿ Dónde están las gasolineras más baratas ?",https://www.diariosur.es/economia/mibolsillo/precio-gasolina-diesel-provincia-malaga-viernes-16-enero-2026-20260114000000-nt.html,diariosur.es,Spanish,1,-0.085082
2021-10-14,1.046667270096069,1.0495404511416244,77.9303654269954,0.1852099127943751,1.6150964017695588,1.3000030517578125,0,2026-01-16,"Precio de la gasolina y diésel en Málaga hoy , viernes 16 de enero : ¿ Dónde están las gasolineras más baratas ?",https://www.diariosur.es/economia/mibolsillo/precio-gasolina-diesel-provincia-malaga-viernes-16-enero-2026-20260114000000-nt.html,diariosur.es,Spanish,1,-0.085176
2021-10-15,1.0532201548523306,1.0564022146843282,80.23086292446906,0.2150638117973224,1.5961613804657069,1.2700042724609375,0,2026-01-16,"Precio de la gasolina y diésel en Málaga hoy , viernes 16 de enero : ¿ Dónde están las gasolineras más baratas ?",https://www.diariosur.es/economia/mibolsillo/precio-gasolina-diesel-provincia-malaga-viernes-16-enero-2026-20260114000000-nt.html,diariosur.es,Spanish,1,-0.085271
2021-10-16,1.0479087391031705,1.0508032940779828,80.23086292446906,0.2026984173047599,1.4821498532895847,0.0,0,2026-01-16,"Precio de la gasolina y diésel en Málaga hoy , viernes 16 de enero : ¿ Dónde están las gasolineras más baratas ?",https://www.diariosur.es/economia/mibolsillo/precio-gasolina-diesel-provincia-malaga-viernes-16-enero-2026-20260114000000-nt.html,diariosur.es,Spanish,1,-0.085366
2021-10-17,1.043149123938933,1.0462403050962334,80.23086292446906,0.1640570112902768,1.376282006626043,0.0,0,2026-01-16,"Precio de la gasolina y diésel en Málaga hoy , viernes 16 de enero : ¿ Dónde están las gasolineras más baratas ?",https://www.diariosur.es/economia/mibolsillo/precio-gasolina-diesel-provincia-malaga-viernes-16-enero-2026-20260114000000-nt.html,diariosur.es,Spanish,1,-0.085461
2021-10-18,1.040699906005382,1.043531132702561,80.64648458929112,0.1208090974640025,1.422976606773569,2.0300064086914062,0,2026-01-16,"Precio de la gasolina y diésel en Málaga hoy , viernes 16 de enero : ¿ Dónde están las gasolineras más baratas ?",https://www.diariosur.es/economia/mibolsillo/precio-gasolina-diesel-provincia-malaga-viernes-16-enero-2026-20260114000000-nt.html,diariosur.es,Spanish,1,-0.085556
2021-10-19,1.0425712200438433,1.044737585263823,81.97293435028567,0.0996396035558957,1.459906478576294,1.9399948120117188,0,2026-01-16,"Precio de la gasolina y diésel en Málaga hoy , viernes 16 de enero : ¿ Dónde están las gasolineras más baratas ?",https://www.diariosur.es/economia/mibolsillo/precio-gasolina-diesel-provincia-malaga-viernes-16-enero-2026-20260114000000-nt.html,diariosur.es,Spanish,1,-0.085651
2021-10-20,1.0486137700817355,1.0503510135874206,84.03510370405057,0.1180804133903015,1.5663415121238575,2.9499969482421875,0,2026-01-16,"Precio de la gasolina y diésel en Málaga hoy , viernes 16 de enero : ¿ Dónde están las gasolineras más baratas ?",https://www.diariosur.es/economia/mibolsillo/precio-gasolina-diesel-provincia-malaga-viernes-16-enero-2026-20260114000000-nt.html,diariosur.es,Spanish,1,-0.085746
2021-10-21,1.0284011178896282,1.0289284846203837,70.88787476493846,0.0146076848685758,1.6808884161825333,3.1699981689453125,0,2026-01-16,"Precio de la gasolina y diésel en Málaga hoy , viernes 16 de enero : ¿ Dónde están las gasolineras más baratas ?",https://www.diariosur.es/economia/mibolsillo/precio-gasolina-diesel-provincia-malaga-viernes-16-enero-2026-20260114000000-nt.html,diariosur.es,Spanish,1,-0.085842
2021-10-22,1.0397399704711765,1.0395348683177033,74.79373353057142,0.007953597354148,1.7365391782032564,2.459999084472656,0,2026-01-16,"Precio de la gasolina y diésel en Málaga hoy , viernes 16 de enero : ¿ Dónde están las gasolineras más baratas ?",https://www.diariosur.es/economia/mibolsillo/precio-gasolina-diesel-provincia-malaga-viernes-16-enero-2026-20260114000000-nt.html,diariosur.es,Spanish,1,-0.085937
2021-10-23,1.0358196426604347,1.034476395069277,74.79373353057142,-0.0180961439995464,1.6125006654744525,0.0,0,2026-01-16,"Precio de la gasolina y diésel en Málaga hoy , viernes 16 de enero : ¿ Dónde están las gasolineras más baratas ?",https://www.diariosur.es/economia/mibolsillo/precio-gasolina-diesel-provincia-malaga-viernes-16-enero-2026-20260114000000-nt.html,diariosur.es,Spanish,1,-0.086033
2021-10-24,1.032298066673074,1.0305688925463865,74.79373353057142,-0.0548958901638485,1.4973220465119916,0.0,0,2026-01-16,"Precio de la gasolina y diésel en Málaga hoy , viernes 16 de enero : ¿ Dónde están las gasolineras más baratas ?",https://www.diariosur.es/economia/mibolsillo/precio-gasolina-diesel-provincia-malaga-viernes-16-enero-2026-20260114000000-nt.html,diariosur.es,Spanish,1,-0.086128
2021-10-25,1.0291324487259903,1.0275157566201905,74.79373353057142,-0.096379308740643,1.5346564912226306,2.020004272460937,0,2026-01-16,"Precio de la gasolina y diésel en Málaga hoy , viernes 16 de enero : ¿ Dónde están las gasolineras más baratas ?",https://www.diariosur.es/economia/mibolsillo/precio-gasolina-diesel-provincia-malaga-viernes-16-enero-2026-20260114000000-nt.html,diariosur.es,Spanish,1,-0.086224
2021-10-26,1.0361138179200804,1.0338552634126073,77.64346698414744,-0.0816063833112075,1.5614664584720743,1.909996032714844,0,2026-01-16,"Precio de la gasolina y diésel en Málaga hoy , viernes 16 de enero : ¿ Dónde están las gasolineras más baratas ?",https://www.diariosur.es/economia/mibolsillo/precio-gasolina-diesel-provincia-malaga-viernes-16-enero-2026-20260114000000-nt.html,diariosur.es,Spanish,1,-0.08632
2021-10-27,1.0106247526099592,1.0068700468987606,61.029206185883645,-0.215956191546863,1.638504524984672,2.5,0,2026-01-16,"Precio de la gasolina y diésel en Málaga hoy , viernes 16 de enero : ¿ Dónde están las gasolineras más baratas ?",https://www.diariosur.es/economia/mibolsillo/precio-gasolina-diesel-provincia-malaga-viernes-16-enero-2026-20260114000000-nt.html,diariosur.es,Spanish,1,-0.086416
2021-10-28,1.0112587265349955,1.0065759558624472,61.694544291979454,-0.2996689187336963,1.709325434158479,2.6299972534179688,0,2026-01-16,"Precio de la gasolina y diésel en Málaga hoy , viernes 16 de enero : ¿ Dónde están las gasolineras más baratas ?",https://www.diariosur.es/economia/mibolsillo/precio-gasolina-diesel-provincia-malaga-viernes-16-enero-2026-20260114000000-nt.html,diariosur.es,Spanish,1,-0.086512
2021-10-29,1.018547271921597,1.0132153174783638,64.95896400821518,-0.3076426381818198,1.753658917551456,2.329994201660156,0,2026-01-16,"Precio de la gasolina y diésel en Málaga hoy , viernes 16 de enero : ¿ Dónde están las gasolineras más baratas ?",https://www.diariosur.es/economia/mibolsillo/precio-gasolina-diesel-provincia-malaga-viernes-16-enero-2026-20260114000000-nt.html,diariosur.es,Spanish,1,-0.086608
2021-10-30,1.01675127550413,1.0106299273768666,64.95896400821518,-0.315527000366866,1.6283975662977803,0.0,0,2026-01-16,"Precio de la gasolina y diésel en Málaga hoy , viernes 16 de enero : ¿ Dónde están las gasolineras más baratas ?",https://www.diariosur.es/economia/mibolsillo/precio-gasolina-diesel-provincia-malaga-viernes-16-enero-2026-20260114000000-nt.html,diariosur.es,Spanish,1,-0.086704
2021-10-31,1.0151317753097289,1.0087695373985377,64.95896400821519,-0.3222228939981357,1.5120834544193678,0.0,0,2026-01-16,"Precio de la gasolina y diésel en Málaga hoy , viernes 16 de enero : ¿ Dónde están las gasolineras más baratas ?",https://www.diariosur.es/economia/mibolsillo/precio-gasolina-diesel-provincia-malaga-viernes-16-enero-2026-20260114000000-nt.html,diariosur.es,Spanish,1,-0.086801
2021-11-01,1.0189282069739392,1.012479850881705,67.16620595181578,-0.2964557647372245,1.5569345926500155,2.139999389648437,0,2026-01-16,"Precio de la gasolina y diésel en Málaga hoy , viernes 16 de enero : ¿ Dónde están las gasolineras más baratas ?",https://www.diariosur.es/economia/mibolsillo/precio-gasolina-diesel-provincia-malaga-viernes-16-enero-2026-20260114000000-nt.html,diariosur.es,Spanish,1,-0.086897
2021-11-02,1.0155644203590153,1.0086852338697956,65.86309413525932,-0.290583641327504,1.5521539426867332,1.4900054931640625,0,2026-01-16,"Precio de la gasolina y diésel en Málaga hoy , viernes 16 de enero : ¿ Dónde están las gasolineras más baratas ?",https://www.diariosur.es/economia/mibolsillo/precio-gasolina-diesel-provincia-malaga-viernes-16-enero-2026-20260114000000-nt.html,diariosur.es,Spanish,1,-0.086994
2021-11-03,0.9806441337853626,0.972284010343281,45.2609198392214,-0.4825364850864071,1.7427144625450468,3.389999389648437,0,2026-01-16,"Precio de la gasolina y diésel en Málaga hoy , viernes 16 de enero : ¿ Dónde están las gasolineras más baratas ?",https://www.diariosur.es/economia/mibolsillo/precio-gasolina-diesel-provincia-malaga-viernes-16-enero-2026-20260114000000-nt.html,diariosur.es,Spanish,1,-0.08709
2021-11-04,0.9598243712902864,0.9496152828561348,36.904987614930256,-0.7235022384289729,1.9875204415736367,5.1699981689453125,0,2026-01-16,"Precio de la gasolina y diésel en Málaga hoy , viernes 16 de enero : ¿ Dónde están las gasolineras más baratas ?",https://www.diariosur.es/economia/mibolsillo/precio-gasolina-diesel-provincia-malaga-viernes-16-enero-2026-20260114000000-nt.html,diariosur.es,Spanish,1,-0.087187
2021-11-05,0.990748512012854,0.9798530993169746,49.05864855799071,-0.693089702895755,2.0591265166872392,2.840003967285156,0,2026-01-16,"Precio de la gasolina y diésel en Málaga hoy , viernes 16 de enero : ¿ Dónde están las gasolineras más baratas ?",https://www.diariosur.es/economia/mibolsillo/precio-gasolina-diesel-provincia-malaga-viernes-16-enero-2026-20260114000000-nt.html,diariosur.es,Spanish,1,-0.087284
2021-11-06,0.991622224498352,0.980450063815832,49.05864855799071,-0.6495884916673904,1.9120460512095796,0.0,0,2026-01-16,"Precio de la gasolina y diésel en Málaga hoy , viernes 16 de enero : ¿ Dónde están las gasolineras más baratas ?",https://www.diariosur.es/economia/mibolsillo/precio-gasolina-diesel-provincia-malaga-viernes-16-enero-2026-20260114000000-nt.html,diariosur.es,Spanish,1,-0.087381
2021-11-07,0.9924140551801596,0.9811425089184416,49.05864855799071,-0.5986834138872863,1.775471333266038,0.0,0,2026-01-16,"Precio de la gasolina y diésel en Málaga hoy , viernes 16 de enero : ¿ Dónde están las gasolineras más baratas ?",https://www.diariosur.es/economia/mibolsillo/precio-gasolina-diesel-provincia-malaga-viernes-16-enero-2026-20260114000000-nt.html,diariosur.es,Spanish,1,-0.087478
2021-11-08,1.000428450645915,0.9897258399915596,52.14740076673612,-0.5023218518547876,1.764365889260428,1.6199951171875,0,2026-01-16,"Precio de la gasolina y diésel en Málaga hoy , viernes 16 de enero : ¿ Dónde están las gasolineras más baratas ?",https://www.diariosur.es/economia/mibolsillo/precio-gasolina-diesel-provincia-malaga-viernes-16-enero-2026-20260114000000-nt.html,diariosur.es,Spanish,1,-0.087576
2021-11-09,1.0248486985310157,1.0163718745711492,60.76486206654732,-0.2818201855826485,1.8419110738933329,2.8499984741210938,0,2026-01-16,"Precio de la gasolina y diésel en Málaga hoy , viernes 16 de enero : ¿ Dónde están las gasolineras más baratas ?",https://www.diariosur.es/economia/mibolsillo/precio-gasolina-diesel-provincia-malaga-viernes-16-enero-2026-20260114000000-nt.html,diariosur.es,Spanish,1,-0.087673
2021-11-10,0.991511290840798,0.9831210671575062,48.78839040082303,-0.3154299014555611,2.0074891159087644,4.160003662109375,0,2026-01-16,"Precio de la gasolina y diésel en Málaga hoy , viernes 16 de enero : ¿ Dónde están las gasolineras más baratas ?",https://www.diariosur.es/economia/mibolsillo/precio-gasolina-diesel-provincia-malaga-viernes-16-enero-2026-20260114000000-nt.html,diariosur.es,Spanish,1,-0.08777
2021-11-11,0.9950743840039198,0.9874376295980472,49.737546471640606,-0.3105485209402804,2.016240242116174,2.1300048828125,0,2026-01-16,"Precio de la gasolina y diésel en Málaga hoy , viernes 16 de enero : ¿ Dónde están las gasolineras más baratas ?",https://www.diariosur.es/economia/mibolsillo/precio-gasolina-diesel-provincia-malaga-viernes-16-enero-2026-20260114000000-nt.html,diariosur.es,Spanish,1,-0.087868
2021-11-12,0.9866973336905294,0.9795161354625344,46.75149762413837,-0.348098008915787,2.003651936771101,1.840003967285156,0,2026-01-16,"Precio de la gasolina y diésel en Málaga hoy , viernes 16 de enero : ¿ Dónde están las gasolineras más baratas ?",https://www.diariosur.es/economia/mibolsillo/precio-gasolina-diesel-provincia-malaga-viernes-16-enero-2026-20260114000000-nt.html,diariosur.es,Spanish,1,-0.087966
2021-11-13,0.9879489866143112,0.9812828843946796,46.75149762413837,-0.3584267123361681,1.860533941287451,0.0,0,2026-01-16,"Precio de la gasolina y diésel en Málaga hoy , viernes 16 de enero : ¿ Dónde están las gasolineras más baratas ?",https://www.diariosur.es/economia/mibolsillo/precio-gasolina-diesel-provincia-malaga-viernes-16-enero-2026-20260114000000-nt.html,diariosur.es,Spanish,1,-0.088064
2021-11-14,0.9890841739113948,0.9830560181976972,46.75149762413837,-0.3503355806712759,1.7276386597669189,0.0,0,2026-01-16,"Precio de la gasolina y diésel en Málaga hoy , viernes 16 de enero : ¿ Dónde están las gasolineras más baratas ?",https://www.diariosur.es/economia/mibolsillo/precio-gasolina-diesel-provincia-malaga-viernes-16-enero-2026-20260114000000-nt.html,diariosur.es,Spanish,1,-0.088161
2021-11-15,0.9911123307697152,0.9864136127664,47.19691101071759,-0.3245815620279857,1.73994974810388,1.899993896484375,0,2026-01-16,"Precio de la gasolina y diésel en Málaga hoy , viernes 16 de enero : ¿ Dónde están las gasolineras más baratas ?",https://www.diariosur.es/economia/mibolsillo/precio-gasolina-diesel-provincia-malaga-viernes-16-enero-2026-20260114000000-nt.html,diariosur.es,Spanish,1,-0.088259
2021-11-16,0.9906191293388954,0.9860926595324372,46.63675676955199,-0.3017682332762309,1.742810393189094,1.779998779296875,0,2026-01-16,"Precio de la gasolina y diésel en Málaga hoy , viernes 16 de enero : ¿ Dónde están las gasolineras más baratas ?",https://www.diariosur.es/economia/mibolsillo/precio-gasolina-diesel-provincia-malaga-viernes-16-enero-2026-20260114000000-nt.html,diariosur.es,Spanish,1,-0.088358
2021-11-17,0.9647469955454274,0.9593946978003268,37.14185858244469,-0.4268108760151531,1.8376096290201744,3.0,0,2026-01-16,"Precio de la gasolina y diésel en Málaga hoy , viernes 16 de enero : ¿ Dónde están las gasolineras más baratas ?",https://www.diariosur.es/economia/mibolsillo/precio-gasolina-diesel-provincia-malaga-viernes-16-enero-2026-20260114000000-nt.html,diariosur.es,Spanish,1,-0.088456
2021-11-18,0.9752807568369865,0.9700608660327876,40.66523267488471,-0.4423549775613762,1.8692088540399387,2.279998779296875,0,2026-01-16,"Precio de la gasolina y diésel en Málaga hoy , viernes 16 de enero : ¿ Dónde están las gasolineras más baratas ?",https://www.diariosur.es/economia/mibolsillo/precio-gasolina-diesel-provincia-malaga-viernes-16-enero-2026-20260114000000-nt.html,diariosur.es,Spanish,1,-0.088554
2021-11-19,0.9448168706453696,0.93863705004234,32.01363911683069,-0.6146356651419271,2.060693608920177,4.549995422363281,0,2026-01-16,"Precio de la gasolina y diésel en Málaga hoy , viernes 16 de enero : ¿ Dónde están las gasolineras más baratas ?",https://www.diariosur.es/economia/mibolsillo/precio-gasolina-diesel-provincia-malaga-viernes-16-enero-2026-20260114000000-nt.html,diariosur.es,Spanish,1,-0.088653
2021-11-20,0.9498086241854238,0.9429812195733028,32.01363911683069,-0.6890140556076816,1.913501208283022,0.0,0,2026-01-16,"Precio de la gasolina y diésel en Málaga hoy , viernes 16 de enero : ¿ Dónde están las gasolineras más baratas ?",https://www.diariosur.es/economia/mibolsillo/precio-gasolina-diesel-provincia-malaga-viernes-16-enero-2026-20260114000000-nt.html,diariosur.es,Spanish,1,-0.088751
2021-11-21,0.9543706409000726,0.9476489229722056,32.01363911683069,-0.6965597423859402,1.7768225505485205,0.0,0,2026-01-16,"Precio de la gasolina y diésel en Málaga hoy , viernes 16 de enero : ¿ Dónde están las gasolineras más baratas ?",https://www.diariosur.es/economia/mibolsillo/precio-gasolina-diesel-provincia-malaga-viernes-16-enero-2026-20260114000000-nt.html,diariosur.es,Spanish,1,-0.08885
2021-11-22,0.9659701553315396,0.9600230257965648,35.82279327025668,-0.6187512484759936,1.8213353345006909,2.4000015258789062,0,2026-01-16,"Precio de la gasolina y diésel en Málaga hoy , viernes 16 de enero : ¿ Dónde están las gasolineras más baratas ?",https://www.diariosur.es/economia/mibolsillo/precio-gasolina-diesel-provincia-malaga-viernes-16-enero-2026-20260114000000-nt.html,diariosur.es,Spanish,1,-0.088949
2021-11-23,0.9891263843784238,0.983364244003194,44.79134426649359,-0.4199136654419181,1.9455254933644808,3.55999755859375,0,2026-01-16,"Precio de la gasolina y diésel en Málaga hoy , viernes 16 de enero : ¿ Dónde están las gasolineras más baratas ?",https://www.diariosur.es/economia/mibolsillo/precio-gasolina-diesel-provincia-malaga-viernes-16-enero-2026-20260114000000-nt.html,diariosur.es,Spanish,1,-0.089047
2021-11-24,0.9888949603131868,0.982244667372754,44.37159663229054,-0.2733846142028542,1.8958451009813035,1.25,0,2026-01-16,"Precio de la gasolina y diésel en Málaga hoy , viernes 16 de enero : ¿ Dónde están las gasolineras más baratas ?",https://www.diariosur.es/economia/mibolsillo/precio-gasolina-diesel-provincia-malaga-viernes-16-enero-2026-20260114000000-nt.html,diariosur.es,Spanish,1,-0.089146
2021-11-25,0.989941945512478,0.9840201854724472,44.37159663229054,-0.1596797514950254,1.7604275937683531,0.0,0,2026-01-16,"Precio de la gasolina y diésel en Málaga hoy , viernes 16 de enero : ¿ Dónde están las gasolineras más baratas ?",https://www.diariosur.es/economia/mibolsillo/precio-gasolina-diesel-provincia-malaga-viernes-16-enero-2026-20260114000000-nt.html,diariosur.es,Spanish,1,-0.089246
2021-11-26,0.872204249536622,0.8625818203608753,22.05634356457442,-0.7256378497499827,2.438254194213471,11.25,0,2026-01-16,"Precio de la gasolina y diésel en Málaga hoy , viernes 16 de enero : ¿ Dónde están las gasolineras más baratas ?",https://www.diariosur.es/economia/mibolsillo/precio-gasolina-diesel-provincia-malaga-viernes-16-enero-2026-20260114000000-nt.html,diariosur.es,Spanish,1,-0.089345
2021-11-27,0.8829506631190444,0.8698038528145473,22.056343564574405,-1.0327804493601629,2.26409318034108,0.0,0,2026-01-16,"Precio de la gasolina y diésel en Málaga hoy , viernes 16 de enero : ¿ Dónde están las gasolineras más baratas ?",https://www.diariosur.es/economia/mibolsillo/precio-gasolina-diesel-provincia-malaga-viernes-16-enero-2026-20260114000000-nt.html,diariosur.es,Spanish,1,-0.089444
2021-11-28,0.8929043644289991,0.8775205585692901,22.056343564574405,-1.1592476703544794,2.102372238888146,0.0,0,2026-01-16,"Precio de la gasolina y diésel en Málaga hoy , viernes 16 de enero : ¿ Dónde están las gasolineras más baratas ?",https://www.diariosur.es/economia/mibolsillo/precio-gasolina-diesel-provincia-malaga-viernes-16-enero-2026-20260114000000-nt.html,diariosur.es,Spanish,1,-0.089544
2021-11-29,0.9238357357151524,0.909008177219438,29.806641005095244,-1.0483277809242888,2.2936312774887697,4.069999694824219,0,2026-01-16,"Precio de la gasolina y diésel en Málaga hoy , viernes 16 de enero : ¿ Dónde están las gasolineras más baratas ?",https://www.diariosur.es/economia/mibolsillo/precio-gasolina-diesel-provincia-malaga-viernes-16-enero-2026-20260114000000-nt.html,diariosur.es,Spanish,1,-0.089643
2021-11-30,0.8846571492423586,0.8685723341005335,24.34624819409896,-1.1475073835539489,2.614800537348668,6.790000915527344,0,2026-01-16,"Precio de la gasolina y diésel en Málaga hoy , viernes 16 de enero : ¿ Dónde están las gasolineras más baratas ?",https://www.diariosur.es/economia/mibolsillo/precio-gasolina-diesel-provincia-malaga-viernes-16-enero-2026-20260114000000-nt.html,diariosur.es,Spanish,1,-0.089743
2021-12-01,0.8869347918863189,0.8697093850660246,23.593117799884467,-1.16889515292185,2.7601720365294,4.650001525878906,0,2026-01-16,"Precio de la gasolina y diésel en Málaga hoy , viernes 16 de enero : ¿ Dónde están las gasolineras más baratas ?",https://www.diariosur.es/economia/mibolsillo/precio-gasolina-diesel-provincia-malaga-viernes-16-enero-2026-20260114000000-nt.html,diariosur.es,Spanish,1,-0.089843
2021-12-02,0.908206049647254,0.8904838743893853,27.286228338715503,-1.0394599168649514,2.9244452881054244,5.05999755859375,0,2026-01-16,"Precio de la gasolina y diésel en Málaga hoy , viernes 16 de enero : ¿ Dónde están las gasolineras más baratas ?",https://www.diariosur.es/economia/mibolsillo/precio-gasolina-diesel-provincia-malaga-viernes-16-enero-2026-20260114000000-nt.html,diariosur.es,Spanish,1,-0.089942
2021-12-03,0.9131968318693188,0.8959866142256525,26.92455431349052,-0.8945743622920261,2.974127963710896,3.6200027465820312,0,2026-01-16,"Precio de la gasolina y diésel en Málaga hoy , viernes 16 de enero : ¿ Dónde están las gasolineras más baratas ?",https://www.diariosur.es/economia/mibolsillo/precio-gasolina-diesel-provincia-malaga-viernes-16-enero-2026-20260114000000-nt.html,diariosur.es,Spanish,1,-0.090042
2021-12-04,0.9208091318587476,0.904876061475569,26.92455431349052,-0.7302449686659598,2.7616902520172606,0.0,0,2026-01-16,"Precio de la gasolina y diésel en Málaga hoy , viernes 16 de enero : ¿ Dónde están las gasolineras más baratas ?",https://www.diariosur.es/economia/mibolsillo/precio-gasolina-diesel-provincia-malaga-viernes-16-enero-2026-20260114000000-nt.html,diariosur.es,Spanish,1,-0.090143
2021-12-05,0.9278066378701912,0.9140003974847756,26.92455431349052,-0.5606785957695042,2.564426662587457,0.0,0,2026-01-16,"Precio de la gasolina y diésel en Málaga hoy , viernes 16 de enero : ¿ Dónde están las gasolineras más baratas ?",https://www.diariosur.es/economia/mibolsillo/precio-gasolina-diesel-provincia-malaga-viernes-16-enero-2026-20260114000000-nt.html,diariosur.es,Spanish,1,-0.090243
2021-12-06,0.9755400072866406,0.966064669351194,40.2394311929685,-0.189310053779935,2.6591104288060983,3.430000305175781,0,2026-01-16,"Precio de la gasolina y diésel en Málaga hoy , viernes 16 de enero : ¿ Dónde están las gasolineras más baratas ?",https://www.diariosur.es/economia/mibolsillo/precio-gasolina-diesel-provincia-malaga-viernes-16-enero-2026-20260114000000-nt.html,diariosur.es,Spanish,1,-0.090343
2021-12-07,1.010374250690127,1.0060671613098364,48.28258017163052,0.2467506705029785,2.722031177857616,3.5100021362304688,0,2026-01-16,"Precio de la gasolina y diésel en Málaga hoy , viernes 16 de enero : ¿ Dónde están las gasolineras más baratas ?",https://www.diariosur.es/economia/mibolsillo/precio-gasolina-diesel-provincia-malaga-viernes-16-enero-2026-20260114000000-nt.html,diariosur.es,Spanish,1,-0.090444
2021-12-08,1.013300731703395,1.0151087976723705,49.17463996557164,0.5563475524579324,2.676885832145688,2.089996337890625,0,2026-01-16,"Precio de la gasolina y diésel en Málaga hoy , viernes 16 de enero : ¿ Dónde están las gasolineras más baratas ?",https://www.diariosur.es/economia/mibolsillo/precio-gasolina-diesel-provincia-malaga-viernes-16-enero-2026-20260114000000-nt.html,diariosur.es,Spanish,1,-0.090544
2021-12-09,0.994038984662956,0.9988032673057804,45.3185487062951,0.6587774535611377,2.6963937690097235,2.9499969482421875,0,2026-01-16,"Precio de la gasolina y diésel en Málaga hoy , viernes 16 de enero : ¿ Dónde están las gasolineras más baratas ?",https://www.diariosur.es/economia/mibolsillo/precio-gasolina-diesel-provincia-malaga-viernes-16-enero-2026-20260114000000-nt.html,diariosur.es,Spanish,1,-0.090645
2021-12-10,1.003859927288807,1.0122380644777822,47.59368267215921,0.7616956605068665,2.6473657952397764,2.0100021362304688,0,2026-01-16,"Precio de la gasolina y diésel en Málaga hoy , viernes 16 de enero : ¿ Dónde están las gasolineras más baratas ?",https://www.diariosur.es/economia/mibolsillo/precio-gasolina-diesel-provincia-malaga-viernes-16-enero-2026-20260114000000-nt.html,diariosur.es,Spanish,1,-0.090745
2021-12-11,1.0034910318204453,1.015414663973582,47.59368267215921,0.8112021052083436,2.4582682384369354,0.0,0,2026-01-16,"Precio de la gasolina y diésel en Málaga hoy , viernes 16 de enero : ¿ Dónde están las gasolineras más baratas ?",https://www.diariosur.es/economia/mibolsillo/precio-gasolina-diesel-provincia-malaga-viernes-16-enero-2026-20260114000000-nt.html,diariosur.es,Spanish,1,-0.090846
2021-12-12,1.003157502795381,1.01908198590314,47.59368267215921,0.8227869887690464,2.2826776499771544,0.0,0,2026-01-16,"Precio de la gasolina y diésel en Málaga hoy , viernes 16 de enero : ¿ Dónde están las gasolineras más baratas ?",https://www.diariosur.es/economia/mibolsillo/precio-gasolina-diesel-provincia-malaga-viernes-16-enero-2026-20260114000000-nt.html,diariosur.es,Spanish,1,-0.090947
2021-12-13,0.9980441543313971,1.018901641541905,46.34014182682273,0.7838702387797132,2.2832007403735965,2.290000915527344,0,2026-01-16,"Precio de la gasolina y diésel en Málaga hoy , viernes 16 de enero : ¿ Dónde están las gasolineras más baratas ?",https://www.diariosur.es/economia/mibolsillo/precio-gasolina-diesel-provincia-malaga-viernes-16-enero-2026-20260114000000-nt.html,diariosur.es,Spanish,1,-0.091048
2021-12-14,0.9911289596525864,1.0164620403265707,44.48082922331795,0.7020663258041513,2.300114733423083,2.5199966430664062,0,2026-01-16,"Precio de la gasolina y diésel en Málaga hoy , viernes 16 de enero : ¿ Dónde están las gasolineras más baratas ?",https://www.diariosur.es/economia/mibolsillo/precio-gasolina-diesel-provincia-malaga-viernes-16-enero-2026-20260114000000-nt.html,diariosur.es,Spanish,1,-0.09115
2021-12-15,0.9937446577933352,1.0240071965015454,45.07415942941444,0.6407418849703599,2.297963986211501,2.270004272460937,0,2026-01-16,"Precio de la gasolina y diésel en Málaga hoy , viernes 16 de enero : ¿ Dónde están las gasolineras más baratas ?",https://www.diariosur.es/economia/mibolsillo/precio-gasolina-diesel-provincia-malaga-viernes-16-enero-2026-20260114000000-nt.html,diariosur.es,Spanish,1,-0.091251
2021-12-16,1.0134780145201725,1.0426389624911514,51.13937714684475,0.6814378164999706,2.2852519241383584,1.959999084472656,0,2026-01-16,"Precio de la gasolina y diésel en Málaga hoy , viernes 16 de enero : ¿ Dónde están las gasolineras más baratas ?",https://www.diariosur.es/economia/mibolsillo/precio-gasolina-diesel-provincia-malaga-viernes-16-enero-2026-20260114000000-nt.html,diariosur.es,Spanish,1,-0.091352
2021-12-17,0.9929328468140988,1.0187548100529435,45.67208292213324,0.5890247017868362,2.299876634112014,2.3700027465820312,0,2026-01-16,"Precio de la gasolina y diésel en Málaga hoy , viernes 16 de enero : ¿ Dónde están las gasolineras más baratas ?",https://www.diariosur.es/economia/mibolsillo/precio-gasolina-diesel-provincia-malaga-viernes-16-enero-2026-20260114000000-nt.html,diariosur.es,Spanish,1,-0.091454
2021-12-18,0.9936016025027316,1.0167740488441517,45.67208292213324,0.5136859921465509,2.1355997316754416,0.0,0,2026-01-16,"Precio de la gasolina y diésel en Málaga hoy , viernes 16 de enero : ¿ Dónde están las gasolineras más baratas ?",https://www.diariosur.es/economia/mibolsillo/precio-gasolina-diesel-provincia-malaga-viernes-16-enero-2026-20260114000000-nt.html,diariosur.es,Spanish,1,-0.091556
2021-12-19,0.994207443876128,1.0161106458194105,45.67208292213324,0.4518277741863035,1.9830568936986244,0.0,0,2026-01-16,"Precio de la gasolina y diésel en Málaga hoy , viernes 16 de enero : ¿ Dónde están las gasolineras más baratas ?",https://www.diariosur.es/economia/mibolsillo/precio-gasolina-diesel-provincia-malaga-viernes-16-enero-2026-20260114000000-nt.html,diariosur.es,Spanish,1,-0.091657
2021-12-20,0.9612153352563034,0.9769613349446618,37.10046055956362,0.2327914897991869,2.185695665207595,4.029998779296875,0,2026-01-16,"Precio de la gasolina y diésel en Málaga hoy , viernes 16 de enero : ¿ Dónde están las gasolineras más baratas ?",https://www.diariosur.es/economia/mibolsillo/precio-gasolina-diesel-provincia-malaga-viernes-16-enero-2026-20260114000000-nt.html,diariosur.es,Spanish,1,-0.091759
2021-12-21,1.0017452070549429,1.0143119220135122,48.53139529169042,0.2784639935364483,2.2667173816087827,2.9900054931640625,0,2026-01-16,"Precio de la gasolina y diésel en Málaga hoy , viernes 16 de enero : ¿ Dónde están las gasolineras más baratas ?",https://www.diariosur.es/economia/mibolsillo/precio-gasolina-diesel-provincia-malaga-viernes-16-enero-2026-20260114000000-nt.html,diariosur.es,Spanish,1,-0.091861
2021-12-22,1.0224257989953596,1.03308984364673,53.676201942541375,0.4072498537516709,2.273380469376124,2.3600006103515625,0,2026-01-16,"Precio de la gasolina y diésel en Málaga hoy , viernes 16 de enero : ¿ Dónde están las gasolineras más baratas ?",https://www.diariosur.es/economia/mibolsillo/precio-gasolina-diesel-provincia-malaga-viernes-16-enero-2026-20260114000000-nt.html,diariosur.es,Spanish,1,-0.091964
2021-12-23,1.0332682355137954,1.042143320867137,56.60977097556708,0.5415213693581156,2.2309961719332425,1.6800003051757812,0,2026-01-16,"Precio de la gasolina y diésel en Málaga hoy , viernes 16 de enero : ¿ Dónde están las gasolineras más baratas ?",https://www.diariosur.es/economia/mibolsillo/precio-gasolina-diesel-provincia-malaga-viernes-16-enero-2026-20260114000000-nt.html,diariosur.es,Spanish,1,-0.092066
2021-12-24,1.030004764932832,1.0366311951048617,56.60977097556708,0.6052261001986668,2.0716393025094395,0.0,0,2026-01-16,"Precio de la gasolina y diésel en Málaga hoy , viernes 16 de enero : ¿ Dónde están las gasolineras más baratas ?",https://www.diariosur.es/economia/mibolsillo/precio-gasolina-diesel-provincia-malaga-viernes-16-enero-2026-20260114000000-nt.html,diariosur.es,Spanish,1,-0.092168
2021-12-25,1.0270698136634433,1.0311770722490137,56.60977097556708,0.6199819974890287,1.923665066615908,0.0,0,2026-01-16,"Precio de la gasolina y diésel en Málaga hoy , viernes 16 de enero : ¿ Dónde están las gasolineras más baratas ?",https://www.diariosur.es/economia/mibolsillo/precio-gasolina-diesel-provincia-malaga-viernes-16-enero-2026-20260114000000-nt.html,diariosur.es,Spanish,1,-0.092271
2021-12-26,1.02442875694326,1.028088165054158,56.60977097556708,0.6018711213059371,1.786260419000486,0.0,0,2026-01-16,"Precio de la gasolina y diésel en Málaga hoy , viernes 16 de enero : ¿ Dónde están las gasolineras más baratas ?",https://www.diariosur.es/economia/mibolsillo/precio-gasolina-diesel-provincia-malaga-viernes-16-enero-2026-20260114000000-nt.html,diariosur.es,Spanish,1,-0.092373
2021-12-27,1.0442533737022217,1.0503127017859517,62.17734379484461,0.6763329679627903,1.9100987207194804,3.5199966430664062,0,2026-01-16,"Precio de la gasolina y diésel en Málaga hoy , viernes 16 de enero : ¿ Dónde están las gasolineras más baratas ?",https://www.diariosur.es/economia/mibolsillo/precio-gasolina-diesel-provincia-malaga-viernes-16-enero-2026-20260114000000-nt.html,diariosur.es,Spanish,1,-0.092476
2021-12-28,1.04495105988936,1.0533612789040157,63.34407512470498,0.7159428033573456,1.8729487685001205,1.3899993896484375,0,2026-01-16,"Precio de la gasolina y diésel en Málaga hoy , viernes 16 de enero : ¿ Dónde están las gasolineras más baratas ?",https://www.diariosur.es/economia/mibolsillo/precio-gasolina-diesel-provincia-malaga-viernes-16-enero-2026-20260114000000-nt.html,diariosur.es,Spanish,1,-0.092579
2021-12-29,1.0476467967676637,1.0572832799105212,64.9893541334805,0.7408482809008393,1.8827382947665736,2.0100021362304688,0,2026-01-16,"Precio de la gasolina y diésel en Málaga hoy , viernes 16 de enero : ¿ Dónde están las gasolineras más baratas ?",https://www.diariosur.es/economia/mibolsillo/precio-gasolina-diesel-provincia-malaga-viernes-16-enero-2026-20260114000000-nt.html,diariosur.es,Spanish,1,-0.092682
2021-12-30,1.0481870704350764,1.0593301574737544,66.20060498980367,0.7439709623759463,1.8668286781482024,1.660003662109375,0,2026-01-16,"Precio de la gasolina y diésel en Málaga hoy , viernes 16 de enero : ¿ Dónde están las gasolineras más baratas ?",https://www.diariosur.es/economia/mibolsillo/precio-gasolina-diesel-provincia-malaga-viernes-16-enero-2026-20260114000000-nt.html,diariosur.es,Spanish,1,-0.092785
2021-12-31,1.0216225450683265,1.0323244578358617,57.35476457716469,0.5905442742320639,1.8856269784813668,2.1300048828125,0,2026-01-16,"Precio de la gasolina y diésel en Málaga hoy , viernes 16 de enero : ¿ Dónde están las gasolineras más baratas ?",https://www.diariosur.es/economia/mibolsillo/precio-gasolina-diesel-provincia-malaga-viernes-16-enero-2026-20260114000000-nt.html,diariosur.es,Spanish,1,-0.092888
2022-01-01,1.0195230514370983,1.0298225206787175,57.35476457716467,0.4592877484315564,1.7509393371612694,0.0,0,2026-01-16,"Precio de la gasolina y diésel en Málaga hoy , viernes 16 de enero : ¿ Dónde están las gasolineras más baratas ?",https://www.diariosur.es/economia/mibolsillo/precio-gasolina-diesel-provincia-malaga-viernes-16-enero-2026-20260114000000-nt.html,diariosur.es,Spanish,1,-0.092991
2022-01-02,1.017630931340285,1.027066128069286,57.35476457716467,0.3477609251710247,1.6258722416497502,0.0,0,2026-01-16,"Precio de la gasolina y diésel en Málaga hoy , viernes 16 de enero : ¿ Dónde están las gasolineras más baratas ?",https://www.diariosur.es/economia/mibolsillo/precio-gasolina-diesel-provincia-malaga-viernes-16-enero-2026-20260114000000-nt.html,diariosur.es,Spanish,1,-0.093094
2022-01-03,1.0265280016221563,1.0351654352528517,60.57100029275768,0.3091756429078894,1.6661672559180718,2.19000244140625,0,2026-01-16,"Precio de la gasolina y diésel en Málaga hoy , viernes 16 de enero : ¿ Dónde están las gasolineras más baratas ?",https://www.diariosur.es/economia/mibolsillo/precio-gasolina-diesel-provincia-malaga-viernes-16-enero-2026-20260114000000-nt.html,diariosur.es,Spanish,1,-0.093198
2022-01-04,1.034981217815669,1.0432036954464476,63.65834822395047,0.3201790139442331,1.6857269120243703,1.94000244140625,0,2026-01-16,"Precio de la gasolina y diésel en Málaga hoy , viernes 16 de enero : ¿ Dónde están las gasolineras más baratas ?",https://www.diariosur.es/economia/mibolsillo/precio-gasolina-diesel-provincia-malaga-viernes-16-enero-2026-20260114000000-nt.html,diariosur.es,Spanish,1,-0.093302
2022-01-05,1.0419238308283347,1.050961836965386,66.34071777437605,0.3577664334897628,1.7131749679386452,2.0699996948242188,0,2026-01-16,"Precio de la gasolina y diésel en Málaga hoy , viernes 16 de enero : ¿ Dónde están las gasolineras más baratas ?",https://www.diariosur.es/economia/mibolsillo/precio-gasolina-diesel-provincia-malaga-viernes-16-enero-2026-20260114000000-nt.html,diariosur.es,Spanish,1,-0.093405
2022-01-06,1.0570816804416383,1.0665055869941746,70.70068635139381,0.4570936507720189,1.8415192207170232,3.509994506835937,0,2026-01-16,"Precio de la gasolina y diésel en Málaga hoy , viernes 16 de enero : ¿ Dónde están las gasolineras más baratas ?",https://www.diariosur.es/economia/mibolsillo/precio-gasolina-diesel-provincia-malaga-viernes-16-enero-2026-20260114000000-nt.html,diariosur.es,Spanish,1,-0.093509
2022-01-07,1.0446937508831755,1.05330611499885,67.42901191398883,0.4503852577952976,1.849268174782716,1.9500045776367188,0,2026-01-16,"Precio de la gasolina y diésel en Málaga hoy , viernes 16 de enero : ¿ Dónde están las gasolineras más baratas ?",https://www.diariosur.es/economia/mibolsillo/precio-gasolina-diesel-provincia-malaga-viernes-16-enero-2026-20260114000000-nt.html,diariosur.es,Spanish,1,-0.093613
2022-01-08,1.0402658098396274,1.0476835585419133,67.42901191398883,0.412278680431263,1.7171775908696647,0.0,0,2026-01-16,"Precio de la gasolina y diésel en Málaga hoy , viernes 16 de enero : ¿ Dónde están las gasolineras más baratas ?",https://www.diariosur.es/economia/mibolsillo/precio-gasolina-diesel-provincia-malaga-viernes-16-enero-2026-20260114000000-nt.html,diariosur.es,Spanish,1,-0.093717
2022-01-09,1.0362917976052712,1.0403138241540075,67.42901191398883,0.3555502726226385,1.5945220486646887,0.0,0,2026-01-16,"Precio de la gasolina y diésel en Málaga hoy , viernes 16 de enero : ¿ Dónde están las gasolineras más baratas ?",https://www.diariosur.es/economia/mibolsillo/precio-gasolina-diesel-provincia-malaga-viernes-16-enero-2026-20260114000000-nt.html,diariosur.es,Spanish,1,-0.093821
2022-01-10,1.024808648787368,1.0266674061299268,63.0679082475209,0.246555770236786,1.5963415535591752,1.6199951171875,0,2026-01-16,"Precio de la gasolina y diésel en Málaga hoy , viernes 16 de enero : ¿ Dónde están las gasolineras más baratas ?",https://www.diariosur.es/economia/mibolsillo/precio-gasolina-diesel-provincia-malaga-viernes-16-enero-2026-20260114000000-nt.html,diariosur.es,Spanish,1,-0.093926
2022-01-11,1.0575338033867123,1.0600227210997577,71.8255474067125,0.3435260101687081,1.722316655516165,3.2299957275390625,0,2026-01-16,"Precio de la gasolina y diésel en Málaga hoy , viernes 16 de enero : ¿ Dónde están las gasolineras más baratas ?",https://www.diariosur.es/economia/mibolsillo/precio-gasolina-diesel-provincia-malaga-viernes-16-enero-2026-20260114000000-nt.html,diariosur.es,Spanish,1,-0.09403
2022-01-12,1.0682883259251017,1.0723623915416134,74.87292748422324,0.4635309421888269,1.7371512019204234,1.9300003051757808,0,2026-01-16,"Precio de la gasolina y diésel en Málaga hoy , viernes 16 de enero : ¿ Dónde están las gasolineras más baratas ?",https://www.diariosur.es/economia/mibolsillo/precio-gasolina-diesel-provincia-malaga-viernes-16-enero-2026-20260114000000-nt.html,diariosur.es,Spanish,1,-0.094135
2022-01-13,1.0553781558225297,1.059886453576799,71.80988644155019,0.4668202986175642,1.7237834769088085,1.5500030517578125,0,2026-01-16,"Precio de la gasolina y diésel en Málaga hoy , viernes 16 de enero : ¿ Dónde están las gasolineras más baratas ?",https://www.diariosur.es/economia/mibolsillo/precio-gasolina-diesel-provincia-malaga-viernes-16-enero-2026-20260114000000-nt.html,diariosur.es,Spanish,1,-0.094239
2022-01-14,1.0693609441827454,1.0748703145285063,75.35899086010713,0.5373929867215801,1.805655736928715,2.8699951171875,0,2026-01-16,"Precio de la gasolina y diésel en Málaga hoy , viernes 16 de enero : ¿ Dónde están las gasolineras más baratas ?",https://www.diariosur.es/economia/mibolsillo/precio-gasolina-diesel-provincia-malaga-viernes-16-enero-2026-20260114000000-nt.html,diariosur.es,Spanish,1,-0.094344
2022-01-15,1.0623433122604022,1.0680019813114587,75.35899086010713,0.5367233656445325,1.6766803271480926,0.0,0,2026-01-16,"Precio de la gasolina y diésel en Málaga hoy , viernes 16 de enero : ¿ Dónde están las gasolineras más baratas ?",https://www.diariosur.es/economia/mibolsillo/precio-gasolina-diesel-provincia-malaga-viernes-16-enero-2026-20260114000000-nt.html,diariosur.es,Spanish,1,-0.094449
2022-01-16,1.0560729233054131,1.0624180022978456,75.35899086010713,0.4902122468907568,1.5569174466375146,0.0,0,2026-01-16,"Precio de la gasolina y diésel en Málaga hoy , viernes 16 de enero : ¿ Dónde están las gasolineras más baratas ?",https://www.diariosur.es/economia/mibolsillo/precio-gasolina-diesel-provincia-malaga-viernes-16-enero-2026-20260114000000-nt.html,diariosur.es,Spanish,1,-0.094554
2022-01-17,1.0504631575844234,1.05716537530915,75.35899086010713,0.4162894623212483,1.445709057591978,0.0,0,2026-01-16,"Precio de la gasolina y diésel en Málaga hoy , viernes 16 de enero : ¿ Dónde están las gasolineras más baratas ?",https://www.diariosur.es/economia/mibolsillo/precio-gasolina-diesel-provincia-malaga-viernes-16-enero-2026-20260114000000-nt.html,diariosur.es,Spanish,1,-0.094659
2022-01-18,1.0634855254137798,1.0714778462333432,78.76462856764768,0.4308584009956941,1.566015357293835,3.1299972534179688,0,2026-01-16,"Precio de la gasolina y diésel en Málaga hoy , viernes 16 de enero : ¿ Dónde están las gasolineras más baratas ?",https://www.diariosur.es/economia/mibolsillo/precio-gasolina-diesel-provincia-malaga-viernes-16-enero-2026-20260114000000-nt.html,diariosur.es,Spanish,1,-0.094764
2022-01-19,1.074089360837107,1.083890574781938,81.39607356329465,0.4940409661819487,1.6313002144109603,2.1400070190429688,0,2026-01-16,"Precio de la gasolina y diésel en Málaga hoy , viernes 16 de enero : ¿ Dónde están las gasolineras más baratas ?",https://www.diariosur.es/economia/mibolsillo/precio-gasolina-diesel-provincia-malaga-viernes-16-enero-2026-20260114000000-nt.html,diariosur.es,Spanish,1,-0.09487
2022-01-20,1.065902382150276,1.0753087482529364,80.97233472257396,0.4817856051331031,1.644778748726193,1.8199996948242188,0,2026-01-16,"Precio de la gasolina y diésel en Málaga hoy , viernes 16 de enero : ¿ Dónde están las gasolineras más baratas ?",https://www.diariosur.es/economia/mibolsillo/precio-gasolina-diesel-provincia-malaga-viernes-16-enero-2026-20260114000000-nt.html,diariosur.es,Spanish,1,-0.094975
2022-01-21,1.0399255325134014,1.04709722653464,69.53640783682496,0.3133012521993619,1.8215804628587529,2.779998779296875,0,2026-01-16,"Precio de la gasolina y diésel en Málaga hoy , viernes 16 de enero : ¿ Dónde están las gasolineras más baratas ?",https://www.diariosur.es/economia/mibolsillo/precio-gasolina-diesel-provincia-malaga-viernes-16-enero-2026-20260114000000-nt.html,diariosur.es,Spanish,1,-0.095081
2022-01-22,1.035986265529797,1.0407422228464278,69.53640783682496,0.1673329697189238,1.691467572654556,0.0,0,2026-01-16,"Precio de la gasolina y diésel en Málaga hoy , viernes 16 de enero : ¿ Dónde están las gasolineras más baratas ?",https://www.diariosur.es/economia/mibolsillo/precio-gasolina-diesel-provincia-malaga-viernes-16-enero-2026-20260114000000-nt.html,diariosur.es,Spanish,1,-0.095186
2022-01-23,1.032447795006297,1.0350109306194168,69.53640783682496,0.042747836872647,1.5706484603220878,0.0,0,2026-01-16,"Precio de la gasolina y diésel en Málaga hoy , viernes 16 de enero : ¿ Dónde están las gasolineras más baratas ?",https://www.diariosur.es/economia/mibolsillo/precio-gasolina-diesel-provincia-malaga-viernes-16-enero-2026-20260114000000-nt.html,diariosur.es,Spanish,1,-0.095292
2022-01-24,1.0092704809167572,1.008888749068396,58.7592691180357,-0.1787876661196059,1.7577446282999187,4.189994812011719,0,2026-01-16,"Precio de la gasolina y diésel en Málaga hoy , viernes 16 de enero : ¿ Dónde están las gasolineras más baratas ?",https://www.diariosur.es/economia/mibolsillo/precio-gasolina-diesel-provincia-malaga-viernes-16-enero-2026-20260114000000-nt.html,diariosur.es,Spanish,1,-0.095398
2022-01-25,1.0333703325791834,1.0317790143100196,65.88467420183544,-0.1861400822763146,1.826477242043005,2.720001220703125,0,2026-01-16,"Precio de la gasolina y diésel en Málaga hoy , viernes 16 de enero : ¿ Dónde están las gasolineras más baratas ?",https://www.diariosur.es/economia/mibolsillo/precio-gasolina-diesel-provincia-malaga-viernes-16-enero-2026-20260114000000-nt.html,diariosur.es,Spanish,1,-0.095504
2022-01-26,1.0490517524347294,1.0478898040049751,70.13166479163472,-0.0928986092047727,1.9060142113264849,2.9399948120117188,0,2026-01-16,"Precio de la gasolina y diésel en Málaga hoy , viernes 16 de enero : ¿ Dónde están las gasolineras más baratas ?",https://www.diariosur.es/economia/mibolsillo/precio-gasolina-diesel-provincia-malaga-viernes-16-enero-2026-20260114000000-nt.html,diariosur.es,Spanish,1,-0.09561
2022-01-27,1.0362008902607265,1.0342295278836178,66.36917528522865,-0.1001888191400151,1.9370134796092469,2.340003967285156,0,2026-01-16,"Precio de la gasolina y diésel en Málaga hoy , viernes 16 de enero : ¿ Dónde están las gasolineras más baratas ?",https://www.diariosur.es/economia/mibolsillo/precio-gasolina-diesel-provincia-malaga-viernes-16-enero-2026-20260114000000-nt.html,diariosur.es,Spanish,1,-0.095717
2022-01-28,1.0348976668899894,1.0318578033811647,66.9116848768046,-0.1092532390545892,1.9700835093860416,2.399993896484375,0,2026-01-16,"Precio de la gasolina y diésel en Málaga hoy , viernes 16 de enero : ¿ Dónde están las gasolineras más baratas ?",https://www.diariosur.es/economia/mibolsillo/precio-gasolina-diesel-provincia-malaga-viernes-16-enero-2026-20260114000000-nt.html,diariosur.es,Spanish,1,-0.095823
2022-01-29,1.03146948797584,1.0270241465637235,66.9116848768046,-0.1321071682853083,1.8293632587156103,0.0,0,2026-01-16,"Precio de la gasolina y diésel en Málaga hoy , viernes 16 de enero : ¿ Dónde están las gasolineras más baratas ?",https://www.diariosur.es/economia/mibolsillo/precio-gasolina-diesel-provincia-malaga-viernes-16-enero-2026-20260114000000-nt.html,diariosur.es,Spanish,1,-0.09593
2022-01-30,1.028387314430509,1.0218325184335093,66.9116848768046,-0.1621049551145401,1.6986944545216385,0.0,0,2026-01-16,"Precio de la gasolina y diésel en Málaga hoy , viernes 16 de enero : ¿ Dónde están las gasolineras más baratas ?",https://www.diariosur.es/economia/mibolsillo/precio-gasolina-diesel-provincia-malaga-viernes-16-enero-2026-20260114000000-nt.html,diariosur.es,Spanish,1,-0.096036
2022-01-31,1.0397701340491898,1.0332722053487473,70.65604368209256,-0.1097607602181232,1.7237879257527935,2.0500030517578125,0,2026-01-16,"Precio de la gasolina y diésel en Málaga hoy , viernes 16 de enero : ¿ Dónde están las gasolineras más baratas ?",https://www.diariosur.es/economia/mibolsillo/precio-gasolina-diesel-provincia-malaga-viernes-16-enero-2026-20260114000000-nt.html,diariosur.es,Spanish,1,-0.096143
2022-02-01,1.0363762348780072,1.0305002049804504,70.7898569495332,-0.0899870272959679,1.766374480686467,2.3199996948242188,0,2026-01-16,"Precio de la gasolina y diésel en Málaga hoy , viernes 16 de enero : ¿ Dónde están las gasolineras más baratas ?",https://www.diariosur.es/economia/mibolsillo/precio-gasolina-diesel-provincia-malaga-viernes-16-enero-2026-20260114000000-nt.html,diariosur.es,Spanish,1,-0.09625
2022-02-02,1.033431694200127,1.0275157021824866,70.96101807624103,-0.0908205022036261,1.827347928250436,2.6200027465820312,0,2026-01-16,"Precio de la gasolina y diésel en Málaga hoy , viernes 16 de enero : ¿ Dónde están las gasolineras más baratas ?",https://www.diariosur.es/economia/mibolsillo/precio-gasolina-diesel-provincia-malaga-viernes-16-enero-2026-20260114000000-nt.html,diariosur.es,Spanish,1,-0.096357
2022-02-03,1.051263099349855,1.0469849706705132,76.0281648921519,0.0201242774747023,1.961108572535562,3.6999969482422017,0,2026-01-16,"Precio de la gasolina y diésel en Málaga hoy , viernes 16 de enero : ¿ Dónde están las gasolineras más baratas ?",https://www.diariosur.es/economia/mibolsillo/precio-gasolina-diesel-provincia-malaga-viernes-16-enero-2026-20260114000000-nt.html,diariosur.es,Spanish,1,-0.096464
2022-02-04,1.0673941443683672,1.0654001537924844,79.86782642343688,0.1971826645477636,2.042457851220244,3.099998474121108,0,2026-01-16,"Precio de la gasolina y diésel en Málaga hoy , viernes 16 de enero : ¿ Dónde están las gasolineras más baratas ?",https://www.diariosur.es/economia/mibolsillo/precio-gasolina-diesel-provincia-malaga-viernes-16-enero-2026-20260114000000-nt.html,diariosur.es,Spanish,1,-0.096571
2022-02-05,1.0605867787983183,1.060205797022002,79.86782642343688,0.275760574883642,1.896568004704512,0.0,0,2026-01-16,"Precio de la gasolina y diésel en Málaga hoy , viernes 16 de enero : ¿ Dónde están las gasolineras más baratas ?",https://www.diariosur.es/economia/mibolsillo/precio-gasolina-diesel-provincia-malaga-viernes-16-enero-2026-20260114000000-nt.html,diariosur.es,Spanish,1,-0.096679
2022-02-06,1.0545021229066134,1.0550618446613926,79.86782642343688,0.2878651322500847,1.7610988615113328,0.0,0,2026-01-16,"Precio de la gasolina y diésel en Málaga hoy , viernes 16 de enero : ¿ Dónde están las gasolineras más baratas ?",https://www.diariosur.es/economia/mibolsillo/precio-gasolina-diesel-provincia-malaga-viernes-16-enero-2026-20260114000000-nt.html,diariosur.es,Spanish,1,-0.096786
2022-02-07,1.0389191871578718,1.0402451456317956,72.80007253383364,0.1938354851633859,1.7781632285462377,2.0,0,2026-01-16,"Precio de la gasolina y diésel en Málaga hoy , viernes 16 de enero : ¿ Dónde están las gasolineras más baratas ?",https://www.diariosur.es/economia/mibolsillo/precio-gasolina-diesel-provincia-malaga-viernes-16-enero-2026-20260114000000-nt.html,diariosur.es,Spanish,1,-0.096894
2022-02-08,1.015014179878497,1.0165288477245673,61.24469087555974,-0.0241328377215532,1.8775800100033144,3.1699981689453125,0,2026-01-16,"Precio de la gasolina y diésel en Málaga hoy , viernes 16 de enero : ¿ Dónde están las gasolineras más baratas ?",https://www.diariosur.es/economia/mibolsillo/precio-gasolina-diesel-provincia-malaga-viernes-16-enero-2026-20260114000000-nt.html,diariosur.es,Spanish,1,-0.097001
2022-02-09,1.016638176302796,1.0183429423743535,62.23283735612604,-0.1640742016685528,1.8984670213563133,2.1699981689452983,0,2026-01-16,"Precio de la gasolina y diésel en Málaga hoy , viernes 16 de enero : ¿ Dónde están las gasolineras más baratas ?",https://www.diariosur.es/economia/mibolsillo/precio-gasolina-diesel-provincia-malaga-viernes-16-enero-2026-20260114000000-nt.html,diariosur.es,Spanish,1,-0.097109
2022-02-10,1.017279001381432,1.0181010631979046,62.97828256014779,-0.2525058804012006,1.956433597293194,2.709999084472642,0,2026-01-16,"Precio de la gasolina y diésel en Málaga hoy , viernes 16 de enero : ¿ Dónde están las gasolineras más baratas ?",https://www.diariosur.es/economia/mibolsillo/precio-gasolina-diesel-provincia-malaga-viernes-16-enero-2026-20260114000000-nt.html,diariosur.es,Spanish,1,-0.097217
2022-02-11,1.048359625046147,1.0498421217318863,71.7633519682061,-0.1119875613030889,2.2074027132510463,5.470001220703125,0,2026-01-16,"Precio de la gasolina y diésel en Málaga hoy , viernes 16 de enero : ¿ Dónde están las gasolineras más baratas ?",https://www.diariosur.es/economia/mibolsillo/precio-gasolina-diesel-provincia-malaga-viernes-16-enero-2026-20260114000000-nt.html,diariosur.es,Spanish,1,-0.097325
2022-02-12,1.04355335372218,1.0451514335648568,71.7633519682061,-0.0405717346361544,2.049731090875972,0.0,0,2026-01-16,"Precio de la gasolina y diésel en Málaga hoy , viernes 16 de enero : ¿ Dónde están las gasolineras más baratas ?",https://www.diariosur.es/economia/mibolsillo/precio-gasolina-diesel-provincia-malaga-viernes-16-enero-2026-20260114000000-nt.html,diariosur.es,Spanish,1,-0.097433
2022-02-13,1.0392426392203575,1.039439521550266,71.7633519682061,-0.0161192759402144,1.9033217272419736,0.0,0,2026-01-16,"Precio de la gasolina y diésel en Málaga hoy , viernes 16 de enero : ¿ Dónde están las gasolineras más baratas ?",https://www.diariosur.es/economia/mibolsillo/precio-gasolina-diesel-provincia-malaga-viernes-16-enero-2026-20260114000000-nt.html,diariosur.es,Spanish,1,-0.097542
2022-02-14,1.058971807789079,1.059954141290292,76.80233634240705,0.128262079903878,2.033798986505661,3.7300033569335938,0,2026-01-16,"Precio de la gasolina y diésel en Málaga hoy , viernes 16 de enero : ¿ Dónde están las gasolineras más baratas ?",https://www.diariosur.es/economia/mibolsillo/precio-gasolina-diesel-provincia-malaga-viernes-16-enero-2026-20260114000000-nt.html,diariosur.es,Spanish,1,-0.09765
2022-02-15,1.019291288115283,1.0196408549300358,60.18713135349972,-0.0270000663570377,2.231384446209777,4.509994506835952,0,2026-01-16,"Precio de la gasolina y diésel en Málaga hoy , viernes 16 de enero : ¿ Dónde están las gasolineras más baratas ?",https://www.diariosur.es/economia/mibolsillo/precio-gasolina-diesel-provincia-malaga-viernes-16-enero-2026-20260114000000-nt.html,diariosur.es,Spanish,1,-0.097759
2022-02-16,1.0332633638291977,1.03321607824652,64.10905746204267,-0.0440601377561549,2.4298571383541128,5.010002136230483,0,2026-01-16,"Precio de la gasolina y diésel en Málaga hoy , viernes 16 de enero : ¿ Dónde están las gasolineras más baratas ?",https://www.diariosur.es/economia/mibolsillo/precio-gasolina-diesel-provincia-malaga-viernes-16-enero-2026-20260114000000-nt.html,diariosur.es,Spanish,1,-0.097867
2022-02-17,1.011117735797685,1.0095053975284856,56.8963138949025,-0.196227084235983,2.473438836723628,2.739997863769517,0,2026-01-16,"Precio de la gasolina y diésel en Málaga hoy , viernes 16 de enero : ¿ Dónde están las gasolineras más baratas ?",https://www.diariosur.es/economia/mibolsillo/precio-gasolina-diesel-provincia-malaga-viernes-16-enero-2026-20260114000000-nt.html,diariosur.es,Spanish,1,-0.097976
2022-02-18,1.003178714131869,0.9995774287541426,54.49833320734442,-0.3474330037726396,2.5560506971585477,3.6300048828125,0,2026-01-16,"Precio de la gasolina y diésel en Málaga hoy , viernes 16 de enero : ¿ Dónde están las gasolineras más baratas ?",https://www.diariosur.es/economia/mibolsillo/precio-gasolina-diesel-provincia-malaga-viernes-16-enero-2026-20260114000000-nt.html,diariosur.es,Spanish,1,-0.098085
2022-02-19,1.0028751090574253,0.9972514554871996,54.49833320734442,-0.4452838921483733,2.3734756473615084,0.0,0,2026-01-16,"Precio de la gasolina y diésel en Málaga hoy , viernes 16 de enero : ¿ Dónde están las gasolineras más baratas ?",https://www.diariosur.es/economia/mibolsillo/precio-gasolina-diesel-provincia-malaga-viernes-16-enero-2026-20260114000000-nt.html,diariosur.es,Spanish,1,-0.098194
2022-02-20,1.0026005770574178,0.995659639618102,54.49833320734442,-0.5035484833296939,2.203941672549972,0.0,0,2026-01-16,"Precio de la gasolina y diésel en Málaga hoy , viernes 16 de enero : ¿ Dónde están las gasolineras más baratas ?",https://www.diariosur.es/economia/mibolsillo/precio-gasolina-diesel-provincia-malaga-viernes-16-enero-2026-20260114000000-nt.html,diariosur.es,Spanish,1,-0.098303
2022-02-21,1.0023523204433231,0.9941000225907464,54.49833320734442,-0.5327991353452823,2.046517267367831,0.0,0,2026-01-16,"Precio de la gasolina y diésel en Málaga hoy , viernes 16 de enero : ¿ Dónde están las gasolineras más baratas ?",https://www.diariosur.es/economia/mibolsillo/precio-gasolina-diesel-provincia-malaga-viernes-16-enero-2026-20260114000000-nt.html,diariosur.es,Spanish,1,-0.098413
2022-02-22,1.0148514766669663,1.0058269246640432,58.82806044999823,-0.4594301560843037,2.3039090001186224,5.650001525878906,0,2026-01-16,"Precio de la gasolina y diésel en Málaga hoy , viernes 16 de enero : ¿ Dónde están las gasolineras más baratas ?",https://www.diariosur.es/economia/mibolsillo/precio-gasolina-diesel-provincia-malaga-viernes-16-enero-2026-20260114000000-nt.html,diariosur.es,Spanish,1,-0.098522
2022-02-23,1.0109387906876297,1.002105389651572,57.673739753658914,-0.4221811166208866,2.3722013669837545,3.2600021362304688,0,2026-01-16,"Precio de la gasolina y diésel en Málaga hoy , viernes 16 de enero : ¿ Dónde están las gasolineras más baratas ?",https://www.diariosur.es/economia/mibolsillo/precio-gasolina-diesel-provincia-malaga-viernes-16-enero-2026-20260114000000-nt.html,diariosur.es,Spanish,1,-0.098632
2022-02-24,1.0169179267777684,1.0095560072700895,60.07005071524364,-0.3472968768614659,2.852044409862425,9.090003967285142,0,2026-01-16,"Precio de la gasolina y diésel en Málaga hoy , viernes 16 de enero : ¿ Dónde están las gasolineras más baratas ?",https://www.diariosur.es/economia/mibolsillo/precio-gasolina-diesel-provincia-malaga-viernes-16-enero-2026-20260114000000-nt.html,diariosur.es,Spanish,1,-0.098741
2022-02-25,1.0032111712692604,0.9966755381471016,54.37355037125935,-0.3751257290704208,3.046898511376158,5.580001831054688,0,2026-01-16,"Precio de la gasolina y diésel en Málaga hoy , viernes 16 de enero : ¿ Dónde están las gasolineras más baratas ?",https://www.diariosur.es/economia/mibolsillo/precio-gasolina-diesel-provincia-malaga-viernes-16-enero-2026-20260114000000-nt.html,diariosur.es,Spanish,1,-0.098851
2022-02-26,1.002904457176051,0.9970661387976152,54.37355037125935,-0.3871617078474532,2.829262903420718,0.0,0,2026-01-16,"Precio de la gasolina y diésel en Málaga hoy , viernes 16 de enero : ¿ Dónde están las gasolineras más baratas ?",https://www.diariosur.es/economia/mibolsillo/precio-gasolina-diesel-provincia-malaga-viernes-16-enero-2026-20260114000000-nt.html,diariosur.es,Spanish,1,-0.098961
2022-02-27,1.0026271155074282,0.9969196297510182,54.37355037125936,-0.3877856537732091,2.627172696033524,0.0,0,2026-01-16,"Precio de la gasolina y diésel en Málaga hoy , viernes 16 de enero : ¿ Dónde están las gasolineras más baratas ?",https://www.diariosur.es/economia/mibolsillo/precio-gasolina-diesel-provincia-malaga-viernes-16-enero-2026-20260114000000-nt.html,diariosur.es,Spanish,1,-0.099071
2022-02-28,1.0430856050006028,1.0382792466584614,67.43187016367348,-0.1167729451965913,2.9759462274761628,4.6699981689453125,0,2026-01-16,"Precio de la gasolina y diésel en Málaga hoy , viernes 16 de enero : ¿ Dónde están las gasolineras más baratas ?",https://www.diariosur.es/economia/mibolsillo/precio-gasolina-diesel-provincia-malaga-viernes-16-enero-2026-20260114000000-nt.html,diariosur.es,Spanish,1,-0.099181
2022-03-01,1.1134304797438237,1.113390122886864,79.30728338153051,0.5377462984836561,3.581950002975912,11.459999084472656,0,2026-01-16,"Precio de la gasolina y diésel en Málaga hoy , viernes 16 de enero : ¿ Dónde están las gasolineras más baratas ?",https://www.diariosur.es/economia/mibolsillo/precio-gasolina-diesel-provincia-malaga-viernes-16-enero-2026-20260114000000-nt.html,diariosur.es,Spanish,1,-0.099291
2022-03-02,1.1695879649891046,1.1776669131891278,84.86433283093285,1.3651940769270157,3.976096322343426,7.330001831054702,0,2026-01-16,"Precio de la gasolina y diésel en Málaga hoy , viernes 16 de enero : ¿ Dónde están las gasolineras más baratas ?",https://www.diariosur.es/economia/mibolsillo/precio-gasolina-diesel-provincia-malaga-viernes-16-enero-2026-20260114000000-nt.html,diariosur.es,Spanish,1,-0.099402
2022-03-03,1.1237692795730263,1.1376435552780486,75.91707430966184,1.608707931262078,4.416375112865213,10.139999389648438,0,2026-01-16,"Precio de la gasolina y diésel en Málaga hoy , viernes 16 de enero : ¿ Dónde están las gasolineras más baratas ?",https://www.diariosur.es/economia/mibolsillo/precio-gasolina-diesel-provincia-malaga-viernes-16-enero-2026-20260114000000-nt.html,diariosur.es,Spanish,1,-0.099512
2022-03-04,1.1839876718199631,1.207868699403391,81.62162599799042,2.1679567432008557,4.727348079308156,8.769996643066406,0,2026-01-16,"Precio de la gasolina y diésel en Málaga hoy , viernes 16 de enero : ¿ Dónde están las gasolineras más baratas ?",https://www.diariosur.es/economia/mibolsillo/precio-gasolina-diesel-provincia-malaga-viernes-16-enero-2026-20260114000000-nt.html,diariosur.es,Spanish,1,-0.099623
2022-03-05,1.1635983619580412,1.1937957395790275,81.62162599799042,2.3796645274673045,4.389680359357573,0.0,0,2026-01-16,"Precio de la gasolina y diésel en Málaga hoy , viernes 16 de enero : ¿ Dónde están las gasolineras más baratas ?",https://www.diariosur.es/economia/mibolsillo/precio-gasolina-diesel-provincia-malaga-viernes-16-enero-2026-20260114000000-nt.html,diariosur.es,Spanish,1,-0.099734
2022-03-06,1.1457467156814425,1.1814690832795265,81.62162599799042,2.357018519880812,4.076131762260604,0.0,0,2026-01-16,"Precio de la gasolina y diésel en Málaga hoy , viernes 16 de enero : ¿ Dónde están las gasolineras más baratas ?",https://www.diariosur.es/economia/mibolsillo/precio-gasolina-diesel-provincia-malaga-viernes-16-enero-2026-20260114000000-nt.html,diariosur.es,Spanish,1,-0.099845
2022-03-07,1.16237793921522,1.2026773370167287,83.84172242978563,2.420700902208228,4.853550856704322,14.959999084472656,0,2026-01-16,"Precio de la gasolina y diésel en Málaga hoy , viernes 16 de enero : ¿ Dónde están las gasolineras más baratas ?",https://www.diariosur.es/economia/mibolsillo/precio-gasolina-diesel-provincia-malaga-viernes-16-enero-2026-20260114000000-nt.html,diariosur.es,Spanish,1,-0.099956
2022-03-08,1.181261947712303,1.2274199656404905,85.95389863616484,2.5666505191272817,5.390440277409873,12.370002746582031,0,2026-01-16,"Precio de la gasolina y diésel en Málaga hoy , viernes 16 de enero : ¿ Dónde están las gasolineras más baratas ?",https://www.diariosur.es/economia/mibolsillo/precio-gasolina-diesel-provincia-malaga-viernes-16-enero-2026-20260114000000-nt.html,diariosur.es,Spanish,1,-0.100067
2022-03-09,1.0342756606083885,1.069592364360893,57.64579993993993,1.5189821895580415,6.663265906485787,23.20999908447267,0,2026-01-16,"Precio de la gasolina y diésel en Málaga hoy , viernes 16 de enero : ¿ Dónde están las gasolineras más baratas ?",https://www.diariosur.es/economia/mibolsillo/precio-gasolina-diesel-provincia-malaga-viernes-16-enero-2026-20260114000000-nt.html,diariosur.es,Spanish,1,-0.100178
2022-03-10,1.0079331768275683,1.0356043743904426,54.21055846651124,0.5608692914675855,6.855175375602594,9.34999847412108,0,2026-01-16,"Precio de la gasolina y diésel en Málaga hoy , viernes 16 de enero : ¿ Dónde están las gasolineras más baratas ?",https://www.diariosur.es/economia/mibolsillo/precio-gasolina-diesel-provincia-malaga-viernes-16-enero-2026-20260114000000-nt.html,diariosur.es,Spanish,1,-0.100289
2022-03-11,1.0355156393757377,1.0584966591409295,57.57339957942122,0.0901036864367048,6.78051981724482,5.80999755859375,0,2026-01-16,"Precio de la gasolina y diésel en Málaga hoy , viernes 16 de enero : ¿ Dónde están las gasolineras más baratas ?",https://www.diariosur.es/economia/mibolsillo/precio-gasolina-diesel-provincia-malaga-viernes-16-enero-2026-20260114000000-nt.html,diariosur.es,Spanish,1,-0.100401
2022-03-12,1.0320248752522851,1.0492222033152865,57.57339957942121,-0.2619659287207136,6.296196973155904,0.0,0,2026-01-16,"Precio de la gasolina y diésel en Málaga hoy , viernes 16 de enero : ¿ Dónde están las gasolineras más baratas ?",https://www.diariosur.es/economia/mibolsillo/precio-gasolina-diesel-provincia-malaga-viernes-16-enero-2026-20260114000000-nt.html,diariosur.es,Spanish,1,-0.100512
2022-03-13,1.0288867827887105,1.0401088597910646,57.57339957942121,-0.5205860526130675,5.846468617930483,0.0,0,2026-01-16,"Precio de la gasolina y diésel en Málaga hoy , viernes 16 de enero : ¿ Dónde están las gasolineras más baratas ?",https://www.diariosur.es/economia/mibolsillo/precio-gasolina-diesel-provincia-malaga-viernes-16-enero-2026-20260114000000-nt.html,diariosur.es,Spanish,1,-0.100624
2022-03-14,0.9722427378954708,0.9750395445313472,48.99283262667826,-1.1092176464884442,6.140292222683494,9.959999084472642,0,2026-01-16,"Precio de la gasolina y diésel en Málaga hoy , viernes 16 de enero : ¿ Dónde están las gasolineras más baratas ?",https://www.diariosur.es/economia/mibolsillo/precio-gasolina-diesel-provincia-malaga-viernes-16-enero-2026-20260114000000-nt.html,diariosur.es,Spanish,1,-0.100736
2022-03-15,0.9180818001644316,0.9109801523135288,41.98724644967735,-1.8872632801124596,6.378843017987074,9.050003051757798,0,2026-01-16,"Precio de la gasolina y diésel en Málaga hoy , viernes 16 de enero : ¿ Dónde están las gasolineras más baratas ?",https://www.diariosur.es/economia/mibolsillo/precio-gasolina-diesel-provincia-malaga-viernes-16-enero-2026-20260114000000-nt.html,diariosur.es,Spanish,1,-0.100848
2022-03-16,0.9130363587433298,0.8968110663487681,40.65324889985291,-2.409004866663949,6.291068625693633,5.150001525878906,0,2026-01-16,"Precio de la gasolina y diésel en Málaga hoy , viernes 16 de enero : ¿ Dónde están las gasolineras más baratas ?",https://www.diariosur.es/economia/mibolsillo/precio-gasolina-diesel-provincia-malaga-viernes-16-enero-2026-20260114000000-nt.html,diariosur.es,Spanish,1,-0.10096
2022-03-17,0.9903226643107284,0.9665399904565436,50.29794957128018,-2.141201643218244,6.512420823118975,9.389999389648423,0,2026-01-16,"Precio de la gasolina y diésel en Málaga hoy , viernes 16 de enero : ¿ Dónde están las gasolineras más baratas ?",https://www.diariosur.es/economia/mibolsillo/precio-gasolina-diesel-provincia-malaga-viernes-16-enero-2026-20260114000000-nt.html,diariosur.es,Spanish,1,-0.101072
2022-03-18,1.006205542734783,0.9766745196517004,52.11344949447725,-1.7846319184609394,6.33153331629184,3.9799957275390767,0,2026-01-16,"Precio de la gasolina y diésel en Málaga hoy , viernes 16 de enero : ¿ Dónde están las gasolineras más baratas ?",https://www.diariosur.es/economia/mibolsillo/precio-gasolina-diesel-provincia-malaga-viernes-16-enero-2026-20260114000000-nt.html,diariosur.es,Spanish,1,-0.101185
2022-03-19,1.005611222409522,0.9707387332640884,52.11344949447725,-1.4968154801923288,5.879280936556709,0.0,0,2026-01-16,"Precio de la gasolina y diésel en Málaga hoy , viernes 16 de enero : ¿ Dónde están las gasolineras más baratas ?",https://www.diariosur.es/economia/mibolsillo/precio-gasolina-diesel-provincia-malaga-viernes-16-enero-2026-20260114000000-nt.html,diariosur.es,Spanish,1,-0.101297
2022-03-20,1.005074108660784,0.966714343954542,52.11344949447725,-1.2637685379564716,5.45933229823123,0.0,0,2026-01-16,"Precio de la gasolina y diésel en Málaga hoy , viernes 16 de enero : ¿ Dónde están las gasolineras más baratas ?",https://www.diariosur.es/economia/mibolsillo/precio-gasolina-diesel-provincia-malaga-viernes-16-enero-2026-20260114000000-nt.html,diariosur.es,Spanish,1,-0.10141
2022-03-21,1.06853790875787,1.0310786033947437,59.98827092828356,-0.6008589408806464,5.684380034811253,8.610000610351562,0,2026-01-16,"Precio de la gasolina y diésel en Málaga hoy , viernes 16 de enero : ¿ Dónde están las gasolineras más baratas ?",https://www.diariosur.es/economia/mibolsillo/precio-gasolina-diesel-provincia-malaga-viernes-16-enero-2026-20260114000000-nt.html,diariosur.es,Spanish,1,-0.101523
2022-03-22,1.0585433193090057,1.0272200634524735,59.477223131147184,-0.1984029304811239,5.686209966929927,5.709999084472685,0,2026-01-16,"Precio de la gasolina y diésel en Málaga hoy , viernes 16 de enero : ¿ Dónde están las gasolineras más baratas ?",https://www.diariosur.es/economia/mibolsillo/precio-gasolina-diesel-provincia-malaga-viernes-16-enero-2026-20260114000000-nt.html,diariosur.es,Spanish,1,-0.101635
2022-03-23,1.0794628560655957,1.0528437235514303,62.5061944223037,0.2454368843072747,5.781480988753572,7.020004272460952,0,2026-01-16,"Precio de la gasolina y diésel en Málaga hoy , viernes 16 de enero : ¿ Dónde están las gasolineras más baratas ?",https://www.diariosur.es/economia/mibolsillo/precio-gasolina-diesel-provincia-malaga-viernes-16-enero-2026-20260114000000-nt.html,diariosur.es,Spanish,1,-0.101748
2022-03-24,1.049624937195225,1.0306941760303954,58.64890715068794,0.3237991692222808,5.799232259506665,6.029998779296875,0,2026-01-16,"Precio de la gasolina y diésel en Málaga hoy , viernes 16 de enero : ¿ Dónde están las gasolineras más baratas ?",https://www.diariosur.es/economia/mibolsillo/precio-gasolina-diesel-provincia-malaga-viernes-16-enero-2026-20260114000000-nt.html,diariosur.es,Spanish,1,-0.101862
2022-03-25,1.0577331801696643,1.0458608747396758,60.24042303442243,0.4330852237331988,5.773572986785208,5.440002441406264,0,2026-01-16,"Precio de la gasolina y diésel en Málaga hoy , viernes 16 de enero : ¿ Dónde están las gasolineras más baratas ?",https://www.diariosur.es/economia/mibolsillo/precio-gasolina-diesel-provincia-malaga-viernes-16-enero-2026-20260114000000-nt.html,diariosur.es,Spanish,1,-0.101975
2022-03-26,1.051949144977634,1.0467162740030158,60.24042303442243,0.4554817668998772,5.36117491630055,0.0,0,2026-01-16,"Precio de la gasolina y diésel en Málaga hoy , viernes 16 de enero : ¿ Dónde están las gasolineras más baratas ?",https://www.diariosur.es/economia/mibolsillo/precio-gasolina-diesel-provincia-malaga-viernes-16-enero-2026-20260114000000-nt.html,diariosur.es,Spanish,1,-0.102088
2022-03-27,1.0467702099874523,1.0493682271739968,60.24042303442243,0.4212054488029686,4.978233850850511,0.0,0,2026-01-16,"Precio de la gasolina y diésel en Málaga hoy , viernes 16 de enero : ¿ Dónde están las gasolineras más baratas ?",https://www.diariosur.es/economia/mibolsillo/precio-gasolina-diesel-provincia-malaga-viernes-16-enero-2026-20260114000000-nt.html,diariosur.es,Spanish,1,-0.102202
2022-03-28,0.9762355340116776,0.9842598209014084,48.398887819108594,-0.1544679185006177,5.41335998256292,10.099998474121108,0,2026-01-16,"Precio de la gasolina y diésel en Málaga hoy , viernes 16 de enero : ¿ Dónde están las gasolineras más baratas ?",https://www.diariosur.es/economia/mibolsillo/precio-gasolina-diesel-provincia-malaga-viernes-16-enero-2026-20260114000000-nt.html,diariosur.es,Spanish,1,-0.102315
2022-03-29,0.9640255269509136,0.970292676048288,46.27674034594007,-0.6420027079937682,5.698119547843024,9.39999389648439,0,2026-01-16,"Precio de la gasolina y diésel en Málaga hoy , viernes 16 de enero : ¿ Dónde están las gasolineras más baratas ?",https://www.diariosur.es/economia/mibolsillo/precio-gasolina-diesel-provincia-malaga-viernes-16-enero-2026-20260114000000-nt.html,diariosur.es,Spanish,1,-0.102429
2022-03-30,0.9974061227567944,1.0027761824099768,51.08432970216495,-0.7090394981400778,5.613254018442129,4.199996948242202,0,2026-01-16,"Precio de la gasolina y diésel en Málaga hoy , viernes 16 de enero : ¿ Dónde están las gasolineras más baratas ?",https://www.diariosur.es/economia/mibolsillo/precio-gasolina-diesel-provincia-malaga-viernes-16-enero-2026-20260114000000-nt.html,diariosur.es,Spanish,1,-0.102543
2022-03-31,0.9340919323430004,0.9365922774158408,42.46507461041713,-1.21703866187592,5.795164162318752,8.139999389648423,0,2026-01-16,"Precio de la gasolina y diésel en Málaga hoy , viernes 16 de enero : ¿ Dónde están las gasolineras más baratas ?",https://www.diariosur.es/economia/mibolsillo/precio-gasolina-diesel-provincia-malaga-viernes-16-enero-2026-20260114000000-nt.html,diariosur.es,Spanish,1,-0.102657
2022-04-01,0.931364566406984,0.9315353551534308,41.4560414433123,-1.5552911988060958,5.664795380774779,3.970001220703125,0,2026-01-16,"Precio de la gasolina y diésel en Málaga hoy , viernes 16 de enero : ¿ Dónde están las gasolineras más baratas ?",https://www.diariosur.es/economia/mibolsillo/precio-gasolina-diesel-provincia-malaga-viernes-16-enero-2026-20260114000000-nt.html,diariosur.es,Spanish,1,-0.102771
2022-04-02,0.9374926822868924,0.9359531306877386,41.4560414433123,-1.7014172816411874,5.260167139290866,0.0,0,2026-01-16,"Precio de la gasolina y diésel en Málaga hoy , viernes 16 de enero : ¿ Dónde están las gasolineras más baratas ?",https://www.diariosur.es/economia/mibolsillo/precio-gasolina-diesel-provincia-malaga-viernes-16-enero-2026-20260114000000-nt.html,diariosur.es,Spanish,1,-0.102885
2022-04-03,0.94310707213407,0.9376062295336892,41.4560414433123,-1.715584180287126,4.884440915055804,0.0,0,2026-01-16,"Precio de la gasolina y diésel en Málaga hoy , viernes 16 de enero : ¿ Dónde están las gasolineras más baratas ?",https://www.diariosur.es/economia/mibolsillo/precio-gasolina-diesel-provincia-malaga-viernes-16-enero-2026-20260114000000-nt.html,diariosur.es,Spanish,1,-0.103
2022-04-04,0.9829634106952424,0.9723398999365446,47.62706017536233,-1.386479834908882,4.95626652038385,5.8899993896484375,0,2026-01-16,"Precio de la gasolina y diésel en Málaga hoy , viernes 16 de enero : ¿ Dónde están las gasolineras más baratas ?",https://www.diariosur.es/economia/mibolsillo/precio-gasolina-diesel-provincia-malaga-viernes-16-enero-2026-20260114000000-nt.html,diariosur.es,Spanish,1,-0.103114
2022-04-05,0.973143669004604,0.95679591487602,45.91148394490562,-1.196460114651233,5.0101045606759085,5.709999084472671,0,2026-01-16,"Precio de la gasolina y diésel en Málaga hoy , viernes 16 de enero : ¿ Dónde están las gasolineras más baratas ?",https://www.diariosur.es/economia/mibolsillo/precio-gasolina-diesel-provincia-malaga-viernes-16-enero-2026-20260114000000-nt.html,diariosur.es,Spanish,1,-0.103229
2022-04-06,0.9256432529796426,0.9058945188193877,39.29459021059493,-1.382285760263564,5.244382326779973,8.289993286132812,0,2026-01-16,"Precio de la gasolina y diésel en Málaga hoy , viernes 16 de enero : ¿ Dónde están las gasolineras más baratas ?",https://www.diariosur.es/economia/mibolsillo/precio-gasolina-diesel-provincia-malaga-viernes-16-enero-2026-20260114000000-nt.html,diariosur.es,Spanish,1,-0.103344
2022-04-07,0.9304791578873894,0.9077160062019975,39.082856771370245,-1.4378810874887622,5.227640884597864,5.010002136230455,0,2026-01-16,"Precio de la gasolina y diésel en Málaga hoy , viernes 16 de enero : ¿ Dónde están las gasolineras más baratas ?",https://www.diariosur.es/economia/mibolsillo/precio-gasolina-diesel-provincia-malaga-viernes-16-enero-2026-20260114000000-nt.html,diariosur.es,Spanish,1,-0.103458
2022-04-08,0.9564511448861625,0.9316305200188928,42.784708879263256,-1.2505815239148548,5.10209519431967,3.470001220703139,0,2026-01-16,"Precio de la gasolina y diésel en Málaga hoy , viernes 16 de enero : ¿ Dónde están las gasolineras más baratas ?",https://www.diariosur.es/economia/mibolsillo/precio-gasolina-diesel-provincia-malaga-viernes-16-enero-2026-20260114000000-nt.html,diariosur.es,Spanish,1,-0.103573
2022-04-09,0.960434556825354,0.9344834695133352,42.784708879263256,-1.0603219773498904,4.737659823296837,0.0,0,2026-01-16,"Precio de la gasolina y diésel en Málaga hoy , viernes 16 de enero : ¿ Dónde están las gasolineras más baratas ?",https://www.diariosur.es/economia/mibolsillo/precio-gasolina-diesel-provincia-malaga-viernes-16-enero-2026-20260114000000-nt.html,diariosur.es,Spanish,1,-0.103689
2022-04-10,0.9640672948989596,0.9406831811086912,42.784708879263256,-0.8757642023429784,4.399255550204206,0.0,0,2026-01-16,"Precio de la gasolina y diésel en Málaga hoy , viernes 16 de enero : ¿ Dónde están las gasolineras más baratas ?",https://www.diariosur.es/economia/mibolsillo/precio-gasolina-diesel-provincia-malaga-viernes-16-enero-2026-20260114000000-nt.html,diariosur.es,Spanish,1,-0.103804
2022-04-11,0.9317611988725903,0.9102889116725844,37.69180329048761,-0.9558151703126556,4.484308463610379,5.589996337890625,0,2026-01-16,"Precio de la gasolina y diésel en Málaga hoy , viernes 16 de enero : ¿ Dónde están las gasolineras más baratas ?",https://www.diariosur.es/economia/mibolsillo/precio-gasolina-diesel-provincia-malaga-viernes-16-enero-2026-20260114000000-nt.html,diariosur.es,Spanish,1,-0.103919
2022-04-12,0.9946731715710764,0.9779713302948516,48.23831186764345,-0.5392973657800506,4.668286256109192,6.510002136230469,0,2026-01-16,"Precio de la gasolina y diésel en Málaga hoy , viernes 16 de enero : ¿ Dónde están las gasolineras más baratas ?",https://www.diariosur.es/economia/mibolsillo/precio-gasolina-diesel-provincia-malaga-viernes-16-enero-2026-20260114000000-nt.html,diariosur.es,Spanish,1,-0.104035
2022-04-13,1.0277511845203449,1.0174553390039371,53.17555695539266,-0.0018999911423005,4.663408557395756,4.59999847412108,0,2026-01-16,"Precio de la gasolina y diésel en Málaga hoy , viernes 16 de enero : ¿ Dónde están las gasolineras más baratas ?",https://www.diariosur.es/economia/mibolsillo/precio-gasolina-diesel-provincia-malaga-viernes-16-enero-2026-20260114000000-nt.html,diariosur.es,Spanish,1,-0.10415
2022-04-14,1.0489377539789944,1.0473588088969543,56.48227629761611,0.522468355528652,4.7245934206579445,5.519996643066392,0,2026-01-16,"Precio de la gasolina y diésel en Málaga hoy , viernes 16 de enero : ¿ Dónde están las gasolineras más baratas ?",https://www.diariosur.es/economia/mibolsillo/precio-gasolina-diesel-provincia-malaga-viernes-16-enero-2026-20260114000000-nt.html,diariosur.es,Spanish,1,-0.104266
2022-04-15,1.0440716092599074,1.0509352061221142,56.48227629761611,0.8376837960557455,4.38712246203952,0.0,0,2026-01-16,"Precio de la gasolina y diésel en Málaga hoy , viernes 16 de enero : ¿ Dónde están las gasolineras más baratas ?",https://www.diariosur.es/economia/mibolsillo/precio-gasolina-diesel-provincia-malaga-viernes-16-enero-2026-20260114000000-nt.html,diariosur.es,Spanish,1,-0.104382
2022-04-16,1.039707648381431,1.05453611155314,56.48227629761611,1.003372881898545,4.07375657189384,0.0,0,2026-01-16,"Precio de la gasolina y diésel en Málaga hoy , viernes 16 de enero : ¿ Dónde están las gasolineras más baratas ?",https://www.diariosur.es/economia/mibolsillo/precio-gasolina-diesel-provincia-malaga-viernes-16-enero-2026-20260114000000-nt.html,diariosur.es,Spanish,1,-0.104498
2022-04-17,1.0357906188869974,1.0540216718462028,56.48227629761611,1.0643691600046643,3.782773959615709,0.0,0,2026-01-16,"Precio de la gasolina y diésel en Málaga hoy , viernes 16 de enero : ¿ Dónde están las gasolineras más baratas ?",https://www.diariosur.es/economia/mibolsillo/precio-gasolina-diesel-provincia-malaga-viernes-16-enero-2026-20260114000000-nt.html,diariosur.es,Spanish,1,-0.104614
2022-04-18,1.043225119171449,1.0643571669411152,58.32942129812033,1.1345329688923853,3.784718502399856,3.809997558593764,0,2026-01-16,"Precio de la gasolina y diésel en Málaga hoy , viernes 16 de enero : ¿ Dónde están las gasolineras más baratas ?",https://www.diariosur.es/economia/mibolsillo/precio-gasolina-diesel-provincia-malaga-viernes-16-enero-2026-20260114000000-nt.html,diariosur.es,Spanish,1,-0.104731
2022-04-19,0.9898149444853764,1.0113999312004724,48.40724097324389,0.7631985848514647,4.00152430185874,6.819999694824233,0,2026-01-16,"Precio de la gasolina y diésel en Málaga hoy , viernes 16 de enero : ¿ Dónde están las gasolineras más baratas ?",https://www.diariosur.es/economia/mibolsillo/precio-gasolina-diesel-provincia-malaga-viernes-16-enero-2026-20260114000000-nt.html,diariosur.es,Spanish,1,-0.104847
2022-04-20,0.9924380235138526,1.0120410825024146,48.72313123996069,0.5055635746605721,3.9628444741450566,3.4600067138671733,0,2026-01-16,"Precio de la gasolina y diésel en Málaga hoy , viernes 16 de enero : ¿ Dónde están las gasolineras más baratas ?",https://www.diariosur.es/economia/mibolsillo/precio-gasolina-diesel-provincia-malaga-viernes-16-enero-2026-20260114000000-nt.html,diariosur.es,Spanish,1,-0.104964
2022-04-21,1.0022461257536075,1.0200140703690832,50.50933105037087,0.3857914174471959,3.923355299757184,3.409996032714844,0,2026-01-16,"Precio de la gasolina y diésel en Málaga hoy , viernes 16 de enero : ¿ Dónde están las gasolineras más baratas ?",https://www.diariosur.es/economia/mibolsillo/precio-gasolina-diesel-provincia-malaga-viernes-16-enero-2026-20260114000000-nt.html,diariosur.es,Spanish,1,-0.10508
2022-04-22,0.986987074792513,1.001732203933698,47.55867872698918,0.1816914948841157,3.86883018278234,3.160003662109361,0,2026-01-16,"Precio de la gasolina y diésel en Málaga hoy , viernes 16 de enero : ¿ Dónde están las gasolineras más baratas ?",https://www.diariosur.es/economia/mibolsillo/precio-gasolina-diesel-provincia-malaga-viernes-16-enero-2026-20260114000000-nt.html,diariosur.es,Spanish,1,-0.105197
2022-04-23,0.9882117915670672,1.0003577272956028,47.55867872698918,0.0447881658995889,3.5924851697264586,0.0,0,2026-01-16,"Precio de la gasolina y diésel en Málaga hoy , viernes 16 de enero : ¿ Dónde están las gasolineras más baratas ?",https://www.diariosur.es/economia/mibolsillo/precio-gasolina-diesel-provincia-malaga-viernes-16-enero-2026-20260114000000-nt.html,diariosur.es,Spanish,1,-0.105314
2022-04-24,0.9893224905886338,1.0009512333899828,47.55867872698918,-0.0429230226066585,3.3358790861745686,0.0,0,2026-01-16,"Precio de la gasolina y diésel en Málaga hoy , viernes 16 de enero : ¿ Dónde están las gasolineras más baratas ?",https://www.diariosur.es/economia/mibolsillo/precio-gasolina-diesel-provincia-malaga-viernes-16-enero-2026-20260114000000-nt.html,diariosur.es,Spanish,1,-0.105431
2022-04-25,0.9592087244641856,0.9679574197016192,41.36462008423465,-0.3203820101568799,3.5826020739854814,6.270004272460923,0,2026-01-16,"Precio de la gasolina y diésel en Málaga hoy , viernes 16 de enero : ¿ Dónde están las gasolineras más baratas ?",https://www.diariosur.es/economia/mibolsillo/precio-gasolina-diesel-provincia-malaga-viernes-16-enero-2026-20260114000000-nt.html,diariosur.es,Spanish,1,-0.105548
2022-04-26,0.9909154540684928,0.9963213268801668,47.90547184417134,-0.2745563282528364,3.735273441608169,5.720001220703111,0,2026-01-16,"Precio de la gasolina y diésel en Málaga hoy , viernes 16 de enero : ¿ Dónde están las gasolineras más baratas ?",https://www.diariosur.es/economia/mibolsillo/precio-gasolina-diesel-provincia-malaga-viernes-16-enero-2026-20260114000000-nt.html,diariosur.es,Spanish,1,-0.105666
2022-04-27,0.9945985564635916,0.996532331168354,48.53159958282871,-0.2091204986942282,3.696324968065565,3.1899948120117188,0,2026-01-16,"Precio de la gasolina y diésel en Málaga hoy , viernes 16 de enero : ¿ Dónde están las gasolineras más baratas ?",https://www.diariosur.es/economia/mibolsillo/precio-gasolina-diesel-provincia-malaga-viernes-16-enero-2026-20260114000000-nt.html,diariosur.es,Spanish,1,-0.105783
2022-04-28,1.0245103292473765,1.0256011045563154,54.65735667934182,0.0583825824946112,3.828730545472156,5.550003051757827,0,2026-01-16,"Precio de la gasolina y diésel en Málaga hoy , viernes 16 de enero : ¿ Dónde están las gasolineras más baratas ?",https://www.diariosur.es/economia/mibolsillo/precio-gasolina-diesel-provincia-malaga-viernes-16-enero-2026-20260114000000-nt.html,diariosur.es,Spanish,1,-0.105901
2022-04-29,1.016253635302314,1.015899848895765,53.28725202419399,0.1824725148151136,3.855964012543619,4.209999084472642,0,2026-01-16,"Precio de la gasolina y diésel en Málaga hoy , viernes 16 de enero : ¿ Dónde están las gasolineras más baratas ?",https://www.diariosur.es/economia/mibolsillo/precio-gasolina-diesel-provincia-malaga-viernes-16-enero-2026-20260114000000-nt.html,diariosur.es,Spanish,1,-0.106019
2022-04-30,1.0146829413521978,1.012740302210687,53.28725202419399,0.2525106906307511,3.580538011647646,0.0,0,2026-01-16,"Precio de la gasolina y diésel en Málaga hoy , viernes 16 de enero : ¿ Dónde están las gasolineras más baratas ?",https://www.diariosur.es/economia/mibolsillo/precio-gasolina-diesel-provincia-malaga-viernes-16-enero-2026-20260114000000-nt.html,diariosur.es,Spanish,1,-0.106136
2022-05-01,1.0132660151165662,1.007671384784796,53.28725202419399,0.2844232327752205,3.324785296529958,0.0,0,2026-01-16,"Precio de la gasolina y diésel en Málaga hoy , viernes 16 de enero : ¿ Dónde están las gasolineras más baratas ?",https://www.diariosur.es/economia/mibolsillo/precio-gasolina-diesel-provincia-malaga-viernes-16-enero-2026-20260114000000-nt.html,diariosur.es,Spanish,1,-0.106254
2022-05-02,1.01617828257281,1.0100699560048123,54.31201846564649,0.32075040605226,3.4915866083570584,5.660003662109361,0,2026-01-16,"Precio de la gasolina y diésel en Málaga hoy , viernes 16 de enero : ¿ Dónde están las gasolineras más baratas ?",https://www.diariosur.es/economia/mibolsillo/precio-gasolina-diesel-provincia-malaga-viernes-16-enero-2026-20260114000000-nt.html,diariosur.es,Spanish,1,-0.106373
2022-05-03,0.9905000454248786,0.984432340998423,47.81638188038426,0.1504405915402041,3.506473606162748,3.700004577636705,0,2026-01-16,"Precio de la gasolina y diésel en Málaga hoy , viernes 16 de enero : ¿ Dónde están las gasolineras más baratas ?",https://www.diariosur.es/economia/mibolsillo/precio-gasolina-diesel-provincia-malaga-viernes-16-enero-2026-20260114000000-nt.html,diariosur.es,Spanish,1,-0.106491
2022-05-04,1.038502244953709,1.0359124467254144,58.31969666435149,0.3799511503460061,3.698868130596993,5.660003662109361,0,2026-01-16,"Precio de la gasolina y diésel en Málaga hoy , viernes 16 de enero : ¿ Dónde están las gasolineras más baratas ?",https://www.diariosur.es/economia/mibolsillo/precio-gasolina-diesel-provincia-malaga-viernes-16-enero-2026-20260114000000-nt.html,diariosur.es,Spanish,1,-0.106609
2022-05-05,1.0385998164552728,1.0395821162472896,59.05922797836271,0.5312673108197175,3.7860922497214826,4.920005798339844,0,2026-01-16,"Precio de la gasolina y diésel en Málaga hoy , viernes 16 de enero : ¿ Dónde están las gasolineras más baratas ?",https://www.diariosur.es/economia/mibolsillo/precio-gasolina-diesel-provincia-malaga-viernes-16-enero-2026-20260114000000-nt.html,diariosur.es,Spanish,1,-0.106728
2022-05-06,1.0477886281388311,1.0526567856255764,61.52603812726858,0.6920757094120313,3.797085834841824,3.940002441406264,0,2026-01-16,"Precio de la gasolina y diésel en Málaga hoy , viernes 16 de enero : ¿ Dónde están las gasolineras más baratas ?",https://www.diariosur.es/economia/mibolsillo/precio-gasolina-diesel-provincia-malaga-viernes-16-enero-2026-20260114000000-nt.html,diariosur.es,Spanish,1,-0.106846
2022-05-07,1.0430414358235962,1.0512353664420415,61.52603812726858,0.7524621146463296,3.5258654180674083,0.0,0,2026-01-16,"Precio de la gasolina y diésel en Málaga hoy , viernes 16 de enero : ¿ Dónde están las gasolineras más baratas ?",https://www.diariosur.es/economia/mibolsillo/precio-gasolina-diesel-provincia-malaga-viernes-16-enero-2026-20260114000000-nt.html,diariosur.es,Spanish,1,-0.106965
2022-05-08,1.0387832716785887,1.0504506985001374,61.52603812726858,0.7450253914282444,3.2740178882054507,0.0,0,2026-01-16,"Precio de la gasolina y diésel en Málaga hoy , viernes 16 de enero : ¿ Dónde están las gasolineras más baratas ?",https://www.diariosur.es/economia/mibolsillo/precio-gasolina-diesel-provincia-malaga-viernes-16-enero-2026-20260114000000-nt.html,diariosur.es,Spanish,1,-0.107084
2022-05-09,0.9778438613571148,0.9862759144456148,46.15897115915142,0.2674682132204351,3.637302368358744,8.360000610351562,0,2026-01-16,"Precio de la gasolina y diésel en Málaga hoy , viernes 16 de enero : ¿ Dónde están las gasolineras más baratas ?",https://www.diariosur.es/economia/mibolsillo/precio-gasolina-diesel-provincia-malaga-viernes-16-enero-2026-20260114000000-nt.html,diariosur.es,Spanish,1,-0.107203
2022-05-10,0.9511258865321132,0.9557844550978044,40.70147033132565,-0.2665370728806387,3.7560667028872494,5.3000030517578125,0,2026-01-16,"Precio de la gasolina y diésel en Málaga hoy , viernes 16 de enero : ¿ Dónde están las gasolineras más baratas ?",https://www.diariosur.es/economia/mibolsillo/precio-gasolina-diesel-provincia-malaga-viernes-16-enero-2026-20260114000000-nt.html,diariosur.es,Spanish,1,-0.107322
2022-05-11,1.0071006832651244,1.0118597463708114,51.69191905564268,-0.2150946525889828,4.076348045049877,8.240005493164034,0,2026-01-16,"Precio de la gasolina y diésel en Málaga hoy , viernes 16 de enero : ¿ Dónde están las gasolineras más baratas ?",https://www.diariosur.es/economia/mibolsillo/precio-gasolina-diesel-provincia-malaga-viernes-16-enero-2026-20260114000000-nt.html,diariosur.es,Spanish,1,-0.107442
2022-05-12,1.0100340680381623,1.0139098329746488,52.36308584350992,-0.1518230074002946,4.121608833580076,4.709999084472671,0,2026-01-16,"Precio de la gasolina y diésel en Málaga hoy , viernes 16 de enero : ¿ Dónde están las gasolineras más baratas ?",https://www.diariosur.es/economia/mibolsillo/precio-gasolina-diesel-provincia-malaga-viernes-16-enero-2026-20260114000000-nt.html,diariosur.es,Spanish,1,-0.107561
2022-05-13,1.046392886956179,1.051334493417038,58.76743321274718,0.1673339491824103,4.14935121234082,4.349998474121094,0,2026-01-16,"Precio de la gasolina y diésel en Málaga hoy , viernes 16 de enero : ¿ Dónde están las gasolineras más baratas ?",https://www.diariosur.es/economia/mibolsillo/precio-gasolina-diesel-provincia-malaga-viernes-16-enero-2026-20260114000000-nt.html,diariosur.es,Spanish,1,-0.107681
2022-05-14,1.0417898736381042,1.047139757749079,58.76743321274718,0.3515176854640828,3.852968982887904,0.0,0,2026-01-16,"Precio de la gasolina y diésel en Málaga hoy , viernes 16 de enero : ¿ Dónde están las gasolineras más baratas ?",https://www.diariosur.es/economia/mibolsillo/precio-gasolina-diesel-provincia-malaga-viernes-16-enero-2026-20260114000000-nt.html,diariosur.es,Spanish,1,-0.1078
2022-05-15,1.0376599993284612,1.0412435630993662,58.76743321274717,0.4406464264119062,3.5777569126816253,0.0,0,2026-01-16,"Precio de la gasolina y diésel en Málaga hoy , viernes 16 de enero : ¿ Dónde están las gasolineras más baratas ?",https://www.diariosur.es/economia/mibolsillo/precio-gasolina-diesel-provincia-malaga-viernes-16-enero-2026-20260114000000-nt.html,diariosur.es,Spanish,1,-0.10792
2022-05-16,1.065147411706255,1.0699044669364328,63.92223724813525,0.7012834139243211,3.807202912884891,6.790000915527344,0,2026-01-16,"Precio de la gasolina y diésel en Málaga hoy , viernes 16 de enero : ¿ Dónde están las gasolineras más baratas ?",https://www.diariosur.es/economia/mibolsillo/precio-gasolina-diesel-provincia-malaga-viernes-16-enero-2026-20260114000000-nt.html,diariosur.es,Spanish,1,-0.10804
2022-05-17,1.043552605762638,1.0479453860610763,60.00278414413334,0.7025220823191307,3.807402530435525,3.809997558593764,0,2026-01-16,"Precio de la gasolina y diésel en Málaga hoy , viernes 16 de enero : ¿ Dónde están las gasolineras más baratas ?",https://www.diariosur.es/economia/mibolsillo/precio-gasolina-diesel-provincia-malaga-viernes-16-enero-2026-20260114000000-nt.html,diariosur.es,Spanish,1,-0.10816
2022-05-18,1.0157742931864844,1.0197358983141815,54.395449444064745,0.4750523230210626,4.032587998581036,6.959999084472671,0,2026-01-16,"Precio de la gasolina y diésel en Málaga hoy , viernes 16 de enero : ¿ Dónde están las gasolineras más baratas ?",https://www.diariosur.es/economia/mibolsillo/precio-gasolina-diesel-provincia-malaga-viernes-16-enero-2026-20260114000000-nt.html,diariosur.es,Spanish,1,-0.108281
2022-05-19,1.036105865544991,1.040474757251793,58.30764711986678,0.4616045732802962,4.279546391051254,7.490005493164091,0,2026-01-16,"Precio de la gasolina y diésel en Málaga hoy , viernes 16 de enero : ¿ Dónde están las gasolineras más baratas ?",https://www.diariosur.es/economia/mibolsillo/precio-gasolina-diesel-provincia-malaga-viernes-16-enero-2026-20260114000000-nt.html,diariosur.es,Spanish,1,-0.108401
2022-05-20,1.0410107629818848,1.0457921200872573,59.75511272791128,0.4798463711717193,4.201721823219469,3.19000244140625,0,2026-01-16,"Precio de la gasolina y diésel en Málaga hoy , viernes 16 de enero : ¿ Dónde están las gasolineras más baratas ?",https://www.diariosur.es/economia/mibolsillo/precio-gasolina-diesel-provincia-malaga-viernes-16-enero-2026-20260114000000-nt.html,diariosur.es,Spanish,1,-0.108521
2022-05-21,1.0369606157405813,1.041683956376812,59.75511272791127,0.4508063417065058,3.9015988358466496,0.0,0,2026-01-16,"Precio de la gasolina y diésel en Málaga hoy , viernes 16 de enero : ¿ Dónde están las gasolineras más baratas ?",https://www.diariosur.es/economia/mibolsillo/precio-gasolina-diesel-provincia-malaga-viernes-16-enero-2026-20260114000000-nt.html,diariosur.es,Spanish,1,-0.108642
2022-05-22,1.0333232572788584,1.0378361909152114,59.75511272791127,0.3926258263448026,3.622913204714746,0.0,0,2026-01-16,"Precio de la gasolina y diésel en Málaga hoy , viernes 16 de enero : ¿ Dónde están las gasolineras más baratas ?",https://www.diariosur.es/economia/mibolsillo/precio-gasolina-diesel-provincia-malaga-viernes-16-enero-2026-20260114000000-nt.html,diariosur.es,Spanish,1,-0.108763
2022-05-23,1.005871125986832,1.0072514226658127,53.1164495198495,0.1307115766151505,3.655562392310456,2.80999755859375,0,2026-01-16,"Precio de la gasolina y diésel en Málaga hoy , viernes 16 de enero : ¿ Dónde están las gasolineras más baratas ?",https://www.diariosur.es/economia/mibolsillo/precio-gasolina-diesel-provincia-malaga-viernes-16-enero-2026-20260114000000-nt.html,diariosur.es,Spanish,1,-0.108884
2022-05-24,1.001020971016736,1.001605904928926,52.01571138385934,-0.0910283416126089,3.5958793424900106,2.8199996948242188,0,2026-01-16,"Precio de la gasolina y diésel en Málaga hoy , viernes 16 de enero : ¿ Dónde están las gasolineras más baratas ?",https://www.diariosur.es/economia/mibolsillo/precio-gasolina-diesel-provincia-malaga-viernes-16-enero-2026-20260114000000-nt.html,diariosur.es,Spanish,1,-0.109005
2022-05-25,1.005540969064072,1.0057658811901895,53.14189579460601,-0.206832641569266,3.514030600043738,2.4499969482421875,0,2026-01-16,"Precio de la gasolina y diésel en Málaga hoy , viernes 16 de enero : ¿ Dónde están las gasolineras más baratas ?",https://www.diariosur.es/economia/mibolsillo/precio-gasolina-diesel-provincia-malaga-viernes-16-enero-2026-20260114000000-nt.html,diariosur.es,Spanish,1,-0.109126
2022-05-26,1.0358819253659484,1.037998037584508,59.94017961386346,-0.0454806395478972,3.5887430706112045,4.560005187988267,0,2026-01-16,"Precio de la gasolina y diésel en Málaga hoy , viernes 16 de enero : ¿ Dónde están las gasolineras más baratas ?",https://www.diariosur.es/economia/mibolsillo/precio-gasolina-diesel-provincia-malaga-viernes-16-enero-2026-20260114000000-nt.html,diariosur.es,Spanish,1,-0.109247
2022-05-27,1.0403430775698004,1.044396143599445,61.507700965874,0.1038203435327371,3.507404606827312,2.4500045776367045,0,2026-01-16,"Precio de la gasolina y diésel en Málaga hoy , viernes 16 de enero : ¿ Dónde están las gasolineras más baratas ?",https://www.diariosur.es/economia/mibolsillo/precio-gasolina-diesel-provincia-malaga-viernes-16-enero-2026-20260114000000-nt.html,diariosur.es,Spanish,1,-0.109369
2022-05-28,1.0363611728852256,1.0418902003888098,61.507700965874,0.1749632248305075,3.2568757063396467,0.0,0,2026-01-16,"Precio de la gasolina y diésel en Málaga hoy , viernes 16 de enero : ¿ Dónde están las gasolineras más baratas ?",https://www.diariosur.es/economia/mibolsillo/precio-gasolina-diesel-provincia-malaga-viernes-16-enero-2026-20260114000000-nt.html,diariosur.es,Spanish,1,-0.10949
2022-05-29,1.0327846717421372,1.0362698981848475,61.507700965874,0.1929899181283541,3.0242417273153865,0.0,0,2026-01-16,"Precio de la gasolina y diésel en Málaga hoy , viernes 16 de enero : ¿ Dónde están las gasolineras más baratas ?",https://www.diariosur.es/economia/mibolsillo/precio-gasolina-diesel-provincia-malaga-viernes-16-enero-2026-20260114000000-nt.html,diariosur.es,Spanish,1,-0.109612
2022-05-30,1.0295699941902248,1.0291750169180638,61.507700965874,0.1763395617077714,2.808224461078573,0.0,0,2026-01-16,"Precio de la gasolina y diésel en Málaga hoy , viernes 16 de enero : ¿ Dónde están las gasolineras más baratas ?",https://www.diariosur.es/economia/mibolsillo/precio-gasolina-diesel-provincia-malaga-viernes-16-enero-2026-20260114000000-nt.html,diariosur.es,Spanish,1,-0.109734
2022-05-31,1.0234576426861768,1.0215044078535584,60.2141724483752,0.1128980650906843,3.0240657017911525,5.830001831054688,0,2026-01-16,"Precio de la gasolina y diésel en Málaga hoy , viernes 16 de enero : ¿ Dónde están las gasolineras más baratas ?",https://www.diariosur.es/economia/mibolsillo/precio-gasolina-diesel-provincia-malaga-viernes-16-enero-2026-20260114000000-nt.html,diariosur.es,Spanish,1,-0.109856
2022-06-01,1.025917095194148,1.0226017746596172,61.50029365039538,0.0863770165913662,3.0430610742008826,3.290000915527372,0,2026-01-16,"Precio de la gasolina y diésel en Málaga hoy , viernes 16 de enero : ¿ Dónde están las gasolineras más baratas ?",https://www.diariosur.es/economia/mibolsillo/precio-gasolina-diesel-provincia-malaga-viernes-16-enero-2026-20260114000000-nt.html,diariosur.es,Spanish,1,-0.109978
2022-06-02,1.0362753941684175,1.0339595855011636,64.84035030470258,0.1492841990598625,3.294985261388262,6.5699996948242045,0,2026-01-16,"Precio de la gasolina y diésel en Málaga hoy , viernes 16 de enero : ¿ Dónde están las gasolineras más baratas ?",https://www.diariosur.es/economia/mibolsillo/precio-gasolina-diesel-provincia-malaga-viernes-16-enero-2026-20260114000000-nt.html,diariosur.es,Spanish,1,-0.1101
2022-06-03,1.048615408532096,1.0477697553970071,68.49665005061186,0.2894941667829918,3.4332002946847484,5.229995727539063,0,2026-01-16,"Precio de la gasolina y diésel en Málaga hoy , viernes 16 de enero : ¿ Dónde están las gasolineras más baratas ?",https://www.diariosur.es/economia/mibolsillo/precio-gasolina-diesel-provincia-malaga-viernes-16-enero-2026-20260114000000-nt.html,diariosur.es,Spanish,1,-0.110223
2022-06-04,1.043782654231697,1.0439143263140531,68.49665005061186,0.3425108411058013,3.1879717022072667,0.0,0,2026-01-16,"Precio de la gasolina y diésel en Málaga hoy , viernes 16 de enero : ¿ Dónde están las gasolineras más baratas ?",https://www.diariosur.es/economia/mibolsillo/precio-gasolina-diesel-provincia-malaga-viernes-16-enero-2026-20260114000000-nt.html,diariosur.es,Spanish,1,-0.110345
2022-06-05,1.0394483866787776,1.0417780608655218,68.49665005061186,0.3373165751764948,2.9602594377638907,0.0,0,2026-01-16,"Precio de la gasolina y diésel en Málaga hoy , viernes 16 de enero : ¿ Dónde están las gasolineras más baratas ?",https://www.diariosur.es/economia/mibolsillo/precio-gasolina-diesel-provincia-malaga-viernes-16-enero-2026-20260114000000-nt.html,diariosur.es,Spanish,1,-0.110468
2022-06-06,1.0326514693840927,1.0357667244880762,66.88939961177294,0.2715275880336834,2.9888123786630105,3.3600006103515625,0,2026-01-16,"Precio de la gasolina y diésel en Málaga hoy , viernes 16 de enero : ¿ Dónde están las gasolineras más baratas ?",https://www.diariosur.es/economia/mibolsillo/precio-gasolina-diesel-provincia-malaga-viernes-16-enero-2026-20260114000000-nt.html,diariosur.es,Spanish,1,-0.110591
2022-06-07,1.036575295978618,1.039260591430561,68.82679621960048,0.2522759233430336,3.005325867380161,3.220001220703125,0,2026-01-16,"Precio de la gasolina y diésel en Málaga hoy , viernes 16 de enero : ¿ Dónde están las gasolineras más baratas ?",https://www.diariosur.es/economia/mibolsillo/precio-gasolina-diesel-provincia-malaga-viernes-16-enero-2026-20260114000000-nt.html,diariosur.es,Spanish,1,-0.110714
2022-06-08,1.0539893044538846,1.0582005957385898,73.73701060304515,0.3768603567734305,3.067802394954292,3.879997253417983,0,2026-01-16,"Precio de la gasolina y diésel en Málaga hoy , viernes 16 de enero : ¿ Dónde están las gasolineras más baratas ?",https://www.diariosur.es/economia/mibolsillo/precio-gasolina-diesel-provincia-malaga-viernes-16-enero-2026-20260114000000-nt.html,diariosur.es,Spanish,1,-0.110837
2022-06-09,1.043957479200849,1.049236677462744,71.05842132367185,0.3736106086230584,2.9865308171129694,1.9300003051757808,0,2026-01-16,"Precio de la gasolina y diésel en Málaga hoy , viernes 16 de enero : ¿ Dónde están las gasolineras más baratas ?",https://www.diariosur.es/economia/mibolsillo/precio-gasolina-diesel-provincia-malaga-viernes-16-enero-2026-20260114000000-nt.html,diariosur.es,Spanish,1,-0.11096
2022-06-10,1.0331255452898678,1.0386469052828635,67.36869134068922,0.274239105157668,3.0889213422438524,4.419998168945327,0,2026-01-16,"Precio de la gasolina y diésel en Málaga hoy , viernes 16 de enero : ¿ Dónde están las gasolineras más baratas ?",https://www.diariosur.es/economia/mibolsillo/precio-gasolina-diesel-provincia-malaga-viernes-16-enero-2026-20260114000000-nt.html,diariosur.es,Spanish,1,-0.111083
2022-06-11,1.0298764767305433,1.0353318495315724,67.36869134068922,0.1728116104601489,2.8682841035121487,0.0,0,2026-01-16,"Precio de la gasolina y diésel en Málaga hoy , viernes 16 de enero : ¿ Dónde están las gasolineras más baratas ?",https://www.diariosur.es/economia/mibolsillo/precio-gasolina-diesel-provincia-malaga-viernes-16-enero-2026-20260114000000-nt.html,diariosur.es,Spanish,1,-0.111207
2022-06-12,1.0269544025105493,1.0307420101486764,67.36869134068922,0.075018584546096,2.663406667546995,0.0,0,2026-01-16,"Precio de la gasolina y diésel en Málaga hoy , viernes 16 de enero : ¿ Dónde están las gasolineras más baratas ?",https://www.diariosur.es/economia/mibolsillo/precio-gasolina-diesel-provincia-malaga-viernes-16-enero-2026-20260114000000-nt.html,diariosur.es,Spanish,1,-0.11133
2022-06-13,1.0263162102109404,1.0280628061012078,68.01083407988793,0.0010517916608212,2.814591818386272,4.779998779296875,0,2026-01-16,"Precio de la gasolina y diésel en Málaga hoy , viernes 16 de enero : ¿ Dónde están las gasolineras más baratas ?",https://www.diariosur.es/economia/mibolsillo/precio-gasolina-diesel-provincia-malaga-viernes-16-enero-2026-20260114000000-nt.html,diariosur.es,Spanish,1,-0.111454
2022-06-14,1.0084452116128273,1.007377666298379,58.477899505273655,-0.19833417224857,3.1178350855439483,7.059997558593736,0,2026-01-16,"Precio de la gasolina y diésel en Málaga hoy , viernes 16 de enero : ¿ Dónde están las gasolineras más baratas ?",https://www.diariosur.es/economia/mibolsillo/precio-gasolina-diesel-provincia-malaga-viernes-16-enero-2026-20260114000000-nt.html,diariosur.es,Spanish,1,-0.111578
2022-06-15,0.9798263527567878,0.9762106088022352,45.9291487033988,-0.5688110480525825,3.2529898748787,5.010002136230469,0,2026-01-16,"Precio de la gasolina y diésel en Málaga hoy , viernes 16 de enero : ¿ Dónde están las gasolineras más baratas ?",https://www.diariosur.es/economia/mibolsillo/precio-gasolina-diesel-provincia-malaga-viernes-16-enero-2026-20260114000000-nt.html,diariosur.es,Spanish,1,-0.111702
2022-06-16,0.9992763524808675,0.9944522102192213,52.79931748597093,-0.6492826334973203,3.432776617563144,5.770004272460909,0,2026-01-16,"Precio de la gasolina y diésel en Málaga hoy , viernes 16 de enero : ¿ Dónde están las gasolineras más baratas ?",https://www.diariosur.es/economia/mibolsillo/precio-gasolina-diesel-provincia-malaga-viernes-16-enero-2026-20260114000000-nt.html,diariosur.es,Spanish,1,-0.111826
2022-06-17,0.9371929931542508,0.9287067308228962,35.62913191923188,-1.2002461794961268,3.9532926606445695,10.720001220703123,0,2026-01-16,"Precio de la gasolina y diésel en Málaga hoy , viernes 16 de enero : ¿ Dónde están las gasolineras más baratas ?",https://www.diariosur.es/economia/mibolsillo/precio-gasolina-diesel-provincia-malaga-viernes-16-enero-2026-20260114000000-nt.html,diariosur.es,Spanish,1,-0.111951
2022-06-18,0.9428326595641214,0.9308806447816236,35.62913191923188,-1.5020311855395736,3.6709146134556727,0.0,0,2026-01-16,"Precio de la gasolina y diésel en Málaga hoy , viernes 16 de enero : ¿ Dónde están las gasolineras más baratas ?",https://www.diariosur.es/economia/mibolsillo/precio-gasolina-diesel-provincia-malaga-viernes-16-enero-2026-20260114000000-nt.html,diariosur.es,Spanish,1,-0.112075
2022-06-19,0.9479940211774384,0.9330647600021176,35.62913191923188,-1.6283924085351331,3.408706426780268,0.0,0,2026-01-16,"Precio de la gasolina y diésel en Málaga hoy , viernes 16 de enero : ¿ Dónde están las gasolineras más baratas ?",https://www.diariosur.es/economia/mibolsillo/precio-gasolina-diesel-provincia-malaga-viernes-16-enero-2026-20260114000000-nt.html,diariosur.es,Spanish,1,-0.1122
2022-06-20,0.9527127601898592,0.9350994982730848,35.62913191923188,-1.6344659030393007,3.165227396295963,0.0,0,2026-01-16,"Precio de la gasolina y diésel en Málaga hoy , viernes 16 de enero : ¿ Dónde están las gasolineras más baratas ?",https://www.diariosur.es/economia/mibolsillo/precio-gasolina-diesel-provincia-malaga-viernes-16-enero-2026-20260114000000-nt.html,diariosur.es,Spanish,1,-0.112325
2022-06-21,0.965668439289774,0.9462643435158616,39.23689469660083,-1.4915402119121055,3.2069968679891083,3.75,0,2026-01-16,"Precio de la gasolina y diésel en Málaga hoy , viernes 16 de enero : ¿ Dónde están las gasolineras más baratas ?",https://www.diariosur.es/economia/mibolsillo/precio-gasolina-diesel-provincia-malaga-viernes-16-enero-2026-20260114000000-nt.html,diariosur.es,Spanish,1,-0.112449
2022-06-22,0.9332560017248724,0.9122891639470034,31.465849383069116,-1.61350582582107,3.629354430745746,8.230003356933608,0,2026-01-16,"Precio de la gasolina y diésel en Málaga hoy , viernes 16 de enero : ¿ Dónde están las gasolineras más baratas ?",https://www.diariosur.es/economia/mibolsillo/precio-gasolina-diesel-provincia-malaga-viernes-16-enero-2026-20260114000000-nt.html,diariosur.es,Spanish,1,-0.112574
2022-06-23,0.923738242345008,0.9014476332520792,28.81963099846307,-1.7293325951203242,3.7079722111877342,4.73000335693358,0,2026-01-16,"Precio de la gasolina y diésel en Málaga hoy , viernes 16 de enero : ¿ Dónde están las gasolineras más baratas ?",https://www.diariosur.es/economia/mibolsillo/precio-gasolina-diesel-provincia-malaga-viernes-16-enero-2026-20260114000000-nt.html,diariosur.es,Spanish,1,-0.1127
2022-06-24,0.9576650024584148,0.9349561984220952,38.53273142509994,-1.494978478246081,3.795974370489056,4.940002441406236,0,2026-01-16,"Precio de la gasolina y diésel en Málaga hoy , viernes 16 de enero : ¿ Dónde están las gasolineras más baratas ?",https://www.diariosur.es/economia/mibolsillo/precio-gasolina-diesel-provincia-malaga-viernes-16-enero-2026-20260114000000-nt.html,diariosur.es,Spanish,1,-0.112825
2022-06-25,0.9615418473865328,0.9395475394598928,38.53273142509994,-1.2638052010540934,3.524833344025552,0.0,0,2026-01-16,"Precio de la gasolina y diésel en Málaga hoy , viernes 16 de enero : ¿ Dónde están las gasolineras más baratas ?",https://www.diariosur.es/economia/mibolsillo/precio-gasolina-diesel-provincia-malaga-viernes-16-enero-2026-20260114000000-nt.html,diariosur.es,Spanish,1,-0.11295
2022-06-26,0.965076615363422,0.9440309735998342,38.53273142509994,-1.043863630043253,3.2730595337380124,0.0,0,2026-01-16,"Precio de la gasolina y diésel en Málaga hoy , viernes 16 de enero : ¿ Dónde están las gasolineras más baratas ?",https://www.diariosur.es/economia/mibolsillo/precio-gasolina-diesel-provincia-malaga-viernes-16-enero-2026-20260114000000-nt.html,diariosur.es,Spanish,1,-0.113076
2022-06-27,0.9841975224785704,0.965302159322287,44.08032534472229,-0.715668149407888,3.3921268842857435,4.94000244140625,0,2026-01-16,"Precio de la gasolina y diésel en Málaga hoy , viernes 16 de enero : ¿ Dónde están las gasolineras más baratas ?",https://www.diariosur.es/economia/mibolsillo/precio-gasolina-diesel-provincia-malaga-viernes-16-enero-2026-20260114000000-nt.html,diariosur.es,Spanish,1,-0.113202
2022-06-28,1.0034991617394882,0.9891053493520436,49.58367703631043,-0.3198780225044275,3.3391179301138267,2.5999984741210795,0,2026-01-16,"Precio de la gasolina y diésel en Málaga hoy , viernes 16 de enero : ¿ Dónde están las gasolineras más baratas ?",https://www.diariosur.es/economia/mibolsillo/precio-gasolina-diesel-provincia-malaga-viernes-16-enero-2026-20260114000000-nt.html,diariosur.es,Spanish,1,-0.113327
2022-06-29,0.9870629523655756,0.9766512846966976,45.24789882165322,-0.1678598147486707,3.445609637323887,4.830001831054673,0,2026-01-16,"Precio de la gasolina y diésel en Málaga hoy , viernes 16 de enero : ¿ Dónde están las gasolineras más baratas ?",https://www.diariosur.es/economia/mibolsillo/precio-gasolina-diesel-provincia-malaga-viernes-16-enero-2026-20260114000000-nt.html,diariosur.es,Spanish,1,-0.113453
2022-06-30,0.9553839449368492,0.9471695293983854,37.9853521972814,-0.3064071881689332,3.581637411380832,5.349998474121108,0,2026-01-16,"Precio de la gasolina y diésel en Málaga hoy , viernes 16 de enero : ¿ Dónde están las gasolineras más baratas ?",https://www.diariosur.es/economia/mibolsillo/precio-gasolina-diesel-provincia-malaga-viernes-16-enero-2026-20260114000000-nt.html,diariosur.es,Spanish,1,-0.11358
2022-07-01,0.98141918431127,0.976433407102056,44.3717487368592,-0.1921743526096861,3.6672346519462624,4.779998779296861,0,2026-01-16,"Precio de la gasolina y diésel en Málaga hoy , viernes 16 de enero : ¿ Dónde están las gasolineras más baratas ?",https://www.diariosur.es/economia/mibolsillo/precio-gasolina-diesel-provincia-malaga-viernes-16-enero-2026-20260114000000-nt.html,diariosur.es,Spanish,1,-0.113706
2022-07-02,0.9831589839182132,0.9818445280481128,44.3717487368592,-0.0954470945464003,3.4052893196643867,0.0,0,2026-01-16,"Precio de la gasolina y diésel en Málaga hoy , viernes 16 de enero : ¿ Dónde están las gasolineras más baratas ?",https://www.diariosur.es/economia/mibolsillo/precio-gasolina-diesel-provincia-malaga-viernes-16-enero-2026-20260114000000-nt.html,diariosur.es,Spanish,1,-0.113832
2022-07-03,0.9847384120547624,0.9874328426905205,44.3717487368592,-0.01454505278466,3.162054368259788,0.0,0,2026-01-16,"Precio de la gasolina y diésel en Málaga hoy , viernes 16 de enero : ¿ Dónde están las gasolineras más baratas ?",https://www.diariosur.es/economia/mibolsillo/precio-gasolina-diesel-provincia-malaga-viernes-16-enero-2026-20260114000000-nt.html,diariosur.es,Spanish,1,-0.113959
2022-07-04,0.9861717975421248,0.9921764236315128,44.3717487368592,0.0522301823886852,2.936193341955517,0.0,0,2026-01-16,"Precio de la gasolina y diésel en Málaga hoy , viernes 16 de enero : ¿ Dónde están las gasolineras más baratas ?",https://www.diariosur.es/economia/mibolsillo/precio-gasolina-diesel-provincia-malaga-viernes-16-enero-2026-20260114000000-nt.html,diariosur.es,Spanish,1,-0.114085
2022-07-05,0.913219888446112,0.9170971802993476,30.32354461304695,-0.4633602598125761,3.727893577749153,14.01999664306642,0,2026-01-16,"Precio de la gasolina y diésel en Málaga hoy , viernes 16 de enero : ¿ Dónde están las gasolineras más baratas ?",https://www.diariosur.es/economia/mibolsillo/precio-gasolina-diesel-provincia-malaga-viernes-16-enero-2026-20260114000000-nt.html,diariosur.es,Spanish,1,-0.114212
2022-07-06,0.9126336454402282,0.9162044298751256,29.240600507469168,-0.8078934860191689,3.9644726733047375,7.040000915527344,0,2026-01-16,"Precio de la gasolina y diésel en Málaga hoy , viernes 16 de enero : ¿ Dónde están las gasolineras más baratas ?",https://www.diariosur.es/economia/mibolsillo/precio-gasolina-diesel-provincia-malaga-viernes-16-enero-2026-20260114000000-nt.html,diariosur.es,Spanish,1,-0.114339
2022-07-07,0.9559484464542252,0.9583022667105436,39.34189595685264,-0.6953713174888438,4.246296315362213,7.910003662109375,0,2026-01-16,"Precio de la gasolina y diésel en Málaga hoy , viernes 16 de enero : ¿ Dónde están las gasolineras más baratas ?",https://www.diariosur.es/economia/mibolsillo/precio-gasolina-diesel-provincia-malaga-viernes-16-enero-2026-20260114000000-nt.html,diariosur.es,Spanish,1,-0.114466
2022-07-08,0.9774339139324458,0.9796983061883292,43.59505607059136,-0.4372596367973029,4.209417701946272,3.729995727539034,0,2026-01-16,"Precio de la gasolina y diésel en Málaga hoy , viernes 16 de enero : ¿ Dónde están las gasolineras más baratas ?",https://www.diariosur.es/economia/mibolsillo/precio-gasolina-diesel-provincia-malaga-viernes-16-enero-2026-20260114000000-nt.html,diariosur.es,Spanish,1,-0.114594
2022-07-09,0.9795390914032208,0.9818876925438166,43.59505607059136,-0.2318935397305912,3.9087450089501097,0.0,0,2026-01-16,"Precio de la gasolina y diésel en Málaga hoy , viernes 16 de enero : ¿ Dónde están las gasolineras más baratas ?",https://www.diariosur.es/economia/mibolsillo/precio-gasolina-diesel-provincia-malaga-viernes-16-enero-2026-20260114000000-nt.html,diariosur.es,Spanish,1,-0.114721
2022-07-10,0.9814516048870072,0.9840868863036484,43.59505607059136,-0.0698244505034941,3.629548936882245,0.0,0,2026-01-16,"Precio de la gasolina y diésel en Málaga hoy , viernes 16 de enero : ¿ Dónde están las gasolineras más baratas ?",https://www.diariosur.es/economia/mibolsillo/precio-gasolina-diesel-provincia-malaga-viernes-16-enero-2026-20260114000000-nt.html,diariosur.es,Spanish,1,-0.114849
2022-07-11,0.9772319132258966,0.98053341740222,42.335223077200105,0.0120974707886905,3.667438560112753,4.160003662109361,0,2026-01-16,"Precio de la gasolina y diésel en Málaga hoy , viernes 16 de enero : ¿ Dónde están las gasolineras más baratas ?",https://www.diariosur.es/economia/mibolsillo/precio-gasolina-diesel-provincia-malaga-viernes-16-enero-2026-20260114000000-nt.html,diariosur.es,Spanish,1,-0.114976
2022-07-12,0.908449229782136,0.907240659672842,30.974273776954973,-0.4423604248280397,4.029764224659666,8.139999389648423,0,2026-01-16,"Precio de la gasolina y diésel en Málaga hoy , viernes 16 de enero : ¿ Dónde están las gasolineras más baratas ?",https://www.diariosur.es/economia/mibolsillo/precio-gasolina-diesel-provincia-malaga-viernes-16-enero-2026-20260114000000-nt.html,diariosur.es,Spanish,1,-0.115104
2022-07-13,0.9204528514722318,0.915046987284671,32.06892597984488,-0.6523268552314345,4.048352559721643,4.2900009155273295,0,2026-01-16,"Precio de la gasolina y diésel en Málaga hoy , viernes 16 de enero : ¿ Dónde están las gasolineras más baratas ?",https://www.diariosur.es/economia/mibolsillo/precio-gasolina-diesel-provincia-malaga-viernes-16-enero-2026-20260114000000-nt.html,diariosur.es,Spanish,1,-0.115232
2022-07-14,0.9229113285597076,0.9152543837158904,31.46152928442683,-0.7590992113989827,4.219184694127685,6.440002441406236,0,2026-01-16,"Precio de la gasolina y diésel en Málaga hoy , viernes 16 de enero : ¿ Dónde están las gasolineras más baratas ?",https://www.diariosur.es/economia/mibolsillo/precio-gasolina-diesel-provincia-malaga-viernes-16-enero-2026-20260114000000-nt.html,diariosur.es,Spanish,1,-0.11536
2022-07-15,0.9457244330729384,0.9370408770632448,36.00502032091283,-0.6451689234921045,4.236385722009469,4.459999084472656,0,2026-01-16,"Precio de la gasolina y diésel en Málaga hoy , viernes 16 de enero : ¿ Dónde están las gasolineras más baratas ?",https://www.diariosur.es/economia/mibolsillo/precio-gasolina-diesel-provincia-malaga-viernes-16-enero-2026-20260114000000-nt.html,diariosur.es,Spanish,1,-0.115488
2022-07-16,0.9506383794526928,0.941574853946051,36.00502032091283,-0.5129182531773129,3.933786741865936,0.0,0,2026-01-16,"Precio de la gasolina y diésel en Málaga hoy , viernes 16 de enero : ¿ Dónde están las gasolineras más baratas ?",https://www.diariosur.es/economia/mibolsillo/precio-gasolina-diesel-provincia-malaga-viernes-16-enero-2026-20260114000000-nt.html,diariosur.es,Spanish,1,-0.115617
2022-07-17,0.9551285406524632,0.9470481451064326,36.00502032091283,-0.3749484763141093,3.6528019745897975,0.0,0,2026-01-16,"Precio de la gasolina y diésel en Málaga hoy , viernes 16 de enero : ¿ Dónde están las gasolineras más baratas ?",https://www.diariosur.es/economia/mibolsillo/precio-gasolina-diesel-provincia-malaga-viernes-16-enero-2026-20260114000000-nt.html,diariosur.es,Spanish,1,-0.115745
2022-07-18,1.0037643207316451,1.000112088815989,47.9366853437011,0.0799545375262313,3.888316446236005,6.9500045776367045,0,2026-01-16,"Precio de la gasolina y diésel en Málaga hoy , viernes 16 de enero : ¿ Dónde están las gasolineras más baratas ?",https://www.diariosur.es/economia/mibolsillo/precio-gasolina-diesel-provincia-malaga-viernes-16-enero-2026-20260114000000-nt.html,diariosur.es,Spanish,1,-0.115874
2022-07-19,1.0177122435965442,1.0186637896982542,51.11085483784551,0.4931343226547917,3.939865315101402,4.6100006103515625,0,2026-01-16,"Precio de la gasolina y diésel en Málaga hoy , viernes 16 de enero : ¿ Dónde están las gasolineras más baratas ?",https://www.diariosur.es/economia/mibolsillo/precio-gasolina-diesel-provincia-malaga-viernes-16-enero-2026-20260114000000-nt.html,diariosur.es,Spanish,1,-0.116003
2022-07-20,0.9987085288998214,1.0012189940226208,47.34954660263769,0.6289119230633977,3.864160453552584,2.8799972534179545,0,2026-01-16,"Precio de la gasolina y diésel en Málaga hoy , viernes 16 de enero : ¿ Dónde están las gasolineras más baratas ?",https://www.diariosur.es/economia/mibolsillo/precio-gasolina-diesel-provincia-malaga-viernes-16-enero-2026-20260114000000-nt.html,diariosur.es,Spanish,1,-0.116132
2022-07-21,0.9463075886675656,0.9489665666954968,38.21688050678261,0.3301880403853143,4.136006549608818,5.400001525878892,0,2026-01-16,"Precio de la gasolina y diésel en Málaga hoy , viernes 16 de enero : ¿ Dónde están las gasolineras más baratas ?",https://www.diariosur.es/economia/mibolsillo/precio-gasolina-diesel-provincia-malaga-viernes-16-enero-2026-20260114000000-nt.html,diariosur.es,Spanish,1,-0.116261
2022-07-22,0.9363351334627756,0.9390648777137872,36.12211139456616,0.0458974642071368,4.10629133830166,3.719993591308608,0,2026-01-16,"Precio de la gasolina y diésel en Málaga hoy , viernes 16 de enero : ¿ Dónde están las gasolineras más baratas ?",https://www.diariosur.es/economia/mibolsillo/precio-gasolina-diesel-provincia-malaga-viernes-16-enero-2026-20260114000000-nt.html,diariosur.es,Spanish,1,-0.11639
2022-07-23,0.9420470668707864,0.9455013579093708,36.12211139456616,-0.1092489802332292,3.812984814137256,0.0,0,2026-01-16,"Precio de la gasolina y diésel en Málaga hoy , viernes 16 de enero : ¿ Dónde están las gasolineras más baratas ?",https://www.diariosur.es/economia/mibolsillo/precio-gasolina-diesel-provincia-malaga-viernes-16-enero-2026-20260114000000-nt.html,diariosur.es,Spanish,1,-0.11652
2022-07-24,0.9472753894708776,0.952026680086216,36.12211139456616,-0.1750683513282496,3.540628755984595,0.0,0,2026-01-16,"Precio de la gasolina y diésel en Málaga hoy , viernes 16 de enero : ¿ Dónde están las gasolineras más baratas ?",https://www.diariosur.es/economia/mibolsillo/precio-gasolina-diesel-provincia-malaga-viernes-16-enero-2026-20260114000000-nt.html,diariosur.es,Spanish,1,-0.116649
2022-07-25,0.9703047491125112,0.973502980832329,41.01663234716188,-0.0534145393885747,3.5684410094982493,3.930000305175753,0,2026-01-16,"Precio de la gasolina y diésel en Málaga hoy , viernes 16 de enero : ¿ Dónde están las gasolineras más baratas ?",https://www.diariosur.es/economia/mibolsillo/precio-gasolina-diesel-provincia-malaga-viernes-16-enero-2026-20260114000000-nt.html,diariosur.es,Spanish,1,-0.116779
2022-07-26,0.957327012589817,0.9578990793473736,38.29877861840978,-0.0579130200011759,3.616409356231912,4.239997863769517,0,2026-01-16,"Precio de la gasolina y diésel en Málaga hoy , viernes 16 de enero : ¿ Dónde están las gasolineras más baratas ?",https://www.diariosur.es/economia/mibolsillo/precio-gasolina-diesel-provincia-malaga-viernes-16-enero-2026-20260114000000-nt.html,diariosur.es,Spanish,1,-0.116909
2022-07-27,0.9821496667498916,0.9836065889989084,43.63089576773074,0.1141566680452834,3.664522494081977,4.289993286132827,0,2026-01-16,"Precio de la gasolina y diésel en Málaga hoy , viernes 16 de enero : ¿ Dónde están las gasolineras más baratas ?",https://www.diariosur.es/economia/mibolsillo/precio-gasolina-diesel-provincia-malaga-viernes-16-enero-2026-20260114000000-nt.html,diariosur.es,Spanish,1,-0.117039
2022-07-28,0.9761151396822734,0.9792560547377422,42.18449004629685,0.1885042136047339,3.674199131816356,3.799995422363281,0,2026-01-16,"Precio de la gasolina y diésel en Málaga hoy , viernes 16 de enero : ¿ Dónde están las gasolineras más baratas ?",https://www.diariosur.es/economia/mibolsillo/precio-gasolina-diesel-provincia-malaga-viernes-16-enero-2026-20260114000000-nt.html,diariosur.es,Spanish,1,-0.117169
2022-07-29,0.998540442174772,1.0047476802212554,47.12813801381564,0.3912805963434977,3.802470164637229,5.46999359130858,0,2026-01-16,"Precio de la gasolina y diésel en Málaga hoy , viernes 16 de enero : ¿ Dónde están las gasolineras más baratas ?",https://www.diariosur.es/economia/mibolsillo/precio-gasolina-diesel-provincia-malaga-viernes-16-enero-2026-20260114000000-nt.html,diariosur.es,Spanish,1,-0.117299
2022-07-30,0.998679264092372,1.0079155782891909,47.12813801381564,0.5226328529310242,3.530865152877427,0.0,0,2026-01-16,"Precio de la gasolina y diésel en Málaga hoy , viernes 16 de enero : ¿ Dónde están las gasolineras más baratas ?",https://www.diariosur.es/economia/mibolsillo/precio-gasolina-diesel-provincia-malaga-viernes-16-enero-2026-20260114000000-nt.html,diariosur.es,Spanish,1,-0.117429
2022-07-31,0.99880489813939,1.010740821079148,47.12813801381564,0.6011409626329955,3.278660499100468,0.0,0,2026-01-16,"Precio de la gasolina y diésel en Málaga hoy , viernes 16 de enero : ¿ Dónde están las gasolineras más baratas ?",https://www.diariosur.es/economia/mibolsillo/precio-gasolina-diesel-provincia-malaga-viernes-16-enero-2026-20260114000000-nt.html,diariosur.es,Spanish,1,-0.11756
2022-08-01,0.9553677642895284,0.9632262782571211,38.32764130409039,0.3391839740479092,3.4894707032314045,6.23000335693358,0,2026-01-16,"Precio de la gasolina y diésel en Málaga hoy , viernes 16 de enero : ¿ Dónde están las gasolineras más baratas ?",https://www.diariosur.es/economia/mibolsillo/precio-gasolina-diesel-provincia-malaga-viernes-16-enero-2026-20260114000000-nt.html,diariosur.es,Spanish,1,-0.117691
2022-08-02,0.964364613886941,0.9695986247667712,39.68669964681605,0.2124702550899968,3.517366001772911,3.8800048828125,0,2026-01-16,"Precio de la gasolina y diésel en Málaga hoy , viernes 16 de enero : ¿ Dónde están las gasolineras más baratas ?",https://www.diariosur.es/economia/mibolsillo/precio-gasolina-diesel-provincia-malaga-viernes-16-enero-2026-20260114000000-nt.html,diariosur.es,Spanish,1,-0.117821
2022-08-03,0.9325372437695082,0.9334411411939436,33.96780551443592,-0.0970946720349954,3.7082686046038646,6.190002441406264,0,2026-01-16,"Precio de la gasolina y diésel en Málaga hoy , viernes 16 de enero : ¿ Dónde están las gasolineras más baratas ?",https://www.diariosur.es/economia/mibolsillo/precio-gasolina-diesel-provincia-malaga-viernes-16-enero-2026-20260114000000-nt.html,diariosur.es,Spanish,1,-0.117952
2022-08-04,0.9185399763503777,0.9158805150726808,31.234804683790628,-0.4001575477934325,3.754106452426524,4.349998474121094,0,2026-01-16,"Precio de la gasolina y diésel en Málaga hoy , viernes 16 de enero : ¿ Dónde están las gasolineras más baratas ?",https://www.diariosur.es/economia/mibolsillo/precio-gasolina-diesel-provincia-malaga-viernes-16-enero-2026-20260114000000-nt.html,diariosur.es,Spanish,1,-0.118084
2022-08-05,0.9302005322107132,0.9248465042445309,32.53086338409926,-0.5170579645204771,3.753813134396059,3.750000000000014,0,2026-01-16,"Precio de la gasolina y diésel en Málaga hoy , viernes 16 de enero : ¿ Dónde están las gasolineras más baratas ?",https://www.diariosur.es/economia/mibolsillo/precio-gasolina-diesel-provincia-malaga-viernes-16-enero-2026-20260114000000-nt.html,diariosur.es,Spanish,1,-0.118215
2022-08-06,0.9364254846346968,0.9289874323016548,32.53086338409926,-0.5399631456847045,3.4856836247963403,0.0,0,2026-01-16,"Precio de la gasolina y diésel en Málaga hoy , viernes 16 de enero : ¿ Dónde están las gasolineras más baratas ?",https://www.diariosur.es/economia/mibolsillo/precio-gasolina-diesel-provincia-malaga-viernes-16-enero-2026-20260114000000-nt.html,diariosur.es,Spanish,1,-0.118346
2022-08-07,0.9421298128502354,0.9356227411202764,32.53086338409926,-0.5015225215104882,3.2367062230251733,0.0,0,2026-01-16,"Precio de la gasolina y diésel en Málaga hoy , viernes 16 de enero : ¿ Dónde están las gasolineras más baratas ?",https://www.diariosur.es/economia/mibolsillo/precio-gasolina-diesel-provincia-malaga-viernes-16-enero-2026-20260114000000-nt.html,diariosur.es,Spanish,1,-0.118478
2022-08-08,0.9642662049237312,0.9608147404862212,37.9679383274287,-0.3138226731002249,3.2676556477337546,3.669998168945313,0,2026-01-16,"Precio de la gasolina y diésel en Málaga hoy , viernes 16 de enero : ¿ Dónde están las gasolineras más baratas ?",https://www.diariosur.es/economia/mibolsillo/precio-gasolina-diesel-provincia-malaga-viernes-16-enero-2026-20260114000000-nt.html,diariosur.es,Spanish,1,-0.118609
2022-08-09,0.9650419840826356,0.9640633360149272,37.48461608176351,-0.1699679460343919,3.291394421047136,3.5999984741210938,0,2026-01-16,"Precio de la gasolina y diésel en Málaga hoy , viernes 16 de enero : ¿ Dónde están las gasolineras más baratas ?",https://www.diariosur.es/economia/mibolsillo/precio-gasolina-diesel-provincia-malaga-viernes-16-enero-2026-20260114000000-nt.html,diariosur.es,Spanish,1,-0.118741
2022-08-10,0.98213425626545,0.9816075361676496,41.867713016280014,0.047103804879133,3.397008865477084,4.769996643066406,0,2026-01-16,"Precio de la gasolina y diésel en Málaga hoy , viernes 16 de enero : ¿ Dónde están las gasolineras más baratas ?",https://www.diariosur.es/economia/mibolsillo/precio-gasolina-diesel-provincia-malaga-viernes-16-enero-2026-20260114000000-nt.html,diariosur.es,Spanish,1,-0.118873
2022-08-11,1.0071254885319183,1.0075345714512984,48.43001294795379,0.3611209867973839,3.4265086027993124,3.810005187988281,0,2026-01-16,"Precio de la gasolina y diésel en Málaga hoy , viernes 16 de enero : ¿ Dónde están las gasolineras más baratas ?",https://www.diariosur.es/economia/mibolsillo/precio-gasolina-diesel-provincia-malaga-viernes-16-enero-2026-20260114000000-nt.html,diariosur.es,Spanish,1,-0.119006
2022-08-12,0.9846899937752908,0.9848776081453348,43.49356514713921,0.4212272591757218,3.442471838062532,3.649993896484389,0,2026-01-16,"Precio de la gasolina y diésel en Málaga hoy , viernes 16 de enero : ¿ Dónde están las gasolineras más baratas ?",https://www.diariosur.es/economia/mibolsillo/precio-gasolina-diesel-provincia-malaga-viernes-16-enero-2026-20260114000000-nt.html,diariosur.es,Spanish,1,-0.119138
2022-08-13,0.9861278627006532,0.9862540860251396,43.49356514713921,0.4616659038677762,3.196580992486637,0.0,0,2026-01-16,"Precio de la gasolina y diésel en Málaga hoy , viernes 16 de enero : ¿ Dónde están las gasolineras más baratas ?",https://www.diariosur.es/economia/mibolsillo/precio-gasolina-diesel-provincia-malaga-viernes-16-enero-2026-20260114000000-nt.html,diariosur.es,Spanish,1,-0.11927
2022-08-14,0.987432414894295,0.9886947589251036,43.4935651471392,0.4866051699945681,2.968253778737592,0.0,0,2026-01-16,"Precio de la gasolina y diésel en Málaga hoy , viernes 16 de enero : ¿ Dónde están las gasolineras más baratas ?",https://www.diariosur.es/economia/mibolsillo/precio-gasolina-diesel-provincia-malaga-viernes-16-enero-2026-20260114000000-nt.html,diariosur.es,Spanish,1,-0.119403
2022-08-15,0.962482374321478,0.9628006746470024,37.76673223527978,0.3283824251396194,3.133378421634684,5.279998779296875,0,2026-01-16,"Precio de la gasolina y diésel en Málaga hoy , viernes 16 de enero : ¿ Dónde están las gasolineras más baratas ?",https://www.diariosur.es/economia/mibolsillo/precio-gasolina-diesel-provincia-malaga-viernes-16-enero-2026-20260114000000-nt.html,diariosur.es,Spanish,1,-0.119536
2022-08-16,0.9375981765980316,0.9372021330060996,32.772753029780446,0.0501388162155738,3.260994117871157,4.9199981689453125,0,2026-01-16,"Precio de la gasolina y diésel en Málaga hoy , viernes 16 de enero : ¿ Dónde están las gasolineras más baratas ?",https://www.diariosur.es/economia/mibolsillo/precio-gasolina-diesel-provincia-malaga-viernes-16-enero-2026-20260114000000-nt.html,diariosur.es,Spanish,1,-0.119669
2022-08-17,0.9588534235630994,0.9586291336288706,37.644254582744544,-0.0042326227750137,3.2623521386440326,3.2800064086914062,0,2026-01-16,"Precio de la gasolina y diésel en Málaga hoy , viernes 16 de enero : ¿ Dónde están las gasolineras más baratas ?",https://www.diariosur.es/economia/mibolsillo/precio-gasolina-diesel-provincia-malaga-viernes-16-enero-2026-20260114000000-nt.html,diariosur.es,Spanish,1,-0.119802
2022-08-18,0.9862843867052532,0.9890007787265904,44.22780463511086,0.1362667167914026,3.3250412280014903,4.1399993896484375,0,2026-01-16,"Precio de la gasolina y diésel en Málaga hoy , viernes 16 de enero : ¿ Dónde están las gasolineras más baratas ?",https://www.diariosur.es/economia/mibolsillo/precio-gasolina-diesel-provincia-malaga-viernes-16-enero-2026-20260114000000-nt.html,diariosur.es,Spanish,1,-0.119935
2022-08-19,0.9902428587770432,0.9962244737786852,44.93510477097514,0.2559378755534047,3.352538217749431,3.709999084472656,0,2026-01-16,"Precio de la gasolina y diésel en Málaga hoy , viernes 16 de enero : ¿ Dónde están las gasolineras más baratas ?",https://www.diariosur.es/economia/mibolsillo/precio-gasolina-diesel-provincia-malaga-viernes-16-enero-2026-20260114000000-nt.html,diariosur.es,Spanish,1,-0.120068
2022-08-20,0.9911638993619166,1.0005345701897908,44.93510477097514,0.3384670850181961,3.1130712021959,0.0,0,2026-01-16,"Precio de la gasolina y diésel en Málaga hoy , viernes 16 de enero : ¿ Dónde están las gasolineras más baratas ?",https://www.diariosur.es/economia/mibolsillo/precio-gasolina-diesel-provincia-malaga-viernes-16-enero-2026-20260114000000-nt.html,diariosur.es,Spanish,1,-0.120202
2022-08-21,0.991998699394364,1.0022580027465584,44.93510477097514,0.3926186877378099,2.8907089734676217,0.0,0,2026-01-16,"Precio de la gasolina y diésel en Málaga hoy , viernes 16 de enero : ¿ Dónde están las gasolineras más baratas ?",https://www.diariosur.es/economia/mibolsillo/precio-gasolina-diesel-provincia-malaga-viernes-16-enero-2026-20260114000000-nt.html,diariosur.es,Spanish,1,-0.120335
2022-08-22,0.9874046633085564,0.9986055558096172,43.55532028051714,0.3907890724131571,3.0170871655134626,4.660003662109389,0,2026-01-16,"Precio de la gasolina y diésel en Málaga hoy , viernes 16 de enero : ¿ Dónde están las gasolineras más baratas ?",https://www.diariosur.es/economia/mibolsillo/precio-gasolina-diesel-provincia-malaga-viernes-16-enero-2026-20260114000000-nt.html,diariosur.es,Spanish,1,-0.120469
2022-08-23,1.0232993468733762,1.035686646965925,53.54138769893561,0.6115374977061614,3.086580786817468,3.8000030517577983,0,2026-01-16,"Precio de la gasolina y diésel en Málaga hoy , viernes 16 de enero : ¿ Dónde están las gasolineras más baratas ?",https://www.diariosur.es/economia/mibolsillo/precio-gasolina-diesel-provincia-malaga-viernes-16-enero-2026-20260114000000-nt.html,diariosur.es,Spanish,1,-0.120603
2022-08-24,1.0323281993102489,1.0447276433602113,56.271098933981634,0.8082184732524147,3.052539345641332,2.6100006103515625,0,2026-01-16,"Precio de la gasolina y diésel en Málaga hoy , viernes 16 de enero : ¿ Dónde están las gasolineras más baratas ?",https://www.diariosur.es/economia/mibolsillo/precio-gasolina-diesel-provincia-malaga-viernes-16-enero-2026-20260114000000-nt.html,diariosur.es,Spanish,1,-0.120737
2022-08-25,1.0059174740196517,1.0166697531161508,49.77970575211828,0.753023553140376,3.08235805100289,3.470001220703139,0,2026-01-16,"Precio de la gasolina y diésel en Málaga hoy , viernes 16 de enero : ¿ Dónde están las gasolineras más baratas ?",https://www.diariosur.es/economia/mibolsillo/precio-gasolina-diesel-provincia-malaga-viernes-16-enero-2026-20260114000000-nt.html,diariosur.es,Spanish,1,-0.120871
2022-08-26,1.010653912844249,1.020333189282821,51.16212449072673,0.7268444526123141,3.0721892482178075,2.939994812011733,0,2026-01-16,"Precio de la gasolina y diésel en Málaga hoy , viernes 16 de enero : ¿ Dónde están las gasolineras más baratas ?",https://www.diariosur.es/economia/mibolsillo/precio-gasolina-diesel-provincia-malaga-viernes-16-enero-2026-20260114000000-nt.html,diariosur.es,Spanish,1,-0.121006
2022-08-27,1.0096294838417887,1.0180728046301737,51.16212449072673,0.6841060349568597,2.8527471590593927,0.0,0,2026-01-16,"Precio de la gasolina y diésel en Málaga hoy , viernes 16 de enero : ¿ Dónde están las gasolineras más baratas ?",https://www.diariosur.es/economia/mibolsillo/precio-gasolina-diesel-provincia-malaga-viernes-16-enero-2026-20260114000000-nt.html,diariosur.es,Spanish,1,-0.12114
2022-08-28,1.0087044073854023,1.016793583652664,51.16212449072673,0.6316697605745427,2.648979504840865,0.0,0,2026-01-16,"Precio de la gasolina y diésel en Málaga hoy , viernes 16 de enero : ¿ Dónde están las gasolineras más baratas ?",https://www.diariosur.es/economia/mibolsillo/precio-gasolina-diesel-provincia-malaga-viernes-16-enero-2026-20260114000000-nt.html,diariosur.es,Spanish,1,-0.121275
2022-08-29,1.0463854267080397,1.0561958407964458,60.97615800050328,0.826544214680351,2.8226239567132816,5.080001831054702,0,2026-01-16,"Precio de la gasolina y diésel en Málaga hoy , viernes 16 de enero : ¿ Dónde están las gasolineras más baratas ?",https://www.diariosur.es/economia/mibolsillo/precio-gasolina-diesel-provincia-malaga-viernes-16-enero-2026-20260114000000-nt.html,diariosur.es,Spanish,1,-0.12141
2022-08-30,0.9895499261165688,0.997887502418248,47.11470290950923,0.5695476456453868,3.129579584561049,7.120002746582031,0,2026-01-16,"Precio de la gasolina y diésel en Málaga hoy , viernes 16 de enero : ¿ Dónde están las gasolineras más baratas ?",https://www.diariosur.es/economia/mibolsillo/precio-gasolina-diesel-provincia-malaga-viernes-16-enero-2026-20260114000000-nt.html,diariosur.es,Spanish,1,-0.121545
2022-08-31,0.9700320281085628,0.977678836616378,43.0161029706482,0.2508234903353474,3.224610093797202,4.460006713867188,0,2026-01-16,"Precio de la gasolina y diésel en Málaga hoy , viernes 16 de enero : ¿ Dónde están las gasolineras más baratas ?",https://www.diariosur.es/economia/mibolsillo/precio-gasolina-diesel-provincia-malaga-viernes-16-enero-2026-20260114000000-nt.html,diariosur.es,Spanish,1,-0.12168
2022-09-01,0.9437409881571488,0.9484179513041352,38.00731027076815,-0.1446993545297704,3.2549946511320007,3.649993896484375,0,2026-01-16,"Precio de la gasolina y diésel en Málaga hoy , viernes 16 de enero : ¿ Dónde están las gasolineras más baratas ?",https://www.diariosur.es/economia/mibolsillo/precio-gasolina-diesel-provincia-malaga-viernes-16-enero-2026-20260114000000-nt.html,diariosur.es,Spanish,1,-0.121815
2022-09-02,0.9514150599586724,0.9539916577398936,38.68724424114613,-0.3630775536225488,3.258923975193164,3.310005187988281,0,2026-01-16,"Precio de la gasolina y diésel en Málaga hoy , viernes 16 de enero : ¿ Dónde están las gasolineras más baratas ?",https://www.diariosur.es/economia/mibolsillo/precio-gasolina-diesel-provincia-malaga-viernes-16-enero-2026-20260114000000-nt.html,diariosur.es,Spanish,1,-0.12195
2022-09-03,0.9558378527936447,0.9567339003744848,38.68724424114613,-0.4747423762920928,3.026143691250794,0.0,0,2026-01-16,"Precio de la gasolina y diésel en Málaga hoy , viernes 16 de enero : ¿ Dónde están las gasolineras más baratas ?",https://www.diariosur.es/economia/mibolsillo/precio-gasolina-diesel-provincia-malaga-viernes-16-enero-2026-20260114000000-nt.html,diariosur.es,Spanish,1,-0.122086
2022-09-04,0.9598750091224608,0.9580739603672508,38.68724424114613,-0.5125856335734236,2.8099905704471664,0.0,0,2026-01-16,"Precio de la gasolina y diésel en Málaga hoy , viernes 16 de enero : ¿ Dónde están las gasolineras más baratas ?",https://www.diariosur.es/economia/mibolsillo/precio-gasolina-diesel-provincia-malaga-viernes-16-enero-2026-20260114000000-nt.html,diariosur.es,Spanish,1,-0.122222
2022-09-05,0.9635571731971776,0.9578943626519504,38.68724424114613,-0.5010068714067648,2.609276958272369,0.0,0,2026-01-16,"Precio de la gasolina y diésel en Málaga hoy , viernes 16 de enero : ¿ Dónde están las gasolineras más baratas ?",https://www.diariosur.es/economia/mibolsillo/precio-gasolina-diesel-provincia-malaga-viernes-16-enero-2026-20260114000000-nt.html,diariosur.es,Spanish,1,-0.122358
2022-09-06,0.967014081699614,0.9586546787958552,38.72199418201375,-0.4572786006790288,2.7236142530009606,4.209999084472656,0,2026-01-16,"Precio de la gasolina y diésel en Málaga hoy , viernes 16 de enero : ¿ Dónde están las gasolineras más baratas ?",https://www.diariosur.es/economia/mibolsillo/precio-gasolina-diesel-provincia-malaga-viernes-16-enero-2026-20260114000000-nt.html,diariosur.es,Spanish,1,-0.122494
2022-09-07,0.9197353395790998,0.9084358211894707,29.74760266041811,-0.7105464728561144,2.976213387517354,6.260002136230469,0,2026-01-16,"Precio de la gasolina y diésel en Málaga hoy , viernes 16 de enero : ¿ Dónde están las gasolineras más baratas ?",https://www.diariosur.es/economia/mibolsillo/precio-gasolina-diesel-provincia-malaga-viernes-16-enero-2026-20260114000000-nt.html,diariosur.es,Spanish,1,-0.12263
2022-09-08,0.94329187579863,0.9299012207099188,35.00202393627188,-0.7177024812250736,2.981484077820244,3.0500030517578125,0,2026-01-16,"Precio de la gasolina y diésel en Málaga hoy , viernes 16 de enero : ¿ Dónde están las gasolineras más baratas ?",https://www.diariosur.es/economia/mibolsillo/precio-gasolina-diesel-provincia-malaga-viernes-16-enero-2026-20260114000000-nt.html,diariosur.es,Spanish,1,-0.122766
2022-09-09,0.9818604648004908,0.9682223677180312,44.14114166152153,-0.4632901797466036,3.0892350625309075,4.489997863769531,0,2026-01-16,"Precio de la gasolina y diésel en Málaga hoy , viernes 16 de enero : ¿ Dónde están las gasolineras más baratas ?",https://www.diariosur.es/economia/mibolsillo/precio-gasolina-diesel-provincia-malaga-viernes-16-enero-2026-20260114000000-nt.html,diariosur.es,Spanish,1,-0.122903
2022-09-10,0.98355963762597,0.9703766289048767,44.14114166152153,-0.264620117689716,2.868575415207272,0.0,0,2026-01-16,"Precio de la gasolina y diésel en Málaga hoy , viernes 16 de enero : ¿ Dónde están las gasolineras más baratas ?",https://www.diariosur.es/economia/mibolsillo/precio-gasolina-diesel-provincia-malaga-viernes-16-enero-2026-20260114000000-nt.html,diariosur.es,Spanish,1,-0.123039
2022-09-11,0.9851020599918434,0.9722463451852164,44.14114166152153,-0.1106997015600081,2.663677171263895,0.0,0,2026-01-16,"Precio de la gasolina y diésel en Málaga hoy , viernes 16 de enero : ¿ Dónde están las gasolineras más baratas ?",https://www.diariosur.es/economia/mibolsillo/precio-gasolina-diesel-provincia-malaga-viernes-16-enero-2026-20260114000000-nt.html,diariosur.es,Spanish,1,-0.123176
2022-09-12,0.99668645817495,0.9866302320799474,46.97755261937336,0.0705353987546577,2.7548427170315968,3.939994812011719,0,2026-01-16,"Precio de la gasolina y diésel en Málaga hoy , viernes 16 de enero : ¿ Dónde están las gasolineras más baratas ?",https://www.diariosur.es/economia/mibolsillo/precio-gasolina-diesel-provincia-malaga-viernes-16-enero-2026-20260114000000-nt.html,diariosur.es,Spanish,1,-0.123313
2022-09-13,0.9921672582197544,0.98554582379537,45.7888152439684,0.1660556753191946,2.861639665815054,4.25,0,2026-01-16,"Precio de la gasolina y diésel en Málaga hoy , viernes 16 de enero : ¿ Dónde están las gasolineras más baratas ?",https://www.diariosur.es/economia/mibolsillo/precio-gasolina-diesel-provincia-malaga-viernes-16-enero-2026-20260114000000-nt.html,diariosur.es,Spanish,1,-0.12345
2022-09-14,1.004940043199824,1.0010352337829551,49.232734888032304,0.3071271723182081,2.943665556559011,4.010002136230455,0,2026-01-16,"Precio de la gasolina y diésel en Málaga hoy , viernes 16 de enero : ¿ Dónde están las gasolineras más baratas ?",https://www.diariosur.es/economia/mibolsillo/precio-gasolina-diesel-provincia-malaga-viernes-16-enero-2026-20260114000000-nt.html,diariosur.es,Spanish,1,-0.123587
2022-09-15,0.9696394960067048,0.9671498383837416,41.10807408680044,0.1782830338617409,3.0634039272749414,4.620002746582031,0,2026-01-16,"Precio de la gasolina y diésel en Málaga hoy , viernes 16 de enero : ¿ Dónde están las gasolineras más baratas ?",https://www.diariosur.es/economia/mibolsillo/precio-gasolina-diesel-provincia-malaga-viernes-16-enero-2026-20260114000000-nt.html,diariosur.es,Spanish,1,-0.123725
2022-09-16,0.9725550256300084,0.9716529841355664,41.13902965751877,0.1029512120630291,3.0103036249570327,2.3199996948242188,0,2026-01-16,"Precio de la gasolina y diésel en Málaga hoy , viernes 16 de enero : ¿ Dónde están las gasolineras más baratas ?",https://www.diariosur.es/economia/mibolsillo/precio-gasolina-diesel-provincia-malaga-viernes-16-enero-2026-20260114000000-nt.html,diariosur.es,Spanish,1,-0.123862
2022-09-17,0.9751037587411258,0.9760824777303152,41.13902965751877,0.0642359326135733,2.795281937460102,0.0,0,2026-01-16,"Precio de la gasolina y diésel en Málaga hoy , viernes 16 de enero : ¿ Dónde están las gasolineras más baratas ?",https://www.diariosur.es/economia/mibolsillo/precio-gasolina-diesel-provincia-malaga-viernes-16-enero-2026-20260114000000-nt.html,diariosur.es,Spanish,1,-0.124
2022-09-18,0.9774212936304384,0.9827887801521938,41.13902965751877,0.0503543047669974,2.595618941927238,0.0,0,2026-01-16,"Precio de la gasolina y diésel en Málaga hoy , viernes 16 de enero : ¿ Dónde están las gasolineras más baratas ?",https://www.diariosur.es/economia/mibolsillo/precio-gasolina-diesel-provincia-malaga-viernes-16-enero-2026-20260114000000-nt.html,diariosur.es,Spanish,1,-0.124138
2022-09-19,0.9859931498733556,0.9933376084344424,43.44069419693403,0.0922179857085663,2.7045034994025805,4.120002746582031,0,2026-01-16,"Precio de la gasolina y diésel en Málaga hoy , viernes 16 de enero : ¿ Dónde están las gasolineras más baratas ?",https://www.diariosur.es/economia/mibolsillo/precio-gasolina-diesel-provincia-malaga-viernes-16-enero-2026-20260114000000-nt.html,diariosur.es,Spanish,1,-0.124276
2022-09-20,0.973936337178529,0.9814061150434484,39.96605948509816,0.0453628539360986,2.7206104141006664,2.930000305175781,0,2026-01-16,"Precio de la gasolina y diésel en Málaga hoy , viernes 16 de enero : ¿ Dónde están las gasolineras más baratas ?",https://www.diariosur.es/economia/mibolsillo/precio-gasolina-diesel-provincia-malaga-viernes-16-enero-2026-20260114000000-nt.html,diariosur.es,Spanish,1,-0.124414
2022-09-21,0.9604992222832612,0.9659180427295492,36.279497295618434,-0.0694239816940913,2.8255669874796365,4.19000244140625,0,2026-01-16,"Precio de la gasolina y diésel en Málaga hoy , viernes 16 de enero : ¿ Dónde están las gasolineras más baratas ?",https://www.diariosur.es/economia/mibolsillo/precio-gasolina-diesel-provincia-malaga-viernes-16-enero-2026-20260114000000-nt.html,diariosur.es,Spanish,1,-0.124552
2022-09-22,0.9699290203538782,0.974240756954872,38.50455645889807,-0.0891498015798031,2.8808835222397406,3.5999984741210938,0,2026-01-16,"Precio de la gasolina y diésel en Málaga hoy , viernes 16 de enero : ¿ Dónde están las gasolineras más baratas ?",https://www.diariosur.es/economia/mibolsillo/precio-gasolina-diesel-provincia-malaga-viernes-16-enero-2026-20260114000000-nt.html,diariosur.es,Spanish,1,-0.124691
2022-09-23,0.9222347556540575,0.9231923359520512,29.0649946376099,-0.3862892940295825,3.095105931609614,5.879997253417969,0,2026-01-16,"Precio de la gasolina y diésel en Málaga hoy , viernes 16 de enero : ¿ Dónde están las gasolineras más baratas ?",https://www.diariosur.es/economia/mibolsillo/precio-gasolina-diesel-provincia-malaga-viernes-16-enero-2026-20260114000000-nt.html,diariosur.es,Spanish,1,-0.124829
2022-09-24,0.929115987251614,0.9276133775958564,29.0649946376099,-0.5377154242793623,2.8740269364946416,0.0,0,2026-01-16,"Precio de la gasolina y diésel en Málaga hoy , viernes 16 de enero : ¿ Dónde están las gasolineras más baratas ?",https://www.diariosur.es/economia/mibolsillo/precio-gasolina-diesel-provincia-malaga-viernes-16-enero-2026-20260114000000-nt.html,diariosur.es,Spanish,1,-0.124968
2022-09-25,0.9354309490916756,0.9320769665184836,29.0649946376099,-0.5886476718510094,2.668739298173596,0.0,0,2026-01-16,"Precio de la gasolina y diésel en Málaga hoy , viernes 16 de enero : ¿ Dónde están las gasolineras más baratas ?",https://www.diariosur.es/economia/mibolsillo/precio-gasolina-diesel-provincia-malaga-viernes-16-enero-2026-20260114000000-nt.html,diariosur.es,Spanish,1,-0.125107
2022-09-26,0.9190773091133602,0.913545979341926,25.70174887847702,-0.7021304806029001,2.7681148882036077,4.05999755859375,0,2026-01-16,"Precio de la gasolina y diésel en Málaga hoy , viernes 16 de enero : ¿ Dónde están las gasolineras más baratas ?",https://www.diariosur.es/economia/mibolsillo/precio-gasolina-diesel-provincia-malaga-viernes-16-enero-2026-20260114000000-nt.html,diariosur.es,Spanish,1,-0.125246
2022-09-27,0.9458815199537776,0.9367821252775036,33.05758265690275,-0.6034860592410123,2.7911069652808607,3.090003967285156,0,2026-01-16,"Precio de la gasolina y diésel en Málaga hoy , viernes 16 de enero : ¿ Dónde están las gasolineras más baratas ?",https://www.diariosur.es/economia/mibolsillo/precio-gasolina-diesel-provincia-malaga-viernes-16-enero-2026-20260114000000-nt.html,diariosur.es,Spanish,1,-0.125385
2022-09-28,0.9908186741051344,0.9811532778240086,45.01239122131895,-0.2569791427474155,3.005313131056,5.7899932861328125,0,2026-01-16,"Precio de la gasolina y diésel en Málaga hoy , viernes 16 de enero : ¿ Dónde están las gasolineras más baratas ?",https://www.diariosur.es/economia/mibolsillo/precio-gasolina-diesel-provincia-malaga-viernes-16-enero-2026-20260114000000-nt.html,diariosur.es,Spanish,1,-0.125525
2022-09-29,0.9816181845578356,0.9733972840854834,42.93128739661509,-0.0643422780611473,2.9763626290888303,2.600006103515625,0,2026-01-16,"Precio de la gasolina y diésel en Málaga hoy , viernes 16 de enero : ¿ Dónde están las gasolineras más baratas ?",https://www.diariosur.es/economia/mibolsillo/precio-gasolina-diesel-provincia-malaga-viernes-16-enero-2026-20260114000000-nt.html,diariosur.es,Spanish,1,-0.125664
2022-09-30,0.9642101028246696,0.9567310346001696,39.23641595538351,-0.0304308263318144,3.008050881935722,3.4199981689453125,0,2026-01-16,"Precio de la gasolina y diésel en Málaga hoy , viernes 16 de enero : ¿ Dónde están las gasolineras más baratas ?",https://www.diariosur.es/economia/mibolsillo/precio-gasolina-diesel-provincia-malaga-viernes-16-enero-2026-20260114000000-nt.html,diariosur.es,Spanish,1,-0.125804
2022-10-01,0.9675079131798148,0.9609525889389384,39.23641595538351,0.0133293608550459,2.7931901046545997,0.0,0,2026-01-16,"Precio de la gasolina y diésel en Málaga hoy , viernes 16 de enero : ¿ Dónde están las gasolineras más baratas ?",https://www.diariosur.es/economia/mibolsillo/precio-gasolina-diesel-provincia-malaga-viernes-16-enero-2026-20260114000000-nt.html,diariosur.es,Spanish,1,-0.125944
2022-10-02,0.9705111448348558,0.9657920576719214,39.23641595538351,0.0609381829927029,2.5936765257506997,0.0,0,2026-01-16,"Precio de la gasolina y diésel en Málaga hoy , viernes 16 de enero : ¿ Dónde están las gasolineras más baratas ?",https://www.diariosur.es/economia/mibolsillo/precio-gasolina-diesel-provincia-malaga-viernes-16-enero-2026-20260114000000-nt.html,diariosur.es,Spanish,1,-0.126084
2022-10-03,1.019013731865547,1.0183690948942223,51.61202487416969,0.3725297206391493,2.7705567521130936,3.689994812011719,0,2026-01-16,"Precio de la gasolina y diésel en Málaga hoy , viernes 16 de enero : ¿ Dónde están las gasolineras más baratas ?",https://www.diariosur.es/economia/mibolsillo/precio-gasolina-diesel-provincia-malaga-viernes-16-enero-2026-20260114000000-nt.html,diariosur.es,Spanish,1,-0.126224
2022-10-04,1.0488111238682716,1.0548196234426577,58.0370055212064,0.7526252165269507,2.8412314224071915,3.7600021362304688,0,2026-01-16,"Precio de la gasolina y diésel en Málaga hoy , viernes 16 de enero : ¿ Dónde están las gasolineras más baratas ?",https://www.diariosur.es/economia/mibolsillo/precio-gasolina-diesel-provincia-malaga-viernes-16-enero-2026-20260114000000-nt.html,diariosur.es,Spanish,1,-0.126364
2022-10-05,1.0574133511604853,1.0682052264935105,60.46278327982207,1.0487182914298498,2.8525720350923924,3.0,0,2026-01-16,"Precio de la gasolina y diésel en Málaga hoy , viernes 16 de enero : ¿ Dónde están las gasolineras más baratas ?",https://www.diariosur.es/economia/mibolsillo/precio-gasolina-diesel-provincia-malaga-viernes-16-enero-2026-20260114000000-nt.html,diariosur.es,Spanish,1,-0.126505
2022-10-06,1.0590973927397087,1.0744197914615154,61.78653888621222,1.2391479501337244,2.79381680253557,2.029998779296875,0,2026-01-16,"Precio de la gasolina y diésel en Málaga hoy , viernes 16 de enero : ¿ Dónde están las gasolineras más baratas ?",https://www.diariosur.es/economia/mibolsillo/precio-gasolina-diesel-provincia-malaga-viernes-16-enero-2026-20260114000000-nt.html,diariosur.es,Spanish,1,-0.126646
2022-10-07,1.09784362625084,1.1201934733287573,68.65063818388151,1.5739052306450252,2.97354399939687,5.309997558593764,0,2026-01-16,"Precio de la gasolina y diésel en Málaga hoy , viernes 16 de enero : ¿ Dónde están las gasolineras más baratas ?",https://www.diariosur.es/economia/mibolsillo/precio-gasolina-diesel-provincia-malaga-viernes-16-enero-2026-20260114000000-nt.html,diariosur.es,Spanish,1,-0.126786
2022-10-08,1.0877078849399675,1.1151167936597757,68.65063818388151,1.7105923230201487,2.7611479994399506,0.0,0,2026-01-16,"Precio de la gasolina y diésel en Málaga hoy , viernes 16 de enero : ¿ Dónde están las gasolineras más baratas ?",https://www.diariosur.es/economia/mibolsillo/precio-gasolina-diesel-provincia-malaga-viernes-16-enero-2026-20260114000000-nt.html,diariosur.es,Spanish,1,-0.126927
2022-10-09,1.07869738341713,1.1104984359635846,68.65063818388151,1.7120687095602969,2.563923142337097,0.0,0,2026-01-16,"Precio de la gasolina y diésel en Málaga hoy , viernes 16 de enero : ¿ Dónde están las gasolineras más baratas ?",https://www.diariosur.es/economia/mibolsillo/precio-gasolina-diesel-provincia-malaga-viernes-16-enero-2026-20260114000000-nt.html,diariosur.es,Spanish,1,-0.127068
2022-10-10,1.0549745132969854,1.0880414340365203,63.515367575072304,1.5284532909288016,2.6022142374645254,3.0999984741210938,0,2026-01-16,"Precio de la gasolina y diésel en Málaga hoy , viernes 16 de enero : ¿ Dónde están las gasolineras más baratas ?",https://www.diariosur.es/economia/mibolsillo/precio-gasolina-diesel-provincia-malaga-viernes-16-enero-2026-20260114000000-nt.html,diariosur.es,Spanish,1,-0.12721
2022-10-11,1.0309935903464849,1.0627226365889884,58.0069643971751,1.2177371290711845,2.662055707075039,3.4399948120117188,0,2026-01-16,"Precio de la gasolina y diésel en Málaga hoy , viernes 16 de enero : ¿ Dónde están las gasolineras más baratas ?",https://www.diariosur.es/economia/mibolsillo/precio-gasolina-diesel-provincia-malaga-viernes-16-enero-2026-20260114000000-nt.html,diariosur.es,Spanish,1,-0.127351
2022-10-12,1.0063226287899765,1.0356551370929077,52.29914539672384,0.8217239752073076,2.742623221964489,3.790000915527344,0,2026-01-16,"Precio de la gasolina y diésel en Málaga hoy , viernes 16 de enero : ¿ Dónde están las gasolineras más baratas ?",https://www.diariosur.es/economia/mibolsillo/precio-gasolina-diesel-provincia-malaga-viernes-16-enero-2026-20260114000000-nt.html,diariosur.es,Spanish,1,-0.127493
2022-10-13,1.0248519361520956,1.0510237992677331,56.38743290777334,0.6413007201820748,2.839579142075285,4.100006103515625,0,2026-01-16,"Precio de la gasolina y diésel en Málaga hoy , viernes 16 de enero : ¿ Dónde están las gasolineras más baratas ?",https://www.diariosur.es/economia/mibolsillo/precio-gasolina-diesel-provincia-malaga-viernes-16-enero-2026-20260114000000-nt.html,diariosur.es,Spanish,1,-0.127634
2022-10-14,0.9860448597536496,1.0056679875221812,47.966053630054205,0.26321489020993,2.96032394683358,4.530006408691406,0,2026-01-16,"Precio de la gasolina y diésel en Málaga hoy , viernes 16 de enero : ¿ Dónde están las gasolineras más baratas ?",https://www.diariosur.es/economia/mibolsillo/precio-gasolina-diesel-provincia-malaga-viernes-16-enero-2026-20260114000000-nt.html,diariosur.es,Spanish,1,-0.127776
2022-10-15,0.9873571175678296,1.0016262997535237,47.966053630054205,0.0038197749699688,2.7488722363454667,0.0,0,2026-01-16,"Precio de la gasolina y diésel en Málaga hoy , viernes 16 de enero : ¿ Dónde están las gasolineras más baratas ?",https://www.diariosur.es/economia/mibolsillo/precio-gasolina-diesel-provincia-malaga-viernes-16-enero-2026-20260114000000-nt.html,diariosur.es,Spanish,1,-0.127918
2022-10-16,0.9885474117302232,0.9964383978045784,47.966053630054205,-0.1675930851659589,2.552524219463648,0.0,0,2026-01-16,"Precio de la gasolina y diésel en Málaga hoy , viernes 16 de enero : ¿ Dónde están las gasolineras más baratas ?",https://www.diariosur.es/economia/mibolsillo/precio-gasolina-diesel-provincia-malaga-viernes-16-enero-2026-20260114000000-nt.html,diariosur.es,Spanish,1,-0.128061
2022-10-17,0.9880560139173178,0.9906797725675558,47.58563788643616,-0.2840653953365384,2.549486927804135,2.5100021362304688,0,2026-01-16,"Precio de la gasolina y diésel en Málaga hoy , viernes 16 de enero : ¿ Dónde están las gasolineras más baratas ?",https://www.diariosur.es/economia/mibolsillo/precio-gasolina-diesel-provincia-malaga-viernes-16-enero-2026-20260114000000-nt.html,diariosur.es,Spanish,1,-0.128203
2022-10-18,0.9614217606608728,0.959703358422421,41.36729769095335,-0.5182547662838927,2.683095418556686,4.420005798339844,0,2026-01-16,"Precio de la gasolina y diésel en Málaga hoy , viernes 16 de enero : ¿ Dónde están las gasolineras más baratas ?",https://www.diariosur.es/economia/mibolsillo/precio-gasolina-diesel-provincia-malaga-viernes-16-enero-2026-20260114000000-nt.html,diariosur.es,Spanish,1,-0.128345
2022-10-19,0.9937649923006096,0.988863055733242,48.815943485254905,-0.4700680791372439,2.7493029322563203,3.6100006103515625,0,2026-01-16,"Precio de la gasolina y diésel en Málaga hoy , viernes 16 de enero : ¿ Dónde están las gasolineras más baratas ?",https://www.diariosur.es/economia/mibolsillo/precio-gasolina-diesel-provincia-malaga-viernes-16-enero-2026-20260114000000-nt.html,diariosur.es,Spanish,1,-0.128488
2022-10-20,0.9988779238664544,0.9901195790619164,49.89564364499266,-0.3931290163748557,2.7636382191124533,2.9499969482421875,0,2026-01-16,"Precio de la gasolina y diésel en Málaga hoy , viernes 16 de enero : ¿ Dónde están las gasolineras más baratas ?",https://www.diariosur.es/economia/mibolsillo/precio-gasolina-diesel-provincia-malaga-viernes-16-enero-2026-20260114000000-nt.html,diariosur.es,Spanish,1,-0.128631
2022-10-21,0.9891971670099224,0.9762845337145613,47.55896049115039,-0.3880978356014669,2.7683784771083277,2.75,0,2026-01-16,"Precio de la gasolina y diésel en Málaga hoy , viernes 16 de enero : ¿ Dónde están las gasolineras más baratas ?",https://www.diariosur.es/economia/mibolsillo/precio-gasolina-diesel-provincia-malaga-viernes-16-enero-2026-20260114000000-nt.html,diariosur.es,Spanish,1,-0.128774
2022-10-22,0.9902159420047404,0.9731789732178824,47.55896049115039,-0.3681658646839051,2.5706371573148754,0.0,0,2026-01-16,"Precio de la gasolina y diésel en Málaga hoy , viernes 16 de enero : ¿ Dónde están las gasolineras más baratas ?",https://www.diariosur.es/economia/mibolsillo/precio-gasolina-diesel-provincia-malaga-viernes-16-enero-2026-20260114000000-nt.html,diariosur.es,Spanish,1,-0.128917
2022-10-23,0.9911395007053396,0.9723889887770312,47.55896049115039,-0.3391001095538534,2.38702021750667,0.0,0,2026-01-16,"Precio de la gasolina y diésel en Málaga hoy , viernes 16 de enero : ¿ Dónde están las gasolineras más baratas ?",https://www.diariosur.es/economia/mibolsillo/precio-gasolina-diesel-provincia-malaga-viernes-16-enero-2026-20260114000000-nt.html,diariosur.es,Spanish,1,-0.12906
2022-10-24,0.987010048588988,0.9680890192314612,46.19347290070045,-0.335054652497194,2.451518838793861,3.290000915527344,0,2026-01-16,"Precio de la gasolina y diésel en Málaga hoy , viernes 16 de enero : ¿ Dónde están las gasolineras más baratas ?",https://www.diariosur.es/economia/mibolsillo/precio-gasolina-diesel-provincia-malaga-viernes-16-enero-2026-20260114000000-nt.html,diariosur.es,Spanish,1,-0.129204
2022-10-25,0.9960585672105354,0.9779244826273674,48.69130112798978,-0.2689205309727203,2.488553294644523,2.970001220703125,0,2026-01-16,"Precio de la gasolina y diésel en Málaga hoy , viernes 16 de enero : ¿ Dónde están las gasolineras más baratas ?",https://www.diariosur.es/economia/mibolsillo/precio-gasolina-diesel-provincia-malaga-viernes-16-enero-2026-20260114000000-nt.html,diariosur.es,Spanish,1,-0.129348
2022-10-26,1.023731529208207,1.0079226204329623,56.332186745818085,-0.048661305486984,2.615799793059981,4.2700042724609375,0,2026-01-16,"Precio de la gasolina y diésel en Málaga hoy , viernes 16 de enero : ¿ Dónde están las gasolineras más baratas ?",https://www.diariosur.es/economia/mibolsillo/precio-gasolina-diesel-provincia-malaga-viernes-16-enero-2026-20260114000000-nt.html,diariosur.es,Spanish,1,-0.129491
2022-10-27,1.0336788427725156,1.0234257541372345,59.282088974618695,0.1661436530019075,2.6046711710180293,2.459999084472656,0,2026-01-16,"Precio de la gasolina y diésel en Málaga hoy , viernes 16 de enero : ¿ Dónde están las gasolineras más baratas ?",https://www.diariosur.es/economia/mibolsillo/precio-gasolina-diesel-provincia-malaga-viernes-16-enero-2026-20260114000000-nt.html,diariosur.es,Spanish,1,-0.129635
2022-10-28,1.0180483910500795,1.0126261538707635,55.229792514125776,0.2159194641454838,2.56148037308817,1.6800003051757812,0,2026-01-16,"Precio de la gasolina y diésel en Málaga hoy , viernes 16 de enero : ¿ Dónde están las gasolineras más baratas ?",https://www.diariosur.es/economia/mibolsillo/precio-gasolina-diesel-provincia-malaga-viernes-16-enero-2026-20260114000000-nt.html,diariosur.es,Spanish,1,-0.129779
2022-10-29,1.0163014761485272,1.0153984838307044,55.22979251412578,0.2344616112537419,2.3785174892961582,0.0,0,2026-01-16,"Precio de la gasolina y diésel en Málaga hoy , viernes 16 de enero : ¿ Dónde están las gasolineras más baratas ?",https://www.diariosur.es/economia/mibolsillo/precio-gasolina-diesel-provincia-malaga-viernes-16-enero-2026-20260114000000-nt.html,diariosur.es,Spanish,1,-0.129924
2022-10-30,1.014726092035517,1.0172963564892303,55.22979251412578,0.2319207074116715,2.208623382917861,0.0,0,2026-01-16,"Precio de la gasolina y diésel en Málaga hoy , viernes 16 de enero : ¿ Dónde están las gasolineras más baratas ?",https://www.diariosur.es/economia/mibolsillo/precio-gasolina-diesel-provincia-malaga-viernes-16-enero-2026-20260114000000-nt.html,diariosur.es,Spanish,1,-0.130068
2022-10-31,0.9990142937684284,1.0030777154617283,50.24899945299068,0.1283395851429961,2.2901501751466635,3.3499984741210938,0,2026-01-16,"Precio de la gasolina y diésel en Málaga hoy , viernes 16 de enero : ¿ Dónde están las gasolineras más baratas ?",https://www.diariosur.es/economia/mibolsillo/precio-gasolina-diesel-provincia-malaga-viernes-16-enero-2026-20260114000000-nt.html,diariosur.es,Spanish,1,-0.130213
2022-11-01,1.0182930850683276,1.0237547856011529,55.98965939275439,0.171420922470884,2.3787107897288218,3.529998779296875,0,2026-01-16,"Precio de la gasolina y diésel en Málaga hoy , viernes 16 de enero : ¿ Dónde están las gasolineras más baratas ?",https://www.diariosur.es/economia/mibolsillo/precio-gasolina-diesel-provincia-malaga-viernes-16-enero-2026-20260114000000-nt.html,diariosur.es,Spanish,1,-0.130358
2022-11-02,1.033426602000024,1.0421008576893738,60.35394150338296,0.2903762124363972,2.3973742611516515,2.639999389648437,0,2026-01-16,"Precio de la gasolina y diésel en Málaga hoy , viernes 16 de enero : ¿ Dónde están las gasolineras más baratas ?",https://www.diariosur.es/economia/mibolsillo/precio-gasolina-diesel-provincia-malaga-viernes-16-enero-2026-20260114000000-nt.html,diariosur.es,Spanish,1,-0.130502
2022-11-03,1.0112180658119263,1.0194006012130747,53.89241584087609,0.2291811086206604,2.397561922917884,2.0699996948242188,0,2026-01-16,"Precio de la gasolina y diésel en Málaga hoy , viernes 16 de enero : ¿ Dónde están las gasolineras más baratas ?",https://www.diariosur.es/economia/mibolsillo/precio-gasolina-diesel-provincia-malaga-viernes-16-enero-2026-20260114000000-nt.html,diariosur.es,Spanish,1,-0.130648
2022-11-04,1.0558913774317946,1.0664194649868937,63.97097253658496,0.4578938512281829,2.587022003549308,5.050003051757827,0,2026-01-16,"Precio de la gasolina y diésel en Málaga hoy , viernes 16 de enero : ¿ Dónde están las gasolineras más baratas ?",https://www.diariosur.es/economia/mibolsillo/precio-gasolina-diesel-provincia-malaga-viernes-16-enero-2026-20260114000000-nt.html,diariosur.es,Spanish,1,-0.130793
2022-11-05,1.0503006393886587,1.0621387189666471,63.97097253658496,0.5719314997634836,2.4022347175815004,0.0,0,2026-01-16,"Precio de la gasolina y diésel en Málaga hoy , viernes 16 de enero : ¿ Dónde están las gasolineras más baratas ?",https://www.diariosur.es/economia/mibolsillo/precio-gasolina-diesel-provincia-malaga-viernes-16-enero-2026-20260114000000-nt.html,diariosur.es,Spanish,1,-0.130938
2022-11-06,1.0452931239142342,1.0578015763569164,63.97097253658496,0.6068114314077919,2.230646523468536,0.0,0,2026-01-16,"Precio de la gasolina y diésel en Málaga hoy , viernes 16 de enero : ¿ Dónde están las gasolineras más baratas ?",https://www.diariosur.es/economia/mibolsillo/precio-gasolina-diesel-provincia-malaga-viernes-16-enero-2026-20260114000000-nt.html,diariosur.es,Spanish,1,-0.131084
2022-11-07,1.0324940596799217,1.0430918813114434,60.90032399778645,0.536534865139072,2.309885795927256,3.339996337890611,0,2026-01-16,"Precio de la gasolina y diésel en Málaga hoy , viernes 16 de enero : ¿ Dónde están las gasolineras más baratas ?",https://www.diariosur.es/economia/mibolsillo/precio-gasolina-diesel-provincia-malaga-viernes-16-enero-2026-20260114000000-nt.html,diariosur.es,Spanish,1,-0.131229
2022-11-08,1.0000892009745284,1.0084386513932997,51.54248485440724,0.2713451537816673,2.405608348066661,3.650001525878921,0,2026-01-16,"Precio de la gasolina y diésel en Málaga hoy , viernes 16 de enero : ¿ Dónde están las gasolineras más baratas ?",https://www.diariosur.es/economia/mibolsillo/precio-gasolina-diesel-provincia-malaga-viernes-16-enero-2026-20260114000000-nt.html,diariosur.es,Spanish,1,-0.131375
2022-11-09,0.968632104084735,0.9735873504496204,43.79252362491677,-0.1154929333382024,2.50092188490258,3.7399978637695312,0,2026-01-16,"Precio de la gasolina y diésel en Málaga hoy , viernes 16 de enero : ¿ Dónde están las gasolineras más baratas ?",https://www.diariosur.es/economia/mibolsillo/precio-gasolina-diesel-provincia-malaga-viernes-16-enero-2026-20260114000000-nt.html,diariosur.es,Spanish,1,-0.131521
2022-11-10,0.9781039915377644,0.9800576893749562,45.62217880155092,-0.3206341548578049,2.511570430686604,2.6500015258789062,0,2026-01-16,"Precio de la gasolina y diésel en Málaga hoy , viernes 16 de enero : ¿ Dónde están las gasolineras más baratas ?",https://www.diariosur.es/economia/mibolsillo/precio-gasolina-diesel-provincia-malaga-viernes-16-enero-2026-20260114000000-nt.html,diariosur.es,Spanish,1,-0.131668
2022-11-11,1.0056690751893969,1.0060503017601297,52.14858426551938,-0.2823440884793897,2.612172411990797,3.919998168945313,0,2026-01-16,"Precio de la gasolina y diésel en Málaga hoy , viernes 16 de enero : ¿ Dónde están las gasolineras más baratas ?",https://www.diariosur.es/economia/mibolsillo/precio-gasolina-diesel-provincia-malaga-viernes-16-enero-2026-20260114000000-nt.html,diariosur.es,Spanish,1,-0.131814
2022-11-12,1.0051263954645648,1.003830921003645,52.14858426551938,-0.2517455627318772,2.425588668277169,0.0,0,2026-01-16,"Precio de la gasolina y diésel en Málaga hoy , viernes 16 de enero : ¿ Dónde están las gasolineras más baratas ?",https://www.diariosur.es/economia/mibolsillo/precio-gasolina-diesel-provincia-malaga-viernes-16-enero-2026-20260114000000-nt.html,diariosur.es,Spanish,1,-0.131961
2022-11-13,1.004635903946324,1.001356359217014,52.14858426551938,-0.2269981918628961,2.2523323348288,0.0,0,2026-01-16,"Precio de la gasolina y diésel en Málaga hoy , viernes 16 de enero : ¿ Dónde están las gasolineras más baratas ?",https://www.diariosur.es/economia/mibolsillo/precio-gasolina-diesel-provincia-malaga-viernes-16-enero-2026-20260114000000-nt.html,diariosur.es,Spanish,1,-0.132107
2022-11-14,0.9725429630471412,0.9662754657825496,43.96930731897505,-0.4038944822831745,2.4264510831990083,4.689994812011719,0,2026-01-16,"Precio de la gasolina y diésel en Málaga hoy , viernes 16 de enero : ¿ Dónde están las gasolineras más baratas ?",https://www.diariosur.es/economia/mibolsillo/precio-gasolina-diesel-provincia-malaga-viernes-16-enero-2026-20260114000000-nt.html,diariosur.es,Spanish,1,-0.132254
2022-11-15,0.9858964362526086,0.9786359388292776,47.0107145775556,-0.4327787576732107,2.583133344869224,4.620002746582031,0,2026-01-16,"Precio de la gasolina y diésel en Málaga hoy , viernes 16 de enero : ¿ Dónde están las gasolineras más baratas ?",https://www.diariosur.es/economia/mibolsillo/precio-gasolina-diesel-provincia-malaga-viernes-16-enero-2026-20260114000000-nt.html,diariosur.es,Spanish,1,-0.132401
2022-11-16,0.9735170971990548,0.9655584303339556,43.76976469643298,-0.5182772823413121,2.6350527622348707,3.310005187988281,0,2026-01-16,"Precio de la gasolina y diésel en Málaga hoy , viernes 16 de enero : ¿ Dónde están las gasolineras más baratas ?",https://www.diariosur.es/economia/mibolsillo/precio-gasolina-diesel-provincia-malaga-viernes-16-enero-2026-20260114000000-nt.html,diariosur.es,Spanish,1,-0.132548
2022-11-17,0.9349476888017276,0.9242612827757984,35.862217284348205,-0.8007992565433225,2.7461200515046458,4.049995422363281,0,2026-01-16,"Precio de la gasolina y diésel en Málaga hoy , viernes 16 de enero : ¿ Dónde están las gasolineras más baratas ?",https://www.diariosur.es/economia/mibolsillo/precio-gasolina-diesel-provincia-malaga-viernes-16-enero-2026-20260114000000-nt.html,diariosur.es,Spanish,1,-0.132696
2022-11-18,0.9243822349131856,0.9106312505174832,33.30324278508212,-1.0376520821378856,2.93568301395995,5.400001525878906,0,2026-01-16,"Precio de la gasolina y diésel en Málaga hoy , viernes 16 de enero : ¿ Dónde están las gasolineras más baratas ?",https://www.diariosur.es/economia/mibolsillo/precio-gasolina-diesel-provincia-malaga-viernes-16-enero-2026-20260114000000-nt.html,diariosur.es,Spanish,1,-0.132843
2022-11-19,0.9310876412494944,0.914698240096822,33.30324278508212,-1.1315437349039856,2.725991370105668,0.0,0,2026-01-16,"Precio de la gasolina y diésel en Málaga hoy , viernes 16 de enero : ¿ Dónde están las gasolineras más baratas ?",https://www.diariosur.es/economia/mibolsillo/precio-gasolina-diesel-provincia-malaga-viernes-16-enero-2026-20260114000000-nt.html,diariosur.es,Spanish,1,-0.132991
2022-11-20,0.9372388162533564,0.9180801644332603,33.30324278508212,-1.1283291215131728,2.531277700812406,0.0,0,2026-01-16,"Precio de la gasolina y diésel en Málaga hoy , viernes 16 de enero : ¿ Dónde están las gasolineras más baratas ?",https://www.diariosur.es/economia/mibolsillo/precio-gasolina-diesel-provincia-malaga-viernes-16-enero-2026-20260114000000-nt.html,diariosur.es,Spanish,1,-0.133139
2022-11-21,0.939122258933731,0.9186172107399294,32.65039263079812,-1.0841830917547646,2.7233293808046004,5.220001220703125,0,2026-01-16,"Precio de la gasolina y diésel en Málaga hoy , viernes 16 de enero : ¿ Dónde están las gasolineras más baratas ?",https://www.diariosur.es/economia/mibolsillo/precio-gasolina-diesel-provincia-malaga-viernes-16-enero-2026-20260114000000-nt.html,diariosur.es,Spanish,1,-0.133287
2022-11-22,0.9577343942635108,0.9375614899630178,37.26676420816057,-0.9140319526164244,2.716662800276984,2.5100021362304688,0,2026-01-16,"Precio de la gasolina y diésel en Málaga hoy , viernes 16 de enero : ¿ Dónde están las gasolineras más baratas ?",https://www.diariosur.es/economia/mibolsillo/precio-gasolina-diesel-provincia-malaga-viernes-16-enero-2026-20260114000000-nt.html,diariosur.es,Spanish,1,-0.133435
2022-11-23,0.9290129849035031,0.90807941226351,31.52535487076254,-0.9416875506088884,2.8883293943420214,5.1199951171875,0,2026-01-16,"Precio de la gasolina y diésel en Málaga hoy , viernes 16 de enero : ¿ Dónde están las gasolineras más baratas ?",https://www.diariosur.es/economia/mibolsillo/precio-gasolina-diesel-provincia-malaga-viernes-16-enero-2026-20260114000000-nt.html,diariosur.es,Spanish,1,-0.133583
2022-11-24,0.93533648444077,0.9159067620860982,31.52535487076254,-0.8976377131942386,2.68202015188902,0.0,0,2026-01-16,"Precio de la gasolina y diésel en Málaga hoy , viernes 16 de enero : ¿ Dónde están las gasolineras más baratas ?",https://www.diariosur.es/economia/mibolsillo/precio-gasolina-diesel-provincia-malaga-viernes-16-enero-2026-20260114000000-nt.html,diariosur.es,Spanish,1,-0.133732
2022-11-25,0.9228494284857272,0.9050836591875676,28.697520846226126,-0.9148451210205018,2.75330444855236,3.680000305175781,0,2026-01-16,"Precio de la gasolina y diésel en Málaga hoy , viernes 16 de enero : ¿ Dónde están las gasolineras más baratas ?",https://www.diariosur.es/economia/mibolsillo/precio-gasolina-diesel-provincia-malaga-viernes-16-enero-2026-20260114000000-nt.html,diariosur.es,Spanish,1,-0.133881
2022-11-26,0.9296804166255644,0.9139378926355168,28.697520846226126,-0.8615226699320231,2.5566398450843346,0.0,0,2026-01-16,"Precio de la gasolina y diésel en Málaga hoy , viernes 16 de enero : ¿ Dónde están las gasolineras más baratas ?",https://www.diariosur.es/economia/mibolsillo/precio-gasolina-diesel-provincia-malaga-viernes-16-enero-2026-20260114000000-nt.html,diariosur.es,Spanish,1,-0.134029
2022-11-27,0.9359485607064004,0.922509429204988,28.697520846226126,-0.7648251362305656,2.3740227132925966,0.0,0,2026-01-16,"Precio de la gasolina y diésel en Málaga hoy , viernes 16 de enero : ¿ Dónde están las gasolineras más baratas ?",https://www.diariosur.es/economia/mibolsillo/precio-gasolina-diesel-provincia-malaga-viernes-16-enero-2026-20260114000000-nt.html,diariosur.es,Spanish,1,-0.134178
2022-11-28,0.95246935640551,0.9407580358769434,33.03612785031406,-0.5830018955321714,2.5073066526123777,4.239997863769531,0,2026-01-16,"Precio de la gasolina y diésel en Málaga hoy , viernes 16 de enero : ¿ Dónde están las gasolineras más baratas ?",https://www.diariosur.es/economia/mibolsillo/precio-gasolina-diesel-provincia-malaga-viernes-16-enero-2026-20260114000000-nt.html,diariosur.es,Spanish,1,-0.134328
2022-11-29,0.9675965374657072,0.9568967798862376,37.15431278626485,-0.3560262063240831,2.568213363879462,3.3600006103515625,0,2026-01-16,"Precio de la gasolina y diésel en Málaga hoy , viernes 16 de enero : ¿ Dónde están las gasolineras más baratas ?",https://www.diariosur.es/economia/mibolsillo/precio-gasolina-diesel-provincia-malaga-viernes-16-enero-2026-20260114000000-nt.html,diariosur.es,Spanish,1,-0.134477
2022-11-30,0.9969898117173286,0.9892357293035556,45.92171710821236,-0.0231298214398703,2.611912431114914,2.9799957275390625,0,2026-01-16,"Precio de la gasolina y diésel en Málaga hoy , viernes 16 de enero : ¿ Dónde están las gasolineras más baratas ?",https://www.diariosur.es/economia/mibolsillo/precio-gasolina-diesel-provincia-malaga-viernes-16-enero-2026-20260114000000-nt.html,diariosur.es,Spanish,1,-0.134626
2022-12-01,1.004777060742681,1.002227323401857,48.14294301620366,0.2515431608507668,2.668918402657766,3.409996032714844,0,2026-01-16,"Precio de la gasolina y diésel en Málaga hoy , viernes 16 de enero : ¿ Dónde están las gasolineras más baratas ?",https://www.diariosur.es/economia/mibolsillo/precio-gasolina-diesel-provincia-malaga-viernes-16-enero-2026-20260114000000-nt.html,diariosur.es,Spanish,1,-0.134776
2022-12-02,0.9904333574846732,0.9924247038980922,44.49992653832808,0.3528592283088594,2.6618527806696552,2.5699996948242188,0,2026-01-16,"Precio de la gasolina y diésel en Málaga hoy , viernes 16 de enero : ¿ Dónde están las gasolineras más baratas ?",https://www.diariosur.es/economia/mibolsillo/precio-gasolina-diesel-provincia-malaga-viernes-16-enero-2026-20260114000000-nt.html,diariosur.es,Spanish,1,-0.134926
2022-12-03,0.9913365729709572,0.9979848503567358,44.49992653832807,0.4185369136056929,2.4717204391932515,0.0,0,2026-01-16,"Precio de la gasolina y diésel en Málaga hoy , viernes 16 de enero : ¿ Dónde están las gasolineras más baratas ?",https://www.diariosur.es/economia/mibolsillo/precio-gasolina-diesel-provincia-malaga-viernes-16-enero-2026-20260114000000-nt.html,diariosur.es,Spanish,1,-0.135076
2022-12-04,0.9921551885974236,1.001665721349015,44.49992653832808,0.4574802883161406,2.2951689792508763,0.0,0,2026-01-16,"Precio de la gasolina y diésel en Málaga hoy , viernes 16 de enero : ¿ Dónde están las gasolineras más baratas ?",https://www.diariosur.es/economia/mibolsillo/precio-gasolina-diesel-provincia-malaga-viernes-16-enero-2026-20260114000000-nt.html,diariosur.es,Spanish,1,-0.135226
2022-12-05,0.9584896838313488,0.9695327478927496,36.10637477874776,0.2819388795117503,2.556228664849865,5.950004577636719,0,2026-01-16,"Precio de la gasolina y diésel en Málaga hoy , viernes 16 de enero : ¿ Dónde están las gasolineras más baratas ?",https://www.diariosur.es/economia/mibolsillo/precio-gasolina-diesel-provincia-malaga-viernes-16-enero-2026-20260114000000-nt.html,diariosur.es,Spanish,1,-0.135376
2022-12-06,0.9317454528337537,0.942492104672768,30.637915891104043,0.0041348495352009,2.692926159596917,4.469993591308594,0,2026-01-16,"Precio de la gasolina y diésel en Málaga hoy , viernes 16 de enero : ¿ Dónde están las gasolineras más baratas ?",https://www.diariosur.es/economia/mibolsillo/precio-gasolina-diesel-provincia-malaga-viernes-16-enero-2026-20260114000000-nt.html,diariosur.es,Spanish,1,-0.135527
2022-12-07,0.9120061928174362,0.919679705745991,26.9622603325887,-0.2951319602089972,2.7598598091555635,3.6299972534179688,0,2026-01-16,"Precio de la gasolina y diésel en Málaga hoy , viernes 16 de enero : ¿ Dónde están las gasolineras más baratas ?",https://www.diariosur.es/economia/mibolsillo/precio-gasolina-diesel-provincia-malaga-viernes-16-enero-2026-20260114000000-nt.html,diariosur.es,Spanish,1,-0.135678
2022-12-08,0.9133000843902442,0.9177068674720256,26.133229193027677,-0.4836389776237233,2.8712983724176104,4.319999694824219,0,2026-01-16,"Precio de la gasolina y diésel en Málaga hoy , viernes 16 de enero : ¿ Dónde están las gasolineras más baratas ?",https://www.diariosur.es/economia/mibolsillo/precio-gasolina-diesel-provincia-malaga-viernes-16-enero-2026-20260114000000-nt.html,diariosur.es,Spanish,1,-0.135828
2022-12-09,0.9157283278389916,0.9173932203465164,25.458813940980136,-0.5847197606028631,2.86906251280854,2.839996337890625,0,2026-01-16,"Precio de la gasolina y diésel en Málaga hoy , viernes 16 de enero : ¿ Dónde están las gasolineras más baratas ?",https://www.diariosur.es/economia/mibolsillo/precio-gasolina-diesel-provincia-malaga-viernes-16-enero-2026-20260114000000-nt.html,diariosur.es,Spanish,1,-0.135979
2022-12-10,0.9231373111576078,0.9227930197969612,25.458813940980136,-0.5962920293978735,2.6641294761793586,0.0,0,2026-01-16,"Precio de la gasolina y diésel en Málaga hoy , viernes 16 de enero : ¿ Dónde están las gasolineras más baratas ?",https://www.diariosur.es/economia/mibolsillo/precio-gasolina-diesel-provincia-malaga-viernes-16-enero-2026-20260114000000-nt.html,diariosur.es,Spanish,1,-0.136131
2022-12-11,0.9299447448302272,0.9280444904668284,25.458813940980136,-0.5497963879653871,2.473834513595119,0.0,0,2026-01-16,"Precio de la gasolina y diésel en Málaga hoy , viernes 16 de enero : ¿ Dónde están las gasolineras más baratas ?",https://www.diariosur.es/economia/mibolsillo/precio-gasolina-diesel-provincia-malaga-viernes-16-enero-2026-20260114000000-nt.html,diariosur.es,Spanish,1,-0.136282
2022-12-12,0.9619359796471882,0.9610244382721432,35.60139521475139,-0.330881111952408,2.5642747528932914,3.7399978637695312,0,2026-01-16,"Precio de la gasolina y diésel en Málaga hoy , viernes 16 de enero : ¿ Dónde están las gasolineras más baratas ?",https://www.diariosur.es/economia/mibolsillo/precio-gasolina-diesel-provincia-malaga-viernes-16-enero-2026-20260114000000-nt.html,diariosur.es,Spanish,1,-0.136433
2022-12-13,0.991960206111162,0.9918431724903526,44.064654581124906,-0.0101510878405974,2.609684026089251,3.160003662109375,0,2026-01-16,"Precio de la gasolina y diésel en Málaga hoy , viernes 16 de enero : ¿ Dónde están las gasolineras más baratas ?",https://www.diariosur.es/economia/mibolsillo/precio-gasolina-diesel-provincia-malaga-viernes-16-enero-2026-20260114000000-nt.html,diariosur.es,Spanish,1,-0.136585
2022-12-14,1.015201225068273,1.0171499153789614,50.0796085537767,0.3365444405240394,2.626849343805812,2.8499984741210938,0,2026-01-16,"Precio de la gasolina y diésel en Málaga hoy , viernes 16 de enero : ¿ Dónde están las gasolineras más baratas ?",https://www.diariosur.es/economia/mibolsillo/precio-gasolina-diesel-provincia-malaga-viernes-16-enero-2026-20260114000000-nt.html,diariosur.es,Spanish,1,-0.136737
2022-12-15,0.9998474135759248,1.0018626253637617,46.72959760195676,0.4852913431017236,2.6135025915348047,2.4399948120117188,0,2026-01-16,"Precio de la gasolina y diésel en Málaga hoy , viernes 16 de enero : ¿ Dónde están las gasolineras más baratas ?",https://www.diariosur.es/economia/mibolsillo/precio-gasolina-diesel-provincia-malaga-viernes-16-enero-2026-20260114000000-nt.html,diariosur.es,Spanish,1,-0.136889
2022-12-16,0.9781798956118156,0.9791878244078388,42.02069849843323,0.4595826675178176,2.658252253837285,3.2399978637695312,0,2026-01-16,"Precio de la gasolina y diésel en Málaga hoy , viernes 16 de enero : ¿ Dónde están las gasolineras más baratas ?",https://www.diariosur.es/economia/mibolsillo/precio-gasolina-diesel-provincia-malaga-viernes-16-enero-2026-20260114000000-nt.html,diariosur.es,Spanish,1,-0.137041
2022-12-17,0.9802168894070464,0.980473685921763,42.020698498433234,0.4409769533733394,2.468377092848908,0.0,0,2026-01-16,"Precio de la gasolina y diésel en Málaga hoy , viernes 16 de enero : ¿ Dónde están las gasolineras más baratas ?",https://www.diariosur.es/economia/mibolsillo/precio-gasolina-diesel-provincia-malaga-viernes-16-enero-2026-20260114000000-nt.html,diariosur.es,Spanish,1,-0.137193
2022-12-18,0.9820672079007238,0.982386088646256,42.020698498433234,0.4267935044546243,2.2920644433597004,0.0,0,2026-01-16,"Precio de la gasolina y diésel en Málaga hoy , viernes 16 de enero : ¿ Dónde están las gasolineras más baratas ?",https://www.diariosur.es/economia/mibolsillo/precio-gasolina-diesel-provincia-malaga-viernes-16-enero-2026-20260114000000-nt.html,diariosur.es,Spanish,1,-0.137346
2022-12-19,0.9945363169392406,0.99627014232071,45.417769349177945,0.4725886116210422,2.314060276227981,2.600006103515625,0,2026-01-16,"Precio de la gasolina y diésel en Málaga hoy , viernes 16 de enero : ¿ Dónde están las gasolineras más baratas ?",https://www.diariosur.es/economia/mibolsillo/precio-gasolina-diesel-provincia-malaga-viernes-16-enero-2026-20260114000000-nt.html,diariosur.es,Spanish,1,-0.137499
2022-12-20,1.0058235597543144,1.0111828976813215,48.65736481837163,0.5524988486425575,2.323056145169286,2.44000244140625,0,2026-01-16,"Precio de la gasolina y diésel en Málaga hoy , viernes 16 de enero : ¿ Dónde están las gasolineras más baratas ?",https://www.diariosur.es/economia/mibolsillo/precio-gasolina-diesel-provincia-malaga-viernes-16-enero-2026-20260114000000-nt.html,diariosur.es,Spanish,1,-0.137652
2022-12-21,1.0314761940205386,1.0424489476686083,55.5953954510392,0.7313071494413526,2.357837674699605,2.80999755859375,0,2026-01-16,"Precio de la gasolina y diésel en Málaga hoy , viernes 16 de enero : ¿ Dónde están las gasolineras más baratas ?",https://www.diariosur.es/economia/mibolsillo/precio-gasolina-diesel-provincia-malaga-viernes-16-enero-2026-20260114000000-nt.html,diariosur.es,Spanish,1,-0.137805
2022-12-22,1.0189044902527469,1.0335100276792533,52.80121337096725,0.7696091387823485,2.3944208941197784,2.8700027465820312,0,2026-01-16,"Precio de la gasolina y diésel en Málaga hoy , viernes 16 de enero : ¿ Dónde están las gasolineras más baratas ?",https://www.diariosur.es/economia/mibolsillo/precio-gasolina-diesel-provincia-malaga-viernes-16-enero-2026-20260114000000-nt.html,diariosur.es,Spanish,1,-0.137958
2022-12-23,1.0415474771366324,1.06141559583565,58.599325585339365,0.8992394161228321,2.426248256488734,2.3499984741210938,0,2026-01-16,"Precio de la gasolina y diésel en Málaga hoy , viernes 16 de enero : ¿ Dónde están las gasolineras más baratas ?",https://www.diariosur.es/economia/mibolsillo/precio-gasolina-diesel-provincia-malaga-viernes-16-enero-2026-20260114000000-nt.html,diariosur.es,Spanish,1,-0.138111
2022-12-24,1.037442418549465,1.0617130521210627,58.599325585339365,0.9451649685626368,2.252944809596681,0.0,0,2026-01-16,"Precio de la gasolina y diésel en Málaga hoy , viernes 16 de enero : ¿ Dónde están las gasolineras más baratas ?",https://www.diariosur.es/economia/mibolsillo/precio-gasolina-diesel-provincia-malaga-viernes-16-enero-2026-20260114000000-nt.html,diariosur.es,Spanish,1,-0.138265
2022-12-25,1.0337561015369117,1.0598531786439112,58.599325585339365,0.9340643055668468,2.092020180339776,0.0,0,2026-01-16,"Precio de la gasolina y diésel en Málaga hoy , viernes 16 de enero : ¿ Dónde están las gasolineras más baratas ?",https://www.diariosur.es/economia/mibolsillo/precio-gasolina-diesel-provincia-malaga-viernes-16-enero-2026-20260114000000-nt.html,diariosur.es,Spanish,1,-0.138418
2022-12-26,1.0304433633653118,1.056117859976097,58.599325585339365,0.8856737091204628,1.9425901674583632,0.0,0,2026-01-16,"Precio de la gasolina y diésel en Málaga hoy , viernes 16 de enero : ¿ Dónde están las gasolineras más baratas ?",https://www.diariosur.es/economia/mibolsillo/precio-gasolina-diesel-provincia-malaga-viernes-16-enero-2026-20260114000000-nt.html,diariosur.es,Spanish,1,-0.138572
2022-12-27,1.027114848914318,1.0504764997014315,58.45934051210832,0.812514138292143,1.9481192014303663,2.0199966430664062,0,2026-01-16,"Precio de la gasolina y diésel en Málaga hoy , viernes 16 de enero : ¿ Dónde están las gasolineras más baratas ?",https://www.diariosur.es/economia/mibolsillo/precio-gasolina-diesel-provincia-malaga-viernes-16-enero-2026-20260114000000-nt.html,diariosur.es,Spanish,1,-0.138726
2022-12-28,1.0178385744341183,1.0378071509218525,55.73493151092637,0.691351518805026,1.9961103382701613,2.6199951171875,0,2026-01-16,"Precio de la gasolina y diésel en Málaga hoy , viernes 16 de enero : ¿ Dónde están las gasolineras más baratas ?",https://www.diariosur.es/economia/mibolsillo/precio-gasolina-diesel-provincia-malaga-viernes-16-enero-2026-20260114000000-nt.html,diariosur.es,Spanish,1,-0.138881
2022-12-29,1.0095987658239287,1.0254733663773614,53.11590914066999,0.545515646127448,2.0085308976041008,2.029998779296875,0,2026-01-16,"Precio de la gasolina y diésel en Málaga hoy , viernes 16 de enero : ¿ Dónde están las gasolineras más baratas ?",https://www.diariosur.es/economia/mibolsillo/precio-gasolina-diesel-provincia-malaga-viernes-16-enero-2026-20260114000000-nt.html,diariosur.es,Spanish,1,-0.139035
2022-12-30,1.0302589691048671,1.0434963873468277,59.8623579345259,0.5450553028596741,2.076492910951855,2.959999084472656,0,2026-01-16,"Precio de la gasolina y diésel en Málaga hoy , viernes 16 de enero : ¿ Dónde están las gasolineras más baratas ?",https://www.diariosur.es/economia/mibolsillo/precio-gasolina-diesel-provincia-malaga-viernes-16-enero-2026-20260114000000-nt.html,diariosur.es,Spanish,1,-0.13919
2022-12-31,1.0272984935450902,1.037265870066825,59.8623579345259,0.5157944720480665,1.928171988741008,0.0,0,2026-01-16,"Precio de la gasolina y diésel en Málaga hoy , viernes 16 de enero : ¿ Dónde están las gasolineras más baratas ?",https://www.diariosur.es/economia/mibolsillo/precio-gasolina-diesel-provincia-malaga-viernes-16-enero-2026-20260114000000-nt.html,diariosur.es,Spanish,1,-0.139344
2023-01-01,1.0246345906157566,1.0325353126592258,59.8623579345259,0.468840354768243,1.7904454181166505,0.0,0,2026-01-16,"Precio de la gasolina y diésel en Málaga hoy , viernes 16 de enero : ¿ Dónde están las gasolineras más baratas ?",https://www.diariosur.es/economia/mibolsillo/precio-gasolina-diesel-provincia-malaga-viernes-16-enero-2026-20260114000000-nt.html,diariosur.es,Spanish,1,-0.139499
2023-01-02,1.0222362694718503,1.0293108932557788,59.8623579345259,0.4121892587167022,1.6625564596797469,0.0,0,2026-01-16,"Precio de la gasolina y diésel en Málaga hoy , viernes 16 de enero : ¿ Dónde están las gasolineras más baratas ?",https://www.diariosur.es/economia/mibolsillo/precio-gasolina-diesel-provincia-malaga-viernes-16-enero-2026-20260114000000-nt.html,diariosur.es,Spanish,1,-0.139654
2023-01-03,0.9817099293577882,0.9868260750835888,44.457310642638085,0.1389776282348813,1.8938025358368296,4.900001525878906,0,2026-01-16,"Precio de la gasolina y diésel en Málaga hoy , viernes 16 de enero : ¿ Dónde están las gasolineras más baratas ?",https://www.diariosur.es/economia/mibolsillo/precio-gasolina-diesel-provincia-malaga-viernes-16-enero-2026-20260114000000-nt.html,diariosur.es,Spanish,1,-0.13981
2023-01-04,0.935798759196066,0.9363249701644172,33.16751480099396,-0.3044660635801181,2.0935305555636075,4.689994812011719,0,2026-01-16,"Precio de la gasolina y diésel en Málaga hoy , viernes 16 de enero : ¿ Dónde están las gasolineras más baratas ?",https://www.diariosur.es/economia/mibolsillo/precio-gasolina-diesel-provincia-malaga-viernes-16-enero-2026-20260114000000-nt.html,diariosur.es,Spanish,1,-0.139965
2023-01-05,0.9513126605715424,0.9473717862766624,36.68160422390301,-0.5166846466493293,2.119706879057111,2.459999084472656,0,2026-01-16,"Precio de la gasolina y diésel en Málaga hoy , viernes 16 de enero : ¿ Dónde están las gasolineras más baratas ?",https://www.diariosur.es/economia/mibolsillo/precio-gasolina-diesel-provincia-malaga-viernes-16-enero-2026-20260114000000-nt.html,diariosur.es,Spanish,1,-0.140121
2023-01-06,0.9569234222215792,0.948975027275406,37.11064772283062,-0.6182604423266455,2.127585198905431,2.2300033569335938,0,2026-01-16,"Precio de la gasolina y diésel en Málaga hoy , viernes 16 de enero : ¿ Dónde están las gasolineras más baratas ?",https://www.diariosur.es/economia/mibolsillo/precio-gasolina-diesel-provincia-malaga-viernes-16-enero-2026-20260114000000-nt.html,diariosur.es,Spanish,1,-0.140276
2023-01-07,0.96086540253079,0.949292533322708,37.11064772283062,-0.6501352397127118,1.9756148275550431,0.0,0,2026-01-16,"Precio de la gasolina y diésel en Málaga hoy , viernes 16 de enero : ¿ Dónde están las gasolineras más baratas ?",https://www.diariosur.es/economia/mibolsillo/precio-gasolina-diesel-provincia-malaga-viernes-16-enero-2026-20260114000000-nt.html,diariosur.es,Spanish,1,-0.140432
2023-01-08,0.9644600459281744,0.9501606487283416,37.11064772283062,-0.6351700824328314,1.834499482729683,0.0,0,2026-01-16,"Precio de la gasolina y diésel en Málaga hoy , viernes 16 de enero : ¿ Dónde están las gasolineras más baratas ?",https://www.diariosur.es/economia/mibolsillo/precio-gasolina-diesel-provincia-malaga-viernes-16-enero-2026-20260114000000-nt.html,diariosur.es,Spanish,1,-0.140588
2023-01-09,0.9779665498864898,0.9621421395372424,41.377386320117374,-0.5353001363484471,1.937034994182306,3.2699966430664062,0,2026-01-16,"Precio de la gasolina y diésel en Málaga hoy , viernes 16 de enero : ¿ Dónde están las gasolineras más baratas ?",https://www.diariosur.es/economia/mibolsillo/precio-gasolina-diesel-provincia-malaga-viernes-16-enero-2026-20260114000000-nt.html,diariosur.es,Spanish,1,-0.140745
2023-01-10,0.9858535341284872,0.970442379075443,43.72030659269839,-0.4098410278335396,1.9472469111017616,2.0800018310546875,0,2026-01-16,"Precio de la gasolina y diésel en Málaga hoy , viernes 16 de enero : ¿ Dónde están las gasolineras más baratas ?",https://www.diariosur.es/economia/mibolsillo/precio-gasolina-diesel-provincia-malaga-viernes-16-enero-2026-20260114000000-nt.html,diariosur.es,Spanish,1,-0.140901
2023-01-11,1.0143701459307235,1.0000775713599837,53.145007848957775,-0.1591142884888678,2.0603006159728414,3.529998779296875,0,2026-01-16,"Precio de la gasolina y diésel en Málaga hoy , viernes 16 de enero : ¿ Dónde están las gasolineras más baratas ?",https://www.diariosur.es/economia/mibolsillo/precio-gasolina-diesel-provincia-malaga-viernes-16-enero-2026-20260114000000-nt.html,diariosur.es,Spanish,1,-0.141058
2023-01-12,1.0245566280636256,1.0135043406185582,56.50205771513876,0.0737454480024306,2.0602795139739443,2.060005187988281,0,2026-01-16,"Precio de la gasolina y diésel en Málaga hoy , viernes 16 de enero : ¿ Dónde están las gasolineras más baratas ?",https://www.diariosur.es/economia/mibolsillo/precio-gasolina-diesel-provincia-malaga-viernes-16-enero-2026-20260114000000-nt.html,diariosur.es,Spanish,1,-0.141215
2023-01-13,1.039436612176057,1.0323097840810476,61.0142352336315,0.314302526115617,2.0659737908078366,2.139999389648437,0,2026-01-16,"Precio de la gasolina y diésel en Málaga hoy , viernes 16 de enero : ¿ Dónde están las gasolineras más baratas ?",https://www.diariosur.es/economia/mibolsillo/precio-gasolina-diesel-provincia-malaga-viernes-16-enero-2026-20260114000000-nt.html,diariosur.es,Spanish,1,-0.141372
2023-01-14,1.0355472336386289,1.0321096586623535,61.0142352336315,0.4525453465504304,1.9184042343215624,0.0,0,2026-01-16,"Precio de la gasolina y diésel en Málaga hoy , viernes 16 de enero : ¿ Dónde están las gasolineras más baratas ?",https://www.diariosur.es/economia/mibolsillo/precio-gasolina-diesel-provincia-malaga-viernes-16-enero-2026-20260114000000-nt.html,diariosur.es,Spanish,1,-0.141529
2023-01-15,1.0320532680532004,1.0319096108219623,61.0142352336315,0.518381212961089,1.781375360441451,0.0,0,2026-01-16,"Precio de la gasolina y diésel en Málaga hoy , viernes 16 de enero : ¿ Dónde están las gasolineras más baratas ?",https://www.diariosur.es/economia/mibolsillo/precio-gasolina-diesel-provincia-malaga-viernes-16-enero-2026-20260114000000-nt.html,diariosur.es,Spanish,1,-0.141686
2023-01-16,1.028912315457904,1.0316896487634997,61.0142352336315,0.5342010827972675,1.6541342632670617,0.0,0,2026-01-16,"Precio de la gasolina y diésel en Málaga hoy , viernes 16 de enero : ¿ Dónde están las gasolineras más baratas ?",https://www.diariosur.es/economia/mibolsillo/precio-gasolina-diesel-provincia-malaga-viernes-16-enero-2026-20260114000000-nt.html,diariosur.es,Spanish,1,-0.141844
2023-01-17,1.029795226595836,1.0350080068362402,62.16344588864344,0.5370466718541027,1.7288392857220374,2.7000045776367188,0,2026-01-16,"Precio de la gasolina y diésel en Málaga hoy , viernes 16 de enero : ¿ Dónde están las gasolineras más baratas ?",https://www.diariosur.es/economia/mibolsillo/precio-gasolina-diesel-provincia-malaga-viernes-16-enero-2026-20260114000000-nt.html,diariosur.es,Spanish,1,-0.142001
2023-01-18,1.01878615492355,1.0252573879902491,58.12696848659736,0.4652932217306922,1.8510646804570148,3.4399948120117188,0,2026-01-16,"Precio de la gasolina y diésel en Málaga hoy , viernes 16 de enero : ¿ Dónde están las gasolineras más baratas ?",https://www.diariosur.es/economia/mibolsillo/precio-gasolina-diesel-provincia-malaga-viernes-16-enero-2026-20260114000000-nt.html,diariosur.es,Spanish,1,-0.142159
2023-01-19,1.0267790435949515,1.0361752161595763,61.40424905495868,0.4484005629068994,1.936703135549929,3.0500030517578125,0,2026-01-16,"Precio de la gasolina y diésel en Málaga hoy , viernes 16 de enero : ¿ Dónde están las gasolineras más baratas ?",https://www.diariosur.es/economia/mibolsillo/precio-gasolina-diesel-provincia-malaga-viernes-16-enero-2026-20260114000000-nt.html,diariosur.es,Spanish,1,-0.142317
2023-01-20,1.0354293678619886,1.048106392102612,64.82272216095416,0.4740532517597801,1.937652693599376,1.9499969482421875,0,2026-01-16,"Precio de la gasolina y diésel en Málaga hoy , viernes 16 de enero : ¿ Dónde están las gasolineras más baratas ?",https://www.diariosur.es/economia/mibolsillo/precio-gasolina-diesel-provincia-malaga-viernes-16-enero-2026-20260114000000-nt.html,diariosur.es,Spanish,1,-0.142475
2023-01-21,1.0319473448054823,1.0473975811849747,64.82272216095416,0.4614062828226077,1.7992489297708494,0.0,0,2026-01-16,"Precio de la gasolina y diésel en Málaga hoy , viernes 16 de enero : ¿ Dónde están las gasolineras más baratas ?",https://www.diariosur.es/economia/mibolsillo/precio-gasolina-diesel-provincia-malaga-viernes-16-enero-2026-20260114000000-nt.html,diariosur.es,Spanish,1,-0.142634
2023-01-22,1.0288170616236298,1.046689728325374,64.82272216095416,0.4243651671286667,1.6707311490729315,0.0,0,2026-01-16,"Precio de la gasolina y diésel en Málaga hoy , viernes 16 de enero : ¿ Dónde están las gasolineras más baratas ?",https://www.diariosur.es/economia/mibolsillo/precio-gasolina-diesel-provincia-malaga-viernes-16-enero-2026-20260114000000-nt.html,diariosur.es,Spanish,1,-0.142792
2023-01-23,1.0295294355639286,1.0475182497654292,66.01208939323374,0.3927926221456093,1.664964376845624,1.589996337890625,0,2026-01-16,"Precio de la gasolina y diésel en Málaga hoy , viernes 16 de enero : ¿ Dónde están las gasolineras más baratas ?",https://www.diariosur.es/economia/mibolsillo/precio-gasolina-diesel-provincia-malaga-viernes-16-enero-2026-20260114000000-nt.html,diariosur.es,Spanish,1,-0.142951
2023-01-24,1.009702670076312,1.0236069297556405,56.18013009750669,0.250535025961815,1.7288953183990616,2.55999755859375,0,2026-01-16,"Precio de la gasolina y diésel en Málaga hoy , viernes 16 de enero : ¿ Dónde están las gasolineras más baratas ?",https://www.diariosur.es/economia/mibolsillo/precio-gasolina-diesel-provincia-malaga-viernes-16-enero-2026-20260114000000-nt.html,diariosur.es,Spanish,1,-0.14311
2023-01-25,1.0089981387108298,1.019642289072272,56.27429152258682,0.1421538378545432,1.7325461105628006,1.7800064086914062,0,2026-01-16,"Precio de la gasolina y diésel en Málaga hoy , viernes 16 de enero : ¿ Dónde están las gasolineras más baratas ?",https://www.diariosur.es/economia/mibolsillo/precio-gasolina-diesel-provincia-malaga-viernes-16-enero-2026-20260114000000-nt.html,diariosur.es,Spanish,1,-0.143269
2023-01-26,1.017902720386768,1.0258586022809717,60.23077824789602,0.1139698535548799,1.767364332715681,2.220001220703125,0,2026-01-16,"Precio de la gasolina y diésel en Málaga hoy , viernes 16 de enero : ¿ Dónde están las gasolineras más baratas ?",https://www.diariosur.es/economia/mibolsillo/precio-gasolina-diesel-provincia-malaga-viernes-16-enero-2026-20260114000000-nt.html,diariosur.es,Spanish,1,-0.143428
2023-01-27,1.0010774941277998,1.005254626535924,52.34276421294127,-0.002491225962897,1.886838483336436,3.44000244140625,0,2026-01-16,"Precio de la gasolina y diésel en Málaga hoy , viernes 16 de enero : ¿ Dónde están las gasolineras más baratas ?",https://www.diariosur.es/economia/mibolsillo/precio-gasolina-diesel-provincia-malaga-viernes-16-enero-2026-20260114000000-nt.html,diariosur.es,Spanish,1,-0.143588
2023-01-28,1.0009747756094385,1.0015208827140094,52.34276421294127,-0.0832943085816949,1.752064305955262,0.0,0,2026-01-16,"Precio de la gasolina y diésel en Málaga hoy , viernes 16 de enero : ¿ Dónde están las gasolineras más baratas ?",https://www.diariosur.es/economia/mibolsillo/precio-gasolina-diesel-provincia-malaga-viernes-16-enero-2026-20260114000000-nt.html,diariosur.es,Spanish,1,-0.143748
2023-01-29,1.0008818579691452,0.9983523647189244,52.342764212941255,-0.1373219738648083,1.6269168555298863,0.0,0,2026-01-16,"Precio de la gasolina y diésel en Málaga hoy , viernes 16 de enero : ¿ Dónde están las gasolineras más baratas ?",https://www.diariosur.es/economia/mibolsillo/precio-gasolina-diesel-provincia-malaga-viernes-16-enero-2026-20260114000000-nt.html,diariosur.es,Spanish,1,-0.143907
2023-01-30,0.9805284338916106,0.974352893979658,42.9421807221095,-0.2850174859345039,1.7128509516820485,2.829994201660156,0,2026-01-16,"Precio de la gasolina y diésel en Málaga hoy , viernes 16 de enero : ¿ Dónde están las gasolineras más baratas ?",https://www.diariosur.es/economia/mibolsillo/precio-gasolina-diesel-provincia-malaga-viernes-16-enero-2026-20260114000000-nt.html,diariosur.es,Spanish,1,-0.144067
2023-01-31,0.9934249386415022,0.9855855131362116,48.38259060464191,-0.307531558922222,1.7833613800077726,2.6999969482421875,0,2026-01-16,"Precio de la gasolina y diésel en Málaga hoy , viernes 16 de enero : ¿ Dónde están las gasolineras más baratas ?",https://www.diariosur.es/economia/mibolsillo/precio-gasolina-diesel-provincia-malaga-viernes-16-enero-2026-20260114000000-nt.html,diariosur.es,Spanish,1,-0.144228
2023-02-01,0.9658946568305292,0.9560272886891148,38.38627845550459,-0.4685977858922575,1.9188355889483448,3.680000305175781,0,2026-01-16,"Precio de la gasolina y diésel en Málaga hoy , viernes 16 de enero : ¿ Dónde están las gasolineras más baratas ?",https://www.diariosur.es/economia/mibolsillo/precio-gasolina-diesel-provincia-malaga-viernes-16-enero-2026-20260114000000-nt.html,diariosur.es,Spanish,1,-0.144388
2023-02-02,0.9629370431819576,0.9517657059371044,36.63028903523493,-0.5838268081148162,1.943918521385349,2.2699966430664062,0,2026-01-16,"Precio de la gasolina y diésel en Málaga hoy , viernes 16 de enero : ¿ Dónde están las gasolineras más baratas ?",https://www.diariosur.es/economia/mibolsillo/precio-gasolina-diesel-provincia-malaga-viernes-16-enero-2026-20260114000000-nt.html,diariosur.es,Spanish,1,-0.144548
2023-02-03,0.9374686201164584,0.9242840104122276,29.74576957535116,-0.7880368790380389,2.155067307420603,4.900001525878906,0,2026-01-16,"Precio de la gasolina y diésel en Málaga hoy , viernes 16 de enero : ¿ Dónde están las gasolineras más baratas ?",https://www.diariosur.es/economia/mibolsillo/precio-gasolina-diesel-provincia-malaga-viernes-16-enero-2026-20260114000000-nt.html,diariosur.es,Spanish,1,-0.144709
2023-02-04,0.9430850400116444,0.9280651384356158,29.74576957535116,-0.8766115760509536,2.001133928319132,0.0,0,2026-01-16,"Precio de la gasolina y diésel en Málaga hoy , viernes 16 de enero : ¿ Dónde están las gasolineras más baratas ?",https://www.diariosur.es/economia/mibolsillo/precio-gasolina-diesel-provincia-malaga-viernes-16-enero-2026-20260114000000-nt.html,diariosur.es,Spanish,1,-0.14487
2023-02-05,0.948224866711535,0.931877329760168,29.74576957535116,-0.8860670538440831,1.8581957905820508,0.0,0,2026-01-16,"Precio de la gasolina y diésel en Málaga hoy , viernes 16 de enero : ¿ Dónde están las gasolineras más baratas ?",https://www.diariosur.es/economia/mibolsillo/precio-gasolina-diesel-provincia-malaga-viernes-16-enero-2026-20260114000000-nt.html,diariosur.es,Spanish,1,-0.145031
2023-02-06,0.9614164643833034,0.9446600805293692,34.21129852437342,-0.7974681441541034,1.886896243842652,2.2600021362304688,0,2026-01-16,"Precio de la gasolina y diésel en Málaga hoy , viernes 16 de enero : ¿ Dónde están las gasolineras más baratas ?",https://www.diariosur.es/economia/mibolsillo/precio-gasolina-diesel-provincia-malaga-viernes-16-enero-2026-20260114000000-nt.html,diariosur.es,Spanish,1,-0.145192
2023-02-07,1.0006551150608771,0.9847512816120552,48.9244941420888,-0.5028189064418663,2.001403502408858,3.25,0,2026-01-16,"Precio de la gasolina y diésel en Málaga hoy , viernes 16 de enero : ¿ Dónde están las gasolineras más baratas ?",https://www.diariosur.es/economia/mibolsillo/precio-gasolina-diesel-provincia-malaga-viernes-16-enero-2026-20260114000000-nt.html,diariosur.es,Spanish,1,-0.145354
2023-02-08,1.0161747212295926,1.002920459460555,53.807849664710936,-0.2018111226455341,1.9648745282203344,1.4899978637695312,0,2026-01-16,"Precio de la gasolina y diésel en Málaga hoy , viernes 16 de enero : ¿ Dónde están las gasolineras más baratas ?",https://www.diariosur.es/economia/mibolsillo/precio-gasolina-diesel-provincia-malaga-viernes-16-enero-2026-20260114000000-nt.html,diariosur.es,Spanish,1,-0.145515
2023-02-09,1.0098202892234385,0.9997566242787856,52.15245849899916,-0.0231803680005073,1.9902406115491835,2.3199996948242188,0,2026-01-16,"Precio de la gasolina y diésel en Málaga hoy , viernes 16 de enero : ¿ Dónde están las gasolineras más baratas ?",https://www.diariosur.es/economia/mibolsillo/precio-gasolina-diesel-provincia-malaga-viernes-16-enero-2026-20260114000000-nt.html,diariosur.es,Spanish,1,-0.145677
2023-02-10,1.0282302629288411,1.0220578457552492,57.81164012312517,0.2015385805423669,2.0523663257493534,2.8600006103515625,0,2026-01-16,"Precio de la gasolina y diésel en Málaga hoy , viernes 16 de enero : ¿ Dónde están las gasolineras más baratas ?",https://www.diariosur.es/economia/mibolsillo/precio-gasolina-diesel-provincia-malaga-viernes-16-enero-2026-20260114000000-nt.html,diariosur.es,Spanish,1,-0.145839
2023-02-11,1.0254731793593377,1.0231006256720332,57.81164012312517,0.336967674693953,1.9057687310529712,0.0,0,2026-01-16,"Precio de la gasolina y diésel en Málaga hoy , viernes 16 de enero : ¿ Dónde están las gasolineras más baratas ?",https://www.diariosur.es/economia/mibolsillo/precio-gasolina-diesel-provincia-malaga-viernes-16-enero-2026-20260114000000-nt.html,diariosur.es,Spanish,1,-0.146001
2023-02-12,1.022991384785272,1.0243495127522622,57.81164012312517,0.4085641835514148,1.7696423931206162,0.0,0,2026-01-16,"Precio de la gasolina y diésel en Málaga hoy , viernes 16 de enero : ¿ Dónde están las gasolineras más baratas ?",https://www.diariosur.es/economia/mibolsillo/precio-gasolina-diesel-provincia-malaga-viernes-16-enero-2026-20260114000000-nt.html,diariosur.es,Spanish,1,-0.146163
2023-02-13,1.025608764702281,1.0297395954648014,59.3316383536897,0.4622705588187349,1.798239779207704,2.170005798339844,0,2026-01-16,"Precio de la gasolina y diésel en Málaga hoy , viernes 16 de enero : ¿ Dónde están las gasolineras más baratas ?",https://www.diariosur.es/economia/mibolsillo/precio-gasolina-diesel-provincia-malaga-viernes-16-enero-2026-20260114000000-nt.html,diariosur.es,Spanish,1,-0.146326
2023-02-14,1.0106526604550188,1.016574266292983,53.948995312652535,0.4051682641663698,1.8612226739197095,2.1500015258789062,0,2026-01-16,"Precio de la gasolina y diésel en Málaga hoy , viernes 16 de enero : ¿ Dónde están las gasolineras más baratas ?",https://www.diariosur.es/economia/mibolsillo/precio-gasolina-diesel-provincia-malaga-viernes-16-enero-2026-20260114000000-nt.html,diariosur.es,Spanish,1,-0.146489
2023-02-15,1.0042002763354794,1.0121055548987845,51.74876372485043,0.3196119920205941,1.8639925919167952,1.9000015258789065,0,2026-01-16,"Precio de la gasolina y diésel en Málaga hoy , viernes 16 de enero : ¿ Dónde están las gasolineras más baratas ?",https://www.diariosur.es/economia/mibolsillo/precio-gasolina-diesel-provincia-malaga-viernes-16-enero-2026-20260114000000-nt.html,diariosur.es,Spanish,1,-0.146651
2023-02-16,1.0026434532585062,1.011592888140365,51.26966547052253,0.2435905697003224,1.8465647458214551,1.6200027465820312,0,2026-01-16,"Precio de la gasolina y diésel en Málaga hoy , viernes 16 de enero : ¿ Dónde están las gasolineras más baratas ?",https://www.diariosur.es/economia/mibolsillo/precio-gasolina-diesel-provincia-malaga-viernes-16-enero-2026-20260114000000-nt.html,diariosur.es,Spanish,1,-0.146814
2023-02-17,0.9774896916490936,0.98600549773442,42.21930688072781,0.0461489773434939,1.9596672857753357,3.19000244140625,0,2026-01-16,"Precio de la gasolina y diésel en Málaga hoy , viernes 16 de enero : ¿ Dónde están las gasolineras más baratas ?",https://www.diariosur.es/economia/mibolsillo/precio-gasolina-diesel-provincia-malaga-viernes-16-enero-2026-20260114000000-nt.html,diariosur.es,Spanish,1,-0.146978
2023-02-18,0.979589774304044,0.9881368797516696,42.21930688072781,-0.0799433190328711,1.8196910510770967,0.0,0,2026-01-16,"Precio de la gasolina y diésel en Málaga hoy , viernes 16 de enero : ¿ Dónde están las gasolineras más baratas ?",https://www.diariosur.es/economia/mibolsillo/precio-gasolina-diesel-provincia-malaga-viernes-16-enero-2026-20260114000000-nt.html,diariosur.es,Spanish,1,-0.147141
2023-02-19,0.98149763986115,0.9891355378458272,42.21930688072781,-0.1545230854256316,1.6897131188573045,0.0,0,2026-01-16,"Precio de la gasolina y diésel en Málaga hoy , viernes 16 de enero : ¿ Dónde están las gasolineras más baratas ?",https://www.diariosur.es/economia/mibolsillo/precio-gasolina-diesel-provincia-malaga-viernes-16-enero-2026-20260114000000-nt.html,diariosur.es,Spanish,1,-0.147305
2023-02-20,0.9832302188715272,0.9907594536984304,42.21930688072781,-0.1925540120281834,1.5690193246532114,0.0,0,2026-01-16,"Precio de la gasolina y diésel en Málaga hoy , viernes 16 de enero : ¿ Dónde están las gasolineras más baratas ?",https://www.diariosur.es/economia/mibolsillo/precio-gasolina-diesel-provincia-malaga-viernes-16-enero-2026-20260114000000-nt.html,diariosur.es,Spanish,1,-0.147468
2023-02-21,0.9826984353306172,0.9885838400846324,41.39645205076866,-0.216731032432859,1.5869464939511404,1.8199996948242188,0,2026-01-16,"Precio de la gasolina y diésel en Málaga hoy , viernes 16 de enero : ¿ Dónde están las gasolineras más baratas ?",https://www.diariosur.es/economia/mibolsillo/precio-gasolina-diesel-provincia-malaga-viernes-16-enero-2026-20260114000000-nt.html,diariosur.es,Spanish,1,-0.147632
2023-02-22,0.958364434612664,0.9611010490727496,32.91408047116707,-0.3600140730318214,1.6700217443832015,2.75,0,2026-01-16,"Precio de la gasolina y diésel en Málaga hoy , viernes 16 de enero : ¿ Dónde están las gasolineras más baratas ?",https://www.diariosur.es/economia/mibolsillo/precio-gasolina-diesel-provincia-malaga-viernes-16-enero-2026-20260114000000-nt.html,diariosur.es,Spanish,1,-0.147797
2023-02-23,0.9791687206156008,0.9785444554293172,41.34735253620344,-0.3366837237708874,1.705019907835462,2.159996032714844,0,2026-01-16,"Precio de la gasolina y diésel en Málaga hoy , viernes 16 de enero : ¿ Dónde están las gasolineras más baratas ?",https://www.diariosur.es/economia/mibolsillo/precio-gasolina-diesel-provincia-malaga-viernes-16-enero-2026-20260114000000-nt.html,diariosur.es,Spanish,1,-0.147961
2023-02-24,0.9920745615616288,0.9887355246643844,46.06314715625975,-0.2419261196090004,1.7646614083848822,2.540000915527344,0,2026-01-16,"Precio de la gasolina y diésel en Málaga hoy , viernes 16 de enero : ¿ Dónde están las gasolineras más baratas ?",https://www.diariosur.es/economia/mibolsillo/precio-gasolina-diesel-provincia-malaga-viernes-16-enero-2026-20260114000000-nt.html,diariosur.es,Spanish,1,-0.148125
2023-02-25,0.9928239487126442,0.9868625318605236,46.06314715625975,-0.1661656943035915,1.6386141649288193,0.0,0,2026-01-16,"Precio de la gasolina y diésel en Málaga hoy , viernes 16 de enero : ¿ Dónde están las gasolineras más baratas ?",https://www.diariosur.es/economia/mibolsillo/precio-gasolina-diesel-provincia-malaga-viernes-16-enero-2026-20260114000000-nt.html,diariosur.es,Spanish,1,-0.14829
2023-02-26,0.993502941861686,0.9854544854518996,46.06314715625975,-0.1059050941224012,1.5215702960053323,0.0,0,2026-01-16,"Precio de la gasolina y diésel en Málaga hoy , viernes 16 de enero : ¿ Dónde están las gasolineras más baratas ?",https://www.diariosur.es/economia/mibolsillo/precio-gasolina-diesel-provincia-malaga-viernes-16-enero-2026-20260114000000-nt.html,diariosur.es,Spanish,1,-0.148455
2023-02-27,0.9865649351078614,0.9781126789512902,43.08565593015631,-0.0991203310451701,1.543601119937429,1.8300018310546875,0,2026-01-16,"Precio de la gasolina y diésel en Málaga hoy , viernes 16 de enero : ¿ Dónde están las gasolineras más baratas ?",https://www.diariosur.es/economia/mibolsillo/precio-gasolina-diesel-provincia-malaga-viernes-16-enero-2026-20260114000000-nt.html,diariosur.es,Spanish,1,-0.14862
2023-02-28,1.004001251287359,0.9967336637280744,50.46674302952609,0.0022907007297938,1.596200952748818,2.279998779296875,0,2026-01-16,"Precio de la gasolina y diésel en Málaga hoy , viernes 16 de enero : ¿ Dónde están las gasolineras más baratas ?",https://www.diariosur.es/economia/mibolsillo/precio-gasolina-diesel-provincia-malaga-viernes-16-enero-2026-20260114000000-nt.html,diariosur.es,Spanish,1,-0.148785
2023-03-01,1.0111523539649434,1.0052533925911544,53.50055833956139,0.1111031808607486,1.6057577223766928,1.7299957275390625,0,2026-01-16,"Precio de la gasolina y diésel en Málaga hoy , viernes 16 de enero : ¿ Dónde están las gasolineras más baratas ?",https://www.diariosur.es/economia/mibolsillo/precio-gasolina-diesel-provincia-malaga-viernes-16-enero-2026-20260114000000-nt.html,diariosur.es,Spanish,1,-0.148951
2023-03-02,1.0155991499195292,1.012356608235761,55.64888777203489,0.2077485028003566,1.5882030979895745,1.3599929809570312,0,2026-01-16,"Precio de la gasolina y diésel en Málaga hoy , viernes 16 de enero : ¿ Dónde están las gasolineras más baratas ?",https://www.diariosur.es/economia/mibolsillo/precio-gasolina-diesel-provincia-malaga-viernes-16-enero-2026-20260114000000-nt.html,diariosur.es,Spanish,1,-0.149116
2023-03-03,1.0318757964579022,1.0320708900846391,61.79623362074752,0.3582361322411431,1.7654742834777633,4.069999694824219,0,2026-01-16,"Precio de la gasolina y diésel en Málaga hoy , viernes 16 de enero : ¿ Dónde están las gasolineras más baratas ?",https://www.diariosur.es/economia/mibolsillo/precio-gasolina-diesel-provincia-malaga-viernes-16-enero-2026-20260114000000-nt.html,diariosur.es,Spanish,1,-0.149282
2023-03-04,1.0287527190979515,1.0320976275920068,61.79623362074753,0.4367631393402668,1.639368977515066,0.0,0,2026-01-16,"Precio de la gasolina y diésel en Málaga hoy , viernes 16 de enero : ¿ Dónde están las gasolineras más baratas ?",https://www.diariosur.es/economia/mibolsillo/precio-gasolina-diesel-provincia-malaga-viernes-16-enero-2026-20260114000000-nt.html,diariosur.es,Spanish,1,-0.149448
2023-03-05,1.0259433228909514,1.0324052008748352,61.79623362074752,0.4650746354500103,1.522271193406847,0.0,0,2026-01-16,"Precio de la gasolina y diésel en Málaga hoy , viernes 16 de enero : ¿ Dónde están las gasolineras más baratas ?",https://www.diariosur.es/economia/mibolsillo/precio-gasolina-diesel-provincia-malaga-viernes-16-enero-2026-20260114000000-nt.html,diariosur.es,Spanish,1,-0.149614
2023-03-06,1.0324479401134925,1.041566877296814,64.91320078777107,0.5091455874053636,1.5785373623487686,2.30999755859375,0,2026-01-16,"Precio de la gasolina y diésel en Málaga hoy , viernes 16 de enero : ¿ Dónde están las gasolineras más baratas ?",https://www.diariosur.es/economia/mibolsillo/precio-gasolina-diesel-provincia-malaga-viernes-16-enero-2026-20260114000000-nt.html,diariosur.es,Spanish,1,-0.14978
2023-03-07,0.9959198929525231,1.004941833754189,49.01251462620519,0.3260511466750301,1.7429278995247497,3.8800048828125,0,2026-01-16,"Precio de la gasolina y diésel en Málaga hoy , viernes 16 de enero : ¿ Dónde están las gasolineras más baratas ?",https://www.diariosur.es/economia/mibolsillo/precio-gasolina-diesel-provincia-malaga-viernes-16-enero-2026-20260114000000-nt.html,diariosur.es,Spanish,1,-0.149947
2023-03-08,0.9856011581013576,0.994202908846798,45.20332336049957,0.1345113780057453,1.7341475314574126,1.6200027465820312,0,2026-01-16,"Precio de la gasolina y diésel en Málaga hoy , viernes 16 de enero : ¿ Dónde están las gasolineras más baratas ?",https://www.diariosur.es/economia/mibolsillo/precio-gasolina-diesel-provincia-malaga-viernes-16-enero-2026-20260114000000-nt.html,diariosur.es,Spanish,1,-0.150114
2023-03-09,0.9759774664830212,0.9824069880486578,41.64220646398952,-0.053864131998519,1.798136797311738,2.6299972534179688,0,2026-01-16,"Precio de la gasolina y diésel en Málaga hoy , viernes 16 de enero : ¿ Dónde están las gasolineras más baratas ?",https://www.diariosur.es/economia/mibolsillo/precio-gasolina-diesel-provincia-malaga-viernes-16-enero-2026-20260114000000-nt.html,diariosur.es,Spanish,1,-0.15028
2023-03-10,0.9894488843653236,0.9946428326228784,46.29542716777373,-0.1090049645792273,1.8368415951669823,2.340003967285156,0,2026-01-16,"Precio de la gasolina y diésel en Málaga hoy , viernes 16 de enero : ¿ Dónde están las gasolineras más baratas ?",https://www.diariosur.es/economia/mibolsillo/precio-gasolina-diesel-provincia-malaga-viernes-16-enero-2026-20260114000000-nt.html,diariosur.es,Spanish,1,-0.150448
2023-03-11,0.9904441501517942,0.9944235468580964,46.29542716777373,-0.138762763450131,1.7056386240836263,0.0,0,2026-01-16,"Precio de la gasolina y diésel en Málaga hoy , viernes 16 de enero : ¿ Dónde están las gasolineras más baratas ?",https://www.diariosur.es/economia/mibolsillo/precio-gasolina-diesel-provincia-malaga-viernes-16-enero-2026-20260114000000-nt.html,diariosur.es,Spanish,1,-0.150615
2023-03-12,0.991346355572882,0.9942043577624824,46.29542716777373,-0.150734747146839,1.583807293791939,0.0,0,2026-01-16,"Precio de la gasolina y diésel en Málaga hoy , viernes 16 de enero : ¿ Dónde están las gasolineras más baratas ?",https://www.diariosur.es/economia/mibolsillo/precio-gasolina-diesel-provincia-malaga-viernes-16-enero-2026-20260114000000-nt.html,diariosur.es,Spanish,1,-0.150782
2023-03-13,0.970086128104164,0.97068482975866,38.74006074192394,-0.2705648130102279,1.8399637848743229,5.1699981689453125,0,2026-01-16,"Precio de la gasolina y diésel en Málaga hoy , viernes 16 de enero : ¿ Dónde están las gasolineras más baratas ?",https://www.diariosur.es/economia/mibolsillo/precio-gasolina-diesel-provincia-malaga-viernes-16-enero-2026-20260114000000-nt.html,diariosur.es,Spanish,1,-0.15095
2023-03-14,0.9317312733406752,0.9272306687176416,29.25113159098817,-0.5525702118695133,2.002823710710588,4.120002746582031,0,2026-01-16,"Precio de la gasolina y diésel en Málaga hoy , viernes 16 de enero : ¿ Dónde están las gasolineras más baratas ?",https://www.diariosur.es/economia/mibolsillo/precio-gasolina-diesel-provincia-malaga-viernes-16-enero-2026-20260114000000-nt.html,diariosur.es,Spanish,1,-0.151118
2023-03-15,0.8930792147073262,0.8833405146835391,22.80284790743103,-0.9361357752603952,2.3533360194251776,6.909996032714844,0,2026-01-16,"Precio de la gasolina y diésel en Málaga hoy , viernes 16 de enero : ¿ Dónde están las gasolineras más baratas ?",https://www.diariosur.es/economia/mibolsillo/precio-gasolina-diesel-provincia-malaga-viernes-16-enero-2026-20260114000000-nt.html,diariosur.es,Spanish,1,-0.151286
2023-03-16,0.9112852580970148,0.8976825415696684,26.28409410203824,-1.0764897765947683,2.447383315819473,3.669998168945313,0,2026-01-16,"Precio de la gasolina y diésel en Málaga hoy , viernes 16 de enero : ¿ Dónde están las gasolineras más baratas ?",https://www.diariosur.es/economia/mibolsillo/precio-gasolina-diesel-provincia-malaga-viernes-16-enero-2026-20260114000000-nt.html,diariosur.es,Spanish,1,-0.151454
2023-03-17,0.8992559318700013,0.8820866232196762,23.772295381790315,-1.2045637685902637,2.5918560233111627,4.470001220703125,0,2026-01-16,"Precio de la gasolina y diésel en Málaga hoy , viernes 16 de enero : ¿ Dónde están las gasolineras más baratas ?",https://www.diariosur.es/economia/mibolsillo/precio-gasolina-diesel-provincia-malaga-viernes-16-enero-2026-20260114000000-nt.html,diariosur.es,Spanish,1,-0.151622
2023-03-18,0.9079675840747496,0.8877065423306827,23.772295381790315,-1.2127351161583548,2.406723450217508,0.0,0,2026-01-16,"Precio de la gasolina y diésel en Málaga hoy , viernes 16 de enero : ¿ Dónde están las gasolineras más baratas ?",https://www.diariosur.es/economia/mibolsillo/precio-gasolina-diesel-provincia-malaga-viernes-16-enero-2026-20260114000000-nt.html,diariosur.es,Spanish,1,-0.151791
2023-03-19,0.9159962841710172,0.893015999402311,23.772295381790315,-1.1425613849167222,2.234814632344829,0.0,0,2026-01-16,"Precio de la gasolina y diésel en Málaga hoy , viernes 16 de enero : ¿ Dónde están las gasolineras más baratas ?",https://www.diariosur.es/economia/mibolsillo/precio-gasolina-diesel-provincia-malaga-viernes-16-enero-2026-20260114000000-nt.html,diariosur.es,Spanish,1,-0.15196
2023-03-20,0.9347271866243172,0.910792417736926,28.54017235881055,-0.9669209756952944,2.330898887295924,3.579994201660156,0,2026-01-16,"Precio de la gasolina y diésel en Málaga hoy , viernes 16 de enero : ¿ Dónde están las gasolineras más baratas ?",https://www.diariosur.es/economia/mibolsillo/precio-gasolina-diesel-provincia-malaga-viernes-16-enero-2026-20260114000000-nt.html,diariosur.es,Spanish,1,-0.152128
2023-03-21,0.9619217944943662,0.9388330109322608,36.56392074346918,-0.6817636350942329,2.3665490975644072,2.8300018310546875,0,2026-01-16,"Precio de la gasolina y diésel en Málaga hoy , viernes 16 de enero : ¿ Dónde están las gasolineras más baratas ?",https://www.diariosur.es/economia/mibolsillo/precio-gasolina-diesel-provincia-malaga-viernes-16-enero-2026-20260114000000-nt.html,diariosur.es,Spanish,1,-0.152298
2023-03-22,0.9852338223638544,0.9648358981969,42.97030925695458,-0.349016040302005,2.370366888377329,2.4199981689453125,0,2026-01-16,"Precio de la gasolina y diésel en Málaga hoy , viernes 16 de enero : ¿ Dónde están las gasolineras más baratas ?",https://www.diariosur.es/economia/mibolsillo/precio-gasolina-diesel-provincia-malaga-viernes-16-enero-2026-20260114000000-nt.html,diariosur.es,Spanish,1,-0.152467
2023-03-23,0.9747548802761354,0.95838240448711,40.343295154113584,-0.1632699692745753,2.381769166300153,2.529998779296875,0,2026-01-16,"Precio de la gasolina y diésel en Málaga hoy , viernes 16 de enero : ¿ Dónde están las gasolineras más baratas ?",https://www.diariosur.es/economia/mibolsillo/precio-gasolina-diesel-provincia-malaga-viernes-16-enero-2026-20260114000000-nt.html,diariosur.es,Spanish,1,-0.152636
2023-03-24,0.968229064827112,0.9556135288153252,38.457780178564526,-0.0637100062609947,2.4659283371782674,3.55999755859375,0,2026-01-16,"Precio de la gasolina y diésel en Málaga hoy , viernes 16 de enero : ¿ Dónde están las gasolineras más baratas ?",https://www.diariosur.es/economia/mibolsillo/precio-gasolina-diesel-provincia-malaga-viernes-16-enero-2026-20260114000000-nt.html,diariosur.es,Spanish,1,-0.152806
2023-03-25,0.971167627086366,0.9625326815952754,38.457780178564526,0.0214284540834532,2.2897905988083918,0.0,0,2026-01-16,"Precio de la gasolina y diésel en Málaga hoy , viernes 16 de enero : ¿ Dónde están las gasolineras más baratas ?",https://www.diariosur.es/economia/mibolsillo/precio-gasolina-diesel-provincia-malaga-viernes-16-enero-2026-20260114000000-nt.html,diariosur.es,Spanish,1,-0.152976
2023-03-26,0.9738417383395724,0.9700823783535498,38.45778017856454,0.0930158573885404,2.126234127464935,0.0,0,2026-01-16,"Precio de la gasolina y diésel en Málaga hoy , viernes 16 de enero : ¿ Dónde están las gasolineras más baratas ?",https://www.diariosur.es/economia/mibolsillo/precio-gasolina-diesel-provincia-malaga-viernes-16-enero-2026-20260114000000-nt.html,diariosur.es,Spanish,1,-0.153146
2023-03-27,1.021445939280973,1.0232230908927291,52.5150329958755,0.378697403159598,2.257931776981948,3.970001220703125,0,2026-01-16,"Precio de la gasolina y diésel en Málaga hoy , viernes 16 de enero : ¿ Dónde están las gasolineras más baratas ?",https://www.diariosur.es/economia/mibolsillo/precio-gasolina-diesel-provincia-malaga-viernes-16-enero-2026-20260114000000-nt.html,diariosur.es,Spanish,1,-0.153316
2023-03-28,1.024291395190526,1.031210994264409,53.76449687067808,0.5810664185744878,2.220936497466776,1.7399978637695312,0,2026-01-16,"Precio de la gasolina y diésel en Málaga hoy , viernes 16 de enero : ¿ Dónde están las gasolineras más baratas ?",https://www.diariosur.es/economia/mibolsillo/precio-gasolina-diesel-provincia-malaga-viernes-16-enero-2026-20260114000000-nt.html,diariosur.es,Spanish,1,-0.153487
2023-03-29,1.0190279072959896,1.0299659984893483,52.88079442090553,0.6797172279442245,2.1772982198156896,1.6100006103515625,0,2026-01-16,"Precio de la gasolina y diésel en Málaga hoy , viernes 16 de enero : ¿ Dónde están las gasolineras más baratas ?",https://www.diariosur.es/economia/mibolsillo/precio-gasolina-diesel-provincia-malaga-viernes-16-enero-2026-20260114000000-nt.html,diariosur.es,Spanish,1,-0.153657
2023-03-30,1.0347769996711984,1.051441048046239,57.463916224376064,0.8106614403677106,2.166062392905027,2.0199966430664062,0,2026-01-16,"Precio de la gasolina y diésel en Málaga hoy , viernes 16 de enero : ¿ Dónde están las gasolineras más baratas ?",https://www.diariosur.es/economia/mibolsillo/precio-gasolina-diesel-provincia-malaga-viernes-16-enero-2026-20260114000000-nt.html,diariosur.es,Spanish,1,-0.153828
2023-03-31,1.0475906393766692,1.0705847119016831,61.234486015000655,0.946752402911398,2.1506296918144336,1.9500045776367188,0,2026-01-16,"Precio de la gasolina y diésel en Málaga hoy , viernes 16 de enero : ¿ Dónde están las gasolineras más baratas ?",https://www.diariosur.es/economia/mibolsillo/precio-gasolina-diesel-provincia-malaga-viernes-16-enero-2026-20260114000000-nt.html,diariosur.es,Spanish,1,-0.153999
2023-04-01,1.0428639193097349,1.0713501693496477,61.234486015000655,0.9938146245216768,1.99701328525626,0.0,0,2026-01-16,"Precio de la gasolina y diésel en Málaga hoy , viernes 16 de enero : ¿ Dónde están las gasolineras más baratas ?",https://www.diariosur.es/economia/mibolsillo/precio-gasolina-diesel-provincia-malaga-viernes-16-enero-2026-20260114000000-nt.html,diariosur.es,Spanish,1,-0.15417
2023-04-02,1.0386239675062734,1.0706907547000246,61.234486015000655,0.9803431721074628,1.854369479166527,0.0,0,2026-01-16,"Precio de la gasolina y diésel en Málaga hoy , viernes 16 de enero : ¿ Dónde están las gasolineras más baratas ?",https://www.diariosur.es/economia/mibolsillo/precio-gasolina-diesel-provincia-malaga-viernes-16-enero-2026-20260114000000-nt.html,diariosur.es,Spanish,1,-0.154342
2023-04-03,1.093013646820313,1.1306297562509875,72.39973788015247,1.2305360840845614,2.1519148215446995,2.69000244140625,0,2026-01-16,"Precio de la gasolina y diésel en Málaga hoy , viernes 16 de enero : ¿ Dónde están las gasolineras más baratas ?",https://www.diariosur.es/economia/mibolsillo/precio-gasolina-diesel-provincia-malaga-viernes-16-enero-2026-20260114000000-nt.html,diariosur.es,Spanish,1,-0.154513
2023-04-04,1.0869187259604105,1.1243530841532792,72.91269286261618,1.3454418229170748,2.1553492591659484,2.1999969482421875,0,2026-01-16,"Precio de la gasolina y diésel en Málaga hoy , viernes 16 de enero : ¿ Dónde están las gasolineras más baratas ?",https://www.diariosur.es/economia/mibolsillo/precio-gasolina-diesel-provincia-malaga-viernes-16-enero-2026-20260114000000-nt.html,diariosur.es,Spanish,1,-0.154685
2023-04-05,1.0767964613842835,1.1134516311991565,72.41293357322424,1.3415732498613189,2.1099669294445524,1.5199966430664062,0,2026-01-16,"Precio de la gasolina y diésel en Málaga hoy , viernes 16 de enero : ¿ Dónde están las gasolineras más baratas ?",https://www.diariosur.es/economia/mibolsillo/precio-gasolina-diesel-provincia-malaga-viernes-16-enero-2026-20260114000000-nt.html,diariosur.es,Spanish,1,-0.154857
2023-04-06,1.0700498382695942,1.1040502008098674,72.59498909856585,1.2725293443781474,2.0528262600980667,1.30999755859375,0,2026-01-16,"Precio de la gasolina y diésel en Málaga hoy , viernes 16 de enero : ¿ Dónde están las gasolineras más baratas ?",https://www.diariosur.es/economia/mibolsillo/precio-gasolina-diesel-provincia-malaga-viernes-16-enero-2026-20260114000000-nt.html,diariosur.es,Spanish,1,-0.155029
2023-04-07,1.0629584035783588,1.0936070393177597,72.59498909856585,1.1576104909821805,1.9061958129482048,0.0,0,2026-01-16,"Precio de la gasolina y diésel en Málaga hoy , viernes 16 de enero : ¿ Dónde están las gasolineras más baratas ?",https://www.diariosur.es/economia/mibolsillo/precio-gasolina-diesel-provincia-malaga-viernes-16-enero-2026-20260114000000-nt.html,diariosur.es,Spanish,1,-0.155202
2023-04-08,1.0566228523433163,1.083359589394045,72.59498909856585,1.0173239166998438,1.7700389691661902,0.0,0,2026-01-16,"Precio de la gasolina y diésel en Málaga hoy , viernes 16 de enero : ¿ Dónde están las gasolineras más baratas ?",https://www.diariosur.es/economia/mibolsillo/precio-gasolina-diesel-provincia-malaga-viernes-16-enero-2026-20260114000000-nt.html,diariosur.es,Spanish,1,-0.155374
2023-04-09,1.0509554148883986,1.0739451532083732,72.59498909856585,0.8661727134671817,1.643607614225748,0.0,0,2026-01-16,"Precio de la gasolina y diésel en Málaga hoy , viernes 16 de enero : ¿ Dónde están las gasolineras más baratas ?",https://www.diariosur.es/economia/mibolsillo/precio-gasolina-diesel-provincia-malaga-viernes-16-enero-2026-20260114000000-nt.html,diariosur.es,Spanish,1,-0.155547
2023-04-10,1.0346641822431792,1.0538697231461651,66.31584610347733,0.652896285469412,1.6412071139490203,1.6100006103515625,0,2026-01-16,"Precio de la gasolina y diésel en Málaga hoy , viernes 16 de enero : ¿ Dónde están las gasolineras más baratas ?",https://www.diariosur.es/economia/mibolsillo/precio-gasolina-diesel-provincia-malaga-viernes-16-enero-2026-20260114000000-nt.html,diariosur.es,Spanish,1,-0.15572
2023-04-11,1.0520897400792435,1.0700106936486031,71.30050164490608,0.5858717657293611,1.6825490051889902,2.2199935913085938,0,2026-01-16,"Precio de la gasolina y diésel en Málaga hoy , viernes 16 de enero : ¿ Dónde están las gasolineras más baratas ?",https://www.diariosur.es/economia/mibolsillo/precio-gasolina-diesel-provincia-malaga-viernes-16-enero-2026-20260114000000-nt.html,diariosur.es,Spanish,1,-0.155893
2023-04-12,1.0668534004472987,1.0832612722045911,75.13093066203524,0.6088644205045022,1.7230812191040623,2.25,0,2026-01-16,"Precio de la gasolina y diésel en Málaga hoy , viernes 16 de enero : ¿ Dónde están las gasolineras más baratas ?",https://www.diariosur.es/economia/mibolsillo/precio-gasolina-diesel-provincia-malaga-viernes-16-enero-2026-20260114000000-nt.html,diariosur.es,Spanish,1,-0.156066
2023-04-13,1.0474952820575505,1.0600538599004716,68.83961646097701,0.5050809527538485,1.6950041199576786,1.3300018310546875,0,2026-01-16,"Precio de la gasolina y diésel en Málaga hoy , viernes 16 de enero : ¿ Dónde están las gasolineras más baratas ?",https://www.diariosur.es/economia/mibolsillo/precio-gasolina-diesel-provincia-malaga-viernes-16-enero-2026-20260114000000-nt.html,diariosur.es,Spanish,1,-0.15624
2023-04-14,1.0468919143650115,1.0556681745998553,69.73288146167343,0.4192992305373575,1.6710752978429562,1.3600006103515625,0,2026-01-16,"Precio de la gasolina y diésel en Málaga hoy , viernes 16 de enero : ¿ Dónde están las gasolineras más baratas ?",https://www.diariosur.es/economia/mibolsillo/precio-gasolina-diesel-provincia-malaga-viernes-16-enero-2026-20260114000000-nt.html,diariosur.es,Spanish,1,-0.156414
2023-04-15,1.042237389942422,1.0467896460777326,69.73288146167343,0.3253678944987275,1.5517127765684593,0.0,0,2026-01-16,"Precio de la gasolina y diésel en Málaga hoy , viernes 16 de enero : ¿ Dónde están las gasolineras más baratas ?",https://www.diariosur.es/economia/mibolsillo/precio-gasolina-diesel-provincia-malaga-viernes-16-enero-2026-20260114000000-nt.html,diariosur.es,Spanish,1,-0.156587
2023-04-16,1.0380616741599669,1.0403822386649657,69.73288146167343,0.2305109950032271,1.4408761496707123,0.0,0,2026-01-16,"Precio de la gasolina y diésel en Málaga hoy , viernes 16 de enero : ¿ Dónde están las gasolineras más baratas ?",https://www.diariosur.es/economia/mibolsillo/precio-gasolina-diesel-provincia-malaga-viernes-16-enero-2026-20260114000000-nt.html,diariosur.es,Spanish,1,-0.156761
2023-04-17,1.015177843874672,1.0141972926693688,59.69858457800687,0.0316696237275193,1.4979562721063422,2.2399978637695312,0,2026-01-16,"Precio de la gasolina y diésel en Málaga hoy , viernes 16 de enero : ¿ Dónde están las gasolineras más baratas ?",https://www.diariosur.es/economia/mibolsillo/precio-gasolina-diesel-provincia-malaga-viernes-16-enero-2026-20260114000000-nt.html,diariosur.es,Spanish,1,-0.156936
2023-04-18,1.0140524024630315,1.0095763891340097,59.80913986863749,-0.1122298153939063,1.505959439123858,1.6100006103515625,0,2026-01-16,"Precio de la gasolina y diésel en Málaga hoy , viernes 16 de enero : ¿ Dónde están las gasolineras más baratas ?",https://www.diariosur.es/economia/mibolsillo/precio-gasolina-diesel-provincia-malaga-viernes-16-enero-2026-20260114000000-nt.html,diariosur.es,Spanish,1,-0.15711
2023-04-19,0.9934205517848228,0.9854044715978576,51.23221498942224,-0.324297760756886,1.592676709236663,2.720001220703125,0,2026-01-16,"Precio de la gasolina y diésel en Málaga hoy , viernes 16 de enero : ¿ Dónde están las gasolineras más baratas ?",https://www.diariosur.es/economia/mibolsillo/precio-gasolina-diesel-provincia-malaga-viernes-16-enero-2026-20260114000000-nt.html,diariosur.es,Spanish,1,-0.157285
2023-04-20,0.9727365133601392,0.9611570421652956,43.7927009586464,-0.5780856857570893,1.6353428329630622,1.9199981689453125,0,2026-01-16,"Precio de la gasolina y diésel en Málaga hoy , viernes 16 de enero : ¿ Dónde están las gasolineras más baratas ?",https://www.diariosur.es/economia/mibolsillo/precio-gasolina-diesel-provincia-malaga-viernes-16-enero-2026-20260114000000-nt.html,diariosur.es,Spanish,1,-0.15746
2023-04-21,0.981903061419388,0.9670469294722216,46.392836948161694,-0.6870477606505128,1.6378182141046516,1.6699981689453125,0,2026-01-16,"Precio de la gasolina y diésel en Málaga hoy , viernes 16 de enero : ¿ Dónde están las gasolineras más baratas ?",https://www.diariosur.es/economia/mibolsillo/precio-gasolina-diesel-provincia-malaga-viernes-16-enero-2026-20260114000000-nt.html,diariosur.es,Spanish,1,-0.157635
2023-04-22,0.9835983107734892,0.9657276839451706,46.392836948161694,-0.734972267468639,1.5208311988114622,0.0,0,2026-01-16,"Precio de la gasolina y diésel en Málaga hoy , viernes 16 de enero : ¿ Dónde están las gasolineras más baratas ?",https://www.diariosur.es/economia/mibolsillo/precio-gasolina-diesel-provincia-malaga-viernes-16-enero-2026-20260114000000-nt.html,diariosur.es,Spanish,1,-0.15781
2023-04-23,0.9851371596819266,0.9672571358995452,46.3928369481617,-0.7404521768053121,1.4122003988963578,0.0,0,2026-01-16,"Precio de la gasolina y diésel en Málaga hoy , viernes 16 de enero : ¿ Dónde están las gasolineras más baratas ?",https://www.diariosur.es/economia/mibolsillo/precio-gasolina-diesel-provincia-malaga-viernes-16-enero-2026-20260114000000-nt.html,diariosur.es,Spanish,1,-0.157985
2023-04-24,0.9967386480307646,0.9794984637930844,50.75848893112352,-0.6605560466910385,1.487043162151808,2.459999084472656,0,2026-01-16,"Precio de la gasolina y diésel en Málaga hoy , viernes 16 de enero : ¿ Dónde están las gasolineras más baratas ?",https://www.diariosur.es/economia/mibolsillo/precio-gasolina-diesel-provincia-malaga-viernes-16-enero-2026-20260114000000-nt.html,diariosur.es,Spanish,1,-0.158161
2023-04-25,0.9776460526362372,0.9605952752565002,43.51214293755024,-0.6944803048763648,1.5643972001998372,2.5699996948242188,0,2026-01-16,"Precio de la gasolina y diésel en Málaga hoy , viernes 16 de enero : ¿ Dónde están las gasolineras más baratas ?",https://www.diariosur.es/economia/mibolsillo/precio-gasolina-diesel-provincia-malaga-viernes-16-enero-2026-20260114000000-nt.html,diariosur.es,Spanish,1,-0.158337
2023-04-26,0.9476972067984925,0.9297786037766474,34.754326266171915,-0.8653064575021292,1.7297972040011325,3.8799972534179688,0,2026-01-16,"Precio de la gasolina y diésel en Málaga hoy , viernes 16 de enero : ¿ Dónde están las gasolineras más baratas ?",https://www.diariosur.es/economia/mibolsillo/precio-gasolina-diesel-provincia-malaga-viernes-16-enero-2026-20260114000000-nt.html,diariosur.es,Spanish,1,-0.158513
2023-04-27,0.9578003027482954,0.9390249481568776,37.02127475092454,-0.9048820862125242,1.695525975143909,1.25,0,2026-01-16,"Precio de la gasolina y diésel en Málaga hoy , viernes 16 de enero : ¿ Dónde están las gasolineras más baratas ?",https://www.diariosur.es/economia/mibolsillo/precio-gasolina-diesel-provincia-malaga-viernes-16-enero-2026-20260114000000-nt.html,diariosur.es,Spanish,1,-0.158689
2023-04-28,0.9852111441477472,0.9667772405388416,45.90904718899133,-0.758500000361312,1.787988252902882,2.9899978637695312,0,2026-01-16,"Precio de la gasolina y diésel en Málaga hoy , viernes 16 de enero : ¿ Dónde están las gasolineras más baratas ?",https://www.diariosur.es/economia/mibolsillo/precio-gasolina-diesel-provincia-malaga-viernes-16-enero-2026-20260114000000-nt.html,diariosur.es,Spanish,1,-0.158866
2023-04-29,0.9866007342470334,0.969169089434984,45.90904718899133,-0.6304195041981554,1.660274806266962,0.0,0,2026-01-16,"Precio de la gasolina y diésel en Málaga hoy , viernes 16 de enero : ¿ Dónde están las gasolineras más baratas ?",https://www.diariosur.es/economia/mibolsillo/precio-gasolina-diesel-provincia-malaga-viernes-16-enero-2026-20260114000000-nt.html,diariosur.es,Spanish,1,-0.159042
2023-04-30,0.987861364432664,0.9709830367843968,45.90904718899133,-0.5190874275717963,1.5416837486764647,0.0,0,2026-01-16,"Precio de la gasolina y diésel en Málaga hoy , viernes 16 de enero : ¿ Dónde están las gasolineras más baratas ?",https://www.diariosur.es/economia/mibolsillo/precio-gasolina-diesel-provincia-malaga-viernes-16-enero-2026-20260114000000-nt.html,diariosur.es,Spanish,1,-0.159219
2023-05-01,0.9759189168619272,0.9603838844074836,41.82188222401976,-0.4943815138826655,1.592277766628146,2.160003662109375,0,2026-01-16,"Precio de la gasolina y diésel en Málaga hoy , viernes 16 de enero : ¿ Dónde están las gasolineras más baratas ?",https://www.diariosur.es/economia/mibolsillo/precio-gasolina-diesel-provincia-malaga-viernes-16-enero-2026-20260114000000-nt.html,diariosur.es,Spanish,1,-0.159396
2023-05-02,0.9310341356825416,0.9163566037164472,31.154218912304188,-0.7079347136463927,1.813543814826582,4.69000244140625,0,2026-01-16,"Precio de la gasolina y diésel en Málaga hoy , viernes 16 de enero : ¿ Dónde están las gasolineras más baratas ?",https://www.diariosur.es/economia/mibolsillo/precio-gasolina-diesel-provincia-malaga-viernes-16-enero-2026-20260114000000-nt.html,diariosur.es,Spanish,1,-0.159573
2023-05-03,0.9006027020621872,0.8848986473627756,25.74427002064885,-0.9980274989486,1.958290968573623,3.840003967285156,0,2026-01-16,"Precio de la gasolina y diésel en Málaga hoy , viernes 16 de enero : ¿ Dónde están las gasolineras más baratas ?",https://www.diariosur.es/economia/mibolsillo/precio-gasolina-diesel-provincia-malaga-viernes-16-enero-2026-20260114000000-nt.html,diariosur.es,Spanish,1,-0.159751
2023-05-04,0.9087253724021922,0.8924177920954508,25.68148891701024,-1.12588234654887,2.2612699671213776,6.199996948242188,0,2026-01-16,"Precio de la gasolina y diésel en Málaga hoy , viernes 16 de enero : ¿ Dónde están las gasolineras más baratas ?",https://www.diariosur.es/economia/mibolsillo/precio-gasolina-diesel-provincia-malaga-viernes-16-enero-2026-20260114000000-nt.html,diariosur.es,Spanish,1,-0.159928
2023-05-05,0.9504997012818062,0.9354102173773698,37.15236662003115,-0.9628153293868136,2.337607412445576,3.329994201660156,0,2026-01-16,"Precio de la gasolina y diésel en Málaga hoy , viernes 16 de enero : ¿ Dónde están las gasolineras más baratas ?",https://www.diariosur.es/economia/mibolsillo/precio-gasolina-diesel-provincia-malaga-viernes-16-enero-2026-20260114000000-nt.html,diariosur.es,Spanish,1,-0.160106
2023-05-06,0.9550018801718004,0.9423170334013634,37.15236662003115,-0.8011709425974343,2.170635454413749,0.0,0,2026-01-16,"Precio de la gasolina y diésel en Málaga hoy , viernes 16 de enero : ¿ Dónde están las gasolineras más baratas ?",https://www.diariosur.es/economia/mibolsillo/precio-gasolina-diesel-provincia-malaga-viernes-16-enero-2026-20260114000000-nt.html,diariosur.es,Spanish,1,-0.160284
2023-05-07,0.959112189240384,0.9482603383353136,37.152366620031145,-0.6470658681865049,2.015590064812767,0.0,0,2026-01-16,"Precio de la gasolina y diésel en Málaga hoy , viernes 16 de enero : ¿ Dónde están las gasolineras más baratas ?",https://www.diariosur.es/economia/mibolsillo/precio-gasolina-diesel-provincia-malaga-viernes-16-enero-2026-20260114000000-nt.html,diariosur.es,Spanish,1,-0.160462
2023-05-08,0.9851212746871688,0.9774541977423252,44.19529175259685,-0.3881413217965839,2.0609051691746343,2.6500015258789062,0,2026-01-16,"Precio de la gasolina y diésel en Málaga hoy , viernes 16 de enero : ¿ Dónde están las gasolineras más baratas ?",https://www.diariosur.es/economia/mibolsillo/precio-gasolina-diesel-provincia-malaga-viernes-16-enero-2026-20260114000000-nt.html,diariosur.es,Spanish,1,-0.160641
2023-05-09,0.993234013937514,0.9884009213198476,46.15887313992271,-0.1572557536469068,2.087983545762607,2.44000244140625,0,2026-01-16,"Precio de la gasolina y diésel en Málaga hoy , viernes 16 de enero : ¿ Dónde están las gasolineras más baratas ?",https://www.diariosur.es/economia/mibolsillo/precio-gasolina-diesel-provincia-malaga-viernes-16-enero-2026-20260114000000-nt.html,diariosur.es,Spanish,1,-0.160819
2023-05-10,0.9798152786769369,0.9760756182877176,42.77010101581322,-0.0641792929174804,2.0881273166288943,2.089996337890625,0,2026-01-16,"Precio de la gasolina y diésel en Málaga hoy , viernes 16 de enero : ¿ Dónde están las gasolineras más baratas ?",https://www.diariosur.es/economia/mibolsillo/precio-gasolina-diesel-provincia-malaga-viernes-16-enero-2026-20260114000000-nt.html,diariosur.es,Spanish,1,-0.160998
2023-05-11,0.9609301523083874,0.9578515923685824,38.318030955042914,-0.0966729651935285,2.143975561625547,2.8700027465820312,0,2026-01-16,"Precio de la gasolina y diésel en Málaga hoy , viernes 16 de enero : ¿ Dónde están las gasolineras más baratas ?",https://www.diariosur.es/economia/mibolsillo/precio-gasolina-diesel-provincia-malaga-viernes-16-enero-2026-20260114000000-nt.html,diariosur.es,Spanish,1,-0.161177
2023-05-12,0.9542495939701512,0.9516692365090532,36.318500663667,-0.1510651119588444,2.122977198232372,1.8499984741210935,0,2026-01-16,"Precio de la gasolina y diésel en Málaga hoy , viernes 16 de enero : ¿ Dónde están las gasolineras más baratas ?",https://www.diariosur.es/economia/mibolsillo/precio-gasolina-diesel-provincia-malaga-viernes-16-enero-2026-20260114000000-nt.html,diariosur.es,Spanish,1,-0.161356
2023-05-13,0.958425628412942,0.9567587255920575,36.318500663667,-0.1630183863080911,1.9713359697872024,0.0,0,2026-01-16,"Precio de la gasolina y diésel en Málaga hoy , viernes 16 de enero : ¿ Dónde están las gasolineras más baratas ?",https://www.diariosur.es/economia/mibolsillo/precio-gasolina-diesel-provincia-malaga-viernes-16-enero-2026-20260114000000-nt.html,diariosur.es,Spanish,1,-0.161536
2023-05-14,0.9622355654560424,0.9624911665587952,36.318500663667,-0.1473736353336752,1.8305262576595451,0.0,0,2026-01-16,"Precio de la gasolina y diésel en Málaga hoy , viernes 16 de enero : ¿ Dónde están las gasolineras más baratas ?",https://www.diariosur.es/economia/mibolsillo/precio-gasolina-diesel-provincia-malaga-viernes-16-enero-2026-20260114000000-nt.html,diariosur.es,Spanish,1,-0.161715
2023-05-15,0.9790862874623428,0.9812133127557652,41.25432144190368,-0.0466303253119546,1.8626314377764972,2.279998779296875,0,2026-01-16,"Precio de la gasolina y diésel en Málaga hoy , viernes 16 de enero : ¿ Dónde están las gasolineras más baratas ?",https://www.diariosur.es/economia/mibolsillo/precio-gasolina-diesel-provincia-malaga-viernes-16-enero-2026-20260114000000-nt.html,diariosur.es,Spanish,1,-0.161895
2023-05-16,0.977912505522094,0.9800897753793102,40.46515546498078,0.0180369652858054,1.825300904169973,1.3400039672851562,0,2026-01-16,"Precio de la gasolina y diésel en Málaga hoy , viernes 16 de enero : ¿ Dónde están las gasolineras más baratas ?",https://www.diariosur.es/economia/mibolsillo/precio-gasolina-diesel-provincia-malaga-viernes-16-enero-2026-20260114000000-nt.html,diariosur.es,Spanish,1,-0.162075
2023-05-17,1.0046118281447485,1.008683876766686,48.77992613811116,0.1983367212717697,1.9249223553509125,3.220001220703125,0,2026-01-16,"Precio de la gasolina y diésel en Málaga hoy , viernes 16 de enero : ¿ Dónde están las gasolineras más baratas ?",https://www.diariosur.es/economia/mibolsillo/precio-gasolina-diesel-provincia-malaga-viernes-16-enero-2026-20260114000000-nt.html,diariosur.es,Spanish,1,-0.162255
2023-05-18,0.9920601465246456,0.9986519816116292,45.41649071114574,0.2535849183139911,1.890999656942756,1.4500045776367188,0,2026-01-16,"Precio de la gasolina y diésel en Málaga hoy , viernes 16 de enero : ¿ Dónde están las gasolineras más baratas ?",https://www.diariosur.es/economia/mibolsillo/precio-gasolina-diesel-provincia-malaga-viernes-16-enero-2026-20260114000000-nt.html,diariosur.es,Spanish,1,-0.162435
2023-05-19,0.9889313702995848,0.997970623944654,44.36370391340979,0.2690989395824097,1.925214163345561,2.3700027465820312,0,2026-01-16,"Precio de la gasolina y diésel en Málaga hoy , viernes 16 de enero : ¿ Dónde están las gasolineras más baratas ?",https://www.diariosur.es/economia/mibolsillo/precio-gasolina-diesel-provincia-malaga-viernes-16-enero-2026-20260114000000-nt.html,diariosur.es,Spanish,1,-0.162616
2023-05-20,0.9899749575584323,1.001623913743946,44.36370391340979,0.278065067686319,1.7876988659637354,0.0,0,2026-01-16,"Precio de la gasolina y diésel en Málaga hoy , viernes 16 de enero : ¿ Dónde están las gasolineras más baratas ?",https://www.diariosur.es/economia/mibolsillo/precio-gasolina-diesel-provincia-malaga-viernes-16-enero-2026-20260114000000-nt.html,diariosur.es,Spanish,1,-0.162797
2023-05-21,0.9909210552379564,1.0045136803932964,44.36370391340979,0.2818233174214175,1.6600060898234683,0.0,0,2026-01-16,"Precio de la gasolina y diésel en Málaga hoy , viernes 16 de enero : ¿ Dónde están las gasolineras más baratas ?",https://www.diariosur.es/economia/mibolsillo/precio-gasolina-diesel-provincia-malaga-viernes-16-enero-2026-20260114000000-nt.html,diariosur.es,Spanish,1,-0.162978
2023-05-22,0.997298243887606,1.0104568431002567,46.55973649704991,0.3095574648740733,1.670719766164203,1.80999755859375,0,2026-01-16,"Precio de la gasolina y diésel en Málaga hoy , viernes 16 de enero : ¿ Dónde están las gasolineras más baratas ?",https://www.diariosur.es/economia/mibolsillo/precio-gasolina-diesel-provincia-malaga-viernes-16-enero-2026-20260114000000-nt.html,diariosur.es,Spanish,1,-0.163159
2023-05-23,1.0090781571982397,1.020283979535643,50.92184523967644,0.380793006362579,1.6999541993706662,2.0800018310546875,0,2026-01-16,"Precio de la gasolina y diésel en Málaga hoy , viernes 16 de enero : ¿ Dónde están las gasolineras más baratas ?",https://www.diariosur.es/economia/mibolsillo/precio-gasolina-diesel-provincia-malaga-viernes-16-enero-2026-20260114000000-nt.html,diariosur.es,Spanish,1,-0.16334
2023-05-24,1.026048250049692,1.036104726211555,56.821461539533416,0.5072383608826945,1.7085288776173484,1.600006103515625,0,2026-01-16,"Precio de la gasolina y diésel en Málaga hoy , viernes 16 de enero : ¿ Dónde están las gasolineras más baratas ?",https://www.diariosur.es/economia/mibolsillo/precio-gasolina-diesel-provincia-malaga-viernes-16-enero-2026-20260114000000-nt.html,diariosur.es,Spanish,1,-0.163522
2023-05-25,0.9922172446647786,1.0007802446750866,46.300708640907885,0.4090628058998271,1.8286339141909973,3.389999389648437,0,2026-01-16,"Precio de la gasolina y diésel en Málaga hoy , viernes 16 de enero : ¿ Dónde están las gasolineras más baratas ?",https://www.diariosur.es/economia/mibolsillo/precio-gasolina-diesel-provincia-malaga-viernes-16-enero-2026-20260114000000-nt.html,diariosur.es,Spanish,1,-0.163704
2023-05-26,1.0034553478294497,1.0115463773314002,49.65992214904385,0.3881019939317339,1.8094461480336608,1.5600051879882812,0,2026-01-16,"Precio de la gasolina y diésel en Málaga hoy , viernes 16 de enero : ¿ Dónde están las gasolineras más baratas ?",https://www.diariosur.es/economia/mibolsillo/precio-gasolina-diesel-provincia-malaga-viernes-16-enero-2026-20260114000000-nt.html,diariosur.es,Spanish,1,-0.163886
2023-05-27,1.0031252386279297,1.0106108922462596,49.65992214904385,0.3621455205379049,1.680199994602685,0.0,0,2026-01-16,"Precio de la gasolina y diésel en Málaga hoy , viernes 16 de enero : ¿ Dónde están las gasolineras más baratas ?",https://www.diariosur.es/economia/mibolsillo/precio-gasolina-diesel-provincia-malaga-viernes-16-enero-2026-20260114000000-nt.html,diariosur.es,Spanish,1,-0.164068
2023-05-28,1.002826755493321,1.01095534665832,49.65992214904386,0.3335931416750077,1.560185709273922,0.0,0,2026-01-16,"Precio de la gasolina y diésel en Málaga hoy , viernes 16 de enero : ¿ Dónde están las gasolineras más baratas ?",https://www.diariosur.es/economia/mibolsillo/precio-gasolina-diesel-provincia-malaga-viernes-16-enero-2026-20260114000000-nt.html,diariosur.es,Spanish,1,-0.16425
2023-05-29,1.0025568523419188,1.011687204629552,49.65992214904385,0.3041501361868636,1.4487438728972133,0.0,0,2026-01-16,"Precio de la gasolina y diésel en Málaga hoy , viernes 16 de enero : ¿ Dónde están las gasolineras más baratas ?",https://www.diariosur.es/economia/mibolsillo/precio-gasolina-diesel-provincia-malaga-viernes-16-enero-2026-20260114000000-nt.html,diariosur.es,Spanish,1,-0.164433
2023-05-30,0.962095127170228,0.9690898369915,37.57730672690836,0.0701444920727689,1.66883405402537,4.530006408691406,0,2026-01-16,"Precio de la gasolina y diésel en Málaga hoy , viernes 16 de enero : ¿ Dónde están las gasolineras más baratas ?",https://www.diariosur.es/economia/mibolsillo/precio-gasolina-diesel-provincia-malaga-viernes-16-enero-2026-20260114000000-nt.html,diariosur.es,Spanish,1,-0.164616
2023-05-31,0.9482560441365808,0.9518217438388864,33.79772611068596,-0.1625456941237204,1.7396318831742277,2.660003662109375,0,2026-01-16,"Precio de la gasolina y diésel en Málaga hoy , viernes 16 de enero : ¿ Dónde están las gasolineras más baratas ?",https://www.diariosur.es/economia/mibolsillo/precio-gasolina-diesel-provincia-malaga-viernes-16-enero-2026-20260114000000-nt.html,diariosur.es,Spanish,1,-0.164799
2023-06-01,0.9784616998685468,0.9798782271229995,42.87587477184774,-0.166138882889469,1.8696580028470509,3.55999755859375,0,2026-01-16,"Precio de la gasolina y diésel en Málaga hoy , viernes 16 de enero : ¿ Dónde están las gasolineras más baratas ?",https://www.diariosur.es/economia/mibolsillo/precio-gasolina-diesel-provincia-malaga-viernes-16-enero-2026-20260114000000-nt.html,diariosur.es,Spanish,1,-0.164982
2023-06-02,1.0012239397991285,1.0016125483703662,49.01868713485904,-0.0491841978918946,1.8911108718540697,2.1699981689453125,0,2026-01-16,"Precio de la gasolina y diésel en Málaga hoy , viernes 16 de enero : ¿ Dónde están las gasolineras más baratas ?",https://www.diariosur.es/economia/mibolsillo/precio-gasolina-diesel-provincia-malaga-viernes-16-enero-2026-20260114000000-nt.html,diariosur.es,Spanish,1,-0.165165
2023-06-03,1.0011072450371856,1.00042530101701,49.01868713485904,0.032647772160279,1.7560315238644932,0.0,0,2026-01-16,"Precio de la gasolina y diésel en Málaga hoy , viernes 16 de enero : ¿ Dónde están las gasolineras más baratas ?",https://www.diariosur.es/economia/mibolsillo/precio-gasolina-diesel-provincia-malaga-viernes-16-enero-2026-20260114000000-nt.html,diariosur.es,Spanish,1,-0.165349
2023-06-04,1.001001687499024,0.9999860367222718,49.01868713485904,0.088101326956966,1.6306007007313152,0.0,0,2026-01-16,"Precio de la gasolina y diésel en Málaga hoy , viernes 16 de enero : ¿ Dónde están las gasolineras más baratas ?",https://www.diariosur.es/economia/mibolsillo/precio-gasolina-diesel-provincia-malaga-viernes-16-enero-2026-20260114000000-nt.html,diariosur.es,Spanish,1,-0.165533
2023-06-05,1.0060784116271972,1.0047977087899231,50.67489117128025,0.1500791102585534,1.751985950797661,3.329994201660156,0,2026-01-16,"Precio de la gasolina y diésel en Málaga hoy , viernes 16 de enero : ¿ Dónde están las gasolineras más baratas ?",https://www.diariosur.es/economia/mibolsillo/precio-gasolina-diesel-provincia-malaga-viernes-16-enero-2026-20260114000000-nt.html,diariosur.es,Spanish,1,-0.165717
2023-06-06,1.000326801228522,0.999846669914032,48.96193565181444,0.160224163382413,1.783987281286165,2.2000045776367188,0,2026-01-16,"Precio de la gasolina y diésel en Málaga hoy , viernes 16 de enero : ¿ Dónde están las gasolineras más baratas ?",https://www.diariosur.es/economia/mibolsillo/precio-gasolina-diesel-provincia-malaga-viernes-16-enero-2026-20260114000000-nt.html,diariosur.es,Spanish,1,-0.165901
2023-06-07,1.0102510986102904,1.0103852423130564,52.3072013049933,0.2135659503860014,1.8122739258497087,2.180000305175781,0,2026-01-16,"Precio de la gasolina y diésel en Málaga hoy , viernes 16 de enero : ¿ Dónde están las gasolineras más baratas ?",https://www.diariosur.es/economia/mibolsillo/precio-gasolina-diesel-provincia-malaga-viernes-16-enero-2026-20260114000000-nt.html,diariosur.es,Spanish,1,-0.166086
2023-06-08,0.9936438669937752,0.9932912320098088,47.08994010313866,0.1611498090594206,1.986397216860444,4.25,0,2026-01-16,"Precio de la gasolina y diésel en Málaga hoy , viernes 16 de enero : ¿ Dónde están las gasolineras más baratas ?",https://www.diariosur.es/economia/mibolsillo/precio-gasolina-diesel-provincia-malaga-viernes-16-enero-2026-20260114000000-nt.html,diariosur.es,Spanish,1,-0.16627
2023-06-09,0.9800836172835392,0.9786269535869512,42.925301811165006,0.0524849029052663,1.9637972848665064,1.6699981689453125,0,2026-01-16,"Precio de la gasolina y diésel en Málaga hoy , viernes 16 de enero : ¿ Dónde están las gasolineras más baratas ?",https://www.diariosur.es/economia/mibolsillo/precio-gasolina-diesel-provincia-malaga-viernes-16-enero-2026-20260114000000-nt.html,diariosur.es,Spanish,1,-0.166455
2023-06-10,0.9819461711646704,0.97956960611524,42.925301811165006,-0.0143829103363916,1.8235260502331845,0.0,0,2026-01-16,"Precio de la gasolina y diésel en Málaga hoy , viernes 16 de enero : ¿ Dónde están las gasolineras más baratas ?",https://www.diariosur.es/economia/mibolsillo/precio-gasolina-diesel-provincia-malaga-viernes-16-enero-2026-20260114000000-nt.html,diariosur.es,Spanish,1,-0.16664
2023-06-11,0.983637449464542,0.9808155902607536,42.925301811165006,-0.051515012658772,1.6932741895022427,0.0,0,2026-01-16,"Precio de la gasolina y diésel en Málaga hoy , viernes 16 de enero : ¿ Dónde están las gasolineras más baratas ?",https://www.diariosur.es/economia/mibolsillo/precio-gasolina-diesel-provincia-malaga-viernes-16-enero-2026-20260114000000-nt.html,diariosur.es,Spanish,1,-0.166825
2023-06-12,0.9462102130565848,0.9419954800443489,32.99905968367949,-0.2625889906673052,1.8244688030590024,3.529998779296875,0,2026-01-16,"Precio de la gasolina y diésel en Málaga hoy , viernes 16 de enero : ¿ Dónde están las gasolineras más baratas ?",https://www.diariosur.es/economia/mibolsillo/precio-gasolina-diesel-provincia-malaga-viernes-16-enero-2026-20260114000000-nt.html,diariosur.es,Spanish,1,-0.167011
2023-06-13,0.9806293662444574,0.9776500812259714,43.59216738081989,-0.229599109249018,1.8877209660171204,2.680000305175781,0,2026-01-16,"Precio de la gasolina y diésel en Málaga hoy , viernes 16 de enero : ¿ Dónde están las gasolineras más baratas ?",https://www.diariosur.es/economia/mibolsillo/precio-gasolina-diesel-provincia-malaga-viernes-16-enero-2026-20260114000000-nt.html,diariosur.es,Spanish,1,-0.167197
2023-06-14,0.9676666919484538,0.9638707030393112,40.1721835227906,-0.2650115557436114,1.925740766226277,2.4199981689453125,0,2026-01-16,"Precio de la gasolina y diésel en Málaga hoy , viernes 16 de enero : ¿ Dónde están las gasolineras más baratas ?",https://www.diariosur.es/economia/mibolsillo/precio-gasolina-diesel-provincia-malaga-viernes-16-enero-2026-20260114000000-nt.html,diariosur.es,Spanish,1,-0.167382
2023-06-15,1.0008829162992725,0.9984942553386816,48.98074454439751,-0.1174745520453363,2.001759130336509,2.9899978637695312,0,2026-01-16,"Precio de la gasolina y diésel en Málaga hoy , viernes 16 de enero : ¿ Dónde están las gasolineras más baratas ?",https://www.diariosur.es/economia/mibolsillo/precio-gasolina-diesel-provincia-malaga-viernes-16-enero-2026-20260114000000-nt.html,diariosur.es,Spanish,1,-0.167568
2023-06-16,1.0156476492705968,1.0155343647954975,52.68398705717564,0.0613215748155659,1.9973479382700623,1.94000244140625,0,2026-01-16,"Precio de la gasolina y diésel en Málaga hoy , viernes 16 de enero : ¿ Dónde están las gasolineras más baratas ?",https://www.diariosur.es/economia/mibolsillo/precio-gasolina-diesel-provincia-malaga-viernes-16-enero-2026-20260114000000-nt.html,diariosur.es,Spanish,1,-0.167755
2023-06-17,1.014136330260265,1.016174127654799,52.68398705717564,0.1761695249496148,1.8546802283936288,0.0,0,2026-01-16,"Precio de la gasolina y diésel en Málaga hoy , viernes 16 de enero : ¿ Dónde están las gasolineras más baratas ?",https://www.diariosur.es/economia/mibolsillo/precio-gasolina-diesel-provincia-malaga-viernes-16-enero-2026-20260114000000-nt.html,diariosur.es,Spanish,1,-0.167941
2023-06-18,1.0127728168300434,1.0168146970934544,52.68398705717564,0.2445139514872613,1.7222030692226558,0.0,0,2026-01-16,"Precio de la gasolina y diésel en Málaga hoy , viernes 16 de enero : ¿ Dónde están las gasolineras más baratas ?",https://www.diariosur.es/economia/mibolsillo/precio-gasolina-diesel-provincia-malaga-viernes-16-enero-2026-20260114000000-nt.html,diariosur.es,Spanish,1,-0.168128
2023-06-19,1.011542317331461,1.015146585661656,52.68398705717564,0.2795708458292192,1.5991885642781805,0.0,0,2026-01-16,"Precio de la gasolina y diésel en Málaga hoy , viernes 16 de enero : ¿ Dónde están las gasolineras más baratas ?",https://www.diariosur.es/economia/mibolsillo/precio-gasolina-diesel-provincia-malaga-viernes-16-enero-2026-20260114000000-nt.html,diariosur.es,Spanish,1,-0.168315
2023-06-20,0.9941192487138686,0.9953479968324488,47.56028070986662,0.2096022892541835,1.6592461534020049,2.4399948120117188,0,2026-01-16,"Precio de la gasolina y diésel en Málaga hoy , viernes 16 de enero : ¿ Dónde están las gasolineras más baratas ?",https://www.diariosur.es/economia/mibolsillo/precio-gasolina-diesel-provincia-malaga-viernes-16-enero-2026-20260114000000-nt.html,diariosur.es,Spanish,1,-0.168502
2023-06-21,1.0205336305190928,1.0222547917689315,55.02992783949588,0.288232267494952,1.699300086780656,1.9199981689453125,0,2026-01-16,"Precio de la gasolina y diésel en Málaga hoy , viernes 16 de enero : ¿ Dónde están las gasolineras más baratas ?",https://www.diariosur.es/economia/mibolsillo/precio-gasolina-diesel-provincia-malaga-viernes-16-enero-2026-20260114000000-nt.html,diariosur.es,Spanish,1,-0.168689
2023-06-22,0.9800904746384114,0.9812322622256512,44.80497461077648,0.132943165350847,1.8436358820608325,3.720001220703125,0,2026-01-16,"Precio de la gasolina y diésel en Málaga hoy , viernes 16 de enero : ¿ Dónde están las gasolineras más baratas ?",https://www.diariosur.es/economia/mibolsillo/precio-gasolina-diesel-provincia-malaga-viernes-16-enero-2026-20260114000000-nt.html,diariosur.es,Spanish,1,-0.168877
2023-06-23,0.9774683287521636,0.9780726211805472,43.78948245446354,0.0092686678986825,1.8762335370391885,2.3000030517578125,0,2026-01-16,"Precio de la gasolina y diésel en Málaga hoy , viernes 16 de enero : ¿ Dónde están las gasolineras más baratas ?",https://www.diariosur.es/economia/mibolsillo/precio-gasolina-diesel-provincia-malaga-viernes-16-enero-2026-20260114000000-nt.html,diariosur.es,Spanish,1,-0.169065
2023-06-24,0.979570362788208,0.9798602154484206,43.78948245446354,-0.0657922265012175,1.7422168558221034,0.0,0,2026-01-16,"Precio de la gasolina y diésel en Málaga hoy , viernes 16 de enero : ¿ Dónde están las gasolineras más baratas ?",https://www.diariosur.es/economia/mibolsillo/precio-gasolina-diesel-provincia-malaga-viernes-16-enero-2026-20260114000000-nt.html,diariosur.es,Spanish,1,-0.169253
2023-06-25,0.9814800085506192,0.9819400796807676,43.78948245446354,-0.106298286400671,1.6177727946919531,0.0,0,2026-01-16,"Precio de la gasolina y diésel en Málaga hoy , viernes 16 de enero : ¿ Dónde están las gasolineras más baratas ?",https://www.diariosur.es/economia/mibolsillo/precio-gasolina-diesel-provincia-malaga-viernes-16-enero-2026-20260114000000-nt.html,diariosur.es,Spanish,1,-0.169441
2023-06-26,0.9859193399002956,0.9865815602384388,44.72825167163576,-0.1093787246090856,1.60221770406245,1.4000015258789062,0,2026-01-16,"Precio de la gasolina y diésel en Málaga hoy , viernes 16 de enero : ¿ Dónde están las gasolineras más baratas ?",https://www.diariosur.es/economia/mibolsillo/precio-gasolina-diesel-provincia-malaga-viernes-16-enero-2026-20260114000000-nt.html,diariosur.es,Spanish,1,-0.169629
2023-06-27,0.9656622427490632,0.9661490585441272,39.13130860709909,-0.2085682498837389,1.6770594056207682,2.6500015258789062,0,2026-01-16,"Precio de la gasolina y diésel en Málaga hoy , viernes 16 de enero : ¿ Dónde están las gasolineras más baratas ?",https://www.diariosur.es/economia/mibolsillo/precio-gasolina-diesel-provincia-malaga-viernes-16-enero-2026-20260114000000-nt.html,diariosur.es,Spanish,1,-0.169818
2023-06-28,0.9929312703944057,0.9939201349435498,47.07479738776197,-0.1370452786767023,1.7486980413032691,2.680000305175781,0,2026-01-16,"Precio de la gasolina y diésel en Málaga hoy , viernes 16 de enero : ¿ Dónde están las gasolineras más baratas ?",https://www.diariosur.es/economia/mibolsillo/precio-gasolina-diesel-provincia-malaga-viernes-16-enero-2026-20260114000000-nt.html,diariosur.es,Spanish,1,-0.170006
2023-06-29,0.9974783487586044,0.99842790530481,48.24791734320109,-0.0615154201015517,1.7430766218491294,1.6699981689453125,0,2026-01-16,"Precio de la gasolina y diésel en Málaga hoy , viernes 16 de enero : ¿ Dónde están las gasolineras más baratas ?",https://www.diariosur.es/economia/mibolsillo/precio-gasolina-diesel-provincia-malaga-viernes-16-enero-2026-20260114000000-nt.html,diariosur.es,Spanish,1,-0.170195
2023-06-30,1.0077884626615037,1.0092365612671303,51.27211641592185,0.0433388899156554,1.7264284443049394,1.5100021362304688,0,2026-01-16,"Precio de la gasolina y diésel en Málaga hoy , viernes 16 de enero : ¿ Dónde están las gasolineras más baratas ?",https://www.diariosur.es/economia/mibolsillo/precio-gasolina-diesel-provincia-malaga-viernes-16-enero-2026-20260114000000-nt.html,diariosur.es,Spanish,1,-0.170385
2023-07-01,1.0070414812352957,1.008897827520733,51.27211641592185,0.1112000838210486,1.6031121268545867,0.0,0,2026-01-16,"Precio de la gasolina y diésel en Málaga hoy , viernes 16 de enero : ¿ Dónde están las gasolineras más baratas ?",https://www.diariosur.es/economia/mibolsillo/precio-gasolina-diesel-provincia-malaga-viernes-16-enero-2026-20260114000000-nt.html,diariosur.es,Spanish,1,-0.170574
2023-07-02,1.006366594426678,1.0063681472359995,51.27211641592185,0.1520638658189701,1.488604117793545,0.0,0,2026-01-16,"Precio de la gasolina y diésel en Málaga hoy , viernes 16 de enero : ¿ Dónde están las gasolineras más baratas ?",https://www.diariosur.es/economia/mibolsillo/precio-gasolina-diesel-provincia-malaga-viernes-16-enero-2026-20260114000000-nt.html,diariosur.es,Spanish,1,-0.170764
2023-07-03,0.9948012585103886,0.9939967206040078,47.4946105438578,0.1192725449070023,1.5308462666411602,2.079994201660156,0,2026-01-16,"Precio de la gasolina y diésel en Málaga hoy , viernes 16 de enero : ¿ Dónde están las gasolineras más baratas ?",https://www.diariosur.es/economia/mibolsillo/precio-gasolina-diesel-provincia-malaga-viernes-16-enero-2026-20260114000000-nt.html,diariosur.es,Spanish,1,-0.170954
2023-07-04,0.9952940467442146,0.9929219354331522,47.4946105438578,0.0960076782656732,1.4215001047382203,0.0,0,2026-01-16,"Precio de la gasolina y diésel en Málaga hoy , viernes 16 de enero : ¿ Dónde están las gasolineras más baratas ?",https://www.diariosur.es/economia/mibolsillo/precio-gasolina-diesel-provincia-malaga-viernes-16-enero-2026-20260114000000-nt.html,diariosur.es,Spanish,1,-0.171144
2023-07-05,1.0214995740671045,1.020527117670645,56.28377805942761,0.2073498980720004,1.489964186786774,2.2699966430664062,0,2026-01-16,"Precio de la gasolina y diésel en Málaga hoy , viernes 16 de enero : ¿ Dónde están las gasolineras más baratas ?",https://www.diariosur.es/economia/mibolsillo/precio-gasolina-diesel-provincia-malaga-viernes-16-enero-2026-20260114000000-nt.html,diariosur.es,Spanish,1,-0.171334
2023-07-06,1.019540486076681,1.0206547903651506,56.3231550543674,0.2697548817163727,1.5349663961011115,2.1199951171875,0,2026-01-16,"Precio de la gasolina y diésel en Málaga hoy , viernes 16 de enero : ¿ Dónde están las gasolineras más baratas ?",https://www.diariosur.es/economia/mibolsillo/precio-gasolina-diesel-provincia-malaga-viernes-16-enero-2026-20260114000000-nt.html,diariosur.es,Spanish,1,-0.171524
2023-07-07,1.0439408571740905,1.048388241280653,63.596046735752914,0.4284266741951392,1.6203256340609653,2.7299957275390625,0,2026-01-16,"Precio de la gasolina y diésel en Málaga hoy , viernes 16 de enero : ¿ Dónde están las gasolineras más baratas ?",https://www.diariosur.es/economia/mibolsillo/precio-gasolina-diesel-provincia-malaga-viernes-16-enero-2026-20260114000000-nt.html,diariosur.es,Spanish,1,-0.171715
2023-07-08,1.0395903342790316,1.0468428869894637,63.596046735752914,0.5066780971870248,1.5045880887708964,0.0,0,2026-01-16,"Precio de la gasolina y diésel en Málaga hoy , viernes 16 de enero : ¿ Dónde están las gasolineras más baratas ?",https://www.diariosur.es/economia/mibolsillo/precio-gasolina-diesel-provincia-malaga-viernes-16-enero-2026-20260114000000-nt.html,diariosur.es,Spanish,1,-0.171906
2023-07-09,1.035685274638004,1.04530208178575,63.596046735752914,0.5292666998144833,1.3971175110015468,0.0,0,2026-01-16,"Precio de la gasolina y diésel en Málaga hoy , viernes 16 de enero : ¿ Dónde están las gasolineras más baratas ?",https://www.diariosur.es/economia/mibolsillo/precio-gasolina-diesel-provincia-malaga-viernes-16-enero-2026-20260114000000-nt.html,diariosur.es,Spanish,1,-0.172097
2023-07-10,1.021201685399977,1.0311724790587358,58.46115577618932,0.4590549444595792,1.4030379285681216,1.4800033569335938,0,2026-01-16,"Precio de la gasolina y diésel en Málaga hoy , viernes 16 de enero : ¿ Dónde están las gasolineras más baratas ?",https://www.diariosur.es/economia/mibolsillo/precio-gasolina-diesel-provincia-malaga-viernes-16-enero-2026-20260114000000-nt.html,diariosur.es,Spanish,1,-0.172288
2023-07-11,1.0422851245741604,1.0554525266597827,64.9135808756341,0.5062583571316609,1.4442491999231888,1.9799957275390625,0,2026-01-16,"Precio de la gasolina y diésel en Málaga hoy , viernes 16 de enero : ¿ Dónde están las gasolineras más baratas ?",https://www.diariosur.es/economia/mibolsillo/precio-gasolina-diesel-provincia-malaga-viernes-16-enero-2026-20260114000000-nt.html,diariosur.es,Spanish,1,-0.17248
2023-07-12,1.0495917006332651,1.0637476107753698,67.62174447507024,0.564714355570826,1.4468030682810749,1.4800033569335938,0,2026-01-16,"Precio de la gasolina y diésel en Málaga hoy , viernes 16 de enero : ¿ Dónde están las gasolineras más baratas ?",https://www.diariosur.es/economia/mibolsillo/precio-gasolina-diesel-provincia-malaga-viernes-16-enero-2026-20260114000000-nt.html,diariosur.es,Spanish,1,-0.172672
2023-07-13,1.0587940112226657,1.073927662456288,70.64528666033033,0.6399117624338468,1.487031573134603,2.0100021362304688,0,2026-01-16,"Precio de la gasolina y diésel en Málaga hoy , viernes 16 de enero : ¿ Dónde están las gasolineras más baratas ?",https://www.diariosur.es/economia/mibolsillo/precio-gasolina-diesel-provincia-malaga-viernes-16-enero-2026-20260114000000-nt.html,diariosur.es,Spanish,1,-0.172864
2023-07-14,1.0347525453369546,1.0488109849658118,62.53587120072567,0.5536377575736477,1.5372437780111494,2.19000244140625,0,2026-01-16,"Precio de la gasolina y diésel en Málaga hoy , viernes 16 de enero : ¿ Dónde están las gasolineras más baratas ?",https://www.diariosur.es/economia/mibolsillo/precio-gasolina-diesel-provincia-malaga-viernes-16-enero-2026-20260114000000-nt.html,diariosur.es,Spanish,1,-0.173056
2023-07-15,1.0313390541714436,1.044265652447946,62.53587120072567,0.4632294172376938,1.427440651010353,0.0,0,2026-01-16,"Precio de la gasolina y diésel en Málaga hoy , viernes 16 de enero : ¿ Dónde están las gasolineras más baratas ?",https://www.diariosur.es/economia/mibolsillo/precio-gasolina-diesel-provincia-malaga-viernes-16-enero-2026-20260114000000-nt.html,diariosur.es,Spanish,1,-0.173248
2023-07-16,1.028270005656193,1.0399100792764633,62.53587120072567,0.3739133165704589,1.3254806045096137,0.0,0,2026-01-16,"Precio de la gasolina y diésel en Málaga hoy , viernes 16 de enero : ¿ Dónde están las gasolineras más baratas ?",https://www.diariosur.es/economia/mibolsillo/precio-gasolina-diesel-provincia-malaga-viernes-16-enero-2026-20260114000000-nt.html,diariosur.es,Spanish,1,-0.173441
2023-07-17,1.0099013151974128,1.0178728526860508,55.64362614232047,0.2080634652521042,1.3915177041874984,2.25,0,2026-01-16,"Precio de la gasolina y diésel en Málaga hoy , viernes 16 de enero : ¿ Dónde están las gasolineras más baratas ?",https://www.diariosur.es/economia/mibolsillo/precio-gasolina-diesel-provincia-malaga-viernes-16-enero-2026-20260114000000-nt.html,diariosur.es,Spanish,1,-0.173634
2023-07-18,1.028588172147979,1.0354372404880212,61.41352605039797,0.1856200298135446,1.440695141820869,2.0800018310546875,0,2026-01-16,"Precio de la gasolina y diésel en Málaga hoy , viernes 16 de enero : ¿ Dónde están las gasolineras más baratas ?",https://www.diariosur.es/economia/mibolsillo/precio-gasolina-diesel-provincia-malaga-viernes-16-enero-2026-20260114000000-nt.html,diariosur.es,Spanish,1,-0.173827
2023-07-19,1.0209051621098266,1.0261193826320374,59.33548786109961,0.1261790863458562,1.4735027406821577,1.9000015258789065,0,2026-01-16,"Precio de la gasolina y diésel en Málaga hoy , viernes 16 de enero : ¿ Dónde están las gasolineras más baratas ?",https://www.diariosur.es/economia/mibolsillo/precio-gasolina-diesel-provincia-malaga-viernes-16-enero-2026-20260114000000-nt.html,diariosur.es,Spanish,1,-0.17402
2023-07-20,1.0222941106861507,1.0264448660027106,60.34694007914334,0.0897732572948364,1.4703954238602734,1.4300003051757812,0,2026-01-16,"Precio de la gasolina y diésel en Málaga hoy , viernes 16 de enero : ¿ Dónde están las gasolineras más baratas ?",https://www.diariosur.es/economia/mibolsillo/precio-gasolina-diesel-provincia-malaga-viernes-16-enero-2026-20260114000000-nt.html,diariosur.es,Spanish,1,-0.174213
2023-07-21,1.037632007955767,1.041444263367075,65.14811812911472,0.1435379577356337,1.483938869449495,1.5999984741210938,0,2026-01-16,"Precio de la gasolina y diésel en Málaga hoy , viernes 16 de enero : ¿ Dónde están las gasolineras más baratas ?",https://www.diariosur.es/economia/mibolsillo/precio-gasolina-diesel-provincia-malaga-viernes-16-enero-2026-20260114000000-nt.html,diariosur.es,Spanish,1,-0.174407
2023-07-22,1.0339264149013627,1.0369393646184135,65.14811812911472,0.1587766209866816,1.3779432359173882,0.0,0,2026-01-16,"Precio de la gasolina y diésel en Málaga hoy , viernes 16 de enero : ¿ Dónde están las gasolineras más baratas ?",https://www.diariosur.es/economia/mibolsillo/precio-gasolina-diesel-provincia-malaga-viernes-16-enero-2026-20260114000000-nt.html,diariosur.es,Spanish,1,-0.174601
2023-07-23,1.0305964679140929,1.0318857637792005,65.14811812911472,0.1487071905557937,1.2795187190661463,0.0,0,2026-01-16,"Precio de la gasolina y diésel en Málaga hoy , viernes 16 de enero : ¿ Dónde están las gasolineras más baratas ?",https://www.diariosur.es/economia/mibolsillo/precio-gasolina-diesel-provincia-malaga-viernes-16-enero-2026-20260114000000-nt.html,diariosur.es,Spanish,1,-0.174795
2023-07-24,1.0476470959764563,1.0479663303818965,70.34839155287501,0.2295394414406903,1.3909814061250376,2.839996337890625,0,2026-01-16,"Precio de la gasolina y diésel en Málaga hoy , viernes 16 de enero : ¿ Dónde están las gasolineras más baratas ?",https://www.diariosur.es/economia/mibolsillo/precio-gasolina-diesel-provincia-malaga-viernes-16-enero-2026-20260114000000-nt.html,diariosur.es,Spanish,1,-0.174989
2023-07-25,1.0535198582231362,1.0543109546698677,72.68734839174809,0.3128088782622948,1.4066256349983608,1.6100006103515625,0,2026-01-16,"Precio de la gasolina y diésel en Málaga hoy , viernes 16 de enero : ¿ Dónde están las gasolineras más baratas ?",https://www.diariosur.es/economia/mibolsillo/precio-gasolina-diesel-provincia-malaga-viernes-16-enero-2026-20260114000000-nt.html,diariosur.es,Spanish,1,-0.175184
2023-07-26,1.038094728522374,1.0382592817836511,67.23268997166377,0.2814852211167074,1.393294774734806,1.2199935913085938,0,2026-01-16,"Precio de la gasolina y diésel en Málaga hoy , viernes 16 de enero : ¿ Dónde están las gasolineras más baratas ?",https://www.diariosur.es/economia/mibolsillo/precio-gasolina-diesel-provincia-malaga-viernes-16-enero-2026-20260114000000-nt.html,diariosur.es,Spanish,1,-0.175379
2023-07-27,1.0498220080058016,1.0512084804969373,70.86186198319967,0.3171832094828319,1.4237736975983355,1.7299957275390625,0,2026-01-16,"Precio de la gasolina y diésel en Málaga hoy , viernes 16 de enero : ¿ Dónde están las gasolineras más baratas ?",https://www.diariosur.es/economia/mibolsillo/precio-gasolina-diesel-provincia-malaga-viernes-16-enero-2026-20260114000000-nt.html,diariosur.es,Spanish,1,-0.175574
2023-07-28,1.050617206700698,1.052996135184145,72.10634049918518,0.3399648166336511,1.4392183898876287,1.6399993896484375,0,2026-01-16,"Precio de la gasolina y diésel en Málaga hoy , viernes 16 de enero : ¿ Dónde están las gasolineras más baratas ?",https://www.diariosur.es/economia/mibolsillo/precio-gasolina-diesel-provincia-malaga-viernes-16-enero-2026-20260114000000-nt.html,diariosur.es,Spanish,1,-0.175769
2023-07-29,1.0455768088478496,1.0483929024519307,72.10634049918518,0.3214105823624757,1.336417076324227,0.0,0,2026-01-16,"Precio de la gasolina y diésel en Málaga hoy , viernes 16 de enero : ¿ Dónde están las gasolineras más baratas ?",https://www.diariosur.es/economia/mibolsillo/precio-gasolina-diesel-provincia-malaga-viernes-16-enero-2026-20260114000000-nt.html,diariosur.es,Spanish,1,-0.175964
2023-07-30,1.041057942292099,1.0432418755541042,72.1063404991852,0.2771879273843416,1.2409587137296392,0.0,0,2026-01-16,"Precio de la gasolina y diésel en Málaga hoy , viernes 16 de enero : ¿ Dónde están las gasolineras más baratas ?",https://www.diariosur.es/economia/mibolsillo/precio-gasolina-diesel-provincia-malaga-viernes-16-enero-2026-20260114000000-nt.html,diariosur.es,Spanish,1,-0.17616
2023-07-31,1.0511317118965182,1.054279998078209,75.37663176224831,0.2964208886395754,1.285890430361953,1.8700027465820312,0,2026-01-16,"Precio de la gasolina y diésel en Málaga hoy , viernes 16 de enero : ¿ Dónde están las gasolineras más baratas ?",https://www.diariosur.es/economia/mibolsillo/precio-gasolina-diesel-provincia-malaga-viernes-16-enero-2026-20260114000000-nt.html,diariosur.es,Spanish,1,-0.176356
2023-08-01,1.0410843041213034,1.044953456450723,72.16517704738766,0.2484435313581696,1.3104700341084206,1.6300048828125,0,2026-01-16,"Precio de la gasolina y diésel en Málaga hoy , viernes 16 de enero : ¿ Dónde están las gasolineras más baratas ?",https://www.diariosur.es/economia/mibolsillo/precio-gasolina-diesel-provincia-malaga-viernes-16-enero-2026-20260114000000-nt.html,diariosur.es,Spanish,1,-0.176552
2023-08-02,1.0153837572213846,1.0191090758451191,60.10738461093014,0.0677529431131629,1.4582934069162454,3.3799972534179688,0,2026-01-16,"Precio de la gasolina y diésel en Málaga hoy , viernes 16 de enero : ¿ Dónde están las gasolineras más baratas ?",https://www.diariosur.es/economia/mibolsillo/precio-gasolina-diesel-provincia-malaga-viernes-16-enero-2026-20260114000000-nt.html,diariosur.es,Spanish,1,-0.176748
2023-08-03,1.0375772695283312,1.0414272636325763,66.6774838509595,0.0646401874697515,1.5805580327754647,3.1699981689453125,0,2026-01-16,"Precio de la gasolina y diésel en Málaga hoy , viernes 16 de enero : ¿ Dónde están las gasolineras más baratas ?",https://www.diariosur.es/economia/mibolsillo/precio-gasolina-diesel-provincia-malaga-viernes-16-enero-2026-20260114000000-nt.html,diariosur.es,Spanish,1,-0.176945
2023-08-04,1.048370464977099,1.0526717152818097,69.96198618341789,0.1224291250456095,1.5912321538300074,1.7299957275390625,0,2026-01-16,"Precio de la gasolina y diésel en Málaga hoy , viernes 16 de enero : ¿ Dónde están las gasolineras más baratas ?",https://www.diariosur.es/economia/mibolsillo/precio-gasolina-diesel-provincia-malaga-viernes-16-enero-2026-20260114000000-nt.html,diariosur.es,Spanish,1,-0.177141
2023-08-05,1.043563071548174,1.0477443487431126,69.96198618341789,0.1340334129124101,1.4775727142707211,0.0,0,2026-01-16,"Precio de la gasolina y diésel en Málaga hoy , viernes 16 de enero : ¿ Dónde están las gasolineras más baratas ?",https://www.diariosur.es/economia/mibolsillo/precio-gasolina-diesel-provincia-malaga-viernes-16-enero-2026-20260114000000-nt.html,diariosur.es,Spanish,1,-0.177338
2023-08-06,1.039251359042412,1.0420297043341435,69.96198618341789,0.1157762518815683,1.3720318061085268,0.0,0,2026-01-16,"Precio de la gasolina y diésel en Málaga hoy , viernes 16 de enero : ¿ Dónde están las gasolineras más baratas ?",https://www.diariosur.es/economia/mibolsillo/precio-gasolina-diesel-provincia-malaga-viernes-16-enero-2026-20260114000000-nt.html,diariosur.es,Spanish,1,-0.177535
2023-08-07,1.0254539339662418,1.026958634700107,64.46308789856145,0.0233363373675827,1.4011728491501612,1.7800064086914062,0,2026-01-16,"Precio de la gasolina y diésel en Málaga hoy , viernes 16 de enero : ¿ Dónde están las gasolineras más baratas ?",https://www.diariosur.es/economia/mibolsillo/precio-gasolina-diesel-provincia-malaga-viernes-16-enero-2026-20260114000000-nt.html,diariosur.es,Spanish,1,-0.177733
2023-08-08,1.0340039126504326,1.0343343405726604,67.52433996654345,0.0078931817262635,1.5282319531519912,3.180000305175781,0,2026-01-16,"Precio de la gasolina y diésel en Málaga hoy , viernes 16 de enero : ¿ Dónde están las gasolineras más baratas ?",https://www.diariosur.es/economia/mibolsillo/precio-gasolina-diesel-provincia-malaga-viernes-16-enero-2026-20260114000000-nt.html,diariosur.es,Spanish,1,-0.17793
2023-08-09,1.04722731578961,1.0470684735886402,71.51511362026706,0.0734109872497494,1.560501339136391,1.9800033569335935,0,2026-01-16,"Precio de la gasolina y diésel en Málaga hoy , viernes 16 de enero : ¿ Dónde están las gasolineras más baratas ?",https://www.diariosur.es/economia/mibolsillo/precio-gasolina-diesel-provincia-malaga-viernes-16-enero-2026-20260114000000-nt.html,diariosur.es,Spanish,1,-0.178128
2023-08-10,1.024926482896365,1.0238152577676154,62.66223402797802,-0.0092106977284931,1.6140367833833456,2.30999755859375,0,2026-01-16,"Precio de la gasolina y diésel en Málaga hoy , viernes 16 de enero : ¿ Dónde están las gasolineras más baratas ?",https://www.diariosur.es/economia/mibolsillo/precio-gasolina-diesel-provincia-malaga-viernes-16-enero-2026-20260114000000-nt.html,diariosur.es,Spanish,1,-0.178326
2023-08-11,1.02662055387255,1.0245137243457798,63.79259250417391,-0.0558864505401874,1.6116051704031178,1.5799942016601562,0,2026-01-16,"Precio de la gasolina y diésel en Málaga hoy , viernes 16 de enero : ¿ Dónde están las gasolineras más baratas ?",https://www.diariosur.es/economia/mibolsillo/precio-gasolina-diesel-provincia-malaga-viernes-16-enero-2026-20260114000000-nt.html,diariosur.es,Spanish,1,-0.178524
2023-08-12,1.0240243543020262,1.0206673417242305,63.79259250417391,-0.1010705037354355,1.4964905153743238,0.0,0,2026-01-16,"Precio de la gasolina y diésel en Málaga hoy , viernes 16 de enero : ¿ Dónde están las gasolineras más baratas ?",https://www.diariosur.es/economia/mibolsillo/precio-gasolina-diesel-provincia-malaga-viernes-16-enero-2026-20260114000000-nt.html,diariosur.es,Spanish,1,-0.178723
2023-08-13,1.0216867006560997,1.01788862799864,63.79259250417391,-0.1427206056560468,1.3895983357047292,0.0,0,2026-01-16,"Precio de la gasolina y diésel en Málaga hoy , viernes 16 de enero : ¿ Dónde están las gasolineras más baratas ?",https://www.diariosur.es/economia/mibolsillo/precio-gasolina-diesel-provincia-malaga-viernes-16-enero-2026-20260114000000-nt.html,diariosur.es,Spanish,1,-0.178922
2023-08-14,1.0120500302495707,1.0077926671429074,59.64764194042386,-0.223043069957437,1.3931980840123714,1.4399948120117188,0,2026-01-16,"Precio de la gasolina y diésel en Málaga hoy , viernes 16 de enero : ¿ Dónde están las gasolineras más baratas ?",https://www.diariosur.es/economia/mibolsillo/precio-gasolina-diesel-provincia-malaga-viernes-16-enero-2026-20260114000000-nt.html,diariosur.es,Spanish,1,-0.17912
2023-08-15,0.9940302356902934,0.987893721644206,51.57993236611601,-0.3764927160019706,1.4729698020279498,2.5100021362304688,0,2026-01-16,"Precio de la gasolina y diésel en Málaga hoy , viernes 16 de enero : ¿ Dónde están las gasolineras más baratas ?",https://www.diariosur.es/economia/mibolsillo/precio-gasolina-diesel-provincia-malaga-viernes-16-enero-2026-20260114000000-nt.html,diariosur.es,Spanish,1,-0.17932
2023-08-16,0.9766632021269088,0.9686748312461868,44.68562380272272,-0.5726182318249309,1.5377574771272369,2.3799972534179688,0,2026-01-16,"Precio de la gasolina y diésel en Málaga hoy , viernes 16 de enero : ¿ Dónde están las gasolineras más baratas ?",https://www.diariosur.es/economia/mibolsillo/precio-gasolina-diesel-provincia-malaga-viernes-16-enero-2026-20260114000000-nt.html,diariosur.es,Spanish,1,-0.179519
2023-08-17,0.99011869763503,0.9811136371150956,49.26685944672523,-0.616703365172701,1.580060863247613,2.1300048828125,0,2026-01-16,"Precio de la gasolina y diésel en Málaga hoy , viernes 16 de enero : ¿ Dónde están las gasolineras más baratas ?",https://www.diariosur.es/economia/mibolsillo/precio-gasolina-diesel-provincia-malaga-viernes-16-enero-2026-20260114000000-nt.html,diariosur.es,Spanish,1,-0.179719
2023-08-18,1.000643101534301,0.9912041982471688,52.84788132291381,-0.5713486719945684,1.6114853924771362,2.020004272460937,0,2026-01-16,"Precio de la gasolina y diésel en Málaga hoy , viernes 16 de enero : ¿ Dónde están las gasolineras más baratas ?",https://www.diariosur.es/economia/mibolsillo/precio-gasolina-diesel-provincia-malaga-viernes-16-enero-2026-20260114000000-nt.html,diariosur.es,Spanish,1,-0.179918
2023-08-19,1.000581818134069,0.9907992783993672,52.84788132291381,-0.5258934068878358,1.4963792930144837,0.0,0,2026-01-16,"Precio de la gasolina y diésel en Málaga hoy , viernes 16 de enero : ¿ Dónde están las gasolineras más baratas ?",https://www.diariosur.es/economia/mibolsillo/precio-gasolina-diesel-provincia-malaga-viernes-16-enero-2026-20260114000000-nt.html,diariosur.es,Spanish,1,-0.180118
2023-08-20,1.0005263777159576,0.9911316537143696,52.84788132291381,-0.4815593279012125,1.3894950577991634,0.0,0,2026-01-16,"Precio de la gasolina y diésel en Málaga hoy , viernes 16 de enero : ¿ Dónde están las gasolineras más baratas ?",https://www.diariosur.es/economia/mibolsillo/precio-gasolina-diesel-provincia-malaga-viernes-16-enero-2026-20260114000000-nt.html,diariosur.es,Spanish,1,-0.180319
2023-08-21,0.9945682180745156,0.9850569699613184,50.12457740554977,-0.4729777651359794,1.4231025972671918,1.8600006103515625,0,2026-01-16,"Precio de la gasolina y diésel en Málaga hoy , viernes 16 de enero : ¿ Dónde están las gasolineras más baratas ?",https://www.diariosur.es/economia/mibolsillo/precio-gasolina-diesel-provincia-malaga-viernes-16-enero-2026-20260114000000-nt.html,diariosur.es,Spanish,1,-0.180519
2023-08-22,0.9909522188555746,0.9800274200368384,48.25507392961182,-0.4759664615692371,1.3850237967229952,0.8899993896484375,0,2026-01-16,"Precio de la gasolina y diésel en Málaga hoy , viernes 16 de enero : ¿ Dónde están las gasolineras más baratas ?",https://www.diariosur.es/economia/mibolsillo/precio-gasolina-diesel-provincia-malaga-viernes-16-enero-2026-20260114000000-nt.html,diariosur.es,Spanish,1,-0.18072
2023-08-23,0.9754594575337452,0.9637832886214964,41.65334411859215,-0.5545266959192485,1.4810932203527143,2.290000915527344,0,2026-01-16,"Precio de la gasolina y diésel en Málaga hoy , viernes 16 de enero : ¿ Dónde están las gasolineras más baratas ?",https://www.diariosur.es/economia/mibolsillo/precio-gasolina-diesel-provincia-malaga-viernes-16-enero-2026-20260114000000-nt.html,diariosur.es,Spanish,1,-0.180921
2023-08-24,0.9795426876007072,0.9679671184737548,42.580465192724695,-0.5716867796979828,1.496015307570824,1.69000244140625,0,2026-01-16,"Precio de la gasolina y diésel en Málaga hoy , viernes 16 de enero : ¿ Dónde están las gasolineras más baratas ?",https://www.diariosur.es/economia/mibolsillo/precio-gasolina-diesel-provincia-malaga-viernes-16-enero-2026-20260114000000-nt.html,diariosur.es,Spanish,1,-0.181122
2023-08-25,0.9902257534457912,0.9793109538292076,47.00158278806027,-0.5085932489012965,1.5541568969296045,2.30999755859375,0,2026-01-16,"Precio de la gasolina y diésel en Málaga hoy , viernes 16 de enero : ¿ Dónde están las gasolineras más baratas ?",https://www.diariosur.es/economia/mibolsillo/precio-gasolina-diesel-provincia-malaga-viernes-16-enero-2026-20260114000000-nt.html,diariosur.es,Spanish,1,-0.181323
2023-08-26,0.9911483942817454,0.9811102936346872,47.00158278806027,-0.4471242873843645,1.4431456900060613,0.0,0,2026-01-16,"Precio de la gasolina y diésel en Málaga hoy , viernes 16 de enero : ¿ Dónde están las gasolineras más baratas ?",https://www.diariosur.es/economia/mibolsillo/precio-gasolina-diesel-provincia-malaga-viernes-16-enero-2026-20260114000000-nt.html,diariosur.es,Spanish,1,-0.181525
2023-08-27,0.9919846473271456,0.9823840476906656,47.00158278806027,-0.3888767922593236,1.3400638550056283,0.0,0,2026-01-16,"Precio de la gasolina y diésel en Málaga hoy , viernes 16 de enero : ¿ Dónde están las gasolineras más baratas ?",https://www.diariosur.es/economia/mibolsillo/precio-gasolina-diesel-provincia-malaga-viernes-16-enero-2026-20260114000000-nt.html,diariosur.es,Spanish,1,-0.181727
2023-08-28,0.9957816506796772,0.9874199236524468,48.70897108329387,-0.3175849959320764,1.3343451608074026,1.2600021362304688,0,2026-01-16,"Precio de la gasolina y diésel en Málaga hoy , viernes 16 de enero : ¿ Dónde están las gasolineras más baratas ?",https://www.diariosur.es/economia/mibolsillo/precio-gasolina-diesel-provincia-malaga-viernes-16-enero-2026-20260114000000-nt.html,diariosur.es,Spanish,1,-0.181929
2023-08-29,1.0080991680127012,1.002488966434057,54.857725495577846,-0.1907141779094871,1.3868924581939277,2.07000732421875,0,2026-01-16,"Precio de la gasolina y diésel en Málaga hoy , viernes 16 de enero : ¿ Dónde están las gasolineras más baratas ?",https://www.diariosur.es/economia/mibolsillo/precio-gasolina-diesel-provincia-malaga-viernes-16-enero-2026-20260114000000-nt.html,diariosur.es,Spanish,1,-0.182131
2023-08-30,1.0125929703332914,1.009035917615026,57.30185052118789,-0.0728767692941255,1.3714005539186358,1.1700057983398438,0,2026-01-16,"Precio de la gasolina y diésel en Málaga hoy , viernes 16 de enero : ¿ Dónde están las gasolineras más baratas ?",https://www.diariosur.es/economia/mibolsillo/precio-gasolina-diesel-provincia-malaga-viernes-16-enero-2026-20260114000000-nt.html,diariosur.es,Spanish,1,-0.182333
2023-08-31,1.0337200658692267,1.0334770573002732,65.7900435117703,0.1309289771617163,1.4313004489582086,2.209999084472656,0,2026-01-16,"Precio de la gasolina y diésel en Málaga hoy , viernes 16 de enero : ¿ Dónde están las gasolineras más baratas ?",https://www.diariosur.es/economia/mibolsillo/precio-gasolina-diesel-provincia-malaga-viernes-16-enero-2026-20260114000000-nt.html,diariosur.es,Spanish,1,-0.182536
2023-09-01,1.051698014113636,1.0556645900552375,71.62234453935189,0.3725307215981847,1.5147788793269863,2.5999984741210938,0,2026-01-16,"Precio de la gasolina y diésel en Málaga hoy , viernes 16 de enero : ¿ Dónde están las gasolineras más baratas ?",https://www.diariosur.es/economia/mibolsillo/precio-gasolina-diesel-provincia-malaga-viernes-16-enero-2026-20260114000000-nt.html,diariosur.es,Spanish,1,-0.182739
2023-09-02,1.046545222714166,1.0541296829824751,71.6223445393519,0.501777745231291,1.406580387946487,0.0,0,2026-01-16,"Precio de la gasolina y diésel en Málaga hoy , viernes 16 de enero : ¿ Dónde están las gasolineras más baratas ?",https://www.diariosur.es/economia/mibolsillo/precio-gasolina-diesel-provincia-malaga-viernes-16-enero-2026-20260114000000-nt.html,diariosur.es,Spanish,1,-0.182942
2023-09-03,1.041926489333422,1.052159079982982,71.6223445393519,0.5526840110074861,1.306110360236024,0.0,0,2026-01-16,"Precio de la gasolina y diésel en Málaga hoy , viernes 16 de enero : ¿ Dónde están las gasolineras más baratas ?",https://www.diariosur.es/economia/mibolsillo/precio-gasolina-diesel-provincia-malaga-viernes-16-enero-2026-20260114000000-nt.html,diariosur.es,Spanish,1,-0.183146
2023-09-04,1.037782624368565,1.0492169489107677,71.6223445393519,0.5505595382434765,1.212816763076308,0.0,0,2026-01-16,"Precio de la gasolina y diésel en Málaga hoy , viernes 16 de enero : ¿ Dónde están las gasolineras más baratas ?",https://www.diariosur.es/economia/mibolsillo/precio-gasolina-diesel-provincia-malaga-viernes-16-enero-2026-20260114000000-nt.html,diariosur.es,Spanish,1,-0.183349
2023-09-05,1.0464678298935837,1.0584536671330298,75.02304040232471,0.5868050555579432,1.344044355124987,3.0500030517578125,0,2026-01-16,"Precio de la gasolina y diésel en Málaga hoy , viernes 16 de enero : ¿ Dónde están las gasolineras más baratas ?",https://www.diariosur.es/economia/mibolsillo/precio-gasolina-diesel-provincia-malaga-viernes-16-enero-2026-20260114000000-nt.html,diariosur.es,Spanish,1,-0.183553
2023-09-06,1.0510499622196303,1.0641867233168527,77.21548800688306,0.6253554610388598,1.4016127244645529,2.1500015258789062,0,2026-01-16,"Precio de la gasolina y diésel en Málaga hoy , viernes 16 de enero : ¿ Dónde están las gasolineras más baratas ?",https://www.diariosur.es/economia/mibolsillo/precio-gasolina-diesel-provincia-malaga-viernes-16-enero-2026-20260114000000-nt.html,diariosur.es,Spanish,1,-0.183757
2023-09-07,1.0387511326135652,1.0524466817486031,71.86094135083314,0.5649017034492503,1.3979259922971627,1.3499984741210938,0,2026-01-16,"Precio de la gasolina y diésel en Málaga hoy , viernes 16 de enero : ¿ Dónde están las gasolineras más baratas ?",https://www.diariosur.es/economia/mibolsillo/precio-gasolina-diesel-provincia-malaga-viernes-16-enero-2026-20260114000000-nt.html,diariosur.es,Spanish,1,-0.183961
2023-09-08,1.0417997933581973,1.0561952450191103,73.73460990971157,0.527876598890622,1.4266452373018854,1.7999954223632812,0,2026-01-16,"Precio de la gasolina y diésel en Málaga hoy , viernes 16 de enero : ¿ Dónde están las gasolineras más baratas ?",https://www.diariosur.es/economia/mibolsillo/precio-gasolina-diesel-provincia-malaga-viernes-16-enero-2026-20260114000000-nt.html,diariosur.es,Spanish,1,-0.184166
2023-09-09,1.037668903288513,1.0522202402796432,73.73460990971157,0.465430633886007,1.3247420060660364,0.0,0,2026-01-16,"Precio de la gasolina y diésel en Málaga hoy , viernes 16 de enero : ¿ Dónde están las gasolineras más baratas ?",https://www.diariosur.es/economia/mibolsillo/precio-gasolina-diesel-provincia-malaga-viernes-16-enero-2026-20260114000000-nt.html,diariosur.es,Spanish,1,-0.184371
2023-09-10,1.0339595582785102,1.04794238389958,73.73460990971157,0.3892640761487931,1.2301175770613195,0.0,0,2026-01-16,"Precio de la gasolina y diésel en Málaga hoy , viernes 16 de enero : ¿ Dónde están las gasolineras más baratas ?",https://www.diariosur.es/economia/mibolsillo/precio-gasolina-diesel-provincia-malaga-viernes-16-enero-2026-20260114000000-nt.html,diariosur.es,Spanish,1,-0.184576
2023-09-11,1.0282889979992873,1.04098218134006,71.6852759045421,0.2935633180028179,1.2451093530859574,1.44000244140625,0,2026-01-16,"Precio de la gasolina y diésel en Málaga hoy , viernes 16 de enero : ¿ Dónde están las gasolineras más baratas ?",https://www.diariosur.es/economia/mibolsillo/precio-gasolina-diesel-provincia-malaga-viernes-16-enero-2026-20260114000000-nt.html,diariosur.es,Spanish,1,-0.184781
2023-09-12,1.0419291334577396,1.0532180401843083,76.61637008045999,0.3029236539031159,1.3097445082854535,2.1500015258789062,0,2026-01-16,"Precio de la gasolina y diésel en Málaga hoy , viernes 16 de enero : ¿ Dónde están las gasolineras más baratas ?",https://www.diariosur.es/economia/mibolsillo/precio-gasolina-diesel-provincia-malaga-viernes-16-enero-2026-20260114000000-nt.html,diariosur.es,Spanish,1,-0.184986
2023-09-13,1.0344151786935816,1.0435663700966629,73.76037211457844,0.2576144198931569,1.312619791559428,1.3499984741210938,0,2026-01-16,"Precio de la gasolina y diésel en Málaga hoy , viernes 16 de enero : ¿ Dónde están las gasolineras más baratas ?",https://www.diariosur.es/economia/mibolsillo/precio-gasolina-diesel-provincia-malaga-viernes-16-enero-2026-20260114000000-nt.html,diariosur.es,Spanish,1,-0.185192
2023-09-14,1.0482308066203534,1.0564676119239118,78.23772599746744,0.304910437678721,1.3810043973381074,2.1100006103515625,0,2026-01-16,"Precio de la gasolina y diésel en Málaga hoy , viernes 16 de enero : ¿ Dónde están las gasolineras más baratas ?",https://www.diariosur.es/economia/mibolsillo/precio-gasolina-diesel-provincia-malaga-viernes-16-enero-2026-20260114000000-nt.html,diariosur.es,Spanish,1,-0.185398
2023-09-15,1.0497916108351029,1.056841418171078,79.62998163372633,0.3413422556480383,1.4259328072589903,2.0100021362304688,0,2026-01-16,"Precio de la gasolina y diésel en Málaga hoy , viernes 16 de enero : ¿ Dónde están las gasolineras más baratas ?",https://www.diariosur.es/economia/mibolsillo/precio-gasolina-diesel-provincia-malaga-viernes-16-enero-2026-20260114000000-nt.html,diariosur.es,Spanish,1,-0.185604
2023-09-16,1.044836933314177,1.0501532481298517,79.62998163372633,0.3293484725114648,1.3240804638833483,0.0,0,2026-01-16,"Precio de la gasolina y diésel en Málaga hoy , viernes 16 de enero : ¿ Dónde están las gasolineras más baratas ?",https://www.diariosur.es/economia/mibolsillo/precio-gasolina-diesel-provincia-malaga-viernes-16-enero-2026-20260114000000-nt.html,diariosur.es,Spanish,1,-0.18581
2023-09-17,1.040394258268611,1.0437111839526985,79.62998163372633,0.2868805429031189,1.2295032878916807,0.0,0,2026-01-16,"Precio de la gasolina y diésel en Málaga hoy , viernes 16 de enero : ¿ Dónde están las gasolineras más baratas ?",https://www.diariosur.es/economia/mibolsillo/precio-gasolina-diesel-provincia-malaga-viernes-16-enero-2026-20260114000000-nt.html,diariosur.es,Spanish,1,-0.186017
2023-09-18,1.043708120965356,1.045670979778091,81.36328924259462,0.2721953587002068,1.2616816462691167,1.6800003051757812,0,2026-01-16,"Precio de la gasolina y diésel en Málaga hoy , viernes 16 de enero : ¿ Dónde están las gasolineras más baratas ?",https://www.diariosur.es/economia/mibolsillo/precio-gasolina-diesel-provincia-malaga-viernes-16-enero-2026-20260114000000-nt.html,diariosur.es,Spanish,1,-0.186224
2023-09-19,1.0365141739876007,1.0367995230039042,78.52546850217618,0.2118929697857803,1.3622756836031296,2.6699981689452983,0,2026-01-16,"Precio de la gasolina y diésel en Málaga hoy , viernes 16 de enero : ¿ Dónde están las gasolineras más baratas ?",https://www.diariosur.es/economia/mibolsillo/precio-gasolina-diesel-provincia-malaga-viernes-16-enero-2026-20260114000000-nt.html,diariosur.es,Spanish,1,-0.186431
2023-09-20,1.023518038362527,1.0224756437421216,69.8990343412212,0.0848340256404989,1.4156846069423037,2.1100006103515625,0,2026-01-16,"Precio de la gasolina y diésel en Málaga hoy , viernes 16 de enero : ¿ Dónde están las gasolineras más baratas ?",https://www.diariosur.es/economia/mibolsillo/precio-gasolina-diesel-provincia-malaga-viernes-16-enero-2026-20260114000000-nt.html,diariosur.es,Spanish,1,-0.186638
2023-09-21,1.0145884477710518,1.0127740492912534,64.5071481749057,-0.0603687931325152,1.5009928929001075,2.6100006103515625,0,2026-01-16,"Precio de la gasolina y diésel en Málaga hoy , viernes 16 de enero : ¿ Dónde están las gasolineras más baratas ?",https://www.diariosur.es/economia/mibolsillo/precio-gasolina-diesel-provincia-malaga-viernes-16-enero-2026-20260114000000-nt.html,diariosur.es,Spanish,1,-0.186845
2023-09-22,1.0172643244366963,1.0147255092209273,66.23334205479702,-0.1421857348650781,1.5380651342973088,2.0200042724609237,0,2026-01-16,"Precio de la gasolina y diésel en Málaga hoy , viernes 16 de enero : ¿ Dónde están las gasolineras más baratas ?",https://www.diariosur.es/economia/mibolsillo/precio-gasolina-diesel-provincia-malaga-viernes-16-enero-2026-20260114000000-nt.html,diariosur.es,Spanish,1,-0.187053
2023-09-23,1.0155944623135067,1.0121700883525877,66.23334205479702,-0.2051877504295913,1.4282033389903583,0.0,0,2026-01-16,"Precio de la gasolina y diésel en Málaga hoy , viernes 16 de enero : ¿ Dónde están las gasolineras más baratas ?",https://www.diariosur.es/economia/mibolsillo/precio-gasolina-diesel-provincia-malaga-viernes-16-enero-2026-20260114000000-nt.html,diariosur.es,Spanish,1,-0.187261
2023-09-24,1.014088351591463,1.0096275059748183,66.23334205479702,-0.252626600627426,1.326188814776761,0.0,0,2026-01-16,"Precio de la gasolina y diésel en Málaga hoy , viernes 16 de enero : ¿ Dónde están las gasolineras más baratas ?",https://www.diariosur.es/economia/mibolsillo/precio-gasolina-diesel-provincia-malaga-viernes-16-enero-2026-20260114000000-nt.html,diariosur.es,Spanish,1,-0.187469
2023-09-25,1.0091708579707854,1.0040192203412346,62.89067233553864,-0.3095842351999094,1.3600326888468357,1.8000030517577983,0,2026-01-16,"Precio de la gasolina y diésel en Málaga hoy , viernes 16 de enero : ¿ Dónde están las gasolineras más baratas ?",https://www.diariosur.es/economia/mibolsillo/precio-gasolina-diesel-provincia-malaga-viernes-16-enero-2026-20260114000000-nt.html,diariosur.es,Spanish,1,-0.187678
2023-09-26,1.0155008259546263,1.0103561781581725,66.57581224544123,-0.3011700731502651,1.445030026955152,2.549995422363267,0,2026-01-16,"Precio de la gasolina y diésel en Málaga hoy , viernes 16 de enero : ¿ Dónde están las gasolineras más baratas ?",https://www.diariosur.es/economia/mibolsillo/precio-gasolina-diesel-provincia-malaga-viernes-16-enero-2026-20260114000000-nt.html,diariosur.es,Spanish,1,-0.187886
2023-09-27,1.0472304162289354,1.0431606721921072,77.6510137514804,-0.0868871026980557,1.611813509265276,3.769996643066421,0,2026-01-16,"Precio de la gasolina y diésel en Málaga hoy , viernes 16 de enero : ¿ Dónde están las gasolineras más baratas ?",https://www.diariosur.es/economia/mibolsillo/precio-gasolina-diesel-provincia-malaga-viernes-16-enero-2026-20260114000000-nt.html,diariosur.es,Spanish,1,-0.188095
2023-09-28,1.022752756362199,1.0188415126977155,63.9802736321974,-0.0902856336052755,1.7566839292926446,3.6399993896484375,0,2026-01-16,"Precio de la gasolina y diésel en Málaga hoy , viernes 16 de enero : ¿ Dónde están las gasolineras más baratas ?",https://www.diariosur.es/economia/mibolsillo/precio-gasolina-diesel-provincia-malaga-viernes-16-enero-2026-20260114000000-nt.html,diariosur.es,Spanish,1,-0.188304
2023-09-29,1.0112896749788374,1.0067865976906043,58.776110607653415,-0.1627300347806448,1.827635077200313,2.75,0,2026-01-16,"Precio de la gasolina y diésel en Málaga hoy , viernes 16 de enero : ¿ Dónde están las gasolineras más baratas ?",https://www.diariosur.es/economia/mibolsillo/precio-gasolina-diesel-provincia-malaga-viernes-16-enero-2026-20260114000000-nt.html,diariosur.es,Spanish,1,-0.188514
2023-09-30,1.010203496965197,1.00495895448699,58.77611060765342,-0.2155703660562105,1.6970897145431478,0.0,0,2026-01-16,"Precio de la gasolina y diésel en Málaga hoy , viernes 16 de enero : ¿ Dónde están las gasolineras más baratas ?",https://www.diariosur.es/economia/mibolsillo/precio-gasolina-diesel-provincia-malaga-viernes-16-enero-2026-20260114000000-nt.html,diariosur.es,Spanish,1,-0.188723
2023-10-01,1.0092227730126595,1.0030160286402066,58.77611060765342,-0.2528619401628915,1.5758690206472088,0.0,0,2026-01-16,"Precio de la gasolina y diésel en Málaga hoy , viernes 16 de enero : ¿ Dónde están las gasolineras más baratas ?",https://www.diariosur.es/economia/mibolsillo/precio-gasolina-diesel-provincia-malaga-viernes-16-enero-2026-20260114000000-nt.html,diariosur.es,Spanish,1,-0.188933
2023-10-02,0.9885175709003842,0.9812629861951628,48.27449492845173,-0.4035975206824027,1.7075925312399294,3.4199981689452983,0,2026-01-16,"Precio de la gasolina y diésel en Málaga hoy , viernes 16 de enero : ¿ Dónde están las gasolineras más baratas ?",https://www.diariosur.es/economia/mibolsillo/precio-gasolina-diesel-provincia-malaga-viernes-16-enero-2026-20260114000000-nt.html,diariosur.es,Spanish,1,-0.189143
2023-10-03,0.9937355395298352,0.985406136761739,50.26614627012269,-0.4647295665515512,1.7649069580682155,2.509994506835937,0,2026-01-16,"Precio de la gasolina y diésel en Málaga hoy , viernes 16 de enero : ¿ Dónde están las gasolineras más baratas ?",https://www.diariosur.es/economia/mibolsillo/precio-gasolina-diesel-provincia-malaga-viernes-16-enero-2026-20260114000000-nt.html,diariosur.es,Spanish,1,-0.189353
2023-10-04,0.9435168275810096,0.9331390872203636,33.36194141353592,-0.8113281051913508,2.0266987950477184,5.42999267578125,0,2026-01-16,"Precio de la gasolina y diésel en Málaga hoy , viernes 16 de enero : ¿ Dónde están las gasolineras más baratas ?",https://www.diariosur.es/economia/mibolsillo/precio-gasolina-diesel-provincia-malaga-viernes-16-enero-2026-20260114000000-nt.html,diariosur.es,Spanish,1,-0.189564
2023-10-05,0.9290097347646078,0.916270996632073,29.31448322295469,-1.1189984016491057,2.0797914984776247,2.7699966430664062,0,2026-01-16,"Precio de la gasolina y diésel en Málaga hoy , viernes 16 de enero : ¿ Dónde están las gasolineras más baratas ?",https://www.diariosur.es/economia/mibolsillo/precio-gasolina-diesel-provincia-malaga-viernes-16-enero-2026-20260114000000-nt.html,diariosur.es,Spanish,1,-0.189775
2023-10-06,0.9402995773715324,0.9257261196772598,31.56160009791252,-1.2310655565605635,2.058377732821857,1.779998779296875,0,2026-01-16,"Precio de la gasolina y diésel en Málaga hoy , viernes 16 de enero : ¿ Dónde están las gasolineras más baratas ?",https://www.diariosur.es/economia/mibolsillo/precio-gasolina-diesel-provincia-malaga-viernes-16-enero-2026-20260114000000-nt.html,diariosur.es,Spanish,1,-0.189985
2023-10-07,0.9456764616027206,0.9298747213201762,31.56160009791252,-1.242484551812491,1.9113507519060104,0.0,0,2026-01-16,"Precio de la gasolina y diésel en Málaga hoy , viernes 16 de enero : ¿ Dónde están las gasolineras más baratas ?",https://www.diariosur.es/economia/mibolsillo/precio-gasolina-diesel-provincia-malaga-viernes-16-enero-2026-20260114000000-nt.html,diariosur.es,Spanish,1,-0.190197
2023-10-08,0.9505945242827316,0.9344349384885178,31.56160009791252,-1.1873887542462362,1.774825698198438,0.0,0,2026-01-16,"Precio de la gasolina y diésel en Málaga hoy , viernes 16 de enero : ¿ Dónde están las gasolineras más baratas ?",https://www.diariosur.es/economia/mibolsillo/precio-gasolina-diesel-provincia-malaga-viernes-16-enero-2026-20260114000000-nt.html,diariosur.es,Spanish,1,-0.190408
2023-10-09,0.9925886112601257,0.9776137695210576,47.23170952826888,-0.8616795073440193,1.965909358915849,2.5699996948242188,0,2026-01-16,"Precio de la gasolina y diésel en Málaga hoy , viernes 16 de enero : ¿ Dónde están las gasolineras más baratas ?",https://www.diariosur.es/economia/mibolsillo/precio-gasolina-diesel-provincia-malaga-viernes-16-enero-2026-20260114000000-nt.html,diariosur.es,Spanish,1,-0.19062
2023-10-10,0.9890192244439152,0.9753524269803626,45.93806425733726,-0.6367354364667885,1.9412011987923956,1.6199951171875,0,2026-01-16,"Precio de la gasolina y diésel en Málaga hoy , viernes 16 de enero : ¿ Dónde están las gasolineras más baratas ?",https://www.diariosur.es/economia/mibolsillo/precio-gasolina-diesel-provincia-malaga-viernes-16-enero-2026-20260114000000-nt.html,diariosur.es,Spanish,1,-0.190832
2023-10-11,0.9641166337733637,0.9505268132734622,38.98282401895598,-0.6173927483330507,2.045401222155718,3.4000015258789062,0,2026-01-16,"Precio de la gasolina y diésel en Málaga hoy , viernes 16 de enero : ¿ Dónde están las gasolineras más baratas ?",https://www.diariosur.es/economia/mibolsillo/precio-gasolina-diesel-provincia-malaga-viernes-16-enero-2026-20260114000000-nt.html,diariosur.es,Spanish,1,-0.191044
2023-10-12,0.9613174995916725,0.947764944633962,37.55091306144458,-0.605269690935601,2.105729662690912,2.889999389648437,0,2026-01-16,"Precio de la gasolina y diésel en Málaga hoy , viernes 16 de enero : ¿ Dónde están las gasolineras más baratas ?",https://www.diariosur.es/economia/mibolsillo/precio-gasolina-diesel-provincia-malaga-viernes-16-enero-2026-20260114000000-nt.html,diariosur.es,Spanish,1,-0.191256
2023-10-13,1.0151217884680026,1.0037487715954383,52.90452911138782,-0.2548655067344845,2.306748841709084,4.480003356933594,0,2026-01-16,"Precio de la gasolina y diésel en Málaga hoy , viernes 16 de enero : ¿ Dónde están las gasolineras más baratas ?",https://www.diariosur.es/economia/mibolsillo/precio-gasolina-diesel-provincia-malaga-viernes-16-enero-2026-20260114000000-nt.html,diariosur.es,Spanish,1,-0.191469
2023-10-14,1.013661942613311,1.0050948401230395,52.90452911138782,-0.0152694973007627,2.141981067301292,0.0,0,2026-01-16,"Precio de la gasolina y diésel en Málaga hoy , viernes 16 de enero : ¿ Dónde están las gasolineras más baratas ?",https://www.diariosur.es/economia/mibolsillo/precio-gasolina-diesel-provincia-malaga-viernes-16-enero-2026-20260114000000-nt.html,diariosur.es,Spanish,1,-0.191682
2023-10-15,1.0123447430148391,1.0062424180780352,52.90452911138782,0.1423488784447396,1.988982419636914,0.0,0,2026-01-16,"Precio de la gasolina y diésel en Málaga hoy , viernes 16 de enero : ¿ Dónde están las gasolineras más baratas ?",https://www.diariosur.es/economia/mibolsillo/precio-gasolina-diesel-provincia-malaga-viernes-16-enero-2026-20260114000000-nt.html,diariosur.es,Spanish,1,-0.191895
2023-10-16,1.000410593874716,0.9965558999321256,49.62119714418839,0.174266088138589,1.9904838279650248,2.0100021362304688,0,2026-01-16,"Precio de la gasolina y diésel en Málaga hoy , viernes 16 de enero : ¿ Dónde están las gasolineras más baratas ?",https://www.diariosur.es/economia/mibolsillo/precio-gasolina-diesel-provincia-malaga-viernes-16-enero-2026-20260114000000-nt.html,diariosur.es,Spanish,1,-0.192108
2023-10-17,1.0003714751699402,1.000594659977102,49.62119714418839,0.191058017479186,2.001877949244588,2.1500015258789062,0,2026-01-16,"Precio de la gasolina y diésel en Málaga hoy , viernes 16 de enero : ¿ Dónde están las gasolineras más baratas ?",https://www.diariosur.es/economia/mibolsillo/precio-gasolina-diesel-provincia-malaga-viernes-16-enero-2026-20260114000000-nt.html,diariosur.es,Spanish,1,-0.192322
2023-10-18,1.017640677783313,1.0217609943182464,54.857743072266295,0.3029910623218995,2.088886209392017,2.680000305175781,0,2026-01-16,"Precio de la gasolina y diésel en Málaga hoy , viernes 16 de enero : ¿ Dónde están las gasolineras más baratas ?",https://www.diariosur.es/economia/mibolsillo/precio-gasolina-diesel-provincia-malaga-viernes-16-enero-2026-20260114000000-nt.html,diariosur.es,Spanish,1,-0.192536
2023-10-19,1.0268307424160636,1.0347582615183502,57.842699922465606,0.4290700950907353,2.231108753796493,4.080001831054688,0,2026-01-16,"Precio de la gasolina y diésel en Málaga hoy , viernes 16 de enero : ¿ Dónde están las gasolineras más baratas ?",https://www.diariosur.es/economia/mibolsillo/precio-gasolina-diesel-provincia-malaga-viernes-16-enero-2026-20260114000000-nt.html,diariosur.es,Spanish,1,-0.19275
2023-10-20,1.0177968518485818,1.0287946449161445,55.50868584920161,0.4498524816541922,2.246743624828329,2.4499969482421875,0,2026-01-16,"Precio de la gasolina y diésel en Málaga hoy , viernes 16 de enero : ¿ Dónde están las gasolineras más baratas ?",https://www.diariosur.es/economia/mibolsillo/precio-gasolina-diesel-provincia-malaga-viernes-16-enero-2026-20260114000000-nt.html,diariosur.es,Spanish,1,-0.192964
2023-10-21,1.0160746680072843,1.0300125212862818,55.50868584920161,0.4420893453121282,2.0862619373405917,0.0,0,2026-01-16,"Precio de la gasolina y diésel en Málaga hoy , viernes 16 de enero : ¿ Dónde están las gasolineras más baratas ?",https://www.diariosur.es/economia/mibolsillo/precio-gasolina-diesel-provincia-malaga-viernes-16-enero-2026-20260114000000-nt.html,diariosur.es,Spanish,1,-0.193178
2023-10-22,1.014521515954407,1.0300543621305411,55.50868584920161,0.4158337736231386,1.937243227530549,0.0,0,2026-01-16,"Precio de la gasolina y diésel en Málaga hoy , viernes 16 de enero : ¿ Dónde están las gasolineras más baratas ?",https://www.diariosur.es/economia/mibolsillo/precio-gasolina-diesel-provincia-malaga-viernes-16-enero-2026-20260114000000-nt.html,diariosur.es,Spanish,1,-0.193393
2023-10-23,0.979377140461686,0.9943761396759332,43.88065157704659,0.1703703725104934,2.0417259631268605,2.94000244140625,0,2026-01-16,"Precio de la gasolina y diésel en Málaga hoy , viernes 16 de enero : ¿ Dónde están las gasolineras más baratas ?",https://www.diariosur.es/economia/mibolsillo/precio-gasolina-diesel-provincia-malaga-viernes-16-enero-2026-20260114000000-nt.html,diariosur.es,Spanish,1,-0.193608
2023-10-24,0.9630594001183534,0.9742930118791696,39.14065241134983,-0.1036441520755916,2.135888437928625,3.3600006103515625,0,2026-01-16,"Precio de la gasolina y diésel en Málaga hoy , viernes 16 de enero : ¿ Dónde están las gasolineras más baratas ?",https://www.diariosur.es/economia/mibolsillo/precio-gasolina-diesel-provincia-malaga-viernes-16-enero-2026-20260114000000-nt.html,diariosur.es,Spanish,1,-0.193823
2023-10-25,0.9837184502670802,0.9917134454251392,45.15605707572862,-0.1639732932156017,2.2318961014722274,3.4799957275390625,0,2026-01-16,"Precio de la gasolina y diésel en Málaga hoy , viernes 16 de enero : ¿ Dónde están las gasolineras más baratas ?",https://www.diariosur.es/economia/mibolsillo/precio-gasolina-diesel-provincia-malaga-viernes-16-enero-2026-20260114000000-nt.html,diariosur.es,Spanish,1,-0.194039
2023-10-26,0.9623984069550062,0.9661594372164536,39.58851330044321,-0.3312540634893454,2.2889034356025597,3.029998779296875,0,2026-01-16,"Precio de la gasolina y diésel en Málaga hoy , viernes 16 de enero : ¿ Dónde están las gasolineras más baratas ?",https://www.diariosur.es/economia/mibolsillo/precio-gasolina-diesel-provincia-malaga-viernes-16-enero-2026-20260114000000-nt.html,diariosur.es,Spanish,1,-0.194255
2023-10-27,0.9903517569949652,0.9916301530788888,47.09639294981706,-0.2682281133472135,2.3254105510422205,2.8000030517578125,0,2026-01-16,"Precio de la gasolina y diésel en Málaga hoy , viernes 16 de enero : ¿ Dónde están las gasolineras más baratas ?",https://www.diariosur.es/economia/mibolsillo/precio-gasolina-diesel-provincia-malaga-viernes-16-enero-2026-20260114000000-nt.html,diariosur.es,Spanish,1,-0.194471
2023-10-28,0.991262608664508,0.9900520288419096,47.09639294981706,-0.2122382245044324,2.1593097973963475,0.0,0,2026-01-16,"Precio de la gasolina y diésel en Málaga hoy , viernes 16 de enero : ¿ Dónde están las gasolineras más baratas ?",https://www.diariosur.es/economia/mibolsillo/precio-gasolina-diesel-provincia-malaga-viernes-16-enero-2026-20260114000000-nt.html,diariosur.es,Spanish,1,-0.194687
2023-10-29,0.9920881574712824,0.9905335388847352,47.09639294981706,-0.1631097512199406,2.005073383296609,0.0,0,2026-01-16,"Precio de la gasolina y diésel en Málaga hoy , viernes 16 de enero : ¿ Dónde están las gasolineras más baratas ?",https://www.diariosur.es/economia/mibolsillo/precio-gasolina-diesel-provincia-malaga-viernes-16-enero-2026-20260114000000-nt.html,diariosur.es,Spanish,1,-0.194903
2023-10-30,0.9587698536151672,0.9551549116257122,38.75677474075485,-0.3266167842761708,2.127568228825645,3.4800033569335938,0,2026-01-16,"Precio de la gasolina y diésel en Málaga hoy , viernes 16 de enero : ¿ Dónde están las gasolineras más baratas ?",https://www.diariosur.es/economia/mibolsillo/precio-gasolina-diesel-provincia-malaga-viernes-16-enero-2026-20260114000000-nt.html,diariosur.es,Spanish,1,-0.19512
2023-10-31,0.9488271467497428,0.9415346257773408,36.01393268854406,-0.4902774750868289,2.1634565612532777,2.6300048828125,0,2026-01-16,"Precio de la gasolina y diésel en Málaga hoy , viernes 16 de enero : ¿ Dónde están las gasolineras más baratas ?",https://www.diariosur.es/economia/mibolsillo/precio-gasolina-diesel-provincia-malaga-viernes-16-enero-2026-20260114000000-nt.html,diariosur.es,Spanish,1,-0.195337
2023-11-01,0.9472641861519918,0.9361380459277252,34.820742921873574,-0.5990267004398344,2.231780743820008,3.1199951171875,0,2026-01-16,"Precio de la gasolina y diésel en Málaga hoy , viernes 16 de enero : ¿ Dónde están las gasolineras más baratas ?",https://www.diariosur.es/economia/mibolsillo/precio-gasolina-diesel-provincia-malaga-viernes-16-enero-2026-20260114000000-nt.html,diariosur.es,Spanish,1,-0.195554
2023-11-02,0.9737363040698964,0.9625755694437343,42.02503255178191,-0.5003670242845586,2.258796448572262,2.6100006103515625,0,2026-01-16,"Precio de la gasolina y diésel en Málaga hoy , viernes 16 de enero : ¿ Dónde están las gasolineras más baratas ?",https://www.diariosur.es/economia/mibolsillo/precio-gasolina-diesel-provincia-malaga-viernes-16-enero-2026-20260114000000-nt.html,diariosur.es,Spanish,1,-0.195771
2023-11-03,0.9551935788674094,0.9437678245045908,37.69372714094354,-0.5290946487997199,2.347453845102814,3.5,0,2026-01-16,"Precio de la gasolina y diésel en Málaga hoy , viernes 16 de enero : ¿ Dónde están las gasolineras más baratas ?",https://www.diariosur.es/economia/mibolsillo/precio-gasolina-diesel-provincia-malaga-viernes-16-enero-2026-20260114000000-nt.html,diariosur.es,Spanish,1,-0.195989
2023-11-04,0.9592871239017536,0.9477562958289184,37.69372714094354,-0.5105100525078963,2.179778570452614,0.0,0,2026-01-16,"Precio de la gasolina y diésel en Málaga hoy , viernes 16 de enero : ¿ Dónde están las gasolineras más baratas ?",https://www.diariosur.es/economia/mibolsillo/precio-gasolina-diesel-provincia-malaga-viernes-16-enero-2026-20260114000000-nt.html,diariosur.es,Spanish,1,-0.196207
2023-11-05,0.9630211582919947,0.9511995072038784,37.69372714094354,-0.4620817523762748,2.02408010113457,0.0,0,2026-01-16,"Precio de la gasolina y diésel en Málaga hoy , viernes 16 de enero : ¿ Dónde están las gasolineras más baratas ?",https://www.diariosur.es/economia/mibolsillo/precio-gasolina-diesel-provincia-malaga-viernes-16-enero-2026-20260114000000-nt.html,diariosur.es,Spanish,1,-0.196425
2023-11-06,0.9698021586189992,0.958167597957786,38.94318971980591,-0.3766501906015123,2.003074074449177,1.5799942016601562,0,2026-01-16,"Precio de la gasolina y diésel en Málaga hoy , viernes 16 de enero : ¿ Dónde están las gasolineras más baratas ?",https://www.diariosur.es/economia/mibolsillo/precio-gasolina-diesel-provincia-malaga-viernes-16-enero-2026-20260114000000-nt.html,diariosur.es,Spanish,1,-0.196643
2023-11-07,0.9347777652998718,0.923258702752386,31.397041535513083,-0.5115997683589875,2.142854977264749,3.960006713867188,0,2026-01-16,"Precio de la gasolina y diésel en Málaga hoy , viernes 16 de enero : ¿ Dónde están las gasolineras más baratas ?",https://www.diariosur.es/economia/mibolsillo/precio-gasolina-diesel-provincia-malaga-viernes-16-enero-2026-20260114000000-nt.html,diariosur.es,Spanish,1,-0.196862
2023-11-08,0.9179876921443132,0.9065091238029356,27.948406790364302,-0.6864570028653447,2.17693641583066,2.6199951171875,0,2026-01-16,"Precio de la gasolina y diésel en Málaga hoy , viernes 16 de enero : ¿ Dónde están las gasolineras más baratas ?",https://www.diariosur.es/economia/mibolsillo/precio-gasolina-diesel-provincia-malaga-viernes-16-enero-2026-20260114000000-nt.html,diariosur.es,Spanish,1,-0.197081
2023-11-09,0.9298039724355288,0.9186340298210464,29.621546349326337,-0.7192436223486696,2.160726998816807,1.9500045776367188,0,2026-01-16,"Precio de la gasolina y diésel en Málaga hoy , viernes 16 de enero : ¿ Dónde están las gasolineras más baratas ?",https://www.diariosur.es/economia/mibolsillo/precio-gasolina-diesel-provincia-malaga-viernes-16-enero-2026-20260114000000-nt.html,diariosur.es,Spanish,1,-0.1973
2023-11-10,0.9521324747347646,0.942597648669054,35.26767708887755,-0.5945308124742485,2.179246913068453,2.420005798339844,0,2026-01-16,"Precio de la gasolina y diésel en Málaga hoy , viernes 16 de enero : ¿ Dónde están las gasolineras más baratas ?",https://www.diariosur.es/economia/mibolsillo/precio-gasolina-diesel-provincia-malaga-viernes-16-enero-2026-20260114000000-nt.html,diariosur.es,Spanish,1,-0.197519
2023-11-11,0.9564929461888324,0.949311399054355,35.26767708887755,-0.4675422858731863,2.023586419277849,0.0,0,2026-01-16,"Precio de la gasolina y diésel en Málaga hoy , viernes 16 de enero : ¿ Dónde están las gasolineras más baratas ?",https://www.diariosur.es/economia/mibolsillo/precio-gasolina-diesel-provincia-malaga-viernes-16-enero-2026-20260114000000-nt.html,diariosur.es,Spanish,1,-0.197739
2023-11-12,0.960472692581241,0.9541944404090816,35.26767708887755,-0.3447187090752606,1.8790445321865743,0.0,0,2026-01-16,"Precio de la gasolina y diésel en Málaga hoy , viernes 16 de enero : ¿ Dónde están las gasolineras más baratas ?",https://www.diariosur.es/economia/mibolsillo/precio-gasolina-diesel-provincia-malaga-viernes-16-enero-2026-20260114000000-nt.html,diariosur.es,Spanish,1,-0.197959
2023-11-13,0.9764533414003864,0.9709617438169807,39.8608666964404,-0.1605970665659875,1.9183985159715176,2.430000305175781,0,2026-01-16,"Precio de la gasolina y diésel en Málaga hoy , viernes 16 de enero : ¿ Dónde están las gasolineras más baratas ?",https://www.diariosur.es/economia/mibolsillo/precio-gasolina-diesel-provincia-malaga-viernes-16-enero-2026-20260114000000-nt.html,diariosur.es,Spanish,1,-0.198179
2023-11-14,0.9786479976183974,0.975275433653932,39.8608666964404,-0.0169024183006314,1.9227983167977707,1.9799957275390625,0,2026-01-16,"Precio de la gasolina y diésel en Málaga hoy , viernes 16 de enero : ¿ Dónde están las gasolineras más baratas ?",https://www.diariosur.es/economia/mibolsillo/precio-gasolina-diesel-provincia-malaga-viernes-16-enero-2026-20260114000000-nt.html,diariosur.es,Spanish,1,-0.198399
2023-11-15,0.9624309526379954,0.9592512586056944,35.564770046367016,-0.0081489784324846,1.96116980020312,2.459999084472656,0,2026-01-16,"Precio de la gasolina y diésel en Málaga hoy , viernes 16 de enero : ¿ Dónde están las gasolineras más baratas ?",https://www.diariosur.es/economia/mibolsillo/precio-gasolina-diesel-provincia-malaga-viernes-16-enero-2026-20260114000000-nt.html,diariosur.es,Spanish,1,-0.19862
2023-11-16,0.9226752906025312,0.9194735548926606,27.94303169374224,-0.2222607579075179,2.1425148144743256,4.469993591308594,0,2026-01-16,"Precio de la gasolina y diésel en Málaga hoy , viernes 16 de enero : ¿ Dónde están las gasolineras más baratas ?",https://www.diariosur.es/economia/mibolsillo/precio-gasolina-diesel-provincia-malaga-viernes-16-enero-2026-20260114000000-nt.html,diariosur.es,Spanish,1,-0.198841
2023-11-17,0.9641441576871992,0.9630466102153564,39.11678498780603,-0.1335602379718334,2.2209064608525546,3.2399978637695312,0,2026-01-16,"Precio de la gasolina y diésel en Málaga hoy , viernes 16 de enero : ¿ Dónde están las gasolineras más baratas ?",https://www.diariosur.es/economia/mibolsillo/precio-gasolina-diesel-provincia-malaga-viernes-16-enero-2026-20260114000000-nt.html,diariosur.es,Spanish,1,-0.199062
2023-11-18,0.9674478393226864,0.9689796161822146,39.11678498780603,-0.0502229307270778,2.062270285077372,0.0,0,2026-01-16,"Precio de la gasolina y diésel en Málaga hoy , viernes 16 de enero : ¿ Dónde están las gasolineras más baratas ?",https://www.diariosur.es/economia/mibolsillo/precio-gasolina-diesel-provincia-malaga-viernes-16-enero-2026-20260114000000-nt.html,diariosur.es,Spanish,1,-0.199283
2023-11-19,0.9704564540295344,0.9729674155157548,39.11678498780602,0.0254986075697472,1.9149652647147029,0.0,0,2026-01-16,"Precio de la gasolina y diésel en Málaga hoy , viernes 16 de enero : ¿ Dónde están las gasolineras más baratas ?",https://www.diariosur.es/economia/mibolsillo/precio-gasolina-diesel-provincia-malaga-viernes-16-enero-2026-20260114000000-nt.html,diariosur.es,Spanish,1,-0.199504
2023-11-20,0.9930493889144172,0.997076842268152,45.18802740836959,0.201547311487436,1.9617534382939537,2.5699996948242188,0,2026-01-16,"Precio de la gasolina y diésel en Málaga hoy , viernes 16 de enero : ¿ Dónde están las gasolineras más baratas ?",https://www.diariosur.es/economia/mibolsillo/precio-gasolina-diesel-provincia-malaga-viernes-16-enero-2026-20260114000000-nt.html,diariosur.es,Spanish,1,-0.199726
2023-11-21,0.9956776698394196,1.000978150162007,45.7670246267494,0.3325117473923038,1.8930567641301,1.0,0,2026-01-16,"Precio de la gasolina y diésel en Málaga hoy , viernes 16 de enero : ¿ Dónde están las gasolineras más baratas ?",https://www.diariosur.es/economia/mibolsillo/precio-gasolina-diesel-provincia-malaga-viernes-16-enero-2026-20260114000000-nt.html,diariosur.es,Spanish,1,-0.199948
2023-11-22,0.9883140179654376,0.9957895056104864,43.80312106841767,0.3739883999634692,2.056409874204792,4.180000305175781,0,2026-01-16,"Precio de la gasolina y diésel en Málaga hoy , viernes 16 de enero : ¿ Dónde están las gasolineras más baratas ?",https://www.diariosur.es/economia/mibolsillo/precio-gasolina-diesel-provincia-malaga-viernes-16-enero-2026-20260114000000-nt.html,diariosur.es,Spanish,1,-0.200171
2023-11-23,0.9894151882620807,0.9979871781771515,43.80312106841767,0.3991068916334173,1.9095234546187352,0.0,0,2026-01-16,"Precio de la gasolina y diésel en Málaga hoy , viernes 16 de enero : ¿ Dónde están las gasolineras más baratas ?",https://www.diariosur.es/economia/mibolsillo/precio-gasolina-diesel-provincia-malaga-viernes-16-enero-2026-20260114000000-nt.html,diariosur.es,Spanish,1,-0.200393
2023-11-24,0.9722296560068808,0.980949796063521,39.25452967200792,0.3121906070333082,1.918128834952888,2.0199966430664062,0,2026-01-16,"Precio de la gasolina y diésel en Málaga hoy , viernes 16 de enero : ¿ Dónde están las gasolineras más baratas ?",https://www.diariosur.es/economia/mibolsillo/precio-gasolina-diesel-provincia-malaga-viernes-16-enero-2026-20260114000000-nt.html,diariosur.es,Spanish,1,-0.200616
2023-11-25,0.974807822536311,0.9841255496867022,39.25452967200793,0.2584532446101037,1.7811196324562537,0.0,0,2026-01-16,"Precio de la gasolina y diésel en Málaga hoy , viernes 16 de enero : ¿ Dónde están las gasolineras más baratas ?",https://www.diariosur.es/economia/mibolsillo/precio-gasolina-diesel-provincia-malaga-viernes-16-enero-2026-20260114000000-nt.html,diariosur.es,Spanish,1,-0.200839
2023-11-26,0.9771522599784463,0.9875219910668628,39.25452967200793,0.2277397219356729,1.6538968015665212,0.0,0,2026-01-16,"Precio de la gasolina y diésel en Málaga hoy , viernes 16 de enero : ¿ Dónde están las gasolineras más baratas ?",https://www.diariosur.es/economia/mibolsillo/precio-gasolina-diesel-provincia-malaga-viernes-16-enero-2026-20260114000000-nt.html,diariosur.es,Spanish,1,-0.201062
2023-11-27,0.971283238068157,0.980240683326574,37.1540555532648,0.1691520538152384,1.6907617299074729,2.170005798339844,0,2026-01-16,"Precio de la gasolina y diésel en Málaga hoy , viernes 16 de enero : ¿ Dónde están las gasolineras más baratas ?",https://www.diariosur.es/economia/mibolsillo/precio-gasolina-diesel-provincia-malaga-viernes-16-enero-2026-20260114000000-nt.html,diariosur.es,Spanish,1,-0.201286
2023-11-28,0.9922072359733244,0.999829942659644,44.4505677089446,0.2380927465140527,1.7399928387296513,2.3799972534179688,0,2026-01-16,"Precio de la gasolina y diésel en Málaga hoy , viernes 16 de enero : ¿ Dónde están las gasolineras más baratas ?",https://www.diariosur.es/economia/mibolsillo/precio-gasolina-diesel-provincia-malaga-viernes-16-enero-2026-20260114000000-nt.html,diariosur.es,Spanish,1,-0.20151
2023-11-29,1.0099743687278966,1.0173921064852087,50.26754261900892,0.3764269426847224,1.78856464803077,2.4199981689453125,0,2026-01-16,"Precio de la gasolina y diésel en Málaga hoy , viernes 16 de enero : ¿ Dónde están las gasolineras más baratas ?",https://www.diariosur.es/economia/mibolsillo/precio-gasolina-diesel-provincia-malaga-viernes-16-enero-2026-20260114000000-nt.html,diariosur.es,Spanish,1,-0.201734
2023-11-30,0.9867069148879632,0.9933501892682184,43.795795619400174,0.3363569057494082,1.985809703340235,4.549995422363281,0,2026-01-16,"Precio de la gasolina y diésel en Málaga hoy , viernes 16 de enero : ¿ Dónde están las gasolineras más baratas ?",https://www.diariosur.es/economia/mibolsillo/precio-gasolina-diesel-provincia-malaga-viernes-16-enero-2026-20260114000000-nt.html,diariosur.es,Spanish,1,-0.201958
2023-12-01,0.9656364813247386,0.9706015251230956,38.4875980145066,0.1864387768575597,2.046109141034125,2.8300018310546875,0,2026-01-16,"Precio de la gasolina y diésel en Málaga hoy , viernes 16 de enero : ¿ Dónde están las gasolineras más baratas ?",https://www.diariosur.es/economia/mibolsillo/precio-gasolina-diesel-provincia-malaga-viernes-16-enero-2026-20260114000000-nt.html,diariosur.es,Spanish,1,-0.202182
2023-12-02,0.9688071119231478,0.9725769206701504,38.4875980145066,0.0957193620620524,1.899958488103116,0.0,0,2026-01-16,"Precio de la gasolina y diésel en Málaga hoy , viernes 16 de enero : ¿ Dónde están las gasolineras más baratas ?",https://www.diariosur.es/economia/mibolsillo/precio-gasolina-diesel-provincia-malaga-viernes-16-enero-2026-20260114000000-nt.html,diariosur.es,Spanish,1,-0.202407
2023-12-03,0.9716937724076894,0.9752597075818,38.4875980145066,0.0466420522345831,1.764247167524322,0.0,0,2026-01-16,"Precio de la gasolina y diésel en Málaga hoy , viernes 16 de enero : ¿ Dónde están las gasolineras más baratas ?",https://www.diariosur.es/economia/mibolsillo/precio-gasolina-diesel-provincia-malaga-viernes-16-enero-2026-20260114000000-nt.html,diariosur.es,Spanish,1,-0.202632
2023-12-04,0.9620130532944998,0.9650142798389796,35.55442664611478,-0.0396005017645322,1.8096581931210785,2.4000015258789062,0,2026-01-16,"Precio de la gasolina y diésel en Málaga hoy , viernes 16 de enero : ¿ Dónde están las gasolineras más baratas ?",https://www.diariosur.es/economia/mibolsillo/precio-gasolina-diesel-provincia-malaga-viernes-16-enero-2026-20260114000000-nt.html,diariosur.es,Spanish,1,-0.202857
2023-12-05,0.95685579556692,0.9582488609208109,33.62528629126166,-0.1247429560777788,1.8303973295778315,2.100006103515625,0,2026-01-16,"Precio de la gasolina y diésel en Málaga hoy , viernes 16 de enero : ¿ Dónde están las gasolineras más baratas ?",https://www.diariosur.es/economia/mibolsillo/precio-gasolina-diesel-provincia-malaga-viernes-16-enero-2026-20260114000000-nt.html,diariosur.es,Spanish,1,-0.203083
2023-12-06,0.9251860832322076,0.9214422941047858,27.147830988471085,-0.3461235582218909,1.9489402248772385,3.4899978637695312,0,2026-01-16,"Precio de la gasolina y diésel en Málaga hoy , viernes 16 de enero : ¿ Dónde están las gasolineras más baratas ?",https://www.diariosur.es/economia/mibolsillo/precio-gasolina-diesel-provincia-malaga-viernes-16-enero-2026-20260114000000-nt.html,diariosur.es,Spanish,1,-0.203309
2023-12-07,0.9313358757420922,0.9249340949250257,27.07141989879544,-0.4554302470243445,1.9297302306128488,1.6800003051757812,0,2026-01-16,"Precio de la gasolina y diésel en Málaga hoy , viernes 16 de enero : ¿ Dónde están las gasolineras más baratas ?",https://www.diariosur.es/economia/mibolsillo/precio-gasolina-diesel-provincia-malaga-viernes-16-enero-2026-20260114000000-nt.html,diariosur.es,Spanish,1,-0.203535
2023-12-08,0.9606810971959936,0.9531073815195004,36.20766835339771,-0.3645545257381104,1.955463850963884,2.1299972534179688,0,2026-01-16,"Precio de la gasolina y diésel en Málaga hoy , viernes 16 de enero : ¿ Dónde están las gasolineras más baratas ?",https://www.diariosur.es/economia/mibolsillo/precio-gasolina-diesel-provincia-malaga-viernes-16-enero-2026-20260114000000-nt.html,diariosur.es,Spanish,1,-0.203761
2023-12-09,0.9642920405308802,0.9560881782955858,36.20766835339771,-0.2727571425092232,1.815787861609321,0.0,0,2026-01-16,"Precio de la gasolina y diésel en Málaga hoy , viernes 16 de enero : ¿ Dónde están las gasolineras más baratas ?",https://www.diariosur.es/economia/mibolsillo/precio-gasolina-diesel-provincia-malaga-viernes-16-enero-2026-20260114000000-nt.html,diariosur.es,Spanish,1,-0.203988
2023-12-10,0.9675825546876244,0.960193079022377,36.20766835339771,-0.1845725812462224,1.6860887286372268,0.0,0,2026-01-16,"Precio de la gasolina y diésel en Málaga hoy , viernes 16 de enero : ¿ Dónde están las gasolineras más baratas ?",https://www.diariosur.es/economia/mibolsillo/precio-gasolina-diesel-provincia-malaga-viernes-16-enero-2026-20260114000000-nt.html,diariosur.es,Spanish,1,-0.204214
2023-12-11,0.971691902640978,0.9656040694373494,36.679438409342,-0.0971112129347322,1.6699394683397577,1.4599990844726562,0,2026-01-16,"Precio de la gasolina y diésel en Málaga hoy , viernes 16 de enero : ¿ Dónde están las gasolineras más baratas ?",https://www.diariosur.es/economia/mibolsillo/precio-gasolina-diesel-provincia-malaga-viernes-16-enero-2026-20260114000000-nt.html,diariosur.es,Spanish,1,-0.204441
2023-12-12,0.9406132681975232,0.9342829156943028,29.584414485175728,-0.1931558278621516,1.8178007822990276,3.7399978637695312,0,2026-01-16,"Precio de la gasolina y diésel en Málaga hoy , viernes 16 de enero : ¿ Dónde están las gasolineras más baratas ?",https://www.diariosur.es/economia/mibolsillo/precio-gasolina-diesel-provincia-malaga-viernes-16-enero-2026-20260114000000-nt.html,diariosur.es,Spanish,1,-0.204669
2023-12-13,0.9567404065625146,0.950933900982408,33.95071483717932,-0.1709143390047944,1.843672176790224,2.180000305175781,0,2026-01-16,"Precio de la gasolina y diésel en Málaga hoy , viernes 16 de enero : ¿ Dónde están las gasolineras más baratas ?",https://www.diariosur.es/economia/mibolsillo/precio-gasolina-diesel-provincia-malaga-viernes-16-enero-2026-20260114000000-nt.html,diariosur.es,Spanish,1,-0.204896
2023-12-14,0.98713436681521,0.982479273865825,43.24870519562981,0.0044622806470908,1.925552583003032,2.9199981689453125,0,2026-01-16,"Precio de la gasolina y diésel en Málaga hoy , viernes 16 de enero : ¿ Dónde están las gasolineras más baratas ?",https://www.diariosur.es/economia/mibolsillo/precio-gasolina-diesel-provincia-malaga-viernes-16-enero-2026-20260114000000-nt.html,diariosur.es,Spanish,1,-0.205124
2023-12-15,0.9864688131543782,0.983193620460618,42.787561489678,0.1223892743648558,1.9251558391417665,1.9199981689453125,0,2026-01-16,"Precio de la gasolina y diésel en Málaga hoy , viernes 16 de enero : ¿ Dónde están las gasolineras más baratas ?",https://www.diariosur.es/economia/mibolsillo/precio-gasolina-diesel-provincia-malaga-viernes-16-enero-2026-20260114000000-nt.html,diariosur.es,Spanish,1,-0.205352
2023-12-16,0.987741700535822,0.985982562733565,42.787561489678005,0.2074198246931073,1.7876447077744972,0.0,0,2026-01-16,"Precio de la gasolina y diésel en Málaga hoy , viernes 16 de enero : ¿ Dónde están las gasolineras más baratas ?",https://www.diariosur.es/economia/mibolsillo/precio-gasolina-diesel-provincia-malaga-viernes-16-enero-2026-20260114000000-nt.html,diariosur.es,Spanish,1,-0.20558
2023-12-17,0.9888961944110676,0.9883222149358576,42.787561489678005,0.2669013279231103,1.6599558000763188,0.0,0,2026-01-16,"Precio de la gasolina y diésel en Málaga hoy , viernes 16 de enero : ¿ Dónde están las gasolineras más baratas ?",https://www.diariosur.es/economia/mibolsillo/precio-gasolina-diesel-provincia-malaga-viernes-16-enero-2026-20260114000000-nt.html,diariosur.es,Spanish,1,-0.205809
2023-12-18,1.0029795749768355,1.005452513161306,47.6236118708831,0.3730131713936335,1.7999591533981554,3.6200027465820312,0,2026-01-16,"Precio de la gasolina y diésel en Málaga hoy , viernes 16 de enero : ¿ Dónde están las gasolineras más baratas ?",https://www.diariosur.es/economia/mibolsillo/precio-gasolina-diesel-provincia-malaga-viernes-16-enero-2026-20260114000000-nt.html,diariosur.es,Spanish,1,-0.206038
2023-12-19,1.0148188536184206,1.0220441147735884,51.722520076147504,0.497472061108837,1.8256766183061,2.160003662109375,0,2026-01-16,"Precio de la gasolina y diésel en Málaga hoy , viernes 16 de enero : ¿ Dónde están las gasolineras más baratas ?",https://www.diariosur.es/economia/mibolsillo/precio-gasolina-diesel-provincia-malaga-viernes-16-enero-2026-20260114000000-nt.html,diariosur.es,Spanish,1,-0.206267
2023-12-20,1.0231029972201426,1.034151243207059,54.7866399707676,0.6136468319257005,1.8331283102253628,1.7700042724609375,0,2026-01-16,"Precio de la gasolina y diésel en Málaga hoy , viernes 16 de enero : ¿ Dónde están las gasolineras más baratas ?",https://www.diariosur.es/economia/mibolsillo/precio-gasolina-diesel-provincia-malaga-viernes-16-enero-2026-20260114000000-nt.html,diariosur.es,Spanish,1,-0.206496
2023-12-21,1.016757350067886,1.0296822569841173,53.24684756453837,0.6463029330044332,1.8550476730412968,2.139999389648437,0,2026-01-16,"Precio de la gasolina y diésel en Málaga hoy , viernes 16 de enero : ¿ Dónde están las gasolineras más baratas ?",https://www.diariosur.es/economia/mibolsillo/precio-gasolina-diesel-provincia-malaga-viernes-16-enero-2026-20260114000000-nt.html,diariosur.es,Spanish,1,-0.206726
2023-12-22,1.0110400764701009,1.0254479649574424,51.68256134508854,0.6234262080186781,1.836115979773001,1.5900039672851562,0,2026-01-16,"Precio de la gasolina y diésel en Málaga hoy , viernes 16 de enero : ¿ Dónde están las gasolineras más baratas ?",https://www.diariosur.es/economia/mibolsillo/precio-gasolina-diesel-provincia-malaga-viernes-16-enero-2026-20260114000000-nt.html,diariosur.es,Spanish,1,-0.206955
2023-12-23,1.0099781492319435,1.0258126197774984,51.68256134508854,0.5865808507102941,1.704964838360644,0.0,0,2026-01-16,"Precio de la gasolina y diésel en Málaga hoy , viernes 16 de enero : ¿ Dónde están las gasolineras más baratas ?",https://www.diariosur.es/economia/mibolsillo/precio-gasolina-diesel-provincia-malaga-viernes-16-enero-2026-20260114000000-nt.html,diariosur.es,Spanish,1,-0.207185
2023-12-24,1.009019278285597,1.0254408214105943,51.68256134508854,0.5415747833817615,1.583181635620598,0.0,0,2026-01-16,"Precio de la gasolina y diésel en Málaga hoy , viernes 16 de enero : ¿ Dónde están las gasolineras más baratas ?",https://www.diariosur.es/economia/mibolsillo/precio-gasolina-diesel-provincia-malaga-viernes-16-enero-2026-20260114000000-nt.html,diariosur.es,Spanish,1,-0.207416
2023-12-25,1.0081532958922452,1.0245553077917735,51.68256134508854,0.4925786750495486,1.4700972330762698,0.0,0,2026-01-16,"Precio de la gasolina y diésel en Málaga hoy , viernes 16 de enero : ¿ Dónde están las gasolineras más baratas ?",https://www.diariosur.es/economia/mibolsillo/precio-gasolina-diesel-provincia-malaga-viernes-16-enero-2026-20260114000000-nt.html,diariosur.es,Spanish,1,-0.207646
2023-12-26,1.0321912214791318,1.04803310989934,61.05570142651409,0.5708010974410556,1.58294764869638,3.0500030517578125,0,2026-01-16,"Precio de la gasolina y diésel en Málaga hoy , viernes 16 de enero : ¿ Dónde están las gasolineras más baratas ?",https://www.diariosur.es/economia/mibolsillo/precio-gasolina-diesel-provincia-malaga-viernes-16-enero-2026-20260114000000-nt.html,diariosur.es,Spanish,1,-0.207877
2023-12-27,1.0110699384216475,1.0243969886159352,53.01135352633055,0.5019127391075074,1.6048804608639935,1.8900070190429688,0,2026-01-16,"Precio de la gasolina y diésel en Málaga hoy , viernes 16 de enero : ¿ Dónde están las gasolineras más baratas ?",https://www.diariosur.es/economia/mibolsillo/precio-gasolina-diesel-provincia-malaga-viernes-16-enero-2026-20260114000000-nt.html,diariosur.es,Spanish,1,-0.208108
2023-12-28,0.981094246039087,0.9916818178578938,43.18953617952847,0.2871256185732341,1.6816747354576926,2.680000305175781,0,2026-01-16,"Precio de la gasolina y diésel en Málaga hoy , viernes 16 de enero : ¿ Dónde están las gasolineras más baratas ?",https://www.diariosur.es/economia/mibolsillo/precio-gasolina-diesel-provincia-malaga-viernes-16-enero-2026-20260114000000-nt.html,diariosur.es,Spanish,1,-0.20834
2023-12-29,0.9813742391011148,0.9897365974013308,42.752102615595504,0.1331728373010769,1.6594124505380026,1.3700027465820312,0,2026-01-16,"Precio de la gasolina y diésel en Málaga hoy , viernes 16 de enero : ¿ Dónde están las gasolineras más baratas ?",https://www.diariosur.es/economia/mibolsillo/precio-gasolina-diesel-provincia-malaga-viernes-16-enero-2026-20260114000000-nt.html,diariosur.es,Spanish,1,-0.208571
2023-12-30,0.983118174725666,0.9894495758592275,42.752102615595504,0.0327745807247215,1.5408829897852885,0.0,0,2026-01-16,"Precio de la gasolina y diésel en Málaga hoy , viernes 16 de enero : ¿ Dónde están las gasolineras más baratas ?",https://www.diariosur.es/economia/mibolsillo/precio-gasolina-diesel-provincia-malaga-viernes-16-enero-2026-20260114000000-nt.html,diariosur.es,Spanish,1,-0.208803
2023-12-31,0.984701370581433,0.9892241734585592,42.752102615595504,-0.0288683946849558,1.430819919086339,0.0,0,2026-01-16,"Precio de la gasolina y diésel en Málaga hoy , viernes 16 de enero : ¿ Dónde están las gasolineras más baratas ?",https://www.diariosur.es/economia/mibolsillo/precio-gasolina-diesel-provincia-malaga-viernes-16-enero-2026-20260114000000-nt.html,diariosur.es,Spanish,1,-0.209035
2024-01-01,0.9861381860732648,0.987152570530984,42.752102615595504,-0.0629230871318042,1.3286184962944578,0.0,0,2026-01-16,"Precio de la gasolina y diésel en Málaga hoy , viernes 16 de enero : ¿ Dónde están las gasolineras más baratas ?",https://www.diariosur.es/economia/mibolsillo/precio-gasolina-diesel-provincia-malaga-viernes-16-enero-2026-20260114000000-nt.html,diariosur.es,Spanish,1,-0.209268
2024-01-02,0.971558761454386,0.9690477139906088,37.36474368022829,-0.1588060663039276,1.4894315916344745,3.5800018310546875,0,2026-01-16,"Precio de la gasolina y diésel en Málaga hoy , viernes 16 de enero : ¿ Dónde están las gasolineras más baratas ?",https://www.diariosur.es/economia/mibolsillo/precio-gasolina-diesel-provincia-malaga-viernes-16-enero-2026-20260114000000-nt.html,diariosur.es,Spanish,1,-0.2095
2024-01-03,1.0032425857487908,1.000220094030787,49.80768582147312,-0.0589478561386185,1.6651868049203489,3.950004577636719,0,2026-01-16,"Precio de la gasolina y diésel en Málaga hoy , viernes 16 de enero : ¿ Dónde están las gasolineras más baratas ?",https://www.diariosur.es/economia/mibolsillo/precio-gasolina-diesel-provincia-malaga-viernes-16-enero-2026-20260114000000-nt.html,diariosur.es,Spanish,1,-0.209733
2024-01-04,0.9965649910377276,0.992684506736724,47.57048949811987,-0.0221068574977742,1.7562450646693415,2.94000244140625,0,2026-01-16,"Precio de la gasolina y diésel en Málaga hoy , viernes 16 de enero : ¿ Dónde están las gasolineras más baratas ?",https://www.diariosur.es/economia/mibolsillo/precio-gasolina-diesel-provincia-malaga-viernes-16-enero-2026-20260114000000-nt.html,diariosur.es,Spanish,1,-0.209966
2024-01-05,1.017095076427446,1.013302919517853,54.55347729164842,0.1092862555412131,1.7772272330760517,2.029998779296875,0,2026-01-16,"Precio de la gasolina y diésel en Málaga hoy , viernes 16 de enero : ¿ Dónde están las gasolineras más baratas ?",https://www.diariosur.es/economia/mibolsillo/precio-gasolina-diesel-provincia-malaga-viernes-16-enero-2026-20260114000000-nt.html,diariosur.es,Spanish,1,-0.2102
2024-01-06,1.0154418330233352,1.0116501932411353,54.55347729164842,0.1894215687461319,1.6502824307134767,0.0,0,2026-01-16,"Precio de la gasolina y diésel en Málaga hoy , viernes 16 de enero : ¿ Dónde están las gasolineras más baratas ?",https://www.diariosur.es/economia/mibolsillo/precio-gasolina-diesel-provincia-malaga-viernes-16-enero-2026-20260114000000-nt.html,diariosur.es,Spanish,1,-0.210434
2024-01-07,1.0139506657020332,1.010722038197465,54.55347729164842,0.2327969304369203,1.5324051142339428,0.0,0,2026-01-16,"Precio de la gasolina y diésel en Málaga hoy , viernes 16 de enero : ¿ Dónde están las gasolineras más baratas ?",https://www.diariosur.es/economia/mibolsillo/precio-gasolina-diesel-provincia-malaga-viernes-16-enero-2026-20260114000000-nt.html,diariosur.es,Spanish,1,-0.210667
2024-01-08,0.9747710585901906,0.9708684261396238,41.57527203619657,0.0563217108160652,1.6958047271332484,3.8199996948242183,0,2026-01-16,"Precio de la gasolina y diésel en Málaga hoy , viernes 16 de enero : ¿ Dónde están las gasolineras más baratas ?",https://www.diariosur.es/economia/mibolsillo/precio-gasolina-diesel-provincia-malaga-viernes-16-enero-2026-20260114000000-nt.html,diariosur.es,Spanish,1,-0.210902
2024-01-09,0.9954908313156312,0.9923826529441984,48.01541417668514,0.0389889602418755,1.7503900383717776,2.459999084472656,0,2026-01-16,"Precio de la gasolina y diésel en Málaga hoy , viernes 16 de enero : ¿ Dónde están las gasolineras más baratas ?",https://www.diariosur.es/economia/mibolsillo/precio-gasolina-diesel-provincia-malaga-viernes-16-enero-2026-20260114000000-nt.html,diariosur.es,Spanish,1,-0.211136
2024-01-10,0.985049760079492,0.9821312361706492,44.86349101346345,-0.027109725762845,1.8096474786066616,2.579994201660156,0,2026-01-16,"Precio de la gasolina y diésel en Málaga hoy , viernes 16 de enero : ¿ Dónde están las gasolineras más baratas ?",https://www.diariosur.es/economia/mibolsillo/precio-gasolina-diesel-provincia-malaga-viernes-16-enero-2026-20260114000000-nt.html,diariosur.es,Spanish,1,-0.211371
2024-01-11,0.9945873326691004,0.9921271455698516,47.62953159495751,-0.0232450165691974,1.86895832939536,2.639999389648437,0,2026-01-16,"Precio de la gasolina y diésel en Málaga hoy , viernes 16 de enero : ¿ Dónde están las gasolineras más baratas ?",https://www.diariosur.es/economia/mibolsillo/precio-gasolina-diesel-provincia-malaga-viernes-16-enero-2026-20260114000000-nt.html,diariosur.es,Spanish,1,-0.211606
2024-01-12,1.0033481598376517,1.0018264064561184,50.35306956764276,0.0249605788288315,1.966175831362377,2.889999389648437,0,2026-01-16,"Precio de la gasolina y diésel en Málaga hoy , viernes 16 de enero : ¿ Dónde están las gasolineras más baratas ?",https://www.diariosur.es/economia/mibolsillo/precio-gasolina-diesel-provincia-malaga-viernes-16-enero-2026-20260114000000-nt.html,diariosur.es,Spanish,1,-0.211841
2024-01-13,1.0030283218240177,1.0024343802060376,50.35306956764276,0.0562543836722337,1.825734700550779,0.0,0,2026-01-16,"Precio de la gasolina y diésel en Málaga hoy , viernes 16 de enero : ¿ Dónde están las gasolineras más baratas ?",https://www.diariosur.es/economia/mibolsillo/precio-gasolina-diesel-provincia-malaga-viernes-16-enero-2026-20260114000000-nt.html,diariosur.es,Spanish,1,-0.212077
2024-01-14,1.0027391202276763,1.0030430923204707,50.35306956764276,0.0751795177518895,1.695325079082866,0.0,0,2026-01-16,"Precio de la gasolina y diésel en Málaga hoy , viernes 16 de enero : ¿ Dónde están las gasolineras más baratas ?",https://www.diariosur.es/economia/mibolsillo/precio-gasolina-diesel-provincia-malaga-viernes-16-enero-2026-20260114000000-nt.html,diariosur.es,Spanish,1,-0.212312
2024-01-15,1.002477605305154,1.0050473749375377,50.35306956764277,0.0851887724888441,1.574230430576947,0.0,0,2026-01-16,"Precio de la gasolina y diésel en Málaga hoy , viernes 16 de enero : ¿ Dónde están las gasolineras más baratas ?",https://www.diariosur.es/economia/mibolsillo/precio-gasolina-diesel-provincia-malaga-viernes-16-enero-2026-20260114000000-nt.html,diariosur.es,Spanish,1,-0.212548
2024-01-16,0.9987472580580368,1.0023605603221235,48.90189002564361,0.0710219946993071,1.6282135570828906,2.329994201660156,0,2026-01-16,"Precio de la gasolina y diésel en Málaga hoy , viernes 16 de enero : ¿ Dónde están las gasolineras más baratas ?",https://www.diariosur.es/economia/mibolsillo/precio-gasolina-diesel-provincia-malaga-viernes-16-enero-2026-20260114000000-nt.html,diariosur.es,Spanish,1,-0.212785
2024-01-17,1.0008634077764038,1.0040265961820638,49.79232672620584,0.0703623614932548,1.686912370737126,2.4499969482421875,0,2026-01-16,"Precio de la gasolina y diésel en Málaga hoy , viernes 16 de enero : ¿ Dónde están las gasolineras más baratas ?",https://www.diariosur.es/economia/mibolsillo/precio-gasolina-diesel-provincia-malaga-viernes-16-enero-2026-20260114000000-nt.html,diariosur.es,Spanish,1,-0.213021
2024-01-18,1.019709735684884,1.023338730169659,57.38924898016764,0.1648355024766052,1.7235612691303448,2.1999969482421875,0,2026-01-16,"Precio de la gasolina y diésel en Málaga hoy , viernes 16 de enero : ¿ Dónde están las gasolineras más baratas ?",https://www.diariosur.es/economia/mibolsillo/precio-gasolina-diesel-provincia-malaga-viernes-16-enero-2026-20260114000000-nt.html,diariosur.es,Spanish,1,-0.213258
2024-01-19,1.0094789736481509,1.012852143241605,53.54344299667228,0.1738470521154787,1.7225930866115478,1.7100067138671875,0,2026-01-16,"Precio de la gasolina y diésel en Málaga hoy , viernes 16 de enero : ¿ Dónde están las gasolineras más baratas ?",https://www.diariosur.es/economia/mibolsillo/precio-gasolina-diesel-provincia-malaga-viernes-16-enero-2026-20260114000000-nt.html,diariosur.es,Spanish,1,-0.213495
2024-01-20,1.00856847897819,1.0116238754162916,53.54344299667228,0.171182016949628,1.5995507232821515,0.0,0,2026-01-16,"Precio de la gasolina y diésel en Málaga hoy , viernes 16 de enero : ¿ Dónde están las gasolineras más baratas ?",https://www.diariosur.es/economia/mibolsillo/precio-gasolina-diesel-provincia-malaga-viernes-16-enero-2026-20260114000000-nt.html,diariosur.es,Spanish,1,-0.213733
2024-01-21,1.0077461121803264,1.010398582979979,53.54344299667228,0.1609478717451783,1.4852971001905693,0.0,0,2026-01-16,"Precio de la gasolina y diésel en Málaga hoy , viernes 16 de enero : ¿ Dónde están las gasolineras más baratas ?",https://www.diariosur.es/economia/mibolsillo/precio-gasolina-diesel-provincia-malaga-viernes-16-enero-2026-20260114000000-nt.html,diariosur.es,Spanish,1,-0.21397
2024-01-22,1.0290274438456222,1.0314836732657973,61.994378815233695,0.2597345767462222,1.5834902080592117,2.8600006103515625,0,2026-01-16,"Precio de la gasolina y diésel en Málaga hoy , viernes 16 de enero : ¿ Dónde están las gasolineras más baratas ?",https://www.diariosur.es/economia/mibolsillo/precio-gasolina-diesel-provincia-malaga-viernes-16-enero-2026-20260114000000-nt.html,diariosur.es,Spanish,1,-0.214208
2024-01-23,1.016082175791056,1.0190672920570911,56.86265162276661,0.2551570600705616,1.601812074475741,1.839996337890625,0,2026-01-16,"Precio de la gasolina y diésel en Málaga hoy , viernes 16 de enero : ¿ Dónde están las gasolineras más baratas ?",https://www.diariosur.es/economia/mibolsillo/precio-gasolina-diesel-provincia-malaga-viernes-16-enero-2026-20260114000000-nt.html,diariosur.es,Spanish,1,-0.214446
2024-01-24,1.0233928762752749,1.0268928084024158,59.994030856307816,0.2837300319968358,1.6223968827023625,1.8899993896484373,0,2026-01-16,"Precio de la gasolina y diésel en Málaga hoy , viernes 16 de enero : ¿ Dónde están las gasolineras más baratas ?",https://www.diariosur.es/economia/mibolsillo/precio-gasolina-diesel-provincia-malaga-viernes-16-enero-2026-20260114000000-nt.html,diariosur.es,Spanish,1,-0.214685
2024-01-25,1.0489031273749458,1.0553744203339557,67.90460014894538,0.4298546279720853,1.6793689481050396,2.3499984741210938,0,2026-01-16,"Precio de la gasolina y diésel en Málaga hoy , viernes 16 de enero : ¿ Dónde están las gasolineras más baratas ?",https://www.diariosur.es/economia/mibolsillo/precio-gasolina-diesel-provincia-malaga-viernes-16-enero-2026-20260114000000-nt.html,diariosur.es,Spanish,1,-0.214923
2024-01-26,1.0519340574280287,1.0612017475839468,69.74916006184637,0.537633695454515,1.7165572073573023,2.2000045776367188,0,2026-01-16,"Precio de la gasolina y diésel en Málaga hoy , viernes 16 de enero : ¿ Dónde están las gasolineras más baratas ?",https://www.diariosur.es/economia/mibolsillo/precio-gasolina-diesel-provincia-malaga-viernes-16-enero-2026-20260114000000-nt.html,diariosur.es,Spanish,1,-0.215162
2024-01-27,1.0467566934062635,1.0581788286347615,69.74916006184637,0.5730216169365335,1.5939459782603522,0.0,0,2026-01-16,"Precio de la gasolina y diésel en Málaga hoy , viernes 16 de enero : ¿ Dónde están las gasolineras más baratas ?",https://www.diariosur.es/economia/mibolsillo/precio-gasolina-diesel-provincia-malaga-viernes-16-enero-2026-20260114000000-nt.html,diariosur.es,Spanish,1,-0.215401
2024-01-28,1.0421161310791596,1.0530081279110928,69.74916006184637,0.5598750450598152,1.4800926940988983,0.0,0,2026-01-16,"Precio de la gasolina y diésel en Málaga hoy , viernes 16 de enero : ¿ Dónde están las gasolineras más baratas ?",https://www.diariosur.es/economia/mibolsillo/precio-gasolina-diesel-provincia-malaga-viernes-16-enero-2026-20260114000000-nt.html,diariosur.es,Spanish,1,-0.215641
2024-01-29,1.023181942773173,1.0332391031423542,61.40809394674136,0.4372251488305351,1.5800858769074035,2.8799972534179688,0,2026-01-16,"Precio de la gasolina y diésel en Málaga hoy , viernes 16 de enero : ¿ Dónde están las gasolineras más baratas ?",https://www.diariosur.es/economia/mibolsillo/precio-gasolina-diesel-provincia-malaga-viernes-16-enero-2026-20260114000000-nt.html,diariosur.es,Spanish,1,-0.215881
2024-01-30,1.0333956136248863,1.042709259635518,65.19776744399232,0.39624004552752,1.630794093951685,2.290000915527344,0,2026-01-16,"Precio de la gasolina y diésel en Málaga hoy , viernes 16 de enero : ¿ Dónde están las gasolineras más baratas ?",https://www.diariosur.es/economia/mibolsillo/precio-gasolina-diesel-provincia-malaga-viernes-16-enero-2026-20260114000000-nt.html,diariosur.es,Spanish,1,-0.216121
2024-01-31,1.0065417738649252,1.0137121449076751,54.31701524155783,0.2155949435252635,1.6993090849040755,2.590003967285156,0,2026-01-16,"Precio de la gasolina y diésel en Málaga hoy , viernes 16 de enero : ¿ Dónde están las gasolineras más baratas ?",https://www.diariosur.es/economia/mibolsillo/precio-gasolina-diesel-provincia-malaga-viernes-16-enero-2026-20260114000000-nt.html,diariosur.es,Spanish,1,-0.216361
2024-02-01,0.9815099805289796,0.9858308356901178,45.82942229990727,-0.0474369137599275,1.810072721696642,3.25,0,2026-01-16,"Precio de la gasolina y diésel en Málaga hoy , viernes 16 de enero : ¿ Dónde están las gasolineras más baratas ?",https://www.diariosur.es/economia/mibolsillo/precio-gasolina-diesel-provincia-malaga-viernes-16-enero-2026-20260114000000-nt.html,diariosur.es,Spanish,1,-0.216601
2024-02-02,0.9646138584594944,0.965522741931455,40.64113137043989,-0.3169399912979799,1.8757815078282436,2.7299957275390625,0,2026-01-16,"Precio de la gasolina y diésel en Málaga hoy , viernes 16 de enero : ¿ Dónde están las gasolineras más baratas ?",https://www.diariosur.es/economia/mibolsillo/precio-gasolina-diesel-provincia-malaga-viernes-16-enero-2026-20260114000000-nt.html,diariosur.es,Spanish,1,-0.216842
2024-02-03,0.9678757048103552,0.96578076264616,40.64113137043989,-0.4773696766083345,1.7417971144119404,0.0,0,2026-01-16,"Precio de la gasolina y diésel en Málaga hoy , viernes 16 de enero : ¿ Dónde están las gasolineras más baratas ?",https://www.diariosur.es/economia/mibolsillo/precio-gasolina-diesel-provincia-malaga-viernes-16-enero-2026-20260114000000-nt.html,diariosur.es,Spanish,1,-0.217083
2024-02-04,0.9708459659908472,0.9660389213016556,40.64113137043989,-0.5599362615167148,1.6173830348110876,0.0,0,2026-01-16,"Precio de la gasolina y diésel en Málaga hoy , viernes 16 de enero : ¿ Dónde están las gasolineras más baratas ?",https://www.diariosur.es/economia/mibolsillo/precio-gasolina-diesel-provincia-malaga-viernes-16-enero-2026-20260114000000-nt.html,diariosur.es,Spanish,1,-0.217325
2024-02-05,0.979655326917181,0.9724745892562722,43.24653718833218,-0.5561864468240774,1.6354267549808317,1.8699951171875,0,2026-01-16,"Precio de la gasolina y diésel en Málaga hoy , viernes 16 de enero : ¿ Dónde están las gasolineras más baratas ?",https://www.diariosur.es/economia/mibolsillo/precio-gasolina-diesel-provincia-malaga-viernes-16-enero-2026-20260114000000-nt.html,diariosur.es,Spanish,1,-0.217566
2024-02-06,0.9880324742141664,0.9790657678971147,45.95447717125377,-0.4953496431411443,1.62146787543979,1.44000244140625,0,2026-01-16,"Precio de la gasolina y diésel en Málaga hoy , viernes 16 de enero : ¿ Dónde están las gasolineras más baratas ?",https://www.diariosur.es/economia/mibolsillo/precio-gasolina-diesel-provincia-malaga-viernes-16-enero-2026-20260114000000-nt.html,diariosur.es,Spanish,1,-0.217808
2024-02-07,0.9958771275216788,0.986556071723513,48.69049789875282,-0.3995153585244946,1.5763628746062002,0.9899978637695312,0,2026-01-16,"Precio de la gasolina y diésel en Málaga hoy , viernes 16 de enero : ¿ Dónde están las gasolineras más baratas ?",https://www.diariosur.es/economia/mibolsillo/precio-gasolina-diesel-provincia-malaga-viernes-16-enero-2026-20260114000000-nt.html,diariosur.es,Spanish,1,-0.21805
2024-02-08,1.0249939311069418,1.0161718354830274,58.41791651728124,-0.1703487304098629,1.6801940106555342,3.029998779296875,0,2026-01-16,"Precio de la gasolina y diésel en Málaga hoy , viernes 16 de enero : ¿ Dónde están las gasolineras más baratas ?",https://www.diariosur.es/economia/mibolsillo/precio-gasolina-diesel-provincia-malaga-viernes-16-enero-2026-20260114000000-nt.html,diariosur.es,Spanish,1,-0.218293
2024-02-09,1.0300616631930206,1.0221006850826586,60.5346982119005,0.0197199078178811,1.6573230534909649,1.3600006103515625,0,2026-01-16,"Precio de la gasolina y diésel en Málaga hoy , viernes 16 de enero : ¿ Dónde están las gasolineras más baratas ?",https://www.diariosur.es/economia/mibolsillo/precio-gasolina-diesel-provincia-malaga-viernes-16-enero-2026-20260114000000-nt.html,diariosur.es,Spanish,1,-0.218535
2024-02-10,1.0271209998068611,1.0197743427591728,60.5346982119005,0.1357073857329009,1.5389428353844674,0.0,0,2026-01-16,"Precio de la gasolina y diésel en Málaga hoy , viernes 16 de enero : ¿ Dónde están las gasolineras más baratas ?",https://www.diariosur.es/economia/mibolsillo/precio-gasolina-diesel-provincia-malaga-viernes-16-enero-2026-20260114000000-nt.html,diariosur.es,Spanish,1,-0.218778
2024-02-11,1.024474830124011,1.018659026776897,60.5346982119005,0.1988726677190934,1.4290183471427198,0.0,0,2026-01-16,"Precio de la gasolina y diésel en Málaga hoy , viernes 16 de enero : ¿ Dónde están las gasolineras más baratas ?",https://www.diariosur.es/economia/mibolsillo/precio-gasolina-diesel-provincia-malaga-viernes-16-enero-2026-20260114000000-nt.html,diariosur.es,Spanish,1,-0.219021
2024-02-12,1.0230528637592886,1.017998929340275,60.85584417325887,0.2302710510971958,1.4376595668013314,1.5499954223632812,0,2026-01-16,"Precio de la gasolina y diésel en Málaga hoy , viernes 16 de enero : ¿ Dónde están las gasolineras más baratas ?",https://www.diariosur.es/economia/mibolsillo/precio-gasolina-diesel-provincia-malaga-viernes-16-enero-2026-20260114000000-nt.html,diariosur.es,Spanish,1,-0.219265
2024-02-13,1.0321798881380395,1.0286794192623645,64.54536918145286,0.2951093112121198,1.4492552030384576,1.5999984741210938,0,2026-01-16,"Precio de la gasolina y diésel en Málaga hoy , viernes 16 de enero : ¿ Dónde están las gasolineras más baratas ?",https://www.diariosur.es/economia/mibolsillo/precio-gasolina-diesel-provincia-malaga-viernes-16-enero-2026-20260114000000-nt.html,diariosur.es,Spanish,1,-0.219509
2024-02-14,1.0143423038413248,1.0129125207069325,57.04799487790334,0.2377124821892526,1.5164512163677415,2.389999389648437,0,2026-01-16,"Precio de la gasolina y diésel en Málaga hoy , viernes 16 de enero : ¿ Dónde están las gasolineras más baratas ?",https://www.diariosur.es/economia/mibolsillo/precio-gasolina-diesel-provincia-malaga-viernes-16-enero-2026-20260114000000-nt.html,diariosur.es,Spanish,1,-0.219753
2024-02-15,1.0295290742878165,1.0312698195844394,62.36781057414961,0.2733705636547259,1.5981335339207157,2.660003662109375,0,2026-01-16,"Precio de la gasolina y diésel en Málaga hoy , viernes 16 de enero : ¿ Dónde están las gasolineras más baratas ?",https://www.diariosur.es/economia/mibolsillo/precio-gasolina-diesel-provincia-malaga-viernes-16-enero-2026-20260114000000-nt.html,diariosur.es,Spanish,1,-0.219997
2024-02-16,1.0403917896515646,1.0457853398194656,66.13715654213193,0.3501835478571162,1.636123799599091,2.1299972534179688,0,2026-01-16,"Precio de la gasolina y diésel en Málaga hoy , viernes 16 de enero : ¿ Dónde están las gasolineras más baratas ?",https://www.diariosur.es/economia/mibolsillo/precio-gasolina-diesel-provincia-malaga-viernes-16-enero-2026-20260114000000-nt.html,diariosur.es,Spanish,1,-0.220242
2024-02-17,1.036404908787793,1.0449711444742282,66.13715654213193,0.3739381013565681,1.5192578139134416,0.0,0,2026-01-16,"Precio de la gasolina y diésel en Málaga hoy , viernes 16 de enero : ¿ Dónde están las gasolineras más baratas ?",https://www.diariosur.es/economia/mibolsillo/precio-gasolina-diesel-provincia-malaga-viernes-16-enero-2026-20260114000000-nt.html,diariosur.es,Spanish,1,-0.220487
2024-02-18,1.0328239695112305,1.043312184423352,66.13715654213192,0.3623391248841554,1.41073939863391,0.0,0,2026-01-16,"Precio de la gasolina y diésel en Málaga hoy , viernes 16 de enero : ¿ Dónde están las gasolineras más baratas ?",https://www.diariosur.es/economia/mibolsillo/precio-gasolina-diesel-provincia-malaga-viernes-16-enero-2026-20260114000000-nt.html,diariosur.es,Spanish,1,-0.220732
2024-02-19,1.029605328187324,1.0423714698302164,66.13715654213192,0.3283634340908835,1.309972298731488,0.0,0,2026-01-16,"Precio de la gasolina y diésel en Málaga hoy , viernes 16 de enero : ¿ Dónde están las gasolineras más baratas ?",https://www.diariosur.es/economia/mibolsillo/precio-gasolina-diesel-provincia-malaga-viernes-16-enero-2026-20260114000000-nt.html,diariosur.es,Spanish,1,-0.220977
2024-02-20,1.0148813154627834,1.027501241296355,59.19358630123517,0.2169391306513559,1.3685460547372743,2.1300048828125,0,2026-01-16,"Precio de la gasolina y diésel en Málaga hoy , viernes 16 de enero : ¿ Dónde están las gasolineras más baratas ?",https://www.diariosur.es/economia/mibolsillo/precio-gasolina-diesel-provincia-malaga-viernes-16-enero-2026-20260114000000-nt.html,diariosur.es,Spanish,1,-0.221223
2024-02-21,1.010281790392856,1.0212080408050406,57.45698197077254,0.1095435569652873,1.4036499515668666,1.7600021362304688,0,2026-01-16,"Precio de la gasolina y diésel en Málaga hoy , viernes 16 de enero : ¿ Dónde están las gasolineras más baratas ?",https://www.diariosur.es/economia/mibolsillo/precio-gasolina-diesel-provincia-malaga-viernes-16-enero-2026-20260114000000-nt.html,diariosur.es,Spanish,1,-0.221469
2024-02-22,1.0174829216395034,1.0261263528759372,60.67793923223316,0.0719560194653656,1.424103155884356,1.6899948120117188,0,2026-01-16,"Precio de la gasolina y diésel en Málaga hoy , viernes 16 de enero : ¿ Dónde están las gasolineras más baratas ?",https://www.diariosur.es/economia/mibolsillo/precio-gasolina-diesel-provincia-malaga-viernes-16-enero-2026-20260114000000-nt.html,diariosur.es,Spanish,1,-0.221715
2024-02-23,0.9909825695070922,0.9957171793502972,48.66169250901308,-0.100036587347059,1.4838102259090784,2.040000915527344,0,2026-01-16,"Precio de la gasolina y diésel en Málaga hoy , viernes 16 de enero : ¿ Dónde están las gasolineras más baratas ?",https://www.diariosur.es/economia/mibolsillo/precio-gasolina-diesel-provincia-malaga-viernes-16-enero-2026-20260114000000-nt.html,diariosur.es,Spanish,1,-0.221961
2024-02-24,0.991834359735606,0.992996164399257,48.66169250901308,-0.2117339249004854,1.3778237812012872,0.0,0,2026-01-16,"Precio de la gasolina y diésel en Málaga hoy , viernes 16 de enero : ¿ Dónde están las gasolineras más baratas ?",https://www.diariosur.es/economia/mibolsillo/precio-gasolina-diesel-provincia-malaga-viernes-16-enero-2026-20260114000000-nt.html,diariosur.es,Spanish,1,-0.222208
2024-02-25,0.9926062898200676,0.9906106079194756,48.66169250901308,-0.2793014123459783,1.2794077968297668,0.0,0,2026-01-16,"Precio de la gasolina y diésel en Málaga hoy , viernes 16 de enero : ¿ Dónde están las gasolineras más baratas ?",https://www.diariosur.es/economia/mibolsillo/precio-gasolina-diesel-provincia-malaga-viernes-16-enero-2026-20260114000000-nt.html,diariosur.es,Spanish,1,-0.222455
2024-02-26,1.006104311291181,1.0019566677172274,54.45379118818363,-0.2454690741794865,1.344450271442373,2.19000244140625,0,2026-01-16,"Precio de la gasolina y diésel en Málaga hoy , viernes 16 de enero : ¿ Dónde están las gasolineras más baratas ?",https://www.diariosur.es/economia/mibolsillo/precio-gasolina-diesel-provincia-malaga-viernes-16-enero-2026-20260114000000-nt.html,diariosur.es,Spanish,1,-0.222702
2024-02-27,1.0206143434406594,1.0153323633623703,60.17971301278883,-0.1365320251516245,1.3791325257003957,1.8300018310546875,0,2026-01-16,"Precio de la gasolina y diésel en Málaga hoy , viernes 16 de enero : ¿ Dónde están las gasolineras más baratas ?",https://www.diariosur.es/economia/mibolsillo/precio-gasolina-diesel-provincia-malaga-viernes-16-enero-2026-20260114000000-nt.html,diariosur.es,Spanish,1,-0.22295
2024-02-28,1.014764416885108,1.009576461707086,58.16521190490779,-0.0893050650580113,1.4120519143850214,1.840003967285156,0,2026-01-16,"Precio de la gasolina y diésel en Málaga hoy , viernes 16 de enero : ¿ Dónde están las gasolineras más baratas ?",https://www.diariosur.es/economia/mibolsillo/precio-gasolina-diesel-provincia-malaga-viernes-16-enero-2026-20260114000000-nt.html,diariosur.es,Spanish,1,-0.223198
2024-02-29,1.010074445537528,1.005059997536364,56.43889558307858,-0.0798378862174996,1.4069050874925646,1.339996337890625,0,2026-01-16,"Precio de la gasolina y diésel en Málaga hoy , viernes 16 de enero : ¿ Dónde están las gasolineras más baratas ?",https://www.diariosur.es/economia/mibolsillo/precio-gasolina-diesel-provincia-malaga-viernes-16-enero-2026-20260114000000-nt.html,diariosur.es,Spanish,1,-0.223446
2024-03-01,1.0289946305301452,1.0249607561295362,63.55331574044678,0.0326448894636464,1.50641153998333,2.799995422363281,0,2026-01-16,"Precio de la gasolina y diésel en Málaga hoy , viernes 16 de enero : ¿ Dónde están las gasolineras más baratas ?",https://www.diariosur.es/economia/mibolsillo/precio-gasolina-diesel-provincia-malaga-viernes-16-enero-2026-20260114000000-nt.html,diariosur.es,Spanish,1,-0.223694
2024-03-02,1.026160996344103,1.022908969757037,63.55331574044678,0.0945967615227055,1.3988107156988066,0.0,0,2026-01-16,"Precio de la gasolina y diésel en Málaga hoy , viernes 16 de enero : ¿ Dónde están las gasolineras más baratas ?",https://www.diariosur.es/economia/mibolsillo/precio-gasolina-diesel-provincia-malaga-viernes-16-enero-2026-20260114000000-nt.html,diariosur.es,Spanish,1,-0.223943
2024-03-03,1.0236106464033083,1.0209175132935977,63.55331574044678,0.1214136174793083,1.2988956645774632,0.0,0,2026-01-16,"Precio de la gasolina y diésel en Málaga hoy , viernes 16 de enero : ¿ Dónde están las gasolineras más baratas ?",https://www.diariosur.es/economia/mibolsillo/precio-gasolina-diesel-provincia-malaga-viernes-16-enero-2026-20260114000000-nt.html,diariosur.es,Spanish,1,-0.224192
2024-03-04,1.0071121493448354,1.0046570602523384,55.42156787180257,0.0460300751981799,1.338260695930189,1.850006103515625,0,2026-01-16,"Precio de la gasolina y diésel en Málaga hoy , viernes 16 de enero : ¿ Dónde están las gasolineras más baratas ?",https://www.diariosur.es/economia/mibolsillo/precio-gasolina-diesel-provincia-malaga-viernes-16-enero-2026-20260114000000-nt.html,diariosur.es,Spanish,1,-0.224441
2024-03-05,0.999607217165135,0.9961695675548206,51.9855453806034,-0.0487201259659133,1.383385019128256,1.970001220703125,0,2026-01-16,"Precio de la gasolina y diésel en Málaga hoy , viernes 16 de enero : ¿ Dónde están las gasolineras más baratas ?",https://www.diariosur.es/economia/mibolsillo/precio-gasolina-diesel-provincia-malaga-viernes-16-enero-2026-20260114000000-nt.html,diariosur.es,Spanish,1,-0.224691
2024-03-06,1.0109731323447075,1.0079548114928143,56.7788304104458,-0.0503377427608703,1.4760003967030793,2.680000305175781,0,2026-01-16,"Precio de la gasolina y diésel en Málaga hoy , viernes 16 de enero : ¿ Dónde están las gasolineras más baratas ?",https://www.diariosur.es/economia/mibolsillo/precio-gasolina-diesel-provincia-malaga-viernes-16-enero-2026-20260114000000-nt.html,diariosur.es,Spanish,1,-0.224941
2024-03-07,1.0076101397053916,1.005573776025774,55.55982401008935,-0.0686865077981536,1.478429092383607,1.5100021362304688,0,2026-01-16,"Precio de la gasolina y diésel en Málaga hoy , viernes 16 de enero : ¿ Dónde están las gasolineras más baratas ?",https://www.diariosur.es/economia/mibolsillo/precio-gasolina-diesel-provincia-malaga-viernes-16-enero-2026-20260114000000-nt.html,diariosur.es,Spanish,1,-0.225191
2024-03-08,0.9962578449435492,0.9946005401833256,50.21869304461238,-0.1423524052403809,1.546398464725905,2.430000305175781,0,2026-01-16,"Precio de la gasolina y diésel en Málaga hoy , viernes 16 de enero : ¿ Dónde están las gasolineras más baratas ?",https://www.diariosur.es/economia/mibolsillo/precio-gasolina-diesel-provincia-malaga-viernes-16-enero-2026-20260114000000-nt.html,diariosur.es,Spanish,1,-0.225441
2024-03-09,0.9966130335628705,0.9953492715507468,50.21869304461238,-0.187791737746949,1.4359414315311976,0.0,0,2026-01-16,"Precio de la gasolina y diésel en Málaga hoy , viernes 16 de enero : ¿ Dónde están las gasolineras más baratas ?",https://www.diariosur.es/economia/mibolsillo/precio-gasolina-diesel-provincia-malaga-viernes-16-enero-2026-20260114000000-nt.html,diariosur.es,Spanish,1,-0.225692
2024-03-10,0.9969346129985122,0.9960991310514684,50.21869304461238,-0.212729185939668,1.3333741864218265,0.0,0,2026-01-16,"Precio de la gasolina y diésel en Málaga hoy , viernes 16 de enero : ¿ Dónde están las gasolineras más baratas ?",https://www.diariosur.es/economia/mibolsillo/precio-gasolina-diesel-provincia-malaga-viernes-16-enero-2026-20260114000000-nt.html,diariosur.es,Spanish,1,-0.225943
2024-03-11,0.9963000952749496,0.9952364490167612,49.69978087750511,-0.2281298651041222,1.3581331949042517,1.6800003051757812,0,2026-01-16,"Precio de la gasolina y diésel en Málaga hoy , viernes 16 de enero : ¿ Dónde están las gasolineras más baratas ?",https://www.diariosur.es/economia/mibolsillo/precio-gasolina-diesel-provincia-malaga-viernes-16-enero-2026-20260114000000-nt.html,diariosur.es,Spanish,1,-0.226194
2024-03-12,0.9923665258503837,0.9907326034324544,47.26714278563606,-0.2547329799747897,1.360409896628446,1.3900070190429688,0,2026-01-16,"Precio de la gasolina y diésel en Málaga hoy , viernes 16 de enero : ¿ Dónde están las gasolineras más baratas ?",https://www.diariosur.es/economia/mibolsillo/precio-gasolina-diesel-provincia-malaga-viernes-16-enero-2026-20260114000000-nt.html,diariosur.es,Spanish,1,-0.226445
2024-03-13,1.0180638944798466,1.017602543343153,59.67576120806711,-0.1249232988428501,1.4303809016753537,2.3300018310546875,0,2026-01-16,"Precio de la gasolina y diésel en Málaga hoy , viernes 16 de enero : ¿ Dónde están las gasolineras más baratas ?",https://www.diariosur.es/economia/mibolsillo/precio-gasolina-diesel-provincia-malaga-viernes-16-enero-2026-20260114000000-nt.html,diariosur.es,Spanish,1,-0.226697
2024-03-14,1.0340148625693997,1.0341119698727683,65.84639595822135,0.056835653238893,1.4746396266812436,2.0500030517578125,0,2026-01-16,"Precio de la gasolina y diésel en Málaga hoy , viernes 16 de enero : ¿ Dónde están las gasolineras más baratas ?",https://www.diariosur.es/economia/mibolsillo/precio-gasolina-diesel-provincia-malaga-viernes-16-enero-2026-20260114000000-nt.html,diariosur.es,Spanish,1,-0.226949
2024-03-15,1.0281587894370576,1.0283350484392535,64.33186348574708,0.1491785327180773,1.4378795879520587,0.9599990844726562,0,2026-01-16,"Precio de la gasolina y diésel en Málaga hoy , viernes 16 de enero : ¿ Dónde están las gasolineras más baratas ?",https://www.diariosur.es/economia/mibolsillo/precio-gasolina-diesel-provincia-malaga-viernes-16-enero-2026-20260114000000-nt.html,diariosur.es,Spanish,1,-0.227201
2024-03-16,1.0254088587569976,1.0253749945664294,64.33186348574708,0.1943363397260289,1.3351739030983405,0.0,0,2026-01-16,"Precio de la gasolina y diésel en Málaga hoy , viernes 16 de enero : ¿ Dónde están las gasolineras más baratas ?",https://www.diariosur.es/economia/mibolsillo/precio-gasolina-diesel-provincia-malaga-viernes-16-enero-2026-20260114000000-nt.html,diariosur.es,Spanish,1,-0.227454
2024-03-17,1.0229334709397675,1.023135436125088,64.33186348574708,0.2071092787442413,1.239804338591316,0.0,0,2026-01-16,"Precio de la gasolina y diésel en Málaga hoy , viernes 16 de enero : ¿ Dónde están las gasolineras más baratas ?",https://www.diariosur.es/economia/mibolsillo/precio-gasolina-diesel-provincia-malaga-viernes-16-enero-2026-20260114000000-nt.html,diariosur.es,Spanish,1,-0.227707
2024-03-18,1.0397684711793835,1.04181360737862,70.7488102373782,0.3056560820851361,1.2998179002390904,2.079994201660156,0,2026-01-16,"Precio de la gasolina y diésel en Málaga hoy , viernes 16 de enero : ¿ Dónde están las gasolineras más baratas ?",https://www.diariosur.es/economia/mibolsillo/precio-gasolina-diesel-provincia-malaga-viernes-16-enero-2026-20260114000000-nt.html,diariosur.es,Spanish,1,-0.22796
2024-03-19,1.0443028877421638,1.04800588105123,73.07744252194267,0.3927511967306374,1.3112594133986308,1.4599990844726562,0,2026-01-16,"Precio de la gasolina y diésel en Málaga hoy , viernes 16 de enero : ¿ Dónde están las gasolineras más baratas ?",https://www.diariosur.es/economia/mibolsillo/precio-gasolina-diesel-provincia-malaga-viernes-16-enero-2026-20260114000000-nt.html,diariosur.es,Spanish,1,-0.228213
2024-03-20,1.0197802331593775,1.023334476806562,60.664644017241976,0.3051108609839343,1.3625979395342198,1.7699966430664062,0,2026-01-16,"Precio de la gasolina y diésel en Málaga hoy , viernes 16 de enero : ¿ Dónde están las gasolineras más baratas ?",https://www.diariosur.es/economia/mibolsillo/precio-gasolina-diesel-provincia-malaga-viernes-16-enero-2026-20260114000000-nt.html,diariosur.es,Spanish,1,-0.228467
2024-03-21,1.0109930913120777,1.014992632950288,57.10487938402864,0.1871534347489304,1.38098345222374,1.6199951171875,0,2026-01-16,"Precio de la gasolina y diésel en Málaga hoy , viernes 16 de enero : ¿ Dónde están las gasolineras más baratas ?",https://www.diariosur.es/economia/mibolsillo/precio-gasolina-diesel-provincia-malaga-viernes-16-enero-2026-20260114000000-nt.html,diariosur.es,Spanish,1,-0.228721
2024-03-22,1.0049789976996266,1.0090669207713512,54.61539059698849,0.0667996921944747,1.3559131184432496,1.029998779296875,0,2026-01-16,"Precio de la gasolina y diésel en Málaga hoy , viernes 16 de enero : ¿ Dónde están las gasolineras más baratas ?",https://www.diariosur.es/economia/mibolsillo/precio-gasolina-diesel-provincia-malaga-viernes-16-enero-2026-20260114000000-nt.html,diariosur.es,Spanish,1,-0.228975
2024-03-23,1.0045026723191748,1.0086503629408483,54.61539059698849,-0.0208191950709113,1.259062181411589,0.0,0,2026-01-16,"Precio de la gasolina y diésel en Málaga hoy , viernes 16 de enero : ¿ Dónde están las gasolineras más baratas ?",https://www.diariosur.es/economia/mibolsillo/precio-gasolina-diesel-provincia-malaga-viernes-16-enero-2026-20260114000000-nt.html,diariosur.es,Spanish,1,-0.22923
2024-03-24,1.004072100161855,1.0074593863649577,54.61539059698849,-0.0832799312099705,1.1691291684536185,0.0,0,2026-01-16,"Precio de la gasolina y diésel en Málaga hoy , viernes 16 de enero : ¿ Dónde están las gasolineras más baratas ?",https://www.diariosur.es/economia/mibolsillo/precio-gasolina-diesel-provincia-malaga-viernes-16-enero-2026-20260114000000-nt.html,diariosur.es,Spanish,1,-0.229485
2024-03-25,1.0185203451946838,1.0215274546576916,60.98788227165211,-0.0422686220448313,1.2206204434957149,1.8900070190429688,0,2026-01-16,"Precio de la gasolina y diésel en Málaga hoy , viernes 16 de enero : ¿ Dónde están las gasolineras más baratas ?",https://www.diariosur.es/economia/mibolsillo/precio-gasolina-diesel-provincia-malaga-viernes-16-enero-2026-20260114000000-nt.html,diariosur.es,Spanish,1,-0.22974
2024-03-26,1.0130278651273696,1.0158374873403064,58.766379933145146,-0.0437553371113734,1.214861796792338,1.1399993896484375,0,2026-01-16,"Precio de la gasolina y diésel en Málaga hoy , viernes 16 de enero : ¿ Dónde están las gasolineras más baratas ?",https://www.diariosur.es/economia/mibolsillo/precio-gasolina-diesel-provincia-malaga-viernes-16-enero-2026-20260114000000-nt.html,diariosur.es,Spanish,1,-0.229995
2024-03-27,1.0087470511510055,1.0109545764527437,56.93886457731421,-0.0678729099841767,1.2130855835937222,1.1899948120117188,0,2026-01-16,"Precio de la gasolina y diésel en Málaga hoy , viernes 16 de enero : ¿ Dónde están las gasolineras más baratas ?",https://www.diariosur.es/economia/mibolsillo/precio-gasolina-diesel-provincia-malaga-viernes-16-enero-2026-20260114000000-nt.html,diariosur.es,Spanish,1,-0.230251
2024-03-28,1.0282485565041248,1.030268848913652,64.86940769290378,0.0286230835779389,1.2592937997907108,1.69000244140625,0,2026-01-16,"Precio de la gasolina y diésel en Málaga hoy , viernes 16 de enero : ¿ Dónde están las gasolineras más baratas ?",https://www.diariosur.es/economia/mibolsillo/precio-gasolina-diesel-provincia-malaga-viernes-16-enero-2026-20260114000000-nt.html,diariosur.es,Spanish,1,-0.230507
2024-03-29,1.0254896420187003,1.0269866262722502,64.86940769290378,0.0794454780039118,1.169344242662803,0.0,0,2026-01-16,"Precio de la gasolina y diésel en Málaga hoy , viernes 16 de enero : ¿ Dónde están las gasolineras más baratas ?",https://www.diariosur.es/economia/mibolsillo/precio-gasolina-diesel-provincia-malaga-viernes-16-enero-2026-20260114000000-nt.html,diariosur.es,Spanish,1,-0.230763
2024-03-30,1.023006207541259,1.0237252501777954,64.86940769290378,0.0987952791256419,1.0858196539011742,0.0,0,2026-01-16,"Precio de la gasolina y diésel en Málaga hoy , viernes 16 de enero : ¿ Dónde están las gasolineras más baratas ?",https://www.diariosur.es/economia/mibolsillo/precio-gasolina-diesel-provincia-malaga-viernes-16-enero-2026-20260114000000-nt.html,diariosur.es,Spanish,1,-0.23102
2024-03-31,1.020769632492028,1.0204344391421,64.86940769290378,0.097179145515522,1.0082611071939476,0.0,0,2026-01-16,"Precio de la gasolina y diésel en Málaga hoy , viernes 16 de enero : ¿ Dónde están las gasolineras más baratas ?",https://www.diariosur.es/economia/mibolsillo/precio-gasolina-diesel-provincia-malaga-viernes-16-enero-2026-20260114000000-nt.html,diariosur.es,Spanish,1,-0.231277
2024-04-01,1.0247234520940949,1.0231995255473745,67.27467493829866,0.1167467965459168,1.071242413083554,1.8899993896484373,0,2026-01-16,"Precio de la gasolina y diésel en Málaga hoy , viernes 16 de enero : ¿ Dónde están las gasolineras más baratas ?",https://www.diariosur.es/economia/mibolsillo/precio-gasolina-diesel-provincia-malaga-viernes-16-enero-2026-20260114000000-nt.html,diariosur.es,Spanish,1,-0.231534
2024-04-02,1.0381636652716442,1.0373583243474351,72.65190233681268,0.2057361700390105,1.1225823061152531,1.6500015258789062,0,2026-01-16,"Precio de la gasolina y diésel en Málaga hoy , viernes 16 de enero : ¿ Dónde están las gasolineras más baratas ?",https://www.diariosur.es/economia/mibolsillo/precio-gasolina-diesel-provincia-malaga-viernes-16-enero-2026-20260114000000-nt.html,diariosur.es,Spanish,1,-0.231791
2024-04-03,1.037469331702508,1.0381325145977696,73.56157998631946,0.2590751261595585,1.1388263181156706,1.3499984741210938,0,2026-01-16,"Precio de la gasolina y diésel en Málaga hoy , viernes 16 de enero : ¿ Dónde están las gasolineras más baratas ?",https://www.diariosur.es/economia/mibolsillo/precio-gasolina-diesel-provincia-malaga-viernes-16-enero-2026-20260114000000-nt.html,diariosur.es,Spanish,1,-0.232049
2024-04-04,1.0464183679996584,1.0486922794734483,76.97811812266751,0.3428418593771538,1.2417674261827434,2.5800018310546875,0,2026-01-16,"Precio de la gasolina y diésel en Málaga hoy , viernes 16 de enero : ¿ Dónde están las gasolineras más baratas ?",https://www.diariosur.es/economia/mibolsillo/precio-gasolina-diesel-provincia-malaga-viernes-16-enero-2026-20260114000000-nt.html,diariosur.es,Spanish,1,-0.232307
2024-04-05,1.0452796249198124,1.0488397034898855,77.82929228026455,0.3869014202651963,1.2466410070692435,1.30999755859375,0,2026-01-16,"Precio de la gasolina y diésel en Málaga hoy , viernes 16 de enero : ¿ Dónde están las gasolineras más baratas ?",https://www.diariosur.es/economia/mibolsillo/precio-gasolina-diesel-provincia-malaga-viernes-16-enero-2026-20260114000000-nt.html,diariosur.es,Spanish,1,-0.232565
2024-04-06,1.0407913732056666,1.045137832933393,77.82929228026455,0.382459673371039,1.157595220850012,0.0,0,2026-01-16,"Precio de la gasolina y diésel en Málaga hoy , viernes 16 de enero : ¿ Dónde están las gasolineras más baratas ?",https://www.diariosur.es/economia/mibolsillo/precio-gasolina-diesel-provincia-malaga-viernes-16-enero-2026-20260114000000-nt.html,diariosur.es,Spanish,1,-0.232824
2024-04-07,1.0367636576546702,1.0425113844457377,77.82929228026455,0.3469793871380553,1.074909847932154,0.0,0,2026-01-16,"Precio de la gasolina y diésel en Málaga hoy , viernes 16 de enero : ¿ Dónde están las gasolineras más baratas ?",https://www.diariosur.es/economia/mibolsillo/precio-gasolina-diesel-provincia-malaga-viernes-16-enero-2026-20260114000000-nt.html,diariosur.es,Spanish,1,-0.233082
2024-04-08,1.0279988916239715,1.0349163105962031,72.78763170799476,0.2624811519225141,1.1702731468452032,2.409996032714844,0,2026-01-16,"Precio de la gasolina y diésel en Málaga hoy , viernes 16 de enero : ¿ Dónde están las gasolineras más baratas ?",https://www.diariosur.es/economia/mibolsillo/precio-gasolina-diesel-provincia-malaga-viernes-16-enero-2026-20260114000000-nt.html,diariosur.es,Spanish,1,-0.233342
2024-04-09,1.012402658393549,1.0183830335479724,61.97847191607012,0.1051423964361784,1.2216827091450435,1.8900070190429688,0,2026-01-16,"Precio de la gasolina y diésel en Málaga hoy , viernes 16 de enero : ¿ Dónde están las gasolineras más baratas ?",https://www.diariosur.es/economia/mibolsillo/precio-gasolina-diesel-provincia-malaga-viernes-16-enero-2026-20260114000000-nt.html,diariosur.es,Spanish,1,-0.233601
2024-04-10,1.021703957775118,1.0269391283172356,66.37066435543376,0.049278970470413,1.2651335300389803,1.829994201660156,0,2026-01-16,"Precio de la gasolina y diésel en Málaga hoy , viernes 16 de enero : ¿ Dónde están las gasolineras más baratas ?",https://www.diariosur.es/economia/mibolsillo/precio-gasolina-diesel-provincia-malaga-viernes-16-enero-2026-20260114000000-nt.html,diariosur.es,Spanish,1,-0.233861
2024-04-11,1.0068719713801322,1.0101225762471615,57.66028742004428,-0.0786497621291102,1.3026240575738637,1.7900009155273438,0,2026-01-16,"Precio de la gasolina y diésel en Málaga hoy , viernes 16 de enero : ¿ Dónde están las gasolineras más baratas ?",https://www.diariosur.es/economia/mibolsillo/precio-gasolina-diesel-provincia-malaga-viernes-16-enero-2026-20260114000000-nt.html,diariosur.es,Spanish,1,-0.234121
2024-04-12,1.013057128023481,1.0146945159954206,60.651264806180485,-0.1280752099874065,1.398865305309938,2.430000305175781,0,2026-01-16,"Precio de la gasolina y diésel en Málaga hoy , viernes 16 de enero : ¿ Dónde están las gasolineras más baratas ?",https://www.diariosur.es/economia/mibolsillo/precio-gasolina-diesel-provincia-malaga-viernes-16-enero-2026-20260114000000-nt.html,diariosur.es,Spanish,1,-0.234381
2024-04-13,1.011798919639885,1.011680544328117,60.65126480618048,-0.166257199654574,1.2989463549306568,0.0,0,2026-01-16,"Precio de la gasolina y diésel en Málaga hoy , viernes 16 de enero : ¿ Dónde están las gasolineras más baratas ?",https://www.diariosur.es/economia/mibolsillo/precio-gasolina-diesel-provincia-malaga-viernes-16-enero-2026-20260114000000-nt.html,diariosur.es,Spanish,1,-0.234641
2024-04-14,1.0106632306644947,1.0094689626672693,60.651264806180485,-0.1950115107700245,1.20616447243561,0.0,0,2026-01-16,"Precio de la gasolina y diésel en Málaga hoy , viernes 16 de enero : ¿ Dónde están las gasolineras más baratas ?",https://www.diariosur.es/economia/mibolsillo/precio-gasolina-diesel-provincia-malaga-viernes-16-enero-2026-20260114000000-nt.html,diariosur.es,Spanish,1,-0.234902
2024-04-15,1.0069738436616,1.0042800718181817,58.63057927919554,-0.2318593323854272,1.2671525500183345,2.05999755859375,0,2026-01-16,"Precio de la gasolina y diésel en Málaga hoy , viernes 16 de enero : ¿ Dónde están las gasolineras más baratas ?",https://www.diariosur.es/economia/mibolsillo/precio-gasolina-diesel-provincia-malaga-viernes-16-enero-2026-20260114000000-nt.html,diariosur.es,Spanish,1,-0.235163
2024-04-16,1.0057727737091773,1.001331430980946,58.212827079399176,-0.2585565935613327,1.2787845325295804,1.4300003051757812,0,2026-01-16,"Precio de la gasolina y diésel en Málaga hoy , viernes 16 de enero : ¿ Dónde están las gasolineras más baratas ?",https://www.diariosur.es/economia/mibolsillo/precio-gasolina-diesel-provincia-malaga-viernes-16-enero-2026-20260114000000-nt.html,diariosur.es,Spanish,1,-0.235425
2024-04-17,0.9767023311398464,0.9702836865740648,41.29371264594722,-0.444104830372074,1.3988712862398,2.959999084472656,0,2026-01-16,"Precio de la gasolina y diésel en Málaga hoy , viernes 16 de enero : ¿ Dónde están las gasolineras más baratas ?",https://www.diariosur.es/economia/mibolsillo/precio-gasolina-diesel-provincia-malaga-viernes-16-enero-2026-20260114000000-nt.html,diariosur.es,Spanish,1,-0.235687
2024-04-18,0.979303644121849,0.9710037164335144,41.56771573077967,-0.545533020817724,1.4353807416590554,1.910003662109375,0,2026-01-16,"Precio de la gasolina y diésel en Málaga hoy , viernes 16 de enero : ¿ Dónde están las gasolineras más baratas ?",https://www.diariosur.es/economia/mibolsillo/precio-gasolina-diesel-provincia-malaga-viernes-16-enero-2026-20260114000000-nt.html,diariosur.es,Spanish,1,-0.235949
2024-04-19,0.9856441135856224,0.9758330274898276,44.43058218302388,-0.5640637584252849,1.6528532406504846,4.479995727539063,0,2026-01-16,"Precio de la gasolina y diésel en Málaga hoy , viernes 16 de enero : ¿ Dónde están las gasolineras más baratas ?",https://www.diariosur.es/economia/mibolsillo/precio-gasolina-diesel-provincia-malaga-viernes-16-enero-2026-20260114000000-nt.html,diariosur.es,Spanish,1,-0.236211
2024-04-20,0.986993558101034,0.97585020745353,44.43058218302388,-0.5545439402770347,1.5347922948897357,0.0,0,2026-01-16,"Precio de la gasolina y diésel en Málaga hoy , viernes 16 de enero : ¿ Dónde están las gasolineras más baratas ?",https://www.diariosur.es/economia/mibolsillo/precio-gasolina-diesel-provincia-malaga-viernes-16-enero-2026-20260114000000-nt.html,diariosur.es,Spanish,1,-0.236474
2024-04-21,0.9882176719804764,0.9761767548542122,44.43058218302388,-0.5266777039961135,1.4251642738261832,0.0,0,2026-01-16,"Precio de la gasolina y diésel en Málaga hoy , viernes 16 de enero : ¿ Dónde están las gasolineras más baratas ?",https://www.diariosur.es/economia/mibolsillo/precio-gasolina-diesel-provincia-malaga-viernes-16-enero-2026-20260114000000-nt.html,diariosur.es,Spanish,1,-0.236736
2024-04-22,0.986201065106484,0.97408701848457,42.5872582123739,-0.5060798583220043,1.4305096828385988,1.5,0,2026-01-16,"Precio de la gasolina y diésel en Málaga hoy , viernes 16 de enero : ¿ Dónde están las gasolineras más baratas ?",https://www.diariosur.es/economia/mibolsillo/precio-gasolina-diesel-provincia-malaga-viernes-16-enero-2026-20260114000000-nt.html,diariosur.es,Spanish,1,-0.237
2024-04-23,0.9930027156138148,0.9812773248251284,46.76975344112218,-0.4389096879979725,1.5104734949042569,2.5500030517578125,0,2026-01-16,"Precio de la gasolina y diésel en Málaga hoy , viernes 16 de enero : ¿ Dónde están las gasolineras más baratas ?",https://www.diariosur.es/economia/mibolsillo/precio-gasolina-diesel-provincia-malaga-viernes-16-enero-2026-20260114000000-nt.html,diariosur.es,Spanish,1,-0.237263
2024-04-24,0.9877255040698824,0.9769765315213932,43.121393015178,-0.4127167489318214,1.493296576915839,1.2699966430664062,0,2026-01-16,"Precio de la gasolina y diésel en Málaga hoy , viernes 16 de enero : ¿ Dónde están las gasolineras más baratas ?",https://www.diariosur.es/economia/mibolsillo/precio-gasolina-diesel-provincia-malaga-viernes-16-enero-2026-20260114000000-nt.html,diariosur.es,Spanish,1,-0.237527
2024-04-25,0.9970952919338592,0.9878892669667964,49.03727735706508,-0.3290384860635586,1.5180613905136475,1.840003967285156,0,2026-01-16,"Precio de la gasolina y diésel en Málaga hoy , viernes 16 de enero : ¿ Dónde están las gasolineras más baratas ?",https://www.diariosur.es/economia/mibolsillo/precio-gasolina-diesel-provincia-malaga-viernes-16-enero-2026-20260114000000-nt.html,diariosur.es,Spanish,1,-0.237791
2024-04-26,1.0003944867937289,0.9929951223700968,51.05698027465576,-0.2435988363200228,1.4889141919306417,1.1100006103515625,0,2026-01-16,"Precio de la gasolina y diésel en Málaga hoy , viernes 16 de enero : ¿ Dónde están las gasolineras más baratas ?",https://www.diariosur.es/economia/mibolsillo/precio-gasolina-diesel-provincia-malaga-viernes-16-enero-2026-20260114000000-nt.html,diariosur.es,Spanish,1,-0.238055
2024-04-27,1.000356903213983,0.994797604443361,51.05698027465576,-0.178847727972258,1.38256317822131,0.0,0,2026-01-16,"Precio de la gasolina y diésel en Málaga hoy , viernes 16 de enero : ¿ Dónde están las gasolineras más baratas ?",https://www.diariosur.es/economia/mibolsillo/precio-gasolina-diesel-provincia-malaga-viernes-16-enero-2026-20260114000000-nt.html,diariosur.es,Spanish,1,-0.23832
2024-04-28,1.0003229014560258,0.9963224350481272,51.05698027465576,-0.1300505265142108,1.2838086654912166,0.0,0,2026-01-16,"Precio de la gasolina y diésel en Málaga hoy , viernes 16 de enero : ¿ Dónde están las gasolineras más baratas ?",https://www.diariosur.es/economia/mibolsillo/precio-gasolina-diesel-provincia-malaga-viernes-16-enero-2026-20260114000000-nt.html,diariosur.es,Spanish,1,-0.238585
2024-04-29,0.9871063119443048,0.9833450997370856,41.99898922973993,-0.1713721710536107,1.2999653419725918,1.5100021362304688,0,2026-01-16,"Precio de la gasolina y diésel en Málaga hoy , viernes 16 de enero : ¿ Dónde están las gasolineras más baratas ?",https://www.diariosur.es/economia/mibolsillo/precio-gasolina-diesel-provincia-malaga-viernes-16-enero-2026-20260114000000-nt.html,diariosur.es,Spanish,1,-0.23885
2024-04-30,0.9807294402949152,0.977504161540667,37.849820029746255,-0.2334363637979823,1.37496825351138,2.350006103515625,0,2026-01-16,"Precio de la gasolina y diésel en Málaga hoy , viernes 16 de enero : ¿ Dónde están las gasolineras más baratas ?",https://www.diariosur.es/economia/mibolsillo/precio-gasolina-diesel-provincia-malaga-viernes-16-enero-2026-20260114000000-nt.html,diariosur.es,Spanish,1,-0.239116
2024-05-01,0.950576146529932,0.9459435139508628,26.18773048331842,-0.4470296322200548,1.4981846978406452,2.7399978637695312,0,2026-01-16,"Precio de la gasolina y diésel en Málaga hoy , viernes 16 de enero : ¿ Dónde están las gasolineras más baratas ?",https://www.diariosur.es/economia/mibolsillo/precio-gasolina-diesel-provincia-malaga-viernes-16-enero-2026-20260114000000-nt.html,diariosur.es,Spanish,1,-0.239382
2024-05-02,0.954522142877977,0.9491578025865204,26.040271380418545,-0.5595879101230055,1.4975999239784228,1.4899978637695312,0,2026-01-16,"Precio de la gasolina y diésel en Málaga hoy , viernes 16 de enero : ¿ Dónde están las gasolineras más baratas ?",https://www.diariosur.es/economia/mibolsillo/precio-gasolina-diesel-provincia-malaga-viernes-16-enero-2026-20260114000000-nt.html,diariosur.es,Spanish,1,-0.239648
2024-05-03,0.9493967286052402,0.943340406489357,23.63283352212231,-0.6520590343326763,1.5099140843332006,1.6699981689453125,0,2026-01-16,"Precio de la gasolina y diésel en Málaga hoy , viernes 16 de enero : ¿ Dónde están las gasolineras más baratas ?",https://www.diariosur.es/economia/mibolsillo/precio-gasolina-diesel-provincia-malaga-viernes-16-enero-2026-20260114000000-nt.html,diariosur.es,Spanish,1,-0.239914
2024-05-04,0.953994370131032,0.947660885334293,23.63283352212231,-0.6719996522910687,1.4020630783094006,0.0,0,2026-01-16,"Precio de la gasolina y diésel en Málaga hoy , viernes 16 de enero : ¿ Dónde están las gasolineras más baratas ?",https://www.diariosur.es/economia/mibolsillo/precio-gasolina-diesel-provincia-malaga-viernes-16-enero-2026-20260114000000-nt.html,diariosur.es,Spanish,1,-0.240181
2024-05-05,0.9581926803974624,0.9518761008413338,23.63283352212231,-0.6439026107977426,1.3019157155730148,0.0,0,2026-01-16,"Precio de la gasolina y diésel en Málaga hoy , viernes 16 de enero : ¿ Dónde están las gasolineras más baratas ?",https://www.diariosur.es/economia/mibolsillo/precio-gasolina-diesel-provincia-malaga-viernes-16-enero-2026-20260114000000-nt.html,diariosur.es,Spanish,1,-0.240448
2024-05-06,0.9661608510562192,0.9604112289879984,27.32900646005024,-0.5620890931563656,1.2932069270164603,1.17999267578125,0,2026-01-16,"Precio de la gasolina y diésel en Málaga hoy , viernes 16 de enero : ¿ Dónde están las gasolineras más baratas ?",https://www.diariosur.es/economia/mibolsillo/precio-gasolina-diesel-provincia-malaga-viernes-16-enero-2026-20260114000000-nt.html,diariosur.es,Spanish,1,-0.240715
2024-05-07,0.9681633789688596,0.961723663617686,26.949341940884253,-0.4796096807562597,1.316548940600106,1.6199951171875,0,2026-01-16,"Precio de la gasolina y diésel en Málaga hoy , viernes 16 de enero : ¿ Dónde están las gasolineras más baratas ?",https://www.diariosur.es/economia/mibolsillo/precio-gasolina-diesel-provincia-malaga-viernes-16-enero-2026-20260114000000-nt.html,diariosur.es,Spanish,1,-0.240983
2024-05-08,0.97796166192817,0.9714373387230426,33.05822536341228,-0.3546325082593322,1.3925095343728109,2.3799972534179688,0,2026-01-16,"Precio de la gasolina y diésel en Málaga hoy , viernes 16 de enero : ¿ Dónde están las gasolineras más baratas ?",https://www.diariosur.es/economia/mibolsillo/precio-gasolina-diesel-provincia-malaga-viernes-16-enero-2026-20260114000000-nt.html,diariosur.es,Spanish,1,-0.241251
2024-05-09,0.9830548876869036,0.9770891072629244,35.62438770752044,-0.2304595657190391,1.356615952606784,0.8899993896484375,0,2026-01-16,"Precio de la gasolina y diésel en Málaga hoy , viernes 16 de enero : ¿ Dónde están las gasolineras más baratas ?",https://www.diariosur.es/economia/mibolsillo/precio-gasolina-diesel-provincia-malaga-viernes-16-enero-2026-20260114000000-nt.html,diariosur.es,Spanish,1,-0.241519
2024-05-10,0.9733726000671884,0.9676721662418518,30.89986882329275,-0.1938234915085286,1.3897147913366008,1.8199996948242188,0,2026-01-16,"Precio de la gasolina y diésel en Málaga hoy , viernes 16 de enero : ¿ Dónde están las gasolineras más baratas ?",https://www.diariosur.es/economia/mibolsillo/precio-gasolina-diesel-provincia-malaga-viernes-16-enero-2026-20260114000000-nt.html,diariosur.es,Spanish,1,-0.241787
2024-05-11,0.975847293033374,0.9706004858814568,30.89986882329275,-0.1497149272832676,1.2904494490982723,0.0,0,2026-01-16,"Precio de la gasolina y diésel en Málaga hoy , viernes 16 de enero : ¿ Dónde están las gasolineras más baratas ?",https://www.diariosur.es/economia/mibolsillo/precio-gasolina-diesel-provincia-malaga-viernes-16-enero-2026-20260114000000-nt.html,diariosur.es,Spanish,1,-0.242056
2024-05-12,0.9780971686809968,0.9733710065746392,30.89986882329275,-0.1028937643020733,1.1982744884483958,0.0,0,2026-01-16,"Precio de la gasolina y diésel en Málaga hoy , viernes 16 de enero : ¿ Dónde están las gasolineras más baratas ?",https://www.diariosur.es/economia/mibolsillo/precio-gasolina-diesel-provincia-malaga-viernes-16-enero-2026-20260114000000-nt.html,diariosur.es,Spanish,1,-0.242325
2024-05-13,0.98989709755925,0.9866690295028436,39.51584705537033,-0.0017090941677047,1.2348262453072716,1.7099990844726562,0,2026-01-16,"Precio de la gasolina y diésel en Málaga hoy , viernes 16 de enero : ¿ Dónde están las gasolineras más baratas ?",https://www.diariosur.es/economia/mibolsillo/precio-gasolina-diesel-provincia-malaga-viernes-16-enero-2026-20260114000000-nt.html,diariosur.es,Spanish,1,-0.242595
2024-05-14,0.9783582599333585,0.975865974737805,33.72367293618986,0.0031661472713182,1.268052724088337,1.6999969482421875,0,2026-01-16,"Precio de la gasolina y diésel en Málaga hoy , viernes 16 de enero : ¿ Dónde están las gasolineras más baratas ?",https://www.diariosur.es/economia/mibolsillo/precio-gasolina-diesel-provincia-malaga-viernes-16-enero-2026-20260114000000-nt.html,diariosur.es,Spanish,1,-0.242864
2024-05-15,0.9873232891227433,0.9865436777920378,39.05830758955655,0.0565423537170568,1.3360490452751077,2.220001220703125,0,2026-01-16,"Precio de la gasolina y diésel en Málaga hoy , viernes 16 de enero : ¿ Dónde están las gasolineras más baratas ?",https://www.diariosur.es/economia/mibolsillo/precio-gasolina-diesel-provincia-malaga-viernes-16-enero-2026-20260114000000-nt.html,diariosur.es,Spanish,1,-0.243134
2024-05-16,0.9953448095057008,0.9969612168100662,43.846109586029606,0.1367532589285538,1.3584742224610933,1.6500015258789062,0,2026-01-16,"Precio de la gasolina y diésel en Málaga hoy , viernes 16 de enero : ¿ Dónde están las gasolineras más baratas ?",https://www.diariosur.es/economia/mibolsillo/precio-gasolina-diesel-provincia-malaga-viernes-16-enero-2026-20260114000000-nt.html,diariosur.es,Spanish,1,-0.243405
2024-05-17,1.0052192349592712,1.009813041918857,49.72963680714133,0.2439444600484903,1.342868877260189,1.1399993896484375,0,2026-01-16,"Precio de la gasolina y diésel en Málaga hoy , viernes 16 de enero : ¿ Dónde están las gasolineras más baratas ?",https://www.diariosur.es/economia/mibolsillo/precio-gasolina-diesel-provincia-malaga-viernes-16-enero-2026-20260114000000-nt.html,diariosur.es,Spanish,1,-0.243675
2024-05-18,1.0047198188827966,1.0122324826730849,49.72963680714134,0.3089029583593923,1.2469496717416044,0.0,0,2026-01-16,"Precio de la gasolina y diésel en Málaga hoy , viernes 16 de enero : ¿ Dónde están las gasolineras más baratas ?",https://www.diariosur.es/economia/mibolsillo/precio-gasolina-diesel-provincia-malaga-viernes-16-enero-2026-20260114000000-nt.html,diariosur.es,Spanish,1,-0.243946
2024-05-19,1.004268393651582,1.0138797125332564,49.72963680714134,0.3432815325859641,1.1578818380457756,0.0,0,2026-01-16,"Precio de la gasolina y diésel en Málaga hoy , viernes 16 de enero : ¿ Dónde están las gasolineras más baratas ?",https://www.diariosur.es/economia/mibolsillo/precio-gasolina-diesel-provincia-malaga-viernes-16-enero-2026-20260114000000-nt.html,diariosur.es,Spanish,1,-0.244217
2024-05-20,1.0009110406579624,1.0119519763440636,47.77138336419402,0.3393163710760422,1.1773188714122045,1.4300003051757812,0,2026-01-16,"Precio de la gasolina y diésel en Málaga hoy , viernes 16 de enero : ¿ Dónde están las gasolineras más baratas ?",https://www.diariosur.es/economia/mibolsillo/precio-gasolina-diesel-provincia-malaga-viernes-16-enero-2026-20260114000000-nt.html,diariosur.es,Spanish,1,-0.244489
2024-05-21,0.9946932752509414,1.0049384998474808,43.904364310438126,0.2928832336635574,1.216081896361556,1.6399993896484375,0,2026-01-16,"Precio de la gasolina y diésel en Málaga hoy , viernes 16 de enero : ¿ Dónde están las gasolineras más baratas ?",https://www.diariosur.es/economia/mibolsillo/precio-gasolina-diesel-provincia-malaga-viernes-16-enero-2026-20260114000000-nt.html,diariosur.es,Spanish,1,-0.244761
2024-05-22,0.9759487462528168,0.9843721170205816,34.49360613791279,0.1482081425850068,1.2727904849236211,1.160003662109375,0,2026-01-16,"Precio de la gasolina y diésel en Málaga hoy , viernes 16 de enero : ¿ Dónde están las gasolineras más baratas ?",https://www.diariosur.es/economia/mibolsillo/precio-gasolina-diesel-provincia-malaga-viernes-16-enero-2026-20260114000000-nt.html,diariosur.es,Spanish,1,-0.245033
2024-05-23,0.9701777540491489,0.9762571813318596,31.4834265178729,0.0123830469540746,1.3411628329243337,2.2300033569335938,0,2026-01-16,"Precio de la gasolina y diésel en Málaga hoy , viernes 16 de enero : ¿ Dónde están las gasolineras más baratas ?",https://www.diariosur.es/economia/mibolsillo/precio-gasolina-diesel-provincia-malaga-viernes-16-enero-2026-20260114000000-nt.html,diariosur.es,Spanish,1,-0.245305
2024-05-24,0.9826926413479832,0.9872967577331624,38.50160306620572,-0.0118860037154344,1.3810798824210888,1.9000015258789065,0,2026-01-16,"Precio de la gasolina y diésel en Málaga hoy , viernes 16 de enero : ¿ Dónde están las gasolineras más baratas ?",https://www.diariosur.es/economia/mibolsillo/precio-gasolina-diesel-provincia-malaga-viernes-16-enero-2026-20260114000000-nt.html,diariosur.es,Spanish,1,-0.245578
2024-05-25,0.9843151074996112,0.9875413845973684,38.50160306620572,-0.0191794891242599,1.282431319391011,0.0,0,2026-01-16,"Precio de la gasolina y diésel en Málaga hoy , viernes 16 de enero : ¿ Dónde están las gasolineras más baratas ?",https://www.diariosur.es/economia/mibolsillo/precio-gasolina-diesel-provincia-malaga-viernes-16-enero-2026-20260114000000-nt.html,diariosur.es,Spanish,1,-0.245851
2024-05-26,0.9857876764265596,0.9880184439066136,38.50160306620572,-0.0154069686067069,1.1908290822916532,0.0,0,2026-01-16,"Precio de la gasolina y diésel en Málaga hoy , viernes 16 de enero : ¿ Dónde están las gasolineras más baratas ?",https://www.diariosur.es/economia/mibolsillo/precio-gasolina-diesel-provincia-malaga-viernes-16-enero-2026-20260114000000-nt.html,diariosur.es,Spanish,1,-0.246124
2024-05-27,0.9871238024157958,0.988433102685074,38.50160306620572,-0.0048611361200034,1.1057698621279637,0.0,0,2026-01-16,"Precio de la gasolina y diésel en Málaga hoy , viernes 16 de enero : ¿ Dónde están las gasolineras más baratas ?",https://www.diariosur.es/economia/mibolsillo/precio-gasolina-diesel-provincia-malaga-viernes-16-enero-2026-20260114000000-nt.html,diariosur.es,Spanish,1,-0.246398
2024-05-28,1.012580297095264,1.014725803390006,54.17422453543955,0.144043636242005,1.2125004772703305,2.5999984741210938,0,2026-01-16,"Precio de la gasolina y diésel en Málaga hoy , viernes 16 de enero : ¿ Dónde están las gasolineras más baratas ?",https://www.diariosur.es/economia/mibolsillo/precio-gasolina-diesel-provincia-malaga-viernes-16-enero-2026-20260114000000-nt.html,diariosur.es,Spanish,1,-0.246672
2024-05-29,1.0044943512673652,1.007118374370487,50.25241050078607,0.1985891623359879,1.2423222205233424,1.6300048828125,0,2026-01-16,"Precio de la gasolina y diésel en Málaga hoy , viernes 16 de enero : ¿ Dónde están las gasolineras más baratas ?",https://www.diariosur.es/economia/mibolsillo/precio-gasolina-diesel-provincia-malaga-viernes-16-enero-2026-20260114000000-nt.html,diariosur.es,Spanish,1,-0.246946
2024-05-30,0.9889119939181524,0.9905597756616104,42.89522637241388,0.1447313535789217,1.2814421273093426,1.7900009155273438,0,2026-01-16,"Precio de la gasolina y diésel en Málaga hoy , viernes 16 de enero : ¿ Dónde están las gasolineras más baratas ?",https://www.diariosur.es/economia/mibolsillo/precio-gasolina-diesel-provincia-malaga-viernes-16-enero-2026-20260114000000-nt.html,diariosur.es,Spanish,1,-0.247221
2024-05-31,0.9793577574757284,0.9796536051628912,38.648195967438426,0.050948553973685,1.3291965880470125,1.9500045776367188,0,2026-01-16,"Precio de la gasolina y diésel en Málaga hoy , viernes 16 de enero : ¿ Dónde están las gasolineras más baratas ?",https://www.diariosur.es/economia/mibolsillo/precio-gasolina-diesel-provincia-malaga-viernes-16-enero-2026-20260114000000-nt.html,diariosur.es,Spanish,1,-0.247495
2024-06-01,0.981286896724116,0.9804458091325268,38.64819596743841,-0.0043457084071388,1.2342539746150831,0.0,0,2026-01-16,"Precio de la gasolina y diésel en Málaga hoy , viernes 16 de enero : ¿ Dónde están las gasolineras más baratas ?",https://www.diariosur.es/economia/mibolsillo/precio-gasolina-diesel-provincia-malaga-viernes-16-enero-2026-20260114000000-nt.html,diariosur.es,Spanish,1,-0.247771
2024-06-02,0.9830388689029722,0.9817773450831788,38.64819596743841,-0.0326075799506233,1.1460929764282914,0.0,0,2026-01-16,"Precio de la gasolina y diésel en Málaga hoy , viernes 16 de enero : ¿ Dónde están las gasolineras más baratas ?",https://www.diariosur.es/economia/mibolsillo/precio-gasolina-diesel-provincia-malaga-viernes-16-enero-2026-20260114000000-nt.html,diariosur.es,Spanish,1,-0.248046
2024-06-03,0.952417075998738,0.9487530298472642,28.16262178291447,-0.2191449338875843,1.3170858556929002,3.5399932861328125,0,2026-01-16,"Precio de la gasolina y diésel en Málaga hoy , viernes 16 de enero : ¿ Dónde están las gasolineras más baratas ?",https://www.diariosur.es/economia/mibolsillo/precio-gasolina-diesel-provincia-malaga-viernes-16-enero-2026-20260114000000-nt.html,diariosur.es,Spanish,1,-0.248322
2024-06-04,0.9453745504134162,0.939584394901529,25.54860755377308,-0.3797367191808974,1.3472938562698022,1.649993896484375,0,2026-01-16,"Precio de la gasolina y diésel en Málaga hoy , viernes 16 de enero : ¿ Dónde están las gasolineras más baratas ?",https://www.diariosur.es/economia/mibolsillo/precio-gasolina-diesel-provincia-malaga-viernes-16-enero-2026-20260114000000-nt.html,diariosur.es,Spanish,1,-0.248598
2024-06-05,0.9599842485505125,0.9532573072449712,31.349621307210896,-0.4005486644908729,1.3589158762669926,1.5100021362304688,0,2026-01-16,"Precio de la gasolina y diésel en Málaga hoy , viernes 16 de enero : ¿ Dónde están las gasolineras más baratas ?",https://www.diariosur.es/economia/mibolsillo/precio-gasolina-diesel-provincia-malaga-viernes-16-enero-2026-20260114000000-nt.html,diariosur.es,Spanish,1,-0.248874
2024-06-06,0.9811125622696546,0.97513442614608,40.379111079561184,-0.2896254942655583,1.3854221248860357,1.7300033569335938,0,2026-01-16,"Precio de la gasolina y diésel en Málaga hoy , viernes 16 de enero : ¿ Dónde están las gasolineras más baratas ?",https://www.diariosur.es/economia/mibolsillo/precio-gasolina-diesel-provincia-malaga-viernes-16-enero-2026-20260114000000-nt.html,diariosur.es,Spanish,1,-0.249151
2024-06-07,0.9826446778539052,0.9777346023733926,40.30195127999901,-0.1970149491610591,1.360749181360415,1.0400009155273438,0,2026-01-16,"Precio de la gasolina y diésel en Málaga hoy , viernes 16 de enero : ¿ Dónde están las gasolineras más baratas ?",https://www.diariosur.es/economia/mibolsillo/precio-gasolina-diesel-provincia-malaga-viernes-16-enero-2026-20260114000000-nt.html,diariosur.es,Spanish,1,-0.249428
2024-06-08,0.9842715683441772,0.9806097875492454,40.30195127999901,-0.1190115376578437,1.2635528112632424,0.0,0,2026-01-16,"Precio de la gasolina y diésel en Málaga hoy , viernes 16 de enero : ¿ Dónde están las gasolineras más baratas ?",https://www.diariosur.es/economia/mibolsillo/precio-gasolina-diesel-provincia-malaga-viernes-16-enero-2026-20260114000000-nt.html,diariosur.es,Spanish,1,-0.249705
2024-06-09,0.985748165739862,0.9833354794833554,40.30195127999901,-0.0539814108663589,1.1732990390301536,0.0,0,2026-01-16,"Precio de la gasolina y diésel en Málaga hoy , viernes 16 de enero : ¿ Dónde están las gasolineras más baratas ?",https://www.diariosur.es/economia/mibolsillo/precio-gasolina-diesel-provincia-malaga-viernes-16-enero-2026-20260114000000-nt.html,diariosur.es,Spanish,1,-0.249983
2024-06-10,1.0131831010272834,1.0131101918554986,52.75812929646627,0.1406683388634158,1.308063218998982,3.05999755859375,0,2026-01-16,"Precio de la gasolina y diésel en Málaga hoy , viernes 16 de enero : ¿ Dónde están las gasolineras más baratas ?",https://www.diariosur.es/economia/mibolsillo/precio-gasolina-diesel-provincia-malaga-viernes-16-enero-2026-20260114000000-nt.html,diariosur.es,Spanish,1,-0.250261
2024-06-11,1.0137942297362683,1.0149771145501931,53.51438003185615,0.2752107652865408,1.2960586597596575,1.1399993896484375,0,2026-01-16,"Precio de la gasolina y diésel en Málaga hoy , viernes 16 de enero : ¿ Dónde están las gasolineras más baratas ?",https://www.diariosur.es/economia/mibolsillo/precio-gasolina-diesel-provincia-malaga-viernes-16-enero-2026-20260114000000-nt.html,diariosur.es,Spanish,1,-0.250539
2024-06-12,1.019505113911766,1.0217096996229278,56.3370292551693,0.3924783296104774,1.3063403584487,1.44000244140625,0,2026-01-16,"Precio de la gasolina y diésel en Málaga hoy , viernes 16 de enero : ¿ Dónde están las gasolineras más baratas ?",https://www.diariosur.es/economia/mibolsillo/precio-gasolina-diesel-provincia-malaga-viernes-16-enero-2026-20260114000000-nt.html,diariosur.es,Spanish,1,-0.250817
2024-06-13,1.0190194147728686,1.0226726109193798,56.9007111826508,0.4612442420656246,1.300173277181159,1.220001220703125,0,2026-01-16,"Precio de la gasolina y diésel en Málaga hoy , viernes 16 de enero : ¿ Dónde están las gasolineras más baratas ?",https://www.diariosur.es/economia/mibolsillo/precio-gasolina-diesel-provincia-malaga-viernes-16-enero-2026-20260114000000-nt.html,diariosur.es,Spanish,1,-0.251096
2024-06-14,1.0151900715621562,1.0199769446241764,55.801641977541394,0.4764464992495217,1.3087321980214557,1.4199981689453125,0,2026-01-16,"Precio de la gasolina y diésel en Málaga hoy , viernes 16 de enero : ¿ Dónde están las gasolineras más baratas ?",https://www.diariosur.es/economia/mibolsillo/precio-gasolina-diesel-provincia-malaga-viernes-16-enero-2026-20260114000000-nt.html,diariosur.es,Spanish,1,-0.251375
2024-06-15,1.0137235445920043,1.0194931377289431,55.801641977541394,0.4670426225062122,1.2152513267342089,0.0,0,2026-01-16,"Precio de la gasolina y diésel en Málaga hoy , viernes 16 de enero : ¿ Dónde están las gasolineras más baratas ?",https://www.diariosur.es/economia/mibolsillo/precio-gasolina-diesel-provincia-malaga-viernes-16-enero-2026-20260114000000-nt.html,diariosur.es,Spanish,1,-0.251655
2024-06-16,1.0124003330571785,1.0190097895855268,55.801641977541394,0.4416445798657258,1.1284476605389082,0.0,0,2026-01-16,"Precio de la gasolina y diésel en Málaga hoy , viernes 16 de enero : ¿ Dónde están las gasolineras más baratas ?",https://www.diariosur.es/economia/mibolsillo/precio-gasolina-diesel-provincia-malaga-viernes-16-enero-2026-20260114000000-nt.html,diariosur.es,Spanish,1,-0.251935
2024-06-17,1.0330548496089909,1.0430909936033317,65.10973824027505,0.5265240335167183,1.239272849441542,2.680000305175781,0,2026-01-16,"Precio de la gasolina y diésel en Málaga hoy , viernes 16 de enero : ¿ Dónde están las gasolineras más baratas ?",https://www.diariosur.es/economia/mibolsillo/precio-gasolina-diesel-provincia-malaga-viernes-16-enero-2026-20260114000000-nt.html,diariosur.es,Spanish,1,-0.252215
2024-06-18,1.044128653500339,1.05758571882506,69.64981064141415,0.6340299566365926,1.286467754901354,1.9000015258789065,0,2026-01-16,"Precio de la gasolina y diésel en Málaga hoy , viernes 16 de enero : ¿ Dónde están las gasolineras más baratas ?",https://www.diariosur.es/economia/mibolsillo/precio-gasolina-diesel-provincia-malaga-viernes-16-enero-2026-20260114000000-nt.html,diariosur.es,Spanish,1,-0.252495
2024-06-19,1.03975882901562,1.0550823657889978,69.64981064141415,0.6695032250100188,1.1945772009798286,0.0,0,2026-01-16,"Precio de la gasolina y diésel en Málaga hoy , viernes 16 de enero : ¿ Dónde están las gasolineras más baratas ?",https://www.diariosur.es/economia/mibolsillo/precio-gasolina-diesel-provincia-malaga-viernes-16-enero-2026-20260114000000-nt.html,diariosur.es,Spanish,1,-0.252776
2024-06-20,1.0426991790062543,1.059294432589196,71.7152368034382,0.6947328211840502,1.2006792872449412,1.2800064086914062,0,2026-01-16,"Precio de la gasolina y diésel en Málaga hoy , viernes 16 de enero : ¿ Dónde están las gasolineras más baratas ?",https://www.diariosur.es/economia/mibolsillo/precio-gasolina-diesel-provincia-malaga-viernes-16-enero-2026-20260114000000-nt.html,diariosur.es,Spanish,1,-0.253057
2024-06-21,1.0220487047708111,1.0382278709291786,60.9879945913651,0.5804482626008418,1.2449164592148896,1.44000244140625,0,2026-01-16,"Precio de la gasolina y diésel en Málaga hoy , viernes 16 de enero : ¿ Dónde están las gasolineras más baratas ?",https://www.diariosur.es/economia/mibolsillo/precio-gasolina-diesel-provincia-malaga-viernes-16-enero-2026-20260114000000-nt.html,diariosur.es,Spanish,1,-0.253338
2024-06-22,1.019907025827369,1.035737010161612,60.9879945913651,0.4752840658704164,1.1559938549852546,0.0,0,2026-01-16,"Precio de la gasolina y diésel en Málaga hoy , viernes 16 de enero : ¿ Dónde están las gasolineras más baratas ?",https://www.diariosur.es/economia/mibolsillo/precio-gasolina-diesel-provincia-malaga-viernes-16-enero-2026-20260114000000-nt.html,diariosur.es,Spanish,1,-0.25362
2024-06-23,1.0179770358136917,1.031429708422662,60.9879945913651,0.3802659477005288,1.0734228653434508,0.0,0,2026-01-16,"Precio de la gasolina y diésel en Málaga hoy , viernes 16 de enero : ¿ Dónde están las gasolineras más baratas ?",https://www.diariosur.es/economia/mibolsillo/precio-gasolina-diesel-provincia-malaga-viernes-16-enero-2026-20260114000000-nt.html,diariosur.es,Spanish,1,-0.253902
2024-06-24,1.026458827527522,1.0373749484265185,65.0669237998579,0.3531570066837556,1.107463762273439,1.5499954223632812,0,2026-01-16,"Precio de la gasolina y diésel en Málaga hoy , viernes 16 de enero : ¿ Dónde están las gasolineras más baratas ?",https://www.diariosur.es/economia/mibolsillo/precio-gasolina-diesel-provincia-malaga-viernes-16-enero-2026-20260114000000-nt.html,diariosur.es,Spanish,1,-0.254184
2024-06-25,1.0148142894263394,1.0228150098603508,59.14703570536001,0.2607390546722601,1.1247876702625568,1.3499984741210938,0,2026-01-16,"Precio de la gasolina y diésel en Málaga hoy , viernes 16 de enero : ¿ Dónde están las gasolineras más baratas ?",https://www.diariosur.es/economia/mibolsillo/precio-gasolina-diesel-provincia-malaga-viernes-16-enero-2026-20260114000000-nt.html,diariosur.es,Spanish,1,-0.254467
2024-06-26,1.0141773570024242,1.0202473255650062,59.4943020298739,0.187158160436925,1.148016904403959,1.4499969482421875,0,2026-01-16,"Precio de la gasolina y diésel en Málaga hoy , viernes 16 de enero : ¿ Dónde están las gasolineras más baratas ?",https://www.diariosur.es/economia/mibolsillo/precio-gasolina-diesel-provincia-malaga-viernes-16-enero-2026-20260114000000-nt.html,diariosur.es,Spanish,1,-0.25475
2024-06-27,1.0223021118892244,1.0268198975203775,63.503489531419504,0.1779540167458341,1.1753013240391672,1.529998779296875,0,2026-01-16,"Precio de la gasolina y diésel en Málaga hoy , viernes 16 de enero : ¿ Dónde están las gasolineras más baratas ?",https://www.diariosur.es/economia/mibolsillo/precio-gasolina-diesel-provincia-malaga-viernes-16-enero-2026-20260114000000-nt.html,diariosur.es,Spanish,1,-0.255033
2024-06-28,1.017881288342147,1.020455424024448,61.93173700152565,0.1428069344247584,1.216351229464941,1.75,0,2026-01-16,"Precio de la gasolina y diésel en Málaga hoy , viernes 16 de enero : ¿ Dónde están las gasolineras más baratas ?",https://www.diariosur.es/economia/mibolsillo/precio-gasolina-diesel-provincia-malaga-viernes-16-enero-2026-20260114000000-nt.html,diariosur.es,Spanish,1,-0.255316
2024-06-29,1.0161508040063811,1.016632181830713,61.93173700152565,0.1056796410187674,1.1294689987888735,0.0,0,2026-01-16,"Precio de la gasolina y diésel en Málaga hoy , viernes 16 de enero : ¿ Dónde están las gasolineras más baratas ?",https://www.diariosur.es/economia/mibolsillo/precio-gasolina-diesel-provincia-malaga-viernes-16-enero-2026-20260114000000-nt.html,diariosur.es,Spanish,1,-0.2556
2024-06-30,1.014590189977322,1.0142295713901806,61.93173700152565,0.0690165984594274,1.0487926417325255,0.0,0,2026-01-16,"Precio de la gasolina y diésel en Málaga hoy , viernes 16 de enero : ¿ Dónde están las gasolineras más baratas ?",https://www.diariosur.es/economia/mibolsillo/precio-gasolina-diesel-provincia-malaga-viernes-16-enero-2026-20260114000000-nt.html,diariosur.es,Spanish,1,-0.255884
2024-07-01,1.0337943475873432,1.0335936181301728,70.36112330871633,0.1518334415392246,1.135307605625236,2.2600021362304688,0,2026-01-16,"Precio de la gasolina y diésel en Málaga hoy , viernes 16 de enero : ¿ Dónde están las gasolineras más baratas ?",https://www.diariosur.es/economia/mibolsillo/precio-gasolina-diesel-provincia-malaga-viernes-16-enero-2026-20260114000000-nt.html,diariosur.es,Spanish,1,-0.256169
2024-07-02,1.024120315159661,1.023792862817925,65.52100689754971,0.151050190721287,1.1727853504173509,1.6599960327148438,0,2026-01-16,"Precio de la gasolina y diésel en Málaga hoy , viernes 16 de enero : ¿ Dónde están las gasolineras más baratas ?",https://www.diariosur.es/economia/mibolsillo/precio-gasolina-diesel-provincia-malaga-viernes-16-enero-2026-20260114000000-nt.html,diariosur.es,Spanish,1,-0.256454
2024-07-03,1.0336758788639144,1.0336604815201578,69.7304336431729,0.2022257357241483,1.194015055437763,1.470001220703125,0,2026-01-16,"Precio de la gasolina y diésel en Málaga hoy , viernes 16 de enero : ¿ Dónde están las gasolineras más baratas ?",https://www.diariosur.es/economia/mibolsillo/precio-gasolina-diesel-provincia-malaga-viernes-16-enero-2026-20260114000000-nt.html,diariosur.es,Spanish,1,-0.256739
2024-07-04,1.030371244842374,1.0302136768338768,69.7304336431729,0.2145395465386455,1.1087282657636377,0.0,0,2026-01-16,"Precio de la gasolina y diésel en Málaga hoy , viernes 16 de enero : ¿ Dónde están las gasolineras más baratas ?",https://www.diariosur.es/economia/mibolsillo/precio-gasolina-diesel-provincia-malaga-viernes-16-enero-2026-20260114000000-nt.html,diariosur.es,Spanish,1,-0.257024
2024-07-05,1.019436901401923,1.01842501277966,63.66472440131383,0.1554127769457975,1.1366762467805207,1.5,0,2026-01-16,"Precio de la gasolina y diésel en Málaga hoy , viernes 16 de enero : ¿ Dónde están las gasolineras más baratas ?",https://www.diariosur.es/economia/mibolsillo/precio-gasolina-diesel-provincia-malaga-viernes-16-enero-2026-20260114000000-nt.html,diariosur.es,Spanish,1,-0.25731
2024-07-06,1.017553274481228,1.0154962485526315,63.66472440131383,0.1002020503576566,1.0554850862961975,0.0,0,2026-01-16,"Precio de la gasolina y diésel en Málaga hoy , viernes 16 de enero : ¿ Dónde están las gasolineras más baratas ?",https://www.diariosur.es/economia/mibolsillo/precio-gasolina-diesel-provincia-malaga-viernes-16-enero-2026-20260114000000-nt.html,diariosur.es,Spanish,1,-0.257596
2024-07-07,1.0158550285622294,1.0137445914491687,63.66472440131383,0.0501116804361043,0.980093294417898,0.0,0,2026-01-16,"Precio de la gasolina y diésel en Málaga hoy , viernes 16 de enero : ¿ Dónde están las gasolineras más baratas ?",https://www.diariosur.es/economia/mibolsillo/precio-gasolina-diesel-provincia-malaga-viernes-16-enero-2026-20260114000000-nt.html,diariosur.es,Spanish,1,-0.257882
2024-07-08,1.0051688065371331,1.0031619310799171,56.57849680029318,-0.0472265216414817,0.9986579065144432,1.2399978637695312,0,2026-01-16,"Precio de la gasolina y diésel en Málaga hoy , viernes 16 de enero : ¿ Dónde están las gasolineras más baratas ?",https://www.diariosur.es/economia/mibolsillo/precio-gasolina-diesel-provincia-malaga-viernes-16-enero-2026-20260114000000-nt.html,diariosur.es,Spanish,1,-0.258169
2024-07-09,0.994510832235918,0.9920487787385984,49.94286497010325,-0.1747118374157521,1.015182581544383,1.2300033569335938,0,2026-01-16,"Precio de la gasolina y diésel en Málaga hoy , viernes 16 de enero : ¿ Dónde están las gasolineras más baratas ?",https://www.diariosur.es/economia/mibolsillo/precio-gasolina-diesel-provincia-malaga-viernes-16-enero-2026-20260114000000-nt.html,diariosur.es,Spanish,1,-0.258456
2024-07-10,1.0026591302965648,1.000499612419528,54.27432715718223,-0.2112655946705182,1.0748128331137572,1.850006103515625,0,2026-01-16,"Precio de la gasolina y diésel en Málaga hoy , viernes 16 de enero : ¿ Dónde están las gasolineras más baratas ?",https://www.diariosur.es/economia/mibolsillo/precio-gasolina-diesel-provincia-malaga-viernes-16-enero-2026-20260114000000-nt.html,diariosur.es,Spanish,1,-0.258743
2024-07-11,1.0081447026471124,1.0056784189919568,57.27485623960006,-0.1992758864051182,1.1051833450342032,1.5,0,2026-01-16,"Precio de la gasolina y diésel en Málaga hoy , viernes 16 de enero : ¿ Dónde están las gasolineras más baratas ?",https://www.diariosur.es/economia/mibolsillo/precio-gasolina-diesel-provincia-malaga-viernes-16-enero-2026-20260114000000-nt.html,diariosur.es,Spanish,1,-0.259031
2024-07-12,1.0028416957446622,0.9997871581956002,54.25199009372505,-0.216385338375892,1.1433844910780773,1.6399993896484375,0,2026-01-16,"Precio de la gasolina y diésel en Málaga hoy , viernes 16 de enero : ¿ Dónde están las gasolineras más baratas ?",https://www.diariosur.es/economia/mibolsillo/precio-gasolina-diesel-provincia-malaga-viernes-16-enero-2026-20260114000000-nt.html,diariosur.es,Spanish,1,-0.259319
2024-07-13,1.002570362417747,0.9988882191016488,54.25199009372505,-0.2241780126650315,1.061714170286786,0.0,0,2026-01-16,"Precio de la gasolina y diésel en Málaga hoy , viernes 16 de enero : ¿ Dónde están las gasolineras más baratas ?",https://www.diariosur.es/economia/mibolsillo/precio-gasolina-diesel-provincia-malaga-viernes-16-enero-2026-20260114000000-nt.html,diariosur.es,Spanish,1,-0.259607
2024-07-14,1.002324996846103,0.99853637076282,54.25199009372505,-0.2252116592988809,0.98587744383773,0.0,0,2026-01-16,"Precio de la gasolina y diésel en Málaga hoy , viernes 16 de enero : ¿ Dónde están las gasolineras más baratas ?",https://www.diariosur.es/economia/mibolsillo/precio-gasolina-diesel-provincia-malaga-viernes-16-enero-2026-20260114000000-nt.html,diariosur.es,Spanish,1,-0.259896
2024-07-15,0.9987941405805336,0.9942404598130656,51.75570556706892,-0.240586396961978,0.9947433843030036,1.1100006103515625,0,2026-01-16,"Precio de la gasolina y diésel en Málaga hoy , viernes 16 de enero : ¿ Dónde están las gasolineras más baratas ?",https://www.diariosur.es/economia/mibolsillo/precio-gasolina-diesel-provincia-malaga-viernes-16-enero-2026-20260114000000-nt.html,diariosur.es,Spanish,1,-0.260185
2024-07-16,0.9862015971091632,0.9803648036497732,43.493895770025695,-0.3178409421880969,1.0458330771722646,1.7099990844726562,0,2026-01-16,"Precio de la gasolina y diésel en Málaga hoy , viernes 16 de enero : ¿ Dónde están las gasolineras más baratas ?",https://www.diariosur.es/economia/mibolsillo/precio-gasolina-diesel-provincia-malaga-viernes-16-enero-2026-20260114000000-nt.html,diariosur.es,Spanish,1,-0.260474
2024-07-17,1.0105952447619877,1.005058628300437,56.94533998648986,-0.222337222825921,1.1604165377941675,2.6500015258789062,0,2026-01-16,"Precio de la gasolina y diésel en Málaga hoy , viernes 16 de enero : ¿ Dónde están las gasolineras más baratas ?",https://www.diariosur.es/economia/mibolsillo/precio-gasolina-diesel-provincia-malaga-viernes-16-enero-2026-20260114000000-nt.html,diariosur.es,Spanish,1,-0.260764
2024-07-18,1.009246093952252,1.0039152840626044,56.736564586014914,-0.1583448170636929,1.204672412187218,1.779998779296875,0,2026-01-16,"Precio de la gasolina y diésel en Málaga hoy , viernes 16 de enero : ¿ Dónde están las gasolineras más baratas ?",https://www.diariosur.es/economia/mibolsillo/precio-gasolina-diesel-provincia-malaga-viernes-16-enero-2026-20260114000000-nt.html,diariosur.es,Spanish,1,-0.261054
2024-07-19,0.9786592049384768,0.9721387774794648,41.90162516015617,-0.2868519994371242,1.319338494073399,2.80999755859375,0,2026-01-16,"Precio de la gasolina y diésel en Málaga hoy , viernes 16 de enero : ¿ Dónde están las gasolineras más baratas ?",https://www.diariosur.es/economia/mibolsillo/precio-gasolina-diesel-provincia-malaga-viernes-16-enero-2026-20260114000000-nt.html,diariosur.es,Spanish,1,-0.261344
2024-07-20,0.9806523383269378,0.9729709689615904,41.90162516015617,-0.3569541702638891,1.225100030211013,0.0,0,2026-01-16,"Precio de la gasolina y diésel en Málaga hoy , viernes 16 de enero : ¿ Dónde están las gasolineras más baratas ?",https://www.diariosur.es/economia/mibolsillo/precio-gasolina-diesel-provincia-malaga-viernes-16-enero-2026-20260114000000-nt.html,diariosur.es,Spanish,1,-0.261634
2024-07-21,0.9824626578612918,0.9748945734095346,41.90162516015617,-0.3859607689547821,1.137592885195941,0.0,0,2026-01-16,"Precio de la gasolina y diésel en Málaga hoy , viernes 16 de enero : ¿ Dónde están las gasolineras más baratas ?",https://www.diariosur.es/economia/mibolsillo/precio-gasolina-diesel-provincia-malaga-viernes-16-enero-2026-20260114000000-nt.html,diariosur.es,Spanish,1,-0.261925
2024-07-22,0.9802091487330448,0.9724287387728452,40.193777637058666,-0.4091452876438046,1.164907984286298,1.5200042724609375,0,2026-01-16,"Precio de la gasolina y diésel en Málaga hoy , viernes 16 de enero : ¿ Dónde están las gasolineras más baratas ?",https://www.diariosur.es/economia/mibolsillo/precio-gasolina-diesel-provincia-malaga-viernes-16-enero-2026-20260114000000-nt.html,diariosur.es,Spanish,1,-0.262216
2024-07-23,0.9504894241289616,0.9420289709577268,29.69267067815764,-0.5841624512597337,1.3231286463671317,2.3300018310546875,0,2026-01-16,"Precio de la gasolina y diésel en Málaga hoy , viernes 16 de enero : ¿ Dónde están las gasolineras más baratas ?",https://www.diariosur.es/economia/mibolsillo/precio-gasolina-diesel-provincia-malaga-viernes-16-enero-2026-20260114000000-nt.html,diariosur.es,Spanish,1,-0.262508
2024-07-24,0.962093784476818,0.9534107396045088,33.8505940653605,-0.6236685165046005,1.316476839979022,1.2099990844726562,0,2026-01-16,"Precio de la gasolina y diésel en Málaga hoy , viernes 16 de enero : ¿ Dónde están las gasolineras más baratas ?",https://www.diariosur.es/economia/mibolsillo/precio-gasolina-diesel-provincia-malaga-viernes-16-enero-2026-20260114000000-nt.html,diariosur.es,Spanish,1,-0.2628
2024-07-25,0.9733704552200682,0.96478199080939,38.1639405183656,-0.5709170197372765,1.396014230350219,2.430000305175781,0,2026-01-16,"Precio de la gasolina y diésel en Málaga hoy , viernes 16 de enero : ¿ Dónde están las gasolineras más baratas ?",https://www.diariosur.es/economia/mibolsillo/precio-gasolina-diesel-provincia-malaga-viernes-16-enero-2026-20260114000000-nt.html,diariosur.es,Spanish,1,-0.263092
2024-07-26,0.9631641142286962,0.9545075449155328,34.25900937357697,-0.5773141713874765,1.4684415019476922,2.409996032714844,0,2026-01-16,"Precio de la gasolina y diésel en Málaga hoy , viernes 16 de enero : ¿ Dónde están las gasolineras más baratas ?",https://www.diariosur.es/economia/mibolsillo/precio-gasolina-diesel-provincia-malaga-viernes-16-enero-2026-20260114000000-nt.html,diariosur.es,Spanish,1,-0.263384
2024-07-27,0.9665549626282256,0.9580630595947152,34.25900937357696,-0.5476579130643746,1.3635528232371428,0.0,0,2026-01-16,"Precio de la gasolina y diésel en Málaga hoy , viernes 16 de enero : ¿ Dónde están las gasolineras más baratas ?",https://www.diariosur.es/economia/mibolsillo/precio-gasolina-diesel-provincia-malaga-viernes-16-enero-2026-20260114000000-nt.html,diariosur.es,Spanish,1,-0.263677
2024-07-28,0.9696435115311264,0.9611480408838382,34.25900937357696,-0.495710482742917,1.2661561930059184,0.0,0,2026-01-16,"Precio de la gasolina y diésel en Málaga hoy , viernes 16 de enero : ¿ Dónde están las gasolineras más baratas ?",https://www.diariosur.es/economia/mibolsillo/precio-gasolina-diesel-provincia-malaga-viernes-16-enero-2026-20260114000000-nt.html,diariosur.es,Spanish,1,-0.26397
2024-07-29,0.9569914273481686,0.9476368174731036,29.686151327571764,-0.5175389590049991,1.3428596054544355,2.340003967285156,0,2026-01-16,"Precio de la gasolina y diésel en Málaga hoy , viernes 16 de enero : ¿ Dónde están las gasolineras más baratas ?",https://www.diariosur.es/economia/mibolsillo/precio-gasolina-diesel-provincia-malaga-viernes-16-enero-2026-20260114000000-nt.html,diariosur.es,Spanish,1,-0.264264
2024-07-30,0.9484745823654176,0.938459551657896,26.62444293893085,-0.5660533546870092,1.3455128395514402,1.3800048828125,0,2026-01-16,"Precio de la gasolina y diésel en Málaga hoy , viernes 16 de enero : ¿ Dónde están las gasolineras más baratas ?",https://www.diariosur.es/economia/mibolsillo/precio-gasolina-diesel-provincia-malaga-viernes-16-enero-2026-20260114000000-nt.html,diariosur.es,Spanish,1,-0.264558
2024-07-31,0.98988776628818,0.9812960965708474,44.707334403539335,-0.3555977154828799,1.530119087096036,3.4800033569335938,0,2026-01-16,"Precio de la gasolina y diésel en Málaga hoy , viernes 16 de enero : ¿ Dónde están las gasolineras más baratas ?",https://www.diariosur.es/economia/mibolsillo/precio-gasolina-diesel-provincia-malaga-viernes-16-enero-2026-20260114000000-nt.html,diariosur.es,Spanish,1,-0.264852
2024-08-01,0.9723779202739818,0.9647281612970132,39.44062438626979,-0.298095470776474,1.6093962515640647,2.639999389648437,0,2026-01-16,"Precio de la gasolina y diésel en Málaga hoy , viernes 16 de enero : ¿ Dónde están las gasolineras más baratas ?",https://www.diariosur.es/economia/mibolsillo/precio-gasolina-diesel-provincia-malaga-viernes-16-enero-2026-20260114000000-nt.html,diariosur.es,Spanish,1,-0.265146
2024-08-02,0.9424969780534198,0.934590090410054,32.29603563121775,-0.4147390822083481,1.803010783225504,4.319999694824219,0,2026-01-16,"Precio de la gasolina y diésel en Málaga hoy , viernes 16 de enero : ¿ Dónde están las gasolineras más baratas ?",https://www.diariosur.es/economia/mibolsillo/precio-gasolina-diesel-provincia-malaga-viernes-16-enero-2026-20260114000000-nt.html,diariosur.es,Spanish,1,-0.265441
2024-08-03,0.9476869651348137,0.9397808652900396,32.29603563121775,-0.455422676906601,1.674224298709397,0.0,0,2026-01-16,"Precio de la gasolina y diésel en Málaga hoy , viernes 16 de enero : ¿ Dónde están las gasolineras más baratas ?",https://www.diariosur.es/economia/mibolsillo/precio-gasolina-diesel-provincia-malaga-viernes-16-enero-2026-20260114000000-nt.html,diariosur.es,Spanish,1,-0.265736
2024-08-04,0.952432166767847,0.9448474480679372,32.29603563121776,-0.4453253030425403,1.554636848801583,0.0,0,2026-01-16,"Precio de la gasolina y diésel en Málaga hoy , viernes 16 de enero : ¿ Dónde están las gasolineras más baratas ?",https://www.diariosur.es/economia/mibolsillo/precio-gasolina-diesel-provincia-malaga-viernes-16-enero-2026-20260114000000-nt.html,diariosur.es,Spanish,1,-0.266031
2024-08-05,0.94990154311056,0.9421277696176588,30.84527597314204,-0.4399276114296095,1.6428771392819943,2.790000915527344,0,2026-01-16,"Precio de la gasolina y diésel en Málaga hoy , viernes 16 de enero : ¿ Dónde están las gasolineras más baratas ?",https://www.diariosur.es/economia/mibolsillo/precio-gasolina-diesel-provincia-malaga-viernes-16-enero-2026-20260114000000-nt.html,diariosur.es,Spanish,1,-0.266327
2024-08-06,0.9575474146528444,0.9514153938559932,32.31310691577514,-0.3831497444932319,1.6941002443583923,2.3600006103515625,0,2026-01-16,"Precio de la gasolina y diésel en Málaga hoy , viernes 16 de enero : ¿ Dónde están las gasolineras más baratas ?",https://www.diariosur.es/economia/mibolsillo/precio-gasolina-diesel-provincia-malaga-viernes-16-enero-2026-20260114000000-nt.html,diariosur.es,Spanish,1,-0.266623
2024-08-07,0.9855946781294768,0.982647306592316,42.56389162537288,-0.183312868392506,1.80594983453536,3.259994506835937,0,2026-01-16,"Precio de la gasolina y diésel en Málaga hoy , viernes 16 de enero : ¿ Dónde están las gasolineras más baratas ?",https://www.diariosur.es/economia/mibolsillo/precio-gasolina-diesel-provincia-malaga-viernes-16-enero-2026-20260114000000-nt.html,diariosur.es,Spanish,1,-0.26692
2024-08-08,0.9983455428396169,0.9977541385979783,46.67660477710132,0.0278472832869052,1.8140961441360708,1.9199981689453125,0,2026-01-16,"Precio de la gasolina y diésel en Málaga hoy , viernes 16 de enero : ¿ Dónde están las gasolineras más baratas ?",https://www.diariosur.es/economia/mibolsillo/precio-gasolina-diesel-provincia-malaga-viernes-16-enero-2026-20260114000000-nt.html,diariosur.es,Spanish,1,-0.267216
2024-08-09,1.0062050098964233,1.008438607812368,49.32255267230116,0.215188004193785,1.7730891241098894,1.2399978637695312,0,2026-01-16,"Precio de la gasolina y diésel en Málaga hoy , viernes 16 de enero : ¿ Dónde están las gasolineras más baratas ?",https://www.diariosur.es/economia/mibolsillo/precio-gasolina-diesel-provincia-malaga-viernes-16-enero-2026-20260114000000-nt.html,diariosur.es,Spanish,1,-0.267513
2024-08-10,1.00561074088698,1.0106204142479531,49.32255267230116,0.3358069082367088,1.646439900959183,0.0,0,2026-01-16,"Precio de la gasolina y diésel en Málaga hoy , viernes 16 de enero : ¿ Dónde están las gasolineras más baratas ?",https://www.diariosur.es/economia/mibolsillo/precio-gasolina-diesel-provincia-malaga-viernes-16-enero-2026-20260114000000-nt.html,diariosur.es,Spanish,1,-0.267811
2024-08-11,1.0050736734627777,1.0125781179607525,49.32255267230115,0.407517455951873,1.52883705089067,0.0,0,2026-01-16,"Precio de la gasolina y diésel en Málaga hoy , viernes 16 de enero : ¿ Dónde están las gasolineras más baratas ?",https://www.diariosur.es/economia/mibolsillo/precio-gasolina-diesel-provincia-malaga-viernes-16-enero-2026-20260114000000-nt.html,diariosur.es,Spanish,1,-0.268109
2024-08-12,1.042506087338121,1.0528599639501437,61.22667428233411,0.6493781487066692,1.6667777411032785,3.4600067138671875,0,2026-01-16,"Precio de la gasolina y diésel en Málaga hoy , viernes 16 de enero : ¿ Dónde están las gasolineras más baratas ?",https://www.diariosur.es/economia/mibolsillo/precio-gasolina-diesel-provincia-malaga-viernes-16-enero-2026-20260114000000-nt.html,diariosur.es,Spanish,1,-0.268407
2024-08-13,1.0182764565865126,1.0298573037414624,53.975566538421,0.669105752592903,1.6898648927222963,1.9899978637695312,0,2026-01-16,"Precio de la gasolina y diésel en Málaga hoy , viernes 16 de enero : ¿ Dónde están las gasolineras más baratas ?",https://www.diariosur.es/economia/mibolsillo/precio-gasolina-diesel-provincia-malaga-viernes-16-enero-2026-20260114000000-nt.html,diariosur.es,Spanish,1,-0.268705
2024-08-14,1.000426397662845,1.0127148931033887,48.97158526289087,0.5687437177398957,1.7313028748897328,2.2699966430664062,0,2026-01-16,"Precio de la gasolina y diésel en Málaga hoy , viernes 16 de enero : ¿ Dónde están las gasolineras más baratas ?",https://www.diariosur.es/economia/mibolsillo/precio-gasolina-diesel-provincia-malaga-viernes-16-enero-2026-20260114000000-nt.html,diariosur.es,Spanish,1,-0.269004
2024-08-15,1.0142391152852153,1.0275625475370227,53.01223356816856,0.5598114361786346,1.7269239673222745,1.6699981689453125,0,2026-01-16,"Precio de la gasolina y diésel en Málaga hoy , viernes 16 de enero : ¿ Dónde están las gasolineras más baratas ?",https://www.diariosur.es/economia/mibolsillo/precio-gasolina-diesel-provincia-malaga-viernes-16-enero-2026-20260114000000-nt.html,diariosur.es,Spanish,1,-0.269303
2024-08-16,0.9951522136697276,1.0080486309838204,47.79650219382565,0.4357082026756872,1.7907153086979712,2.6200027465820312,0,2026-01-16,"Precio de la gasolina y diésel en Málaga hoy , viernes 16 de enero : ¿ Dónde están las gasolineras más baratas ?",https://www.diariosur.es/economia/mibolsillo/precio-gasolina-diesel-provincia-malaga-viernes-16-enero-2026-20260114000000-nt.html,diariosur.es,Spanish,1,-0.269602
2024-08-17,0.995611881638305,1.0083868036250347,47.79650219382565,0.3412954858642162,1.662807072362402,0.0,0,2026-01-16,"Precio de la gasolina y diésel en Málaga hoy , viernes 16 de enero : ¿ Dónde están las gasolineras más baratas ?",https://www.diariosur.es/economia/mibolsillo/precio-gasolina-diesel-provincia-malaga-viernes-16-enero-2026-20260114000000-nt.html,diariosur.es,Spanish,1,-0.269902
2024-08-18,0.9960281377678386,1.007829933934456,47.79650219382565,0.2696635988896625,1.5440351386222304,0.0,0,2026-01-16,"Precio de la gasolina y diésel en Málaga hoy , viernes 16 de enero : ¿ Dónde están las gasolineras más baratas ?",https://www.diariosur.es/economia/mibolsillo/precio-gasolina-diesel-provincia-malaga-viernes-16-enero-2026-20260114000000-nt.html,diariosur.es,Spanish,1,-0.270202
2024-08-19,0.9695030476276156,0.9780829332691944,40.316045070085366,0.0699465431091183,1.6266043842661224,2.7000045776367188,0,2026-01-16,"Precio de la gasolina y diésel en Málaga hoy , viernes 16 de enero : ¿ Dónde están las gasolineras más baratas ?",https://www.diariosur.es/economia/mibolsillo/precio-gasolina-diesel-provincia-malaga-viernes-16-enero-2026-20260114000000-nt.html,diariosur.es,Spanish,1,-0.270502
2024-08-20,0.968410564361288,0.9762272227909812,39.35596165037953,-0.0752974896082208,1.6197039839111762,1.529998779296875,0,2026-01-16,"Precio de la gasolina y diésel en Málaga hoy , viernes 16 de enero : ¿ Dónde están las gasolineras más baratas ?",https://www.diariosur.es/economia/mibolsillo/precio-gasolina-diesel-provincia-malaga-viernes-16-enero-2026-20260114000000-nt.html,diariosur.es,Spanish,1,-0.270803
2024-08-21,0.94614600486369,0.9511530798207448,33.81164240275028,-0.2922087000710371,1.6968683120344292,2.7000045776367188,0,2026-01-16,"Precio de la gasolina y diésel en Málaga hoy , viernes 16 de enero : ¿ Dónde están las gasolineras más baratas ?",https://www.diariosur.es/economia/mibolsillo/precio-gasolina-diesel-provincia-malaga-viernes-16-enero-2026-20260114000000-nt.html,diariosur.es,Spanish,1,-0.271104
2024-08-22,0.9639920615898367,0.9657599301214332,38.58107286196495,-0.3384241589211292,1.7142344906042355,1.9399948120117188,0,2026-01-16,"Precio de la gasolina y diésel en Málaga hoy , viernes 16 de enero : ¿ Dónde están las gasolineras más baratas ?",https://www.diariosur.es/economia/mibolsillo/precio-gasolina-diesel-provincia-malaga-viernes-16-enero-2026-20260114000000-nt.html,diariosur.es,Spanish,1,-0.271406
2024-08-23,0.9891508744902092,0.9889776051246574,45.68409897568929,-0.2272318648560831,1.7517890172588997,2.2399978637695312,0,2026-01-16,"Precio de la gasolina y diésel en Málaga hoy , viernes 16 de enero : ¿ Dónde están las gasolineras más baratas ?",https://www.diariosur.es/economia/mibolsillo/precio-gasolina-diesel-provincia-malaga-viernes-16-enero-2026-20260114000000-nt.html,diariosur.es,Spanish,1,-0.271707
2024-08-24,0.9901739717946406,0.9881222146997912,45.68409897568929,-0.1388385458384418,1.6266612303118355,0.0,0,2026-01-16,"Precio de la gasolina y diésel en Málaga hoy , viernes 16 de enero : ¿ Dónde están las gasolineras más baratas ?",https://www.diariosur.es/economia/mibolsillo/precio-gasolina-diesel-provincia-malaga-viernes-16-enero-2026-20260114000000-nt.html,diariosur.es,Spanish,1,-0.272009
2024-08-25,0.9911014566391464,0.9868907112383866,45.68409897568929,-0.0690524654068006,1.5104711424324186,0.0,0,2026-01-16,"Precio de la gasolina y diésel en Málaga hoy , viernes 16 de enero : ¿ Dónde están las gasolineras más baratas ?",https://www.diariosur.es/economia/mibolsillo/precio-gasolina-diesel-provincia-malaga-viernes-16-enero-2026-20260114000000-nt.html,diariosur.es,Spanish,1,-0.272312
2024-08-26,1.0229301761727296,1.018215263332361,54.94522679493101,0.1508575568260295,1.6004372496205608,2.55999755859375,0,2026-01-16,"Precio de la gasolina y diésel en Málaga hoy , viernes 16 de enero : ¿ Dónde están las gasolineras más baratas ?",https://www.diariosur.es/economia/mibolsillo/precio-gasolina-diesel-provincia-malaga-viernes-16-enero-2026-20260114000000-nt.html,diariosur.es,Spanish,1,-0.272615
2024-08-27,0.9981522153169028,0.9931623721293292,48.45285398382227,0.1670876145142333,1.6346918625801412,2.0800018310546875,0,2026-01-16,"Precio de la gasolina y diésel en Málaga hoy , viernes 16 de enero : ¿ Dónde están las gasolineras más baratas ?",https://www.diariosur.es/economia/mibolsillo/precio-gasolina-diesel-provincia-malaga-viernes-16-enero-2026-20260114000000-nt.html,diariosur.es,Spanish,1,-0.272918
2024-08-28,0.9862319700717108,0.9809586666919888,45.36777510018828,0.1105827523268684,1.6700708190685574,2.1299972534179688,0,2026-01-16,"Precio de la gasolina y diésel en Málaga hoy , viernes 16 de enero : ¿ Dónde están las gasolineras más baratas ?",https://www.diariosur.es/economia/mibolsillo/precio-gasolina-diesel-provincia-malaga-viernes-16-enero-2026-20260114000000-nt.html,diariosur.es,Spanish,1,-0.273221
2024-08-29,1.0041853602449626,0.9998683246101946,50.07875946984928,0.1643620666861737,1.7550658041602007,2.8600006103515625,0,2026-01-16,"Precio de la gasolina y diésel en Málaga hoy , viernes 16 de enero : ¿ Dónde están las gasolineras más baratas ?",https://www.diariosur.es/economia/mibolsillo/precio-gasolina-diesel-provincia-malaga-viernes-16-enero-2026-20260114000000-nt.html,diariosur.es,Spanish,1,-0.273525
2024-08-30,0.9754773340467964,0.970886632408221,43.25832174830608,0.0447548252171885,1.860417941544405,3.2299957275390625,0,2026-01-16,"Precio de la gasolina y diésel en Málaga hoy , viernes 16 de enero : ¿ Dónde están las gasolineras más baratas ?",https://www.diariosur.es/economia/mibolsillo/precio-gasolina-diesel-provincia-malaga-viernes-16-enero-2026-20260114000000-nt.html,diariosur.es,Spanish,1,-0.273829
2024-08-31,0.977760886771406,0.972999456986878,43.25832174830608,-0.026750020888512,1.7275309457198047,0.0,0,2026-01-16,"Precio de la gasolina y diésel en Málaga hoy , viernes 16 de enero : ¿ Dónde están las gasolineras más baratas ?",https://www.diariosur.es/economia/mibolsillo/precio-gasolina-diesel-provincia-malaga-viernes-16-enero-2026-20260114000000-nt.html,diariosur.es,Spanish,1,-0.274133
2024-09-01,0.9798361903888854,0.9772073749585892,43.25832174830608,-0.0642958465811929,1.60413587816839,0.0,0,2026-01-16,"Precio de la gasolina y diésel en Málaga hoy , viernes 16 de enero : ¿ Dónde están las gasolineras más baratas ?",https://www.diariosur.es/economia/mibolsillo/precio-gasolina-diesel-provincia-malaga-viernes-16-enero-2026-20260114000000-nt.html,diariosur.es,Spanish,1,-0.274438
2024-09-02,0.9817214517645548,0.9803333726689843,43.25832174830608,-0.0784420587100986,1.489554744013505,0.0,0,2026-01-16,"Precio de la gasolina y diésel en Málaga hoy , viernes 16 de enero : ¿ Dónde están las gasolineras más baratas ?",https://www.diariosur.es/economia/mibolsillo/precio-gasolina-diesel-provincia-malaga-viernes-16-enero-2026-20260114000000-nt.html,diariosur.es,Spanish,1,-0.274743
2024-09-03,0.9443728988939584,0.9417150773609264,34.62972318354396,-0.2818566225668204,1.6910154900117034,4.310005187988281,0,2026-01-16,"Precio de la gasolina y diésel en Málaga hoy , viernes 16 de enero : ¿ Dónde están las gasolineras más baratas ?",https://www.diariosur.es/economia/mibolsillo/precio-gasolina-diesel-provincia-malaga-viernes-16-enero-2026-20260114000000-nt.html,diariosur.es,Spanish,1,-0.275049
2024-09-04,0.9353864442533978,0.9320429664624478,32.175157591213306,-0.4604921552115795,1.75880005427147,2.639999389648437,0,2026-01-16,"Precio de la gasolina y diésel en Málaga hoy , viernes 16 de enero : ¿ Dónde están las gasolineras más baratas ?",https://www.diariosur.es/economia/mibolsillo/precio-gasolina-diesel-provincia-malaga-viernes-16-enero-2026-20260114000000-nt.html,diariosur.es,Spanish,1,-0.275354
2024-09-05,0.9405590766369254,0.936097638980222,32.06780681551146,-0.5436212398259814,1.781028600025238,2.0699996948242188,0,2026-01-16,"Precio de la gasolina y diésel en Málaga hoy , viernes 16 de enero : ¿ Dónde están las gasolineras más baratas ?",https://www.diariosur.es/economia/mibolsillo/precio-gasolina-diesel-provincia-malaga-viernes-16-enero-2026-20260114000000-nt.html,diariosur.es,Spanish,1,-0.27566
2024-09-06,0.927456974141483,0.9216646003106386,28.98481623613196,-0.6525517119587221,1.865240777485768,2.959999084472656,0,2026-01-16,"Precio de la gasolina y diésel en Málaga hoy , viernes 16 de enero : ¿ Dónde están las gasolineras más baratas ?",https://www.diariosur.es/economia/mibolsillo/precio-gasolina-diesel-provincia-malaga-viernes-16-enero-2026-20260114000000-nt.html,diariosur.es,Spanish,1,-0.275967
2024-09-07,0.9339092218395222,0.927335607289658,28.98481623613196,-0.6760060245527368,1.7320092933796416,0.0,0,2026-01-16,"Precio de la gasolina y diésel en Málaga hoy , viernes 16 de enero : ¿ Dónde están las gasolineras más baratas ?",https://www.diariosur.es/economia/mibolsillo/precio-gasolina-diesel-provincia-malaga-viernes-16-enero-2026-20260114000000-nt.html,diariosur.es,Spanish,1,-0.276274
2024-09-08,0.939824817412601,0.9316124290285788,28.98481623613196,-0.6431152680017724,1.6082943438525243,0.0,0,2026-01-16,"Precio de la gasolina y diésel en Málaga hoy , viernes 16 de enero : ¿ Dónde están las gasolineras más baratas ?",https://www.diariosur.es/economia/mibolsillo/precio-gasolina-diesel-provincia-malaga-viernes-16-enero-2026-20260114000000-nt.html,diariosur.es,Spanish,1,-0.276581
2024-09-09,0.95844308209585,0.9494134226309098,34.510660261722094,-0.5087964829220883,1.61127342828298,1.6500015258789062,0,2026-01-16,"Precio de la gasolina y diésel en Málaga hoy , viernes 16 de enero : ¿ Dónde están las gasolineras más baratas ?",https://www.diariosur.es/economia/mibolsillo/precio-gasolina-diesel-provincia-malaga-viernes-16-enero-2026-20260114000000-nt.html,diariosur.es,Spanish,1,-0.276888
2024-09-10,0.9244477437926047,0.912408755646519,27.864865851743065,-0.572056792380347,1.7683256968333587,3.810005187988281,0,2026-01-16,"Precio de la gasolina y diésel en Málaga hoy , viernes 16 de enero : ¿ Dónde están las gasolineras más baratas ?",https://www.diariosur.es/economia/mibolsillo/precio-gasolina-diesel-provincia-malaga-viernes-16-enero-2026-20260114000000-nt.html,diariosur.es,Spanish,1,-0.277196
2024-09-11,0.951238910072605,0.9377655448913476,34.972244056845014,-0.466080181228127,1.8091598590084872,2.340003967285156,0,2026-01-16,"Precio de la gasolina y diésel en Málaga hoy , viernes 16 de enero : ¿ Dónde están las gasolineras más baratas ?",https://www.diariosur.es/economia/mibolsillo/precio-gasolina-diesel-provincia-malaga-viernes-16-enero-2026-20260114000000-nt.html,diariosur.es,Spanish,1,-0.277504
2024-09-12,0.9770528060063944,0.9648313077888894,41.56961824536102,-0.2521401690706777,1.8635055615667535,2.5699996948242188,0,2026-01-16,"Precio de la gasolina y diésel en Málaga hoy , viernes 16 de enero : ¿ Dónde están las gasolineras más baratas ?",https://www.diariosur.es/economia/mibolsillo/precio-gasolina-diesel-provincia-malaga-viernes-16-enero-2026-20260114000000-nt.html,diariosur.es,Spanish,1,-0.277813
2024-09-13,0.9750715205132936,0.9645240818528824,40.71214314803911,-0.1075303878608162,1.8625407696063496,1.8499984741210935,0,2026-01-16,"Precio de la gasolina y diésel en Málaga hoy , viernes 16 de enero : ¿ Dónde están las gasolineras más baratas ?",https://www.diariosur.es/economia/mibolsillo/precio-gasolina-diesel-provincia-malaga-viernes-16-enero-2026-20260114000000-nt.html,diariosur.es,Spanish,1,-0.278122
2024-09-14,0.9773919868079232,0.968729736977684,40.71214314803911,0.0067105805046849,1.729502143205896,0.0,0,2026-01-16,"Precio de la gasolina y diésel en Málaga hoy , viernes 16 de enero : ¿ Dónde están las gasolineras más baratas ?",https://www.diariosur.es/economia/mibolsillo/precio-gasolina-diesel-provincia-malaga-viernes-16-enero-2026-20260114000000-nt.html,diariosur.es,Spanish,1,-0.278431
2024-09-15,0.979500993606505,0.9747612988838468,40.71214314803911,0.0959129702146335,1.6059662758340465,0.0,0,2026-01-16,"Precio de la gasolina y diésel en Málaga hoy , viernes 16 de enero : ¿ Dónde están las gasolineras más baratas ?",https://www.diariosur.es/economia/mibolsillo/precio-gasolina-diesel-provincia-malaga-viernes-16-enero-2026-20260114000000-nt.html,diariosur.es,Spanish,1,-0.27874
2024-09-16,1.0000424310863858,0.9990663070949752,46.87153916307549,0.2564240269844329,1.6376826434432776,2.049995422363281,0,2026-01-16,"Precio de la gasolina y diésel en Málaga hoy , viernes 16 de enero : ¿ Dónde están las gasolineras más baratas ?",https://www.diariosur.es/economia/mibolsillo/precio-gasolina-diesel-provincia-malaga-viernes-16-enero-2026-20260114000000-nt.html,diariosur.es,Spanish,1,-0.27905
2024-09-17,1.0142171941397444,1.0171598696291284,51.05467922418978,0.4309339926337312,1.685705137382597,2.30999755859375,0,2026-01-16,"Precio de la gasolina y diésel en Málaga hoy , viernes 16 de enero : ¿ Dónde están las gasolineras más baratas ?",https://www.diariosur.es/economia/mibolsillo/precio-gasolina-diesel-provincia-malaga-viernes-16-enero-2026-20260114000000-nt.html,diariosur.es,Spanish,1,-0.279361
2024-09-18,1.009245040961139,1.0167912263768382,49.97602412544376,0.5160192289851282,1.6902976275695545,1.75,0,2026-01-16,"Precio de la gasolina y diésel en Málaga hoy , viernes 16 de enero : ¿ Dónde están las gasolineras más baratas ?",https://www.diariosur.es/economia/mibolsillo/precio-gasolina-diesel-provincia-malaga-viernes-16-enero-2026-20260114000000-nt.html,diariosur.es,Spanish,1,-0.279671
2024-09-19,1.0217071100721573,1.0328887427680782,53.87410575000384,0.6236571664420456,1.7381335549111263,2.3600006103515625,0,2026-01-16,"Precio de la gasolina y diésel en Málaga hoy , viernes 16 de enero : ¿ Dónde están las gasolineras más baratas ?",https://www.diariosur.es/economia/mibolsillo/precio-gasolina-diesel-provincia-malaga-viernes-16-enero-2026-20260114000000-nt.html,diariosur.es,Spanish,1,-0.279982
2024-09-20,1.0192154016325852,1.0336674701668358,53.74401077356267,0.6700823067343451,1.688266937812285,1.0400009155273438,0,2026-01-16,"Precio de la gasolina y diésel en Málaga hoy , viernes 16 de enero : ¿ Dónde están las gasolineras más baratas ?",https://www.diariosur.es/economia/mibolsillo/precio-gasolina-diesel-provincia-malaga-viernes-16-enero-2026-20260114000000-nt.html,diariosur.es,Spanish,1,-0.280293
2024-09-21,1.0173536056197905,1.0348796860030312,53.74401077356267,0.6760939679761477,1.5676764422542646,0.0,0,2026-01-16,"Precio de la gasolina y diésel en Málaga hoy , viernes 16 de enero : ¿ Dónde están las gasolineras más baratas ?",https://www.diariosur.es/economia/mibolsillo/precio-gasolina-diesel-provincia-malaga-viernes-16-enero-2026-20260114000000-nt.html,diariosur.es,Spanish,1,-0.280605
2024-09-22,1.01567497486249,1.0360947483882217,53.74401077356267,0.6549191473594226,1.4556995535218171,0.0,0,2026-01-16,"Precio de la gasolina y diésel en Málaga hoy , viernes 16 de enero : ¿ Dónde están las gasolineras más baratas ?",https://www.diariosur.es/economia/mibolsillo/precio-gasolina-diesel-provincia-malaga-viernes-16-enero-2026-20260114000000-nt.html,diariosur.es,Spanish,1,-0.280917
2024-09-23,0.9943740201964416,1.0137432745874566,46.49804860399654,0.5174046056932644,1.5252924643542431,2.3199996948242188,0,2026-01-16,"Precio de la gasolina y diésel en Málaga hoy , viernes 16 de enero : ¿ Dónde están las gasolineras más baratas ?",https://www.diariosur.es/economia/mibolsillo/precio-gasolina-diesel-provincia-malaga-viernes-16-enero-2026-20260114000000-nt.html,diariosur.es,Spanish,1,-0.281229
2024-09-24,1.0101129864597014,1.0291367954594142,51.86387314661425,0.4878598261388724,1.561342915421574,1.959999084472656,0,2026-01-16,"Precio de la gasolina y diésel en Málaga hoy , viernes 16 de enero : ¿ Dónde están las gasolineras más baratas ?",https://www.diariosur.es/economia/mibolsillo/precio-gasolina-diesel-provincia-malaga-viernes-16-enero-2026-20260114000000-nt.html,diariosur.es,Spanish,1,-0.281542
2024-09-25,0.9852447581449574,1.0018545271407122,44.33850162698933,0.3311438481041586,1.6276754117321424,2.4899978637695312,0,2026-01-16,"Precio de la gasolina y diésel en Málaga hoy , viernes 16 de enero : ¿ Dónde están las gasolineras más baratas ?",https://www.diariosur.es/economia/mibolsillo/precio-gasolina-diesel-provincia-malaga-viernes-16-enero-2026-20260114000000-nt.html,diariosur.es,Spanish,1,-0.281855
2024-09-26,0.9606496160876092,0.972815205081424,37.935226285413286,0.0926067594528123,1.7299846814647235,3.060005187988281,0,2026-01-16,"Precio de la gasolina y diésel en Málaga hoy , viernes 16 de enero : ¿ Dónde están las gasolineras más baratas ?",https://www.diariosur.es/economia/mibolsillo/precio-gasolina-diesel-provincia-malaga-viernes-16-enero-2026-20260114000000-nt.html,diariosur.es,Spanish,1,-0.282168
2024-09-27,0.9708586643052536,0.979787753579804,40.28023076098899,-0.0234616789345474,1.719986059023326,1.5900039672851562,0,2026-01-16,"Precio de la gasolina y diésel en Málaga hoy , viernes 16 de enero : ¿ Dónde están las gasolineras más baratas ?",https://www.diariosur.es/economia/mibolsillo/precio-gasolina-diesel-provincia-malaga-viernes-16-enero-2026-20260114000000-nt.html,diariosur.es,Spanish,1,-0.282482
2024-09-28,0.9735606507569587,0.979428839995835,40.28023076098899,-0.089178311578367,1.5971299119502314,0.0,0,2026-01-16,"Precio de la gasolina y diésel en Málaga hoy , viernes 16 de enero : ¿ Dónde están las gasolineras más baratas ?",https://www.diariosur.es/economia/mibolsillo/precio-gasolina-diesel-provincia-malaga-viernes-16-enero-2026-20260114000000-nt.html,diariosur.es,Spanish,1,-0.282796
2024-09-29,0.9760182972931236,0.9798018315601318,40.28023076098899,-0.1196871779729249,1.4830492039537864,0.0,0,2026-01-16,"Precio de la gasolina y diésel en Málaga hoy , viernes 16 de enero : ¿ Dónde están las gasolineras más baratas ?",https://www.diariosur.es/economia/mibolsillo/precio-gasolina-diesel-provincia-malaga-viernes-16-enero-2026-20260114000000-nt.html,diariosur.es,Spanish,1,-0.28311
2024-09-30,0.9781224557532496,0.9779575549374498,40.24298614343889,-0.1268946950589143,1.5021171179570874,1.75,0,2026-01-16,"Precio de la gasolina y diésel en Málaga hoy , viernes 16 de enero : ¿ Dónde están las gasolineras más baratas ?",https://www.diariosur.es/economia/mibolsillo/precio-gasolina-diesel-provincia-malaga-viernes-16-enero-2026-20260114000000-nt.html,diariosur.es,Spanish,1,-0.283425
2024-10-01,1.0017555096969877,0.9999642251782976,48.71795094243937,-0.0122544605747342,1.7955373674138355,5.6100006103515625,0,2026-01-16,"Precio de la gasolina y diésel en Málaga hoy , viernes 16 de enero : ¿ Dónde están las gasolineras más baratas ?",https://www.diariosur.es/economia/mibolsillo/precio-gasolina-diesel-provincia-malaga-viernes-16-enero-2026-20260114000000-nt.html,diariosur.es,Spanish,1,-0.28374
2024-10-02,1.0050899790814356,1.003019052144694,49.96100941498048,0.084068883233752,1.857284414935336,2.6199951171875,0,2026-01-16,"Precio de la gasolina y diésel en Málaga hoy , viernes 16 de enero : ¿ Dónde están las gasolineras más baratas ?",https://www.diariosur.es/economia/mibolsillo/precio-gasolina-diesel-provincia-malaga-viernes-16-enero-2026-20260114000000-nt.html,diariosur.es,Spanish,1,-0.284056
2024-10-03,1.0511587014335957,1.0508682284065525,62.90736361254196,0.3768217663182077,2.009621089852065,3.5699996948242188,0,2026-01-16,"Precio de la gasolina y diésel en Málaga hoy , viernes 16 de enero : ¿ Dónde están las gasolineras más baratas ?",https://www.diariosur.es/economia/mibolsillo/precio-gasolina-diesel-provincia-malaga-viernes-16-enero-2026-20260114000000-nt.html,diariosur.es,Spanish,1,-0.284371
2024-10-04,1.0546153435273236,1.0561065147263613,64.73117913817853,0.5888633488083934,2.0167910556020288,2.1100006103515625,0,2026-01-16,"Precio de la gasolina y diésel en Málaga hoy , viernes 16 de enero : ¿ Dónde están las gasolineras más baratas ?",https://www.diariosur.es/economia/mibolsillo/precio-gasolina-diesel-provincia-malaga-viernes-16-enero-2026-20260114000000-nt.html,diariosur.es,Spanish,1,-0.284688
2024-10-05,1.0491581878280156,1.0518277295538805,64.73117913817853,0.6951012249966237,1.8727345516304557,0.0,0,2026-01-16,"Precio de la gasolina y diésel en Málaga hoy , viernes 16 de enero : ¿ Dónde están las gasolineras más baratas ?",https://www.diariosur.es/economia/mibolsillo/precio-gasolina-diesel-provincia-malaga-viernes-16-enero-2026-20260114000000-nt.html,diariosur.es,Spanish,1,-0.285004
2024-10-06,1.044269199120077,1.0486468654855594,64.73117913817853,0.7278699465173677,1.7389677979425655,0.0,0,2026-01-16,"Precio de la gasolina y diésel en Málaga hoy , viernes 16 de enero : ¿ Dónde están las gasolineras más baratas ?",https://www.diariosur.es/economia/mibolsillo/precio-gasolina-diesel-provincia-malaga-viernes-16-enero-2026-20260114000000-nt.html,diariosur.es,Spanish,1,-0.285321
2024-10-07,1.074522907819648,1.0830162742548153,71.85200707511189,0.8873497603216336,1.8847557251821596,3.779998779296875,0,2026-01-16,"Precio de la gasolina y diésel en Málaga hoy , viernes 16 de enero : ¿ Dónde están las gasolineras más baratas ?",https://www.diariosur.es/economia/mibolsillo/precio-gasolina-diesel-provincia-malaga-viernes-16-enero-2026-20260114000000-nt.html,diariosur.es,Spanish,1,-0.285638
2024-10-08,1.0223803045078557,1.0309697398921691,56.07988555572642,0.7119010581842815,2.162272933602462,5.769996643066406,0,2026-01-16,"Precio de la gasolina y diésel en Málaga hoy , viernes 16 de enero : ¿ Dónde están las gasolineras más baratas ?",https://www.diariosur.es/economia/mibolsillo/precio-gasolina-diesel-provincia-malaga-viernes-16-enero-2026-20260114000000-nt.html,diariosur.es,Spanish,1,-0.285956
2024-10-09,1.0160724280070172,1.0254184314293866,54.88065320297046,0.5408694897052329,2.2163961646983807,2.9199981689453125,0,2026-01-16,"Precio de la gasolina y diésel en Málaga hoy , viernes 16 de enero : ¿ Dónde están las gasolineras más baratas ?",https://www.diariosur.es/economia/mibolsillo/precio-gasolina-diesel-provincia-malaga-viernes-16-enero-2026-20260114000000-nt.html,diariosur.es,Spanish,1,-0.286274
2024-10-10,1.0470679162373338,1.0590469189074212,61.83248215184427,0.5679635889201472,2.272367867219925,2.9799957275390625,0,2026-01-16,"Precio de la gasolina y diésel en Málaga hoy , viernes 16 de enero : ¿ Dónde están las gasolineras más baratas ?",https://www.diariosur.es/economia/mibolsillo/precio-gasolina-diesel-provincia-malaga-viernes-16-enero-2026-20260114000000-nt.html,diariosur.es,Spanish,1,-0.286592
2024-10-11,1.0388040692920522,1.0523236980336546,60.713141130140464,0.5314528745062576,2.2179131721492498,1.5100021362304688,0,2026-01-16,"Precio de la gasolina y diésel en Málaga hoy , viernes 16 de enero : ¿ Dónde están las gasolineras más baratas ?",https://www.diariosur.es/economia/mibolsillo/precio-gasolina-diesel-provincia-malaga-viernes-16-enero-2026-20260114000000-nt.html,diariosur.es,Spanish,1,-0.28691
2024-10-12,1.0349791737137075,1.049663103696451,60.713141130140464,0.4742857394515909,2.059490802710018,0.0,0,2026-01-16,"Precio de la gasolina y diésel en Málaga hoy , viernes 16 de enero : ¿ Dónde están las gasolineras más baratas ?",https://www.diariosur.es/economia/mibolsillo/precio-gasolina-diesel-provincia-malaga-viernes-16-enero-2026-20260114000000-nt.html,diariosur.es,Spanish,1,-0.287229
2024-10-13,1.0315427439201177,1.0458927501393342,60.713141130140464,0.4060873626660646,1.9123843168021597,0.0,0,2026-01-16,"Precio de la gasolina y diésel en Málaga hoy , viernes 16 de enero : ¿ Dónde están las gasolineras más baratas ?",https://www.diariosur.es/economia/mibolsillo/precio-gasolina-diesel-provincia-malaga-viernes-16-enero-2026-20260114000000-nt.html,diariosur.es,Spanish,1,-0.287549
2024-10-14,1.0071647362983798,1.020343331931708,53.4974412492053,0.2232200478892601,2.04364257988772,3.270004272460937,0,2026-01-16,"Precio de la gasolina y diésel en Málaga hoy , viernes 16 de enero : ¿ Dónde están las gasolineras más baratas ?",https://www.diariosur.es/economia/mibolsillo/precio-gasolina-diesel-provincia-malaga-viernes-16-enero-2026-20260114000000-nt.html,diariosur.es,Spanish,1,-0.287868
2024-10-15,0.9662498884081928,0.9748282559015242,43.12756235638308,-0.1194452142027076,2.191954020365885,2.410003662109375,0,2026-01-16,"Precio de la gasolina y diésel en Málaga hoy , viernes 16 de enero : ¿ Dónde están las gasolineras más baratas ?",https://www.diariosur.es/economia/mibolsillo/precio-gasolina-diesel-provincia-malaga-viernes-16-enero-2026-20260114000000-nt.html,diariosur.es,Spanish,1,-0.288188
2024-10-16,0.966996495800286,0.9703812498585696,42.60758066470726,-0.3487515193231117,2.15467145955013,1.6699981689453125,0,2026-01-16,"Precio de la gasolina y diésel en Málaga hoy , viernes 16 de enero : ¿ Dónde están las gasolineras más baratas ?",https://www.diariosur.es/economia/mibolsillo/precio-gasolina-diesel-provincia-malaga-viernes-16-enero-2026-20260114000000-nt.html,diariosur.es,Spanish,1,-0.288509
2024-10-17,0.9735464304243414,0.972571999202947,43.68513171230487,-0.4641967557621307,2.120051938792643,1.6699981689453125,0,2026-01-16,"Precio de la gasolina y diésel en Málaga hoy , viernes 16 de enero : ¿ Dónde están las gasolineras más baratas ?",https://www.diariosur.es/economia/mibolsillo/precio-gasolina-diesel-provincia-malaga-viernes-16-enero-2026-20260114000000-nt.html,diariosur.es,Spanish,1,-0.288829
2024-10-18,0.9578065503344628,0.95193566891086,39.5445134697065,-0.611570537591137,2.150048294273693,2.540000915527344,0,2026-01-16,"Precio de la gasolina y diésel en Málaga hoy , viernes 16 de enero : ¿ Dónde están las gasolineras más baratas ?",https://www.diariosur.es/economia/mibolsillo/precio-gasolina-diesel-provincia-malaga-viernes-16-enero-2026-20260114000000-nt.html,diariosur.es,Spanish,1,-0.289151
2024-10-19,0.9616709517532832,0.9512554058932412,39.5445134697065,-0.6773016252020416,1.9964734161112865,0.0,0,2026-01-16,"Precio de la gasolina y diésel en Málaga hoy , viernes 16 de enero : ¿ Dónde están las gasolineras más baratas ?",https://www.diariosur.es/economia/mibolsillo/precio-gasolina-diesel-provincia-malaga-viernes-16-enero-2026-20260114000000-nt.html,diariosur.es,Spanish,1,-0.289472
2024-10-20,0.9651942830143412,0.9505695860990429,39.5445134697065,-0.6868712141229427,1.8538681721033368,0.0,0,2026-01-16,"Precio de la gasolina y diésel en Málaga hoy , viernes 16 de enero : ¿ Dónde están las gasolineras más baratas ?",https://www.diariosur.es/economia/mibolsillo/precio-gasolina-diesel-provincia-malaga-viernes-16-enero-2026-20260114000000-nt.html,diariosur.es,Spanish,1,-0.289794
2024-10-21,0.9853919138493014,0.9684857600463443,45.50620088877727,-0.5736572557845969,1.8664489297600184,2.029998779296875,0,2026-01-16,"Precio de la gasolina y diésel en Málaga hoy , viernes 16 de enero : ¿ Dónde están las gasolineras más baratas ?",https://www.diariosur.es/economia/mibolsillo/precio-gasolina-diesel-provincia-malaga-viernes-16-enero-2026-20260114000000-nt.html,diariosur.es,Spanish,1,-0.290116
2024-10-22,1.0061111837170915,0.9881365687106202,51.3993534474988,-0.3759868186549972,1.919559764087986,2.6100006103515625,0,2026-01-16,"Precio de la gasolina y diésel en Málaga hoy , viernes 16 de enero : ¿ Dónde están las gasolineras más baratas ?",https://www.diariosur.es/economia/mibolsillo/precio-gasolina-diesel-provincia-malaga-viernes-16-enero-2026-20260114000000-nt.html,diariosur.es,Spanish,1,-0.290439
2024-10-23,0.9888482590687088,0.972001865776986,46.70641791382721,-0.3167662022504629,1.9224482869726052,1.5900039672851562,0,2026-01-16,"Precio de la gasolina y diésel en Málaga hoy , viernes 16 de enero : ¿ Dónde están las gasolineras más baratas ?",https://www.diariosur.es/economia/mibolsillo/precio-gasolina-diesel-provincia-malaga-viernes-16-enero-2026-20260114000000-nt.html,diariosur.es,Spanish,1,-0.290761
2024-10-24,0.9825460512500468,0.9668177713958076,44.77209552553304,-0.2994802977908989,1.9687019589620065,2.5699996948242188,0,2026-01-16,"Precio de la gasolina y diésel en Málaga hoy , viernes 16 de enero : ¿ Dónde están las gasolineras más baratas ?",https://www.diariosur.es/economia/mibolsillo/precio-gasolina-diesel-provincia-malaga-viernes-16-enero-2026-20260114000000-nt.html,diariosur.es,Spanish,1,-0.291085
2024-10-25,1.00434396235211,0.9904924819026908,50.78898181315243,-0.1702181111255458,1.96808032506991,1.959999084472656,0,2026-01-16,"Precio de la gasolina y diésel en Málaga hoy , viernes 16 de enero : ¿ Dónde están las gasolineras más baratas ?",https://www.diariosur.es/economia/mibolsillo/precio-gasolina-diesel-provincia-malaga-viernes-16-enero-2026-20260114000000-nt.html,diariosur.es,Spanish,1,-0.291408
2024-10-26,1.003928626337156,0.9922724892091984,50.78898181315243,-0.0786293877913262,1.827503158993488,0.0,0,2026-01-16,"Precio de la gasolina y diésel en Málaga hoy , viernes 16 de enero : ¿ Dónde están las gasolineras más baratas ?",https://www.diariosur.es/economia/mibolsillo/precio-gasolina-diesel-provincia-malaga-viernes-16-enero-2026-20260114000000-nt.html,diariosur.es,Spanish,1,-0.291732
2024-10-27,1.0035531420224433,0.9959623098103104,50.78898181315244,-0.0152756813572884,1.6969672190653815,0.0,0,2026-01-16,"Precio de la gasolina y diésel en Málaga hoy , viernes 16 de enero : ¿ Dónde están las gasolineras más baratas ?",https://www.diariosur.es/economia/mibolsillo/precio-gasolina-diesel-provincia-malaga-viernes-16-enero-2026-20260114000000-nt.html,diariosur.es,Spanish,1,-0.292057
2024-10-28,0.9472660938440672,0.9389435584589932,36.89581849006687,-0.2537032442993966,1.922898175585823,2.0800018310546875,0,2026-01-16,"Precio de la gasolina y diésel en Málaga hoy , viernes 16 de enero : ¿ Dónde están las gasolineras más baratas ?",https://www.diariosur.es/economia/mibolsillo/precio-gasolina-diesel-provincia-malaga-viernes-16-enero-2026-20260114000000-nt.html,diariosur.es,Spanish,1,-0.292381
2024-10-29,0.9498628381269016,0.9405261677239026,36.48060659600271,-0.3982555203864266,1.9141194074984984,1.7999954223632812,0,2026-01-16,"Precio de la gasolina y diésel en Málaga hoy , viernes 16 de enero : ¿ Dónde están las gasolineras más baratas ?",https://www.diariosur.es/economia/mibolsillo/precio-gasolina-diesel-provincia-malaga-viernes-16-enero-2026-20260114000000-nt.html,diariosur.es,Spanish,1,-0.292706
2024-10-30,0.972459714521116,0.9650060675513692,42.2449705655368,-0.3752894985575256,1.917396527282367,1.8899993896484373,0,2026-01-16,"Precio de la gasolina y diésel en Málaga hoy , viernes 16 de enero : ¿ Dónde están las gasolineras más baratas ?",https://www.diariosur.es/economia/mibolsillo/precio-gasolina-diesel-provincia-malaga-viernes-16-enero-2026-20260114000000-nt.html,diariosur.es,Spanish,1,-0.293032
2024-10-31,0.9833891286905874,0.9784835723773856,44.75184942562289,-0.2955380569602461,1.9597249543933364,2.509994506835937,0,2026-01-16,"Precio de la gasolina y diésel en Málaga hoy , viernes 16 de enero : ¿ Dónde están las gasolineras más baratas ?",https://www.diariosur.es/economia/mibolsillo/precio-gasolina-diesel-provincia-malaga-viernes-16-enero-2026-20260114000000-nt.html,diariosur.es,Spanish,1,-0.293358
2024-11-01,0.987910339058321,0.9859604341747366,45.65078158420512,-0.2105055145469969,1.976172801366078,2.1299972534179688,0,2026-01-16,"Precio de la gasolina y diésel en Málaga hoy , viernes 16 de enero : ¿ Dónde están las gasolineras más baratas ?",https://www.diariosur.es/economia/mibolsillo/precio-gasolina-diesel-provincia-malaga-viernes-16-enero-2026-20260114000000-nt.html,diariosur.es,Spanish,1,-0.293684
2024-11-02,0.9890491265435188,0.9902245555135109,45.65078158420511,-0.1408184322081769,1.835017601268501,0.0,0,2026-01-16,"Precio de la gasolina y diésel en Málaga hoy , viernes 16 de enero : ¿ Dónde están las gasolineras más baratas ?",https://www.diariosur.es/economia/mibolsillo/precio-gasolina-diesel-provincia-malaga-viernes-16-enero-2026-20260114000000-nt.html,diariosur.es,Spanish,1,-0.29401
2024-11-03,0.9900817227013168,0.9932960534947296,45.65078158420511,-0.0840817452700539,1.7039449154636082,0.0,0,2026-01-16,"Precio de la gasolina y diésel en Málaga hoy , viernes 16 de enero : ¿ Dónde están las gasolineras más baratas ?",https://www.diariosur.es/economia/mibolsillo/precio-gasolina-diesel-provincia-malaga-viernes-16-enero-2026-20260114000000-nt.html,diariosur.es,Spanish,1,-0.294337
2024-11-04,1.0165215518885018,1.0209489813395591,53.7433052480404,0.0881144817356365,1.7479488282750804,1.55999755859375,0,2026-01-16,"Precio de la gasolina y diésel en Málaga hoy , viernes 16 de enero : ¿ Dónde están las gasolineras más baratas ?",https://www.diariosur.es/economia/mibolsillo/precio-gasolina-diesel-provincia-malaga-viernes-16-enero-2026-20260114000000-nt.html,diariosur.es,Spanish,1,-0.294664
2024-11-05,1.0215904549787,1.0272032467200791,55.61256651213554,0.2302766525075464,1.721666572928144,1.3799972534179688,0,2026-01-16,"Precio de la gasolina y diésel en Málaga hoy , viernes 16 de enero : ¿ Dónde están las gasolineras más baratas ?",https://www.diariosur.es/economia/mibolsillo/precio-gasolina-diesel-provincia-malaga-viernes-16-enero-2026-20260114000000-nt.html,diariosur.es,Spanish,1,-0.294992
2024-11-06,1.0156566651281678,1.0221788577160904,54.25050119283603,0.2933068577487958,1.8051189169795936,2.889999389648437,0,2026-01-16,"Precio de la gasolina y diésel en Málaga hoy , viernes 16 de enero : ¿ Dónde están las gasolineras más baratas ?",https://www.diariosur.es/economia/mibolsillo/precio-gasolina-diesel-provincia-malaga-viernes-16-enero-2026-20260114000000-nt.html,diariosur.es,Spanish,1,-0.29532
2024-11-07,1.022699270023657,1.0294274741824474,56.7955557212392,0.364668751781852,1.834752822288808,2.2199935913085938,0,2026-01-16,"Precio de la gasolina y diésel en Málaga hoy , viernes 16 de enero : ¿ Dónde están las gasolineras más baratas ?",https://www.diariosur.es/economia/mibolsillo/precio-gasolina-diesel-provincia-malaga-viernes-16-enero-2026-20260114000000-nt.html,diariosur.es,Spanish,1,-0.295648
2024-11-08,0.9952158478513328,1.000433522961016,48.2525948332303,0.2675638181877867,1.872984959738324,2.2600021362304688,0,2026-01-16,"Precio de la gasolina y diésel en Málaga hoy , viernes 16 de enero : ¿ Dónde están las gasolineras más baratas ?",https://www.diariosur.es/economia/mibolsillo/precio-gasolina-diesel-provincia-malaga-viernes-16-enero-2026-20260114000000-nt.html,diariosur.es,Spanish,1,-0.295977
2024-11-09,0.995669508272034,0.9996093927652026,48.2525948332303,0.1957068983855306,1.739200319757015,0.0,0,2026-01-16,"Precio de la gasolina y diésel en Málaga hoy , viernes 16 de enero : ¿ Dónde están las gasolineras más baratas ?",https://www.diariosur.es/economia/mibolsillo/precio-gasolina-diesel-provincia-malaga-viernes-16-enero-2026-20260114000000-nt.html,diariosur.es,Spanish,1,-0.296306
2024-11-10,0.9960803194704968,0.999737186680217,48.2525948332303,0.1429957473577757,1.6149717254886569,0.0,0,2026-01-16,"Precio de la gasolina y diésel en Málaga hoy , viernes 16 de enero : ¿ Dónde están las gasolineras más baratas ?",https://www.diariosur.es/economia/mibolsillo/precio-gasolina-diesel-provincia-malaga-viernes-16-enero-2026-20260114000000-nt.html,diariosur.es,Spanish,1,-0.296635
2024-11-11,0.966371359826486,0.9692860240437444,39.485841883711295,-0.0446110169387202,1.6881879872143557,2.639999389648437,0,2026-01-16,"Precio de la gasolina y diésel en Málaga hoy , viernes 16 de enero : ¿ Dónde están las gasolineras más baratas ?",https://www.diariosur.es/economia/mibolsillo/precio-gasolina-diesel-provincia-malaga-viernes-16-enero-2026-20260114000000-nt.html,diariosur.es,Spanish,1,-0.296965
2024-11-12,0.9705108824102078,0.9722609244565416,39.887955727914026,-0.1523927745632731,1.6661743633717567,1.3799972534179688,0,2026-01-16,"Precio de la gasolina y diésel en Málaga hoy , viernes 16 de enero : ¿ Dónde están las gasolineras más baratas ?",https://www.diariosur.es/economia/mibolsillo/precio-gasolina-diesel-provincia-malaga-viernes-16-enero-2026-20260114000000-nt.html,diariosur.es,Spanish,1,-0.297295
2024-11-13,0.9772610064437884,0.977913711896482,41.50983275671646,-0.189466542658913,1.6843046351984392,1.9199981689453125,0,2026-01-16,"Precio de la gasolina y diésel en Málaga hoy , viernes 16 de enero : ¿ Dónde están las gasolineras más baratas ?",https://www.diariosur.es/economia/mibolsillo/precio-gasolina-diesel-provincia-malaga-viernes-16-enero-2026-20260114000000-nt.html,diariosur.es,Spanish,1,-0.297626
2024-11-14,0.9828844888304032,0.983937579168498,42.95351005445038,-0.1823993769778383,1.6689972484487738,1.470001220703125,0,2026-01-16,"Precio de la gasolina y diésel en Málaga hoy , viernes 16 de enero : ¿ Dónde están las gasolineras más baratas ?",https://www.diariosur.es/economia/mibolsillo/precio-gasolina-diesel-provincia-malaga-viernes-16-enero-2026-20260114000000-nt.html,diariosur.es,Spanish,1,-0.297957
2024-11-15,0.9626215425039416,0.9631593332626058,36.85746214392852,-0.2720645262730932,1.684068677375145,1.8700027465820312,0,2026-01-16,"Precio de la gasolina y diésel en Málaga hoy , viernes 16 de enero : ¿ Dónde están las gasolineras más baratas ?",https://www.diariosur.es/economia/mibolsillo/precio-gasolina-diesel-provincia-malaga-viernes-16-enero-2026-20260114000000-nt.html,diariosur.es,Spanish,1,-0.298288
2024-11-16,0.9660605762360804,0.9664649843484115,36.85746214392852,-0.3098254365108077,1.5637780575626348,0.0,0,2026-01-16,"Precio de la gasolina y diésel en Málaga hoy , viernes 16 de enero : ¿ Dónde están las gasolineras más baratas ?",https://www.diariosur.es/economia/mibolsillo/precio-gasolina-diesel-provincia-malaga-viernes-16-enero-2026-20260114000000-nt.html,diariosur.es,Spanish,1,-0.298619
2024-11-17,0.9691933250903092,0.9667159150679864,36.85746214392852,-0.3123681311068038,1.4520796248795895,0.0,0,2026-01-16,"Precio de la gasolina y diésel en Málaga hoy , viernes 16 de enero : ¿ Dónde están las gasolineras más baratas ?",https://www.diariosur.es/economia/mibolsillo/precio-gasolina-diesel-provincia-malaga-viernes-16-enero-2026-20260114000000-nt.html,diariosur.es,Spanish,1,-0.298951
2024-11-18,1.0001271303054362,0.9961829949173452,48.48839790670503,-0.1554212395113914,1.546930993052253,2.779998779296875,0,2026-01-16,"Precio de la gasolina y diésel en Málaga hoy , viernes 16 de enero : ¿ Dónde están las gasolineras más baratas ?",https://www.diariosur.es/economia/mibolsillo/precio-gasolina-diesel-provincia-malaga-viernes-16-enero-2026-20260114000000-nt.html,diariosur.es,Spanish,1,-0.299284
2024-11-19,1.0031232178596627,0.9989347030511526,49.56368692344058,-0.0282750025635953,1.5250077430602391,1.2400054931640625,0,2026-01-16,"Precio de la gasolina y diésel en Málaga hoy , viernes 16 de enero : ¿ Dónde están las gasolineras más baratas ?",https://www.diariosur.es/economia/mibolsillo/precio-gasolina-diesel-provincia-malaga-viernes-16-enero-2026-20260114000000-nt.html,diariosur.es,Spanish,1,-0.299616
2024-11-20,0.996022799262763,0.991727257500234,47.166408821602914,0.0257292290228583,1.5160787275472871,1.4000015258789062,0,2026-01-16,"Precio de la gasolina y diésel en Málaga hoy , viernes 16 de enero : ¿ Dónde están las gasolineras más baratas ?",https://www.diariosur.es/economia/mibolsillo/precio-gasolina-diesel-provincia-malaga-viernes-16-enero-2026-20260114000000-nt.html,diariosur.es,Spanish,1,-0.29995
2024-11-21,1.0124796500109543,1.0089960308589274,52.9619247301118,0.1426802602607501,1.5163585786557958,1.5199966430664062,0,2026-01-16,"Precio de la gasolina y diésel en Málaga hoy , viernes 16 de enero : ¿ Dónde están las gasolineras más baratas ?",https://www.diariosur.es/economia/mibolsillo/precio-gasolina-diesel-provincia-malaga-viernes-16-enero-2026-20260114000000-nt.html,diariosur.es,Spanish,1,-0.300283
2024-11-22,1.0261164057033032,1.0241149850150189,57.60381094341278,0.2868858065174009,1.5666187673734622,2.220001220703125,0,2026-01-16,"Precio de la gasolina y diésel en Málaga hoy , viernes 16 de enero : ¿ Dónde están las gasolineras más baratas ?",https://www.diariosur.es/economia/mibolsillo/precio-gasolina-diesel-provincia-malaga-viernes-16-enero-2026-20260114000000-nt.html,diariosur.es,Spanish,1,-0.300617
2024-11-23,1.0235705026069208,1.0228284083865855,57.60381094341278,0.3672084931719587,1.4547174268467864,0.0,0,2026-01-16,"Precio de la gasolina y diésel en Málaga hoy , viernes 16 de enero : ¿ Dónde están las gasolineras más baratas ?",https://www.diariosur.es/economia/mibolsillo/precio-gasolina-diesel-provincia-malaga-viernes-16-enero-2026-20260114000000-nt.html,diariosur.es,Spanish,1,-0.300951
2024-11-24,1.0212779279342763,1.0229973192409552,57.60381094341278,0.4024430506486174,1.350809039214873,0.0,0,2026-01-16,"Precio de la gasolina y diésel en Málaga hoy , viernes 16 de enero : ¿ Dónde están las gasolineras más baratas ?",https://www.diariosur.es/economia/mibolsillo/precio-gasolina-diesel-provincia-malaga-viernes-16-enero-2026-20260114000000-nt.html,diariosur.es,Spanish,1,-0.301286
2024-11-25,0.98940773337732,0.9921423472036844,46.13217657849355,0.2598726047686822,1.450037357354101,2.7400054931640625,0,2026-01-16,"Precio de la gasolina y diésel en Málaga hoy , viernes 16 de enero : ¿ Dónde están las gasolineras más baratas ?",https://www.diariosur.es/economia/mibolsillo/precio-gasolina-diesel-provincia-malaga-viernes-16-enero-2026-20260114000000-nt.html,diariosur.es,Spanish,1,-0.301621
2024-11-26,0.9881943612492256,0.991779602346907,45.41228208356529,0.1486698653276401,1.5071775461145225,2.25,0,2026-01-16,"Precio de la gasolina y diésel en Málaga hoy , viernes 16 de enero : ¿ Dónde están las gasolineras más baratas ?",https://www.diariosur.es/economia/mibolsillo/precio-gasolina-diesel-provincia-malaga-viernes-16-enero-2026-20260114000000-nt.html,diariosur.es,Spanish,1,-0.301956
2024-11-27,0.9886551842205444,0.9936667077694354,45.18895141719779,0.0702771610771432,1.4845221814925031,1.19000244140625,0,2026-01-16,"Precio de la gasolina y diésel en Málaga hoy , viernes 16 de enero : ¿ Dónde están las gasolineras más baratas ?",https://www.diariosur.es/economia/mibolsillo/precio-gasolina-diesel-provincia-malaga-viernes-16-enero-2026-20260114000000-nt.html,diariosur.es,Spanish,1,-0.302292
2024-11-28,0.989724540657322,0.9948606873647714,45.1889514171978,0.0195890415337769,1.3784848828144671,0.0,0,2026-01-16,"Precio de la gasolina y diésel en Málaga hoy , viernes 16 de enero : ¿ Dónde están las gasolineras más baratas ?",https://www.diariosur.es/economia/mibolsillo/precio-gasolina-diesel-provincia-malaga-viernes-16-enero-2026-20260114000000-nt.html,diariosur.es,Spanish,1,-0.302628
2024-11-29,0.9812842858761184,0.986136095726796,41.758930561900456,-0.0570706692967862,1.4100216551008782,1.8199996948242188,0,2026-01-16,"Precio de la gasolina y diésel en Málaga hoy , viernes 16 de enero : ¿ Dónde están las gasolineras más baratas ?",https://www.diariosur.es/economia/mibolsillo/precio-gasolina-diesel-provincia-malaga-viernes-16-enero-2026-20260114000000-nt.html,diariosur.es,Spanish,1,-0.302964
2024-11-30,0.9830364982641996,0.987840848415012,41.758930561900456,-0.099911370226239,1.309305822593673,0.0,0,2026-01-16,"Precio de la gasolina y diésel en Málaga hoy , viernes 16 de enero : ¿ Dónde están las gasolineras más baratas ?",https://www.diariosur.es/economia/mibolsillo/precio-gasolina-diesel-provincia-malaga-viernes-16-enero-2026-20260114000000-nt.html,diariosur.es,Spanish,1,-0.303301
2024-12-01,0.9846272340541038,0.9878695507747404,41.758930561900456,-0.1190814723764229,1.215783978122696,0.0,0,2026-01-16,"Precio de la gasolina y diésel en Málaga hoy , viernes 16 de enero : ¿ Dónde están las gasolineras más baratas ?",https://www.diariosur.es/economia/mibolsillo/precio-gasolina-diesel-provincia-malaga-viernes-16-enero-2026-20260114000000-nt.html,diariosur.es,Spanish,1,-0.303638
2024-12-02,0.9873846351190648,0.9893366535989334,42.515810681826736,-0.1157572935886727,1.2289423743909969,1.4000015258789062,0,2026-01-16,"Precio de la gasolina y diésel en Málaga hoy , viernes 16 de enero : ¿ Dónde están las gasolineras más baratas ?",https://www.diariosur.es/economia/mibolsillo/precio-gasolina-diesel-provincia-malaga-viernes-16-enero-2026-20260114000000-nt.html,diariosur.es,Spanish,1,-0.303976
2024-12-03,1.0127065824835857,1.01495444157713,54.28758640651368,0.0127985256503501,1.306875040136227,2.3199996948242188,0,2026-01-16,"Precio de la gasolina y diésel en Málaga hoy , viernes 16 de enero : ¿ Dónde están las gasolineras más baratas ?",https://www.diariosur.es/economia/mibolsillo/precio-gasolina-diesel-provincia-malaga-viernes-16-enero-2026-20260114000000-nt.html,diariosur.es,Spanish,1,-0.304314
2024-12-04,0.993150590128158,0.99475339950089,46.48711889595099,0.0063092507523124,1.3578128424451348,2.020004272460937,0,2026-01-16,"Precio de la gasolina y diésel en Málaga hoy , viernes 16 de enero : ¿ Dónde están las gasolineras más baratas ?",https://www.diariosur.es/economia/mibolsillo/precio-gasolina-diesel-provincia-malaga-viernes-16-enero-2026-20260114000000-nt.html,diariosur.es,Spanish,1,-0.304652
2024-12-05,0.9906473253705546,0.990350293591001,45.28583399251465,-0.0104691507023834,1.3451119469258952,1.1800003051757812,0,2026-01-16,"Precio de la gasolina y diésel en Málaga hoy , viernes 16 de enero : ¿ Dónde están las gasolineras más baratas ?",https://www.diariosur.es/economia/mibolsillo/precio-gasolina-diesel-provincia-malaga-viernes-16-enero-2026-20260114000000-nt.html,diariosur.es,Spanish,1,-0.304991
2024-12-06,0.9770473705451104,0.974273058192604,40.16298270569435,-0.0876768812324193,1.3568892726337554,1.5099945068359375,0,2026-01-16,"Precio de la gasolina y diésel en Málaga hoy , viernes 16 de enero : ¿ Dónde están las gasolineras más baratas ?",https://www.diariosur.es/economia/mibolsillo/precio-gasolina-diesel-provincia-malaga-viernes-16-enero-2026-20260114000000-nt.html,diariosur.es,Spanish,1,-0.30533
2024-12-07,0.9791878406091328,0.9741459484866368,40.16298270569435,-0.1283135346430475,1.259968610302773,0.0,0,2026-01-16,"Precio de la gasolina y diésel en Málaga hoy , viernes 16 de enero : ¿ Dónde están las gasolineras más baratas ?",https://www.diariosur.es/economia/mibolsillo/precio-gasolina-diesel-provincia-malaga-viernes-16-enero-2026-20260114000000-nt.html,diariosur.es,Spanish,1,-0.305669
2024-12-08,0.9811325536653664,0.9755318225901584,40.16298270569435,-0.1436054523934608,1.1699708524240036,0.0,0,2026-01-16,"Precio de la gasolina y diésel en Málaga hoy , viernes 16 de enero : ¿ Dónde están las gasolineras más baratas ?",https://www.diariosur.es/economia/mibolsillo/precio-gasolina-diesel-provincia-malaga-viernes-16-enero-2026-20260114000000-nt.html,diariosur.es,Spanish,1,-0.306009
2024-12-09,0.998384596581368,0.993251973998954,47.98040095407356,-0.0672158106664158,1.2149726074196665,1.7999954223632812,0,2026-01-16,"Precio de la gasolina y diésel en Málaga hoy , viernes 16 de enero : ¿ Dónde están las gasolineras más baratas ?",https://www.diariosur.es/economia/mibolsillo/precio-gasolina-diesel-provincia-malaga-viernes-16-enero-2026-20260114000000-nt.html,diariosur.es,Spanish,1,-0.306349
2024-12-10,1.0014447668203597,0.9966506624593332,49.3210879384273,0.0021592239047627,1.2239028738818778,1.339996337890625,0,2026-01-16,"Precio de la gasolina y diésel en Málaga hoy , viernes 16 de enero : ¿ Dónde están las gasolineras más baratas ?",https://www.diariosur.es/economia/mibolsillo/precio-gasolina-diesel-provincia-malaga-viernes-16-enero-2026-20260114000000-nt.html,diariosur.es,Spanish,1,-0.30669
2024-12-11,1.0237048148057653,1.0212117010460695,58.27107375727411,0.1579468069210355,1.2857666927396454,2.089996337890625,0,2026-01-16,"Precio de la gasolina y diésel en Málaga hoy , viernes 16 de enero : ¿ Dónde están las gasolineras más baratas ?",https://www.diariosur.es/economia/mibolsillo/precio-gasolina-diesel-provincia-malaga-viernes-16-enero-2026-20260114000000-nt.html,diariosur.es,Spanish,1,-0.307031
2024-12-12,1.0178557516140423,1.0181912950792196,56.56251849087817,0.2336481034492776,1.3067834883335772,1.5800018310546875,0,2026-01-16,"Precio de la gasolina y diésel en Málaga hoy , viernes 16 de enero : ¿ Dónde están las gasolineras más baratas ?",https://www.diariosur.es/economia/mibolsillo/precio-gasolina-diesel-provincia-malaga-viernes-16-enero-2026-20260114000000-nt.html,diariosur.es,Spanish,1,-0.307372
2024-12-13,1.0327452967254205,1.036621293633982,62.17971972394677,0.3529316963877771,1.324155769335699,1.5499954223632812,0,2026-01-16,"Precio de la gasolina y diésel en Málaga hoy , viernes 16 de enero : ¿ Dónde están las gasolineras más baratas ?",https://www.diariosur.es/economia/mibolsillo/precio-gasolina-diesel-provincia-malaga-viernes-16-enero-2026-20260114000000-nt.html,diariosur.es,Spanish,1,-0.307714
2024-12-14,1.029534590472648,1.036583609168661,62.17971972394676,0.4114256769044854,1.229573214383149,0.0,0,2026-01-16,"Precio de la gasolina y diésel en Málaga hoy , viernes 16 de enero : ¿ Dónde están las gasolineras más baratas ?",https://www.diariosur.es/economia/mibolsillo/precio-gasolina-diesel-provincia-malaga-viernes-16-enero-2026-20260114000000-nt.html,diariosur.es,Spanish,1,-0.308056
2024-12-15,1.026646819674635,1.0348156335039589,62.17971972394677,0.4278138325897882,1.141746556212924,0.0,0,2026-01-16,"Precio de la gasolina y diésel en Málaga hoy , viernes 16 de enero : ¿ Dónde están las gasolineras más baratas ?",https://www.diariosur.es/economia/mibolsillo/precio-gasolina-diesel-provincia-malaga-viernes-16-enero-2026-20260114000000-nt.html,diariosur.es,Spanish,1,-0.308398
2024-12-16,1.0165231224934814,1.024953423490983,57.908280351530905,0.3789623426647924,1.1366217803994452,1.0699996948242188,0,2026-01-16,"Precio de la gasolina y diésel en Málaga hoy , viernes 16 de enero : ¿ Dónde están las gasolineras más baratas ?",https://www.diariosur.es/economia/mibolsillo/precio-gasolina-diesel-provincia-malaga-viernes-16-enero-2026-20260114000000-nt.html,diariosur.es,Spanish,1,-0.308741
2024-12-17,1.0067504382462569,1.014821225669114,53.60109902230877,0.2877264597064257,1.179720072068737,1.7399978637695312,0,2026-01-16,"Precio de la gasolina y diésel en Málaga hoy , viernes 16 de enero : ¿ Dónde están las gasolineras más baratas ?",https://www.diariosur.es/economia/mibolsillo/precio-gasolina-diesel-provincia-malaga-viernes-16-enero-2026-20260114000000-nt.html,diariosur.es,Spanish,1,-0.309084
2024-12-18,1.0125896161451595,1.0206870901463616,56.37447761725128,0.2461655940924677,1.19474002332443,1.3899993896484375,0,2026-01-16,"Precio de la gasolina y diésel en Málaga hoy , viernes 16 de enero : ¿ Dónde están las gasolineras más baratas ?",https://www.diariosur.es/economia/mibolsillo/precio-gasolina-diesel-provincia-malaga-viernes-16-enero-2026-20260114000000-nt.html,diariosur.es,Spanish,1,-0.309428
2024-12-19,1.0026930365758917,1.0096036332599136,51.89796237845308,0.1626911452403821,1.2208303922289907,1.5600051879882812,0,2026-01-16,"Precio de la gasolina y diésel en Málaga hoy , viernes 16 de enero : ¿ Dónde están las gasolineras más baratas ?",https://www.diariosur.es/economia/mibolsillo/precio-gasolina-diesel-provincia-malaga-viernes-16-enero-2026-20260114000000-nt.html,diariosur.es,Spanish,1,-0.309772
2024-12-20,0.9965957803413038,1.0020485163145585,49.0790493442915,0.0709906139826287,1.2400571851529243,1.4300003051757812,0,2026-01-16,"Precio de la gasolina y diésel en Málaga hoy , viernes 16 de enero : ¿ Dónde están las gasolineras más baratas ?",https://www.diariosur.es/economia/mibolsillo/precio-gasolina-diesel-provincia-malaga-viernes-16-enero-2026-20260114000000-nt.html,diariosur.es,Spanish,1,-0.310116
2024-12-21,0.9969189928397374,1.0009943522898734,49.0790493442915,0.0074976658980165,1.1514816719277154,0.0,0,2026-01-16,"Precio de la gasolina y diésel en Málaga hoy , viernes 16 de enero : ¿ Dónde están las gasolineras más baratas ?",https://www.diariosur.es/economia/mibolsillo/precio-gasolina-diesel-provincia-malaga-viernes-16-enero-2026-20260114000000-nt.html,diariosur.es,Spanish,1,-0.310461
2024-12-22,0.9972116038961087,1.0000143835818778,49.0790493442915,-0.0350039989668503,1.0692329810757355,0.0,0,2026-01-16,"Precio de la gasolina y diésel en Málaga hoy , viernes 16 de enero : ¿ Dónde están las gasolineras más baratas ?",https://www.diariosur.es/economia/mibolsillo/precio-gasolina-diesel-provincia-malaga-viernes-16-enero-2026-20260114000000-nt.html,diariosur.es,Spanish,1,-0.310806
2024-12-23,0.9946164471995808,0.9973495920261926,47.50354501627904,-0.0760809094235072,1.0892882041071563,1.350006103515625,0,2026-01-16,"Precio de la gasolina y diésel en Málaga hoy , viernes 16 de enero : ¿ Dónde están las gasolineras más baratas ?",https://www.diariosur.es/economia/mibolsillo/precio-gasolina-diesel-provincia-malaga-viernes-16-enero-2026-20260114000000-nt.html,diariosur.es,Spanish,1,-0.311152
2024-12-24,1.0063021478477143,1.0086040518647346,53.75329452155467,-0.0450148943377917,1.0964820781999491,1.0699996948242188,0,2026-01-16,"Precio de la gasolina y diésel en Málaga hoy , viernes 16 de enero : ¿ Dónde están las gasolineras más baratas ?",https://www.diariosur.es/economia/mibolsillo/precio-gasolina-diesel-provincia-malaga-viernes-16-enero-2026-20260114000000-nt.html,diariosur.es,Spanish,1,-0.311498
2024-12-25,1.0056985230113102,1.0072996758652937,53.75329452155467,-0.0251402547924231,1.0181619297570956,0.0,0,2026-01-16,"Precio de la gasolina y diésel en Málaga hoy , viernes 16 de enero : ¿ Dónde están las gasolineras más baratas ?",https://www.diariosur.es/economia/mibolsillo/precio-gasolina-diesel-provincia-malaga-viernes-16-enero-2026-20260114000000-nt.html,diariosur.es,Spanish,1,-0.311844
2024-12-26,0.998925205301287,0.998666002336348,49.907332670094,-0.0438969203170054,1.0468645182705398,1.4199981689453125,0,2026-01-16,"Precio de la gasolina y diésel en Málaga hoy , viernes 16 de enero : ¿ Dónde están las gasolineras más baratas ?",https://www.diariosur.es/economia/mibolsillo/precio-gasolina-diesel-provincia-malaga-viernes-16-enero-2026-20260114000000-nt.html,diariosur.es,Spanish,1,-0.312191
2024-12-27,1.011735112229284,1.0102599870429223,56.71649652760789,0.0073896097717049,1.0656597354364834,1.30999755859375,0,2026-01-16,"Precio de la gasolina y diésel en Málaga hoy , viernes 16 de enero : ¿ Dónde están las gasolineras más baratas ?",https://www.diariosur.es/economia/mibolsillo/precio-gasolina-diesel-provincia-malaga-viernes-16-enero-2026-20260114000000-nt.html,diariosur.es,Spanish,1,-0.312538
2024-12-28,1.010605629326456,1.0078083536343136,56.71649652760788,0.0373314529561397,0.989541182905306,0.0,0,2026-01-16,"Precio de la gasolina y diésel en Málaga hoy , viernes 16 de enero : ¿ Dónde están las gasolineras más baratas ?",https://www.diariosur.es/economia/mibolsillo/precio-gasolina-diesel-provincia-malaga-viernes-16-enero-2026-20260114000000-nt.html,diariosur.es,Spanish,1,-0.312885
2024-12-29,1.0095858870701238,1.006206825558481,56.71649652760789,0.0522401730753483,0.9188596698406414,0.0,0,2026-01-16,"Precio de la gasolina y diésel en Málaga hoy , viernes 16 de enero : ¿ Dónde están las gasolineras más baratas ?",https://www.diariosur.es/economia/mibolsillo/precio-gasolina-diesel-provincia-malaga-viernes-16-enero-2026-20260114000000-nt.html,diariosur.es,Spanish,1,-0.313233
2024-12-30,1.0136990416182874,1.0100377483765657,59.45581187787577,0.0817146671692521,0.9560836085671468,1.4399948120117188,0,2026-01-16,"Precio de la gasolina y diésel en Málaga hoy , viernes 16 de enero : ¿ Dónde están las gasolineras más baratas ?",https://www.diariosur.es/economia/mibolsillo/precio-gasolina-diesel-provincia-malaga-viernes-16-enero-2026-20260114000000-nt.html,diariosur.es,Spanish,1,-0.313581
2024-12-31,1.0217756314640398,1.01938713783582,64.04302001865818,0.1402856191450958,0.9699343434183776,1.149993896484375,0,2026-01-16,"Precio de la gasolina y diésel en Málaga hoy , viernes 16 de enero : ¿ Dónde están las gasolineras más baratas ?",https://www.diariosur.es/economia/mibolsillo/precio-gasolina-diesel-provincia-malaga-viernes-16-enero-2026-20260114000000-nt.html,diariosur.es,Spanish,1,-0.31393
2025-01-01,1.0196609874753233,1.0181570567743072,64.04302001865818,0.1671164330213338,0.9006533188884935,0.0,0,2026-01-16,"Precio de la gasolina y diésel en Málaga hoy , viernes 16 de enero : ¿ Dónde están las gasolineras más baratas ?",https://www.diariosur.es/economia/mibolsillo/precio-gasolina-diesel-provincia-malaga-viernes-16-enero-2026-20260114000000-nt.html,diariosur.es,Spanish,1,-0.314279
2025-01-02,1.0357902608357985,1.0368196086808434,71.31345618007035,0.2622483882911861,0.979892520127206,1.94000244140625,0,2026-01-16,"Precio de la gasolina y diésel en Málaga hoy , viernes 16 de enero : ¿ Dónde están las gasolineras más baratas ?",https://www.diariosur.es/economia/mibolsillo/precio-gasolina-diesel-provincia-malaga-viernes-16-enero-2026-20260114000000-nt.html,diariosur.es,Spanish,1,-0.314628
2025-01-03,1.0428240252285506,1.046606233334063,74.57274321598072,0.3575916093781776,1.0277574491094703,1.6500015258789062,0,2026-01-16,"Precio de la gasolina y diésel en Málaga hoy , viernes 16 de enero : ¿ Dónde están las gasolineras más baratas ?",https://www.diariosur.es/economia/mibolsillo/precio-gasolina-diesel-provincia-malaga-viernes-16-enero-2026-20260114000000-nt.html,diariosur.es,Spanish,1,-0.314978
2025-01-04,1.0385881656278912,1.044632761058876,74.57274321598072,0.3942853971564333,0.9543462027445082,0.0,0,2026-01-16,"Precio de la gasolina y diésel en Málaga hoy , viernes 16 de enero : ¿ Dónde están las gasolineras más baratas ?",https://www.diariosur.es/economia/mibolsillo/precio-gasolina-diesel-provincia-malaga-viernes-16-enero-2026-20260114000000-nt.html,diariosur.es,Spanish,1,-0.315328
2025-01-05,1.0347852641837365,1.0422406127469566,74.57274321598072,0.3913966512003264,0.8861786168341862,0.0,0,2026-01-16,"Precio de la gasolina y diésel en Málaga hoy , viernes 16 de enero : ¿ Dónde están las gasolineras más baratas ?",https://www.diariosur.es/economia/mibolsillo/precio-gasolina-diesel-provincia-malaga-viernes-16-enero-2026-20260114000000-nt.html,diariosur.es,Spanish,1,-0.315679
2025-01-06,1.02633568945532,1.034068279630855,69.79929654100951,0.3374305377324862,0.950737352455126,1.7900009155273438,0,2026-01-16,"Precio de la gasolina y diésel en Málaga hoy , viernes 16 de enero : ¿ Dónde están las gasolineras más baratas ?",https://www.diariosur.es/economia/mibolsillo/precio-gasolina-diesel-provincia-malaga-viernes-16-enero-2026-20260114000000-nt.html,diariosur.es,Spanish,1,-0.31603
2025-01-07,1.0324267567052654,1.0410824553400813,73.0088658107727,0.3230715469775637,0.984255982204425,1.4199981689453125,0,2026-01-16,"Precio de la gasolina y diésel en Málaga hoy , viernes 16 de enero : ¿ Dónde están las gasolineras más baratas ?",https://www.diariosur.es/economia/mibolsillo/precio-gasolina-diesel-provincia-malaga-viernes-16-enero-2026-20260114000000-nt.html,diariosur.es,Spanish,1,-0.316381
2025-01-08,1.0176059579657022,1.0255908211927756,63.25179034637666,0.230169119372787,1.0660946444339638,2.1299972534179688,0,2026-01-16,"Precio de la gasolina y diésel en Málaga hoy , viernes 16 de enero : ¿ Dónde están las gasolineras más baratas ?",https://www.diariosur.es/economia/mibolsillo/precio-gasolina-diesel-provincia-malaga-viernes-16-enero-2026-20260114000000-nt.html,diariosur.es,Spanish,1,-0.316733
2025-01-09,1.023405669773785,1.030768253235027,66.37405885625537,0.1900236317159495,1.0956595524696515,1.4800033569335938,0,2026-01-16,"Precio de la gasolina y diésel en Málaga hoy , viernes 16 de enero : ¿ Dónde están las gasolineras más baratas ?",https://www.diariosur.es/economia/mibolsillo/precio-gasolina-diesel-provincia-malaga-viernes-16-enero-2026-20260114000000-nt.html,diariosur.es,Spanish,1,-0.317085
2025-01-10,1.0540616618429075,1.0624540461407566,76.05201583606029,0.3154429680346797,1.298826901679409,3.840003967285156,0,2026-01-16,"Precio de la gasolina y diésel en Málaga hoy , viernes 16 de enero : ¿ Dónde están las gasolineras más baratas ?",https://www.diariosur.es/economia/mibolsillo/precio-gasolina-diesel-provincia-malaga-viernes-16-enero-2026-20260114000000-nt.html,diariosur.es,Spanish,1,-0.317438
2025-01-11,1.0486623826885944,1.0572389262522877,76.05201583606029,0.3682245748156607,1.2060535515594513,0.0,0,2026-01-16,"Precio de la gasolina y diésel en Málaga hoy , viernes 16 de enero : ¿ Dónde están las gasolineras más baratas ?",https://www.diariosur.es/economia/mibolsillo/precio-gasolina-diesel-provincia-malaga-viernes-16-enero-2026-20260114000000-nt.html,diariosur.es,Spanish,1,-0.31779
2025-01-12,1.0438247636307247,1.051915765869726,76.05201583606029,0.3718721026139442,1.1199068693052048,0.0,0,2026-01-16,"Precio de la gasolina y diésel en Málaga hoy , viernes 16 de enero : ¿ Dónde están las gasolineras más baratas ?",https://www.diariosur.es/economia/mibolsillo/precio-gasolina-diesel-provincia-malaga-viernes-16-enero-2026-20260114000000-nt.html,diariosur.es,Spanish,1,-0.318144
2025-01-13,1.0669275819722135,1.07637893764272,81.65201596068816,0.4872743040026039,1.234913216321909,2.7299957275390625,0,2026-01-16,"Precio de la gasolina y diésel en Málaga hoy , viernes 16 de enero : ¿ Dónde están las gasolineras más baratas ?",https://www.diariosur.es/economia/mibolsillo/precio-gasolina-diesel-provincia-malaga-viernes-16-enero-2026-20260114000000-nt.html,diariosur.es,Spanish,1,-0.318497
2025-01-14,1.044180945738863,1.05303206210655,71.14162541240499,0.4377329586022882,1.2667046062832903,1.67999267578125,0,2026-01-16,"Precio de la gasolina y diésel en Málaga hoy , viernes 16 de enero : ¿ Dónde están las gasolineras más baratas ?",https://www.diariosur.es/economia/mibolsillo/precio-gasolina-diesel-provincia-malaga-viernes-16-enero-2026-20260114000000-nt.html,diariosur.es,Spanish,1,-0.318851
2025-01-15,1.070410427862623,1.079899642549306,77.21848575267158,0.5327437720817034,1.4283684757842607,3.529998779296875,0,2026-01-16,"Precio de la gasolina y diésel en Málaga hoy , viernes 16 de enero : ¿ Dónde están las gasolineras más baratas ?",https://www.diariosur.es/economia/mibolsillo/precio-gasolina-diesel-provincia-malaga-viernes-16-enero-2026-20260114000000-nt.html,diariosur.es,Spanish,1,-0.319206
2025-01-16,1.047015128401046,1.0557956171573846,68.85765330394386,0.4632732373792589,1.5206274126074273,2.7199935913085938,0,2026-01-16,"Precio de la gasolina y diésel en Málaga hoy , viernes 16 de enero : ¿ Dónde están las gasolineras más baratas ?",https://www.diariosur.es/economia/mibolsillo/precio-gasolina-diesel-provincia-malaga-viernes-16-enero-2026-20260114000000-nt.html,diariosur.es,Spanish,1,-0.319561
2025-01-17,1.0327919568624873,1.0399807438424395,64.43781607192483,0.3290325829078855,1.532011190648024,1.6800003051757812,0,2026-01-16,"Precio de la gasolina y diésel en Málaga hoy , viernes 16 de enero : ¿ Dónde están las gasolineras más baratas ?",https://www.diariosur.es/economia/mibolsillo/precio-gasolina-diesel-provincia-malaga-viernes-16-enero-2026-20260114000000-nt.html,diariosur.es,Spanish,1,-0.319916
2025-01-18,1.029576544516353,1.034950140106608,64.43781607192483,0.2115367830979495,1.422581819887451,0.0,0,2026-01-16,"Precio de la gasolina y diésel en Málaga hoy , viernes 16 de enero : ¿ Dónde están las gasolineras más baratas ?",https://www.diariosur.es/economia/mibolsillo/precio-gasolina-diesel-provincia-malaga-viernes-16-enero-2026-20260114000000-nt.html,diariosur.es,Spanish,1,-0.320272
2025-01-19,1.0266845653020755,1.0302336555022404,64.43781607192483,0.1102135226485256,1.320968832752633,0.0,0,2026-01-16,"Precio de la gasolina y diésel en Málaga hoy , viernes 16 de enero : ¿ Dónde están las gasolineras más baratas ?",https://www.diariosur.es/economia/mibolsillo/precio-gasolina-diesel-provincia-malaga-viernes-16-enero-2026-20260114000000-nt.html,diariosur.es,Spanish,1,-0.320628
2025-01-20,1.024081976504294,1.0260531375261597,64.43781607192483,0.0240872303856038,1.226613916127445,0.0,0,2026-01-16,"Precio de la gasolina y diésel en Málaga hoy , viernes 16 de enero : ¿ Dónde están las gasolineras más baratas ?",https://www.diariosur.es/economia/mibolsillo/precio-gasolina-diesel-provincia-malaga-viernes-16-enero-2026-20260114000000-nt.html,diariosur.es,Spanish,1,-0.320984
2025-01-21,0.9981127680593248,0.9970963522996246,53.04570989270055,-0.175050928413168,1.3518560190421698,2.9800033569335938,0,2026-01-16,"Precio de la gasolina y diésel en Málaga hoy , viernes 16 de enero : ¿ Dónde están las gasolineras más baratas ?",https://www.diariosur.es/economia/mibolsillo/precio-gasolina-diesel-provincia-malaga-viernes-16-enero-2026-20260114000000-nt.html,diariosur.es,Spanish,1,-0.321341
2025-01-22,0.9929325037423063,0.9896821086745315,50.85619107014287,-0.3359053472274333,1.33886617260668,1.1699981689453125,0,2026-01-16,"Precio de la gasolina y diésel en Málaga hoy , viernes 16 de enero : ¿ Dónde están las gasolineras más baratas ?",https://www.diariosur.es/economia/mibolsillo/precio-gasolina-diesel-provincia-malaga-viernes-16-enero-2026-20260114000000-nt.html,diariosur.es,Spanish,1,-0.321698
2025-01-23,0.9838132050749602,0.9785010834541688,47.04548726331089,-0.4871791197251203,1.3760900610170286,1.8600006103515625,0,2026-01-16,"Precio de la gasolina y diésel en Málaga hoy , viernes 16 de enero : ¿ Dónde están las gasolineras más baratas ?",https://www.diariosur.es/economia/mibolsillo/precio-gasolina-diesel-provincia-malaga-viernes-16-enero-2026-20260114000000-nt.html,diariosur.es,Spanish,1,-0.322056
2025-01-24,0.9858108005679842,0.9785764906417954,47.25312154086614,-0.5685242980027119,1.3635119815331114,1.1999969482421875,0,2026-01-16,"Precio de la gasolina y diésel en Málaga hoy , viernes 16 de enero : ¿ Dónde están las gasolineras más baratas ?",https://www.diariosur.es/economia/mibolsillo/precio-gasolina-diesel-provincia-malaga-viernes-16-enero-2026-20260114000000-nt.html,diariosur.es,Spanish,1,-0.322414
2025-01-25,0.9871447809646872,0.9781277728952754,47.25312154086615,-0.6030323226070304,1.2661182685664607,0.0,0,2026-01-16,"Precio de la gasolina y diésel en Málaga hoy , viernes 16 de enero : ¿ Dónde están las gasolineras más baratas ?",https://www.diariosur.es/economia/mibolsillo/precio-gasolina-diesel-provincia-malaga-viernes-16-enero-2026-20260114000000-nt.html,diariosur.es,Spanish,1,-0.322772
2025-01-26,0.9883548302816282,0.9774234765272404,47.25312154086615,-0.6050003263597055,1.175681249383142,0.0,0,2026-01-16,"Precio de la gasolina y diésel en Málaga hoy , viernes 16 de enero : ¿ Dónde están las gasolineras más baratas ?",https://www.diariosur.es/economia/mibolsillo/precio-gasolina-diesel-provincia-malaga-viernes-16-enero-2026-20260114000000-nt.html,diariosur.es,Spanish,1,-0.323131
2025-01-27,0.971532590845372,0.958594508613088,39.96312241175725,-0.6801794609652955,1.2895614653172702,2.770004272460937,0,2026-01-16,"Precio de la gasolina y diésel en Málaga hoy , viernes 16 de enero : ¿ Dónde están las gasolineras más baratas ?",https://www.diariosur.es/economia/mibolsillo/precio-gasolina-diesel-provincia-malaga-viernes-16-enero-2026-20260114000000-nt.html,diariosur.es,Spanish,1,-0.323491
2025-01-28,0.9814153875253854,0.9661702455831088,43.727881565674814,-0.6623754624510556,1.2960211644673203,1.3799972534179688,0,2026-01-16,"Precio de la gasolina y diésel en Málaga hoy , viernes 16 de enero : ¿ Dónde están las gasolineras más baratas ?",https://www.diariosur.es/economia/mibolsillo/precio-gasolina-diesel-provincia-malaga-viernes-16-enero-2026-20260114000000-nt.html,diariosur.es,Spanish,1,-0.32385
2025-01-29,0.9692439694529792,0.951919078294176,38.716624721454615,-0.6973954896288459,1.328448224148226,1.75,0,2026-01-16,"Precio de la gasolina y diésel en Málaga hoy , viernes 16 de enero : ¿ Dónde están las gasolineras más baratas ?",https://www.diariosur.es/economia/mibolsillo/precio-gasolina-diesel-provincia-malaga-viernes-16-enero-2026-20260114000000-nt.html,diariosur.es,Spanish,1,-0.32421
2025-01-30,0.9734273263051484,0.9557664408095126,39.43164481604538,-0.681689373807626,1.3635590434822256,1.8199996948242188,0,2026-01-16,"Precio de la gasolina y diésel en Málaga hoy , viernes 16 de enero : ¿ Dónde están las gasolineras más baratas ?",https://www.diariosur.es/economia/mibolsillo/precio-gasolina-diesel-provincia-malaga-viernes-16-enero-2026-20260114000000-nt.html,diariosur.es,Spanish,1,-0.324571
2025-01-31,0.9734621870865172,0.9556750012646292,38.55092077746694,-0.6532425337220706,1.4018758186966649,1.899993896484375,0,2026-01-16,"Precio de la gasolina y diésel en Málaga hoy , viernes 16 de enero : ¿ Dónde están las gasolineras más baratas ?",https://www.diariosur.es/economia/mibolsillo/precio-gasolina-diesel-provincia-malaga-viernes-16-enero-2026-20260114000000-nt.html,diariosur.es,Spanish,1,-0.324931
2025-02-01,0.975928759929173,0.9582254213023728,38.55092077746694,-0.6040485880905913,1.3017418316469032,0.0,0,2026-01-16,"Precio de la gasolina y diésel en Málaga hoy , viernes 16 de enero : ¿ Dónde están las gasolineras más baratas ?",https://www.diariosur.es/economia/mibolsillo/precio-gasolina-diesel-provincia-malaga-viernes-16-enero-2026-20260114000000-nt.html,diariosur.es,Spanish,1,-0.325293
2025-02-02,0.9781712165180472,0.9622234570325792,38.55092077746694,-0.5430528376415845,1.2087602722435529,0.0,0,2026-01-16,"Precio de la gasolina y diésel en Málaga hoy , viernes 16 de enero : ¿ Dónde están las gasolineras más baratas ?",https://www.diariosur.es/economia/mibolsillo/precio-gasolina-diesel-provincia-malaga-viernes-16-enero-2026-20260114000000-nt.html,diariosur.es,Spanish,1,-0.325654
2025-02-03,0.9879221408809356,0.9733836700840328,43.51444753624858,-0.4364142755210214,1.345991485184583,3.1299972534179688,0,2026-01-16,"Precio de la gasolina y diésel en Málaga hoy , viernes 16 de enero : ¿ Dónde están las gasolineras más baratas ?",https://www.diariosur.es/economia/mibolsillo/precio-gasolina-diesel-provincia-malaga-viernes-16-enero-2026-20260114000000-nt.html,diariosur.es,Spanish,1,-0.326016
2025-02-04,0.983423394511557,0.972009557177522,40.91566724700762,-0.3753251701540003,1.4412778294696684,2.680000305175781,0,2026-01-16,"Precio de la gasolina y diésel en Málaga hoy , viernes 16 de enero : ¿ Dónde están las gasolineras más baratas ?",https://www.diariosur.es/economia/mibolsillo/precio-gasolina-diesel-provincia-malaga-viernes-16-enero-2026-20260114000000-nt.html,diariosur.es,Spanish,1,-0.326379
2025-02-05,0.9644305890447704,0.9545631522360264,33.170589410132195,-0.4223513596079336,1.481900994238297,2.0100021362304688,0,2026-01-16,"Precio de la gasolina y diésel en Málaga hoy , viernes 16 de enero : ¿ Dónde están las gasolineras más baratas ?",https://www.diariosur.es/economia/mibolsillo/precio-gasolina-diesel-provincia-malaga-viernes-16-enero-2026-20260114000000-nt.html,diariosur.es,Spanish,1,-0.326742
2025-02-06,0.9625112573519048,0.9535771010782956,31.552912852187845,-0.4539422268025333,1.4774793638602268,1.4199981689453125,0,2026-01-16,"Precio de la gasolina y diésel en Málaga hoy , viernes 16 de enero : ¿ Dónde están las gasolineras más baratas ?",https://www.diariosur.es/economia/mibolsillo/precio-gasolina-diesel-provincia-malaga-viernes-16-enero-2026-20260114000000-nt.html,diariosur.es,Spanish,1,-0.327105
2025-02-07,0.9708020697126796,0.9633192405682494,34.7357545463005,-0.4214757095316667,1.4390881551135142,0.94000244140625,0,2026-01-16,"Precio de la gasolina y diésel en Málaga hoy , viernes 16 de enero : ¿ Dónde están las gasolineras más baratas ?",https://www.diariosur.es/economia/mibolsillo/precio-gasolina-diesel-provincia-malaga-viernes-16-enero-2026-20260114000000-nt.html,diariosur.es,Spanish,1,-0.327469
2025-02-08,0.973509160436536,0.9678364698867304,34.7357545463005,-0.3744894346991972,1.3362961440339776,0.0,0,2026-01-16,"Precio de la gasolina y diésel en Málaga hoy , viernes 16 de enero : ¿ Dónde están las gasolineras más baratas ?",https://www.diariosur.es/economia/mibolsillo/precio-gasolina-diesel-provincia-malaga-viernes-16-enero-2026-20260114000000-nt.html,diariosur.es,Spanish,1,-0.327833
2025-02-09,0.9759714750808108,0.97239626348955,34.7357545463005,-0.3200120181163335,1.240846419460122,0.0,0,2026-01-16,"Precio de la gasolina y diésel en Málaga hoy , viernes 16 de enero : ¿ Dónde están las gasolineras más baratas ?",https://www.diariosur.es/economia/mibolsillo/precio-gasolina-diesel-provincia-malaga-viernes-16-enero-2026-20260114000000-nt.html,diariosur.es,Spanish,1,-0.328197
2025-02-10,0.9946736611241588,0.9929019460350306,45.45736731868821,-0.1787264263240245,1.2736434307584503,1.7000045776367188,0,2026-01-16,"Precio de la gasolina y diésel en Málaga hoy , viernes 16 de enero : ¿ Dónde están las gasolineras más baratas ?",https://www.diariosur.es/economia/mibolsillo/precio-gasolina-diesel-provincia-malaga-viernes-16-enero-2026-20260114000000-nt.html,diariosur.es,Spanish,1,-0.328562
2025-02-11,1.0076187164961712,1.0080983235734968,51.90362934985647,-0.0104518555171853,1.2805262390315637,1.3700027465820312,0,2026-01-16,"Precio de la gasolina y diésel en Málaga hoy , viernes 16 de enero : ¿ Dónde están las gasolineras más baratas ?",https://www.diariosur.es/economia/mibolsillo/precio-gasolina-diesel-provincia-malaga-viernes-16-enero-2026-20260114000000-nt.html,diariosur.es,Spanish,1,-0.328927
2025-02-12,0.9826152624215096,0.9834846005684472,41.58299790166087,-0.022320438202811,1.3426316166635166,2.0500030517578125,0,2026-01-16,"Precio de la gasolina y diésel en Málaga hoy , viernes 16 de enero : ¿ Dónde están las gasolineras más baratas ?",https://www.diariosur.es/economia/mibolsillo/precio-gasolina-diesel-provincia-malaga-viernes-16-enero-2026-20260114000000-nt.html,diariosur.es,Spanish,1,-0.329293
2025-02-13,0.9832448961187346,0.9846685157445596,41.22085810793057,-0.0270874963054434,1.345300590717406,1.3799972534179688,0,2026-01-16,"Precio de la gasolina y diésel en Málaga hoy , viernes 16 de enero : ¿ Dónde están las gasolineras más baratas ?",https://www.diariosur.es/economia/mibolsillo/precio-gasolina-diesel-provincia-malaga-viernes-16-enero-2026-20260114000000-nt.html,diariosur.es,Spanish,1,-0.329659
2025-02-14,0.9779261570957168,0.9797240841791746,38.72401805180677,-0.0570862013293341,1.3563505485233056,1.5,0,2026-01-16,"Precio de la gasolina y diésel en Málaga hoy , viernes 16 de enero : ¿ Dónde están las gasolineras más baratas ?",https://www.diariosur.es/economia/mibolsillo/precio-gasolina-diesel-provincia-malaga-viernes-16-enero-2026-20260114000000-nt.html,diariosur.es,Spanish,1,-0.330025
2025-02-15,0.979986353745328,0.982390818501288,38.72401805180677,-0.0660970112814145,1.2594683664859267,0.0,0,2026-01-16,"Precio de la gasolina y diésel en Málaga hoy , viernes 16 de enero : ¿ Dónde están las gasolineras más baratas ?",https://www.diariosur.es/economia/mibolsillo/precio-gasolina-diesel-provincia-malaga-viernes-16-enero-2026-20260114000000-nt.html,diariosur.es,Spanish,1,-0.330392
2025-02-16,0.9818578352106884,0.9840512206601456,38.72401805180677,-0.0613300051994772,1.1695063403083603,0.0,0,2026-01-16,"Precio de la gasolina y diésel en Málaga hoy , viernes 16 de enero : ¿ Dónde están las gasolineras más baratas ?",https://www.diariosur.es/economia/mibolsillo/precio-gasolina-diesel-provincia-malaga-viernes-16-enero-2026-20260114000000-nt.html,diariosur.es,Spanish,1,-0.33076
2025-02-17,0.9835572502310136,0.9861294767441408,38.724018051806766,-0.0480374417963596,1.0859701731434777,0.0,0,2026-01-16,"Precio de la gasolina y diésel en Málaga hoy , viernes 16 de enero : ¿ Dónde están las gasolineras más baratas ?",https://www.diariosur.es/economia/mibolsillo/precio-gasolina-diesel-provincia-malaga-viernes-16-enero-2026-20260114000000-nt.html,diariosur.es,Spanish,1,-0.331127
2025-02-18,0.9990865690101588,1.0021409530606944,47.37666381549463,0.0408490904653211,1.1476863713648142,1.9499969482421875,0,2026-01-16,"Precio de la gasolina y diésel en Málaga hoy , viernes 16 de enero : ¿ Dónde están las gasolineras más baratas ?",https://www.diariosur.es/economia/mibolsillo/precio-gasolina-diesel-provincia-malaga-viernes-16-enero-2026-20260114000000-nt.html,diariosur.es,Spanish,1,-0.331496
2025-02-19,1.004204068241325,1.0080574912045872,50.11060994459204,0.1270532927860181,1.160708904199805,1.3300018310546875,0,2026-01-16,"Precio de la gasolina y diésel en Málaga hoy , viernes 16 de enero : ¿ Dónde están las gasolineras más baratas ?",https://www.diariosur.es/economia/mibolsillo/precio-gasolina-diesel-provincia-malaga-viernes-16-enero-2026-20260114000000-nt.html,diariosur.es,Spanish,1,-0.331864
2025-02-20,1.0078213290743716,1.012493985855584,52.24796210744503,0.2016621858201706,1.177801234319741,1.4000015258789062,0,2026-01-16,"Precio de la gasolina y diésel en Málaga hoy , viernes 16 de enero : ¿ Dónde están las gasolineras más baratas ?",https://www.diariosur.es/economia/mibolsillo/precio-gasolina-diesel-provincia-malaga-viernes-16-enero-2026-20260114000000-nt.html,diariosur.es,Spanish,1,-0.332233
2025-02-21,0.9797675260455536,0.9836798830637083,39.79678597188154,0.1057267666834846,1.2793867514484092,2.5999984741210938,0,2026-01-16,"Precio de la gasolina y diésel en Málaga hoy , viernes 16 de enero : ¿ Dónde están las gasolineras más baratas ?",https://www.diariosur.es/economia/mibolsillo/precio-gasolina-diesel-provincia-malaga-viernes-16-enero-2026-20260114000000-nt.html,diariosur.es,Spanish,1,-0.332602
2025-02-22,0.9816590871801744,0.9851458720615824,39.79678597188153,0.0461698108105191,1.1880019834878086,0.0,0,2026-01-16,"Precio de la gasolina y diésel en Málaga hoy , viernes 16 de enero : ¿ Dónde están las gasolineras más baratas ?",https://www.diariosur.es/economia/mibolsillo/precio-gasolina-diesel-provincia-malaga-viernes-16-enero-2026-20260114000000-nt.html,diariosur.es,Spanish,1,-0.332972
2025-02-23,0.9833768041548452,0.987051979251782,39.79678597188153,0.0124310146453191,1.1031446989529652,0.0,0,2026-01-16,"Precio de la gasolina y diésel en Málaga hoy , viernes 16 de enero : ¿ Dónde están las gasolineras más baratas ?",https://www.diariosur.es/economia/mibolsillo/precio-gasolina-diesel-provincia-malaga-viernes-16-enero-2026-20260114000000-nt.html,diariosur.es,Spanish,1,-0.333342
2025-02-24,0.9887380011606378,0.992649859475054,42.176131289472494,0.0157598584640966,1.1057771768597846,1.1399993896484375,0,2026-01-16,"Precio de la gasolina y diésel en Málaga hoy , viernes 16 de enero : ¿ Dónde están las gasolineras más baratas ?",https://www.diariosur.es/economia/mibolsillo/precio-gasolina-diesel-provincia-malaga-viernes-16-enero-2026-20260114000000-nt.html,diariosur.es,Spanish,1,-0.333713
2025-02-25,0.9673025158577382,0.9692274238321053,33.710715908198395,-0.0899905002304851,1.2110789378737064,2.5800018310546875,0,2026-01-16,"Precio de la gasolina y diésel en Málaga hoy , viernes 16 de enero : ¿ Dónde están las gasolineras más baratas ?",https://www.diariosur.es/economia/mibolsillo/precio-gasolina-diesel-provincia-malaga-viernes-16-enero-2026-20260114000000-nt.html,diariosur.es,Spanish,1,-0.334084
2025-02-26,0.9663619518215836,0.9662203477840045,32.48106371130541,-0.1651871439979688,1.190287454378821,0.9199981689453124,0,2026-01-16,"Precio de la gasolina y diésel en Málaga hoy , viernes 16 de enero : ¿ Dónde están las gasolineras más baratas ?",https://www.diariosur.es/economia/mibolsillo/precio-gasolina-diesel-provincia-malaga-viernes-16-enero-2026-20260114000000-nt.html,diariosur.es,Spanish,1,-0.334455
2025-02-27,0.9916010411397308,0.9910334878579544,44.621331451608185,-0.0867272782103101,1.243124086578604,1.9300003051757808,0,2026-01-16,"Precio de la gasolina y diésel en Málaga hoy , viernes 16 de enero : ¿ Dónde están las gasolineras más baratas ?",https://www.diariosur.es/economia/mibolsillo/precio-gasolina-diesel-provincia-malaga-viernes-16-enero-2026-20260114000000-nt.html,diariosur.es,Spanish,1,-0.334827
2025-02-28,0.9848526950663375,0.9835811636499132,41.857181357615445,-0.063930289549187,1.2407580149996076,1.1500015258789062,0,2026-01-16,"Precio de la gasolina y diésel en Málaga hoy , viernes 16 de enero : ¿ Dónde están las gasolineras más baratas ?",https://www.diariosur.es/economia/mibolsillo/precio-gasolina-diesel-provincia-malaga-viernes-16-enero-2026-20260114000000-nt.html,diariosur.es,Spanish,1,-0.335199
2025-03-01,0.9862754965611004,0.9844417306224093,41.857181357615445,-0.0394188717109014,1.1521324424996358,0.0,0,2026-01-16,"Precio de la gasolina y diésel en Málaga hoy , viernes 16 de enero : ¿ Dónde están las gasolineras más baratas ?",https://www.diariosur.es/economia/mibolsillo/precio-gasolina-diesel-provincia-malaga-viernes-16-enero-2026-20260114000000-nt.html,diariosur.es,Spanish,1,-0.335572
2025-03-02,0.9875663401450492,0.9862231586544316,41.857181357615445,-0.0150279683224149,1.069837268035376,0.0,0,2026-01-16,"Precio de la gasolina y diésel en Málaga hoy , viernes 16 de enero : ¿ Dónde están las gasolineras más baratas ?",https://www.diariosur.es/economia/mibolsillo/precio-gasolina-diesel-provincia-malaga-viernes-16-enero-2026-20260114000000-nt.html,diariosur.es,Spanish,1,-0.335945
2025-03-03,0.9708577384977256,0.969966128224678,35.4037875716668,-0.080663474491667,1.186991683495182,2.709999084472656,0,2026-01-16,"Precio de la gasolina y diésel en Málaga hoy , viernes 16 de enero : ¿ Dónde están las gasolineras más baratas ?",https://www.diariosur.es/economia/mibolsillo/precio-gasolina-diesel-provincia-malaga-viernes-16-enero-2026-20260114000000-nt.html,diariosur.es,Spanish,1,-0.336319
2025-03-04,0.9721384674913774,0.9705466526276364,34.944627859141704,-0.1174146882203176,1.2300637714974791,1.7900009155273438,0,2026-01-16,"Precio de la gasolina y diésel en Málaga hoy , viernes 16 de enero : ¿ Dónde están las gasolineras más baratas ?",https://www.diariosur.es/economia/mibolsillo/precio-gasolina-diesel-provincia-malaga-viernes-16-enero-2026-20260114000000-nt.html,diariosur.es,Spanish,1,-0.336692
2025-03-05,0.949397348359613,0.9461705488018646,28.00962604498029,-0.2512923704591425,1.3593449960710409,2.8799972534179688,0,2026-01-16,"Precio de la gasolina y diésel en Málaga hoy , viernes 16 de enero : ¿ Dónde están las gasolineras más baratas ?",https://www.diariosur.es/economia/mibolsillo/precio-gasolina-diesel-provincia-malaga-viernes-16-enero-2026-20260114000000-nt.html,diariosur.es,Spanish,1,-0.337067
2025-03-06,0.9546489188784766,0.9498522176449968,28.40201117934505,-0.3108203915134728,1.369391782065967,1.5,0,2026-01-16,"Precio de la gasolina y diésel en Málaga hoy , viernes 16 de enero : ¿ Dónde están las gasolineras más baratas ?",https://www.diariosur.es/economia/mibolsillo/precio-gasolina-diesel-provincia-malaga-viernes-16-enero-2026-20260114000000-nt.html,diariosur.es,Spanish,1,-0.337441
2025-03-07,0.967709448619616,0.962133234257104,33.69478216216864,-0.2797135526311642,1.4215779743556187,2.0999984741210938,0,2026-01-16,"Precio de la gasolina y diésel en Málaga hoy , viernes 16 de enero : ¿ Dónde están las gasolineras más baratas ?",https://www.diariosur.es/economia/mibolsillo/precio-gasolina-diesel-provincia-malaga-viernes-16-enero-2026-20260114000000-nt.html,diariosur.es,Spanish,1,-0.337817
2025-03-08,0.9706946166571236,0.9646945457495296,33.69478216216864,-0.236187718430346,1.3200366904730745,0.0,0,2026-01-16,"Precio de la gasolina y diésel en Málaga hoy , viernes 16 de enero : ¿ Dónde están las gasolineras más baratas ?",https://www.diariosur.es/economia/mibolsillo/precio-gasolina-diesel-provincia-malaga-viernes-16-enero-2026-20260114000000-nt.html,diariosur.es,Spanish,1,-0.338192
2025-03-09,0.9734113970514968,0.9672695306652924,33.69478216216864,-0.1866212751254823,1.2257483554392834,0.0,0,2026-01-16,"Precio de la gasolina y diésel en Málaga hoy , viernes 16 de enero : ¿ Dónde están las gasolineras más baratas ?",https://www.diariosur.es/economia/mibolsillo/precio-gasolina-diesel-provincia-malaga-viernes-16-enero-2026-20260114000000-nt.html,diariosur.es,Spanish,1,-0.338568
2025-03-10,0.9625280063731788,0.9567138497101982,29.6312846785338,-0.1998976790723929,1.2667660030767118,1.7999954223632812,0,2026-01-16,"Precio de la gasolina y diésel en Málaga hoy , viernes 16 de enero : ¿ Dónde están las gasolineras más baratas ?",https://www.diariosur.es/economia/mibolsillo/precio-gasolina-diesel-provincia-malaga-viernes-16-enero-2026-20260114000000-nt.html,diariosur.es,Spanish,1,-0.338945
2025-03-11,0.9688968271414612,0.9640921066396548,31.567212037099125,-0.172915243202226,1.3105682352439445,1.8799972534179688,0,2026-01-16,"Precio de la gasolina y diésel en Málaga hoy , viernes 16 de enero : ¿ Dónde están las gasolineras más baratas ?",https://www.diariosur.es/economia/mibolsillo/precio-gasolina-diesel-provincia-malaga-viernes-16-enero-2026-20260114000000-nt.html,diariosur.es,Spanish,1,-0.339321
2025-03-12,0.9907718630284684,0.9884187869133572,42.61773528238856,-0.0445003867437434,1.340527341836453,1.7299957275390625,0,2026-01-16,"Precio de la gasolina y diésel en Málaga hoy , viernes 16 de enero : ¿ Dónde están las gasolineras más baratas ?",https://www.diariosur.es/economia/mibolsillo/precio-gasolina-diesel-provincia-malaga-viernes-16-enero-2026-20260114000000-nt.html,diariosur.es,Spanish,1,-0.339699
2025-03-13,0.9766267040147992,0.9746560478966924,37.468832300649424,-0.0225130112895792,1.356918224192722,1.5699996948242188,0,2026-01-16,"Precio de la gasolina y diésel en Málaga hoy , viernes 16 de enero : ¿ Dónde están las gasolineras más baratas ?",https://www.diariosur.es/economia/mibolsillo/precio-gasolina-diesel-provincia-malaga-viernes-16-enero-2026-20260114000000-nt.html,diariosur.es,Spanish,1,-0.340076
2025-03-14,0.987200269681574,0.9862080547105518,41.69798946180621,0.0439851158251343,1.3264240871200834,0.8900070190429688,0,2026-01-16,"Precio de la gasolina y diésel en Málaga hoy , viernes 16 de enero : ¿ Dónde están las gasolineras más baratas ?",https://www.diariosur.es/economia/mibolsillo/precio-gasolina-diesel-provincia-malaga-viernes-16-enero-2026-20260114000000-nt.html,diariosur.es,Spanish,1,-0.340454
2025-03-15,0.9884051572490148,0.9885444740757984,41.69798946180621,0.0945905741569141,1.231679509468649,0.0,0,2026-01-16,"Precio de la gasolina y diésel en Málaga hoy , viernes 16 de enero : ¿ Dónde están las gasolineras más baratas ?",https://www.diariosur.es/economia/mibolsillo/precio-gasolina-diesel-provincia-malaga-viernes-16-enero-2026-20260114000000-nt.html,diariosur.es,Spanish,1,-0.340833
2025-03-16,0.9894978307490124,0.9911112672651808,41.69798946180621,0.1323664027881732,1.14370240164946,0.0,0,2026-01-16,"Precio de la gasolina y diésel en Málaga hoy , viernes 16 de enero : ¿ Dónde están las gasolineras más baratas ?",https://www.diariosur.es/economia/mibolsillo/precio-gasolina-diesel-provincia-malaga-viernes-16-enero-2026-20260114000000-nt.html,diariosur.es,Spanish,1,-0.341212
2025-03-17,0.9958267398752524,0.9980063636912438,44.66574675629069,0.1853460698141202,1.1470095473463735,1.1200027465820312,0,2026-01-16,"Precio de la gasolina y diésel en Málaga hoy , viernes 16 de enero : ¿ Dónde están las gasolineras más baratas ?",https://www.diariosur.es/economia/mibolsillo/precio-gasolina-diesel-provincia-malaga-viernes-16-enero-2026-20260114000000-nt.html,diariosur.es,Spanish,1,-0.341591
2025-03-18,0.987140951149301,0.989220610693602,40.85811196302388,0.1757322915468226,1.2193662698294452,2.160003662109375,0,2026-01-16,"Precio de la gasolina y diésel en Málaga hoy , viernes 16 de enero : ¿ Dónde están las gasolineras más baratas ?",https://www.diariosur.es/economia/mibolsillo/precio-gasolina-diesel-provincia-malaga-viernes-16-enero-2026-20260114000000-nt.html,diariosur.es,Spanish,1,-0.341971
2025-03-19,0.9918296788798344,0.9954127798979902,42.86371589209732,0.1869783549030903,1.233697119766293,1.4199981689453125,0,2026-01-16,"Precio de la gasolina y diésel en Málaga hoy , viernes 16 de enero : ¿ Dónde están las gasolineras más baratas ?",https://www.diariosur.es/economia/mibolsillo/precio-gasolina-diesel-provincia-malaga-viernes-16-enero-2026-20260114000000-nt.html,diariosur.es,Spanish,1,-0.342351
2025-03-20,1.0073000059326247,1.012842309209712,50.51025711786932,0.263889868049262,1.259147608874783,1.5900039672851562,0,2026-01-16,"Precio de la gasolina y diésel en Málaga hoy , viernes 16 de enero : ¿ Dónde están las gasolineras más baratas ?",https://www.diariosur.es/economia/mibolsillo/precio-gasolina-diesel-provincia-malaga-viernes-16-enero-2026-20260114000000-nt.html,diariosur.es,Spanish,1,-0.342732
2025-03-21,1.0068667834419691,1.0142526840972406,50.63958184401745,0.3084027321977718,1.240637065383727,1.0,0,2026-01-16,"Precio de la gasolina y diésel en Málaga hoy , viernes 16 de enero : ¿ Dónde están las gasolineras más baratas ?",https://www.diariosur.es/economia/mibolsillo/precio-gasolina-diesel-provincia-malaga-viernes-16-enero-2026-20260114000000-nt.html,diariosur.es,Spanish,1,-0.343113
2025-03-22,1.006208743676232,1.0153687997016747,50.63958184401745,0.3282962616731724,1.1520201321420322,0.0,0,2026-01-16,"Precio de la gasolina y diésel en Málaga hoy , viernes 16 de enero : ¿ Dónde están las gasolineras más baratas ?",https://www.diariosur.es/economia/mibolsillo/precio-gasolina-diesel-provincia-malaga-viernes-16-enero-2026-20260114000000-nt.html,diariosur.es,Spanish,1,-0.343494
2025-03-23,1.0056141150783535,1.01543675367348,50.63958184401745,0.3309677638557776,1.0697329798461728,0.0,0,2026-01-16,"Precio de la gasolina y diésel en Málaga hoy , viernes 16 de enero : ¿ Dónde están las gasolineras más baratas ?",https://www.diariosur.es/economia/mibolsillo/precio-gasolina-diesel-provincia-malaga-viernes-16-enero-2026-20260114000000-nt.html,diariosur.es,Spanish,1,-0.343876
2025-03-24,1.0161119655085782,1.0271310642592266,56.52863713445579,0.3749192237590902,1.091895258629482,1.3800048828125,0,2026-01-16,"Precio de la gasolina y diésel en Málaga hoy , viernes 16 de enero : ¿ Dónde están las gasolineras más baratas ?",https://www.diariosur.es/economia/mibolsillo/precio-gasolina-diesel-provincia-malaga-viernes-16-enero-2026-20260114000000-nt.html,diariosur.es,Spanish,1,-0.344258
2025-03-25,1.0130961252831954,1.0234503531603685,55.58217537914128,0.3815968767388289,1.0967601445923314,1.160003662109375,0,2026-01-16,"Precio de la gasolina y diésel en Málaga hoy , viernes 16 de enero : ¿ Dónde están las gasolineras más baratas ?",https://www.diariosur.es/economia/mibolsillo/precio-gasolina-diesel-provincia-malaga-viernes-16-enero-2026-20260114000000-nt.html,diariosur.es,Spanish,1,-0.344641
2025-03-26,1.020439563542148,1.0305770022855163,59.85904685783576,0.4121938004084794,1.1055630786002453,1.160003662109375,0,2026-01-16,"Precio de la gasolina y diésel en Málaga hoy , viernes 16 de enero : ¿ Dónde están las gasolineras más baratas ?",https://www.diariosur.es/economia/mibolsillo/precio-gasolina-diesel-provincia-malaga-viernes-16-enero-2026-20260114000000-nt.html,diariosur.es,Spanish,1,-0.345024
2025-03-27,1.0220207526707812,1.0323723394130746,61.51661302749085,0.4309884213457325,1.0873084639945918,0.8499984741210938,0,2026-01-16,"Precio de la gasolina y diésel en Málaga hoy , viernes 16 de enero : ¿ Dónde están las gasolineras más baratas ?",https://www.diariosur.es/economia/mibolsillo/precio-gasolina-diesel-provincia-malaga-viernes-16-enero-2026-20260114000000-nt.html,diariosur.es,Spanish,1,-0.345408
2025-03-28,1.0125011506685986,1.0223529163435858,56.32177534406955,0.3874497417683541,1.0967859730884493,1.2199935913085938,0,2026-01-16,"Precio de la gasolina y diésel en Málaga hoy , viernes 16 de enero : ¿ Dónde están las gasolineras más baratas ?",https://www.diariosur.es/economia/mibolsillo/precio-gasolina-diesel-provincia-malaga-viernes-16-enero-2026-20260114000000-nt.html,diariosur.es,Spanish,1,-0.345792
2025-03-29,1.011297114706535,1.0206078634544786,56.32177534406955,0.3419787861513588,1.0184441178678458,0.0,0,2026-01-16,"Precio de la gasolina y diésel en Málaga hoy , viernes 16 de enero : ¿ Dónde están las gasolineras más baratas ?",https://www.diariosur.es/economia/mibolsillo/precio-gasolina-diesel-provincia-malaga-viernes-16-enero-2026-20260114000000-nt.html,diariosur.es,Spanish,1,-0.346176
2025-03-30,1.010210213691127,1.0181134956474704,56.32177534406954,0.2969009411489314,0.945698109448714,0.0,0,2026-01-16,"Precio de la gasolina y diésel en Málaga hoy , viernes 16 de enero : ¿ Dónde están las gasolineras más baratas ?",https://www.diariosur.es/economia/mibolsillo/precio-gasolina-diesel-provincia-malaga-viernes-16-enero-2026-20260114000000-nt.html,diariosur.es,Spanish,1,-0.346561
2025-03-31,1.037029502588218,1.0452202896654184,68.7853450049379,0.3890494706586631,1.0938628353781583,3.020004272460937,0,2026-01-16,"Precio de la gasolina y diésel en Málaga hoy , viernes 16 de enero : ¿ Dónde están las gasolineras más baratas ?",https://www.diariosur.es/economia/mibolsillo/precio-gasolina-diesel-provincia-malaga-viernes-16-enero-2026-20260114000000-nt.html,diariosur.es,Spanish,1,-0.346946
2025-04-01,1.0297340905729224,1.0384533509850882,66.10240500991353,0.4083285551400315,1.0921583253385916,1.0699996948242188,0,2026-01-16,"Precio de la gasolina y diésel en Málaga hoy , viernes 16 de enero : ¿ Dónde están las gasolineras más baratas ?",https://www.diariosur.es/economia/mibolsillo/precio-gasolina-diesel-provincia-malaga-viernes-16-enero-2026-20260114000000-nt.html,diariosur.es,Spanish,1,-0.347332
2025-04-02,1.0334574894761075,1.0419708764135205,68.51150925094638,0.4304096780870401,1.1348614764862814,1.69000244140625,0,2026-01-16,"Precio de la gasolina y diésel en Málaga hoy , viernes 16 de enero : ¿ Dónde están las gasolineras más baratas ?",https://www.diariosur.es/economia/mibolsillo/precio-gasolina-diesel-provincia-malaga-viernes-16-enero-2026-20260114000000-nt.html,diariosur.es,Spanish,1,-0.347718
2025-04-03,0.9680982062794328,0.972968997610046,39.9637212644585,0.1157891838107461,1.46308535156148,4.430000305175781,0,2026-01-16,"Precio de la gasolina y diésel en Málaga hoy , viernes 16 de enero : ¿ Dónde están las gasolineras más baratas ?",https://www.diariosur.es/economia/mibolsillo/precio-gasolina-diesel-provincia-malaga-viernes-16-enero-2026-20260114000000-nt.html,diariosur.es,Spanish,1,-0.348105
2025-04-04,0.9053110030371414,0.9042968528223212,27.23079854319596,-0.4064034364851988,1.8228646968287123,6.450000762939453,0,2026-01-16,"Precio de la gasolina y diésel en Málaga hoy , viernes 16 de enero : ¿ Dónde están las gasolineras más baratas ?",https://www.diariosur.es/economia/mibolsillo/precio-gasolina-diesel-provincia-malaga-viernes-16-enero-2026-20260114000000-nt.html,diariosur.es,Spanish,1,-0.348492
2025-04-05,0.9135493911825804,0.9077331031328434,27.23079854319596,-0.7138624576891797,1.6926600756266617,0.0,0,2026-01-16,"Precio de la gasolina y diésel en Málaga hoy , viernes 16 de enero : ¿ Dónde están las gasolineras más baratas ?",https://www.diariosur.es/economia/mibolsillo/precio-gasolina-diesel-provincia-malaga-viernes-16-enero-2026-20260114000000-nt.html,diariosur.es,Spanish,1,-0.348879
2025-04-06,0.921133443275269,0.9114635223694934,27.23079854319596,-0.8689860721793864,1.5717557845104717,0.0,0,2026-01-16,"Precio de la gasolina y diésel en Málaga hoy , viernes 16 de enero : ¿ Dónde están las gasolineras más baratas ?",https://www.diariosur.es/economia/mibolsillo/precio-gasolina-diesel-provincia-malaga-viernes-16-enero-2026-20260114000000-nt.html,diariosur.es,Spanish,1,-0.349267
2025-04-07,0.9104655490074136,0.8965828006121478,24.67683632173573,-1.000841218482734,1.8130589972553988,4.950000762939453,0,2026-01-16,"Precio de la gasolina y diésel en Málaga hoy , viernes 16 de enero : ¿ Dónde están las gasolineras más baratas ?",https://www.diariosur.es/economia/mibolsillo/precio-gasolina-diesel-provincia-malaga-viernes-16-enero-2026-20260114000000-nt.html,diariosur.es,Spanish,1,-0.349655
2025-04-08,0.90280897309569,0.8849938969660316,22.68731134370164,-1.0980698260354649,1.9599832783003532,3.8699989318847656,0,2026-01-16,"Precio de la gasolina y diésel en Málaga hoy , viernes 16 de enero : ¿ Dónde están las gasolineras más baratas ?",https://www.diariosur.es/economia/mibolsillo/precio-gasolina-diesel-provincia-malaga-viernes-16-enero-2026-20260114000000-nt.html,diariosur.es,Spanish,1,-0.350044
2025-04-09,0.9497771208678376,0.9302221258826876,36.35436389990707,-0.9177451525516248,2.3778417136568293,7.810001373291016,0,2026-01-16,"Precio de la gasolina y diésel en Málaga hoy , viernes 16 de enero : ¿ Dónde están las gasolineras más baratas ?",https://www.diariosur.es/economia/mibolsillo/precio-gasolina-diesel-provincia-malaga-viernes-16-enero-2026-20260114000000-nt.html,diariosur.es,Spanish,1,-0.350433
2025-04-10,0.9225098169762488,0.9017285449140754,31.42942763075476,-0.8930955602727635,2.535138864899533,4.580001831054688,0,2026-01-16,"Precio de la gasolina y diésel en Málaga hoy , viernes 16 de enero : ¿ Dónde están las gasolineras más baratas ?",https://www.diariosur.es/economia/mibolsillo/precio-gasolina-diesel-provincia-malaga-viernes-16-enero-2026-20260114000000-nt.html,diariosur.es,Spanish,1,-0.350823
2025-04-11,0.9494920795028172,0.9279167116806027,37.17778195265923,-0.7285132455512222,2.528343133600208,2.4399986267089844,0,2026-01-16,"Precio de la gasolina y diésel en Málaga hoy , viernes 16 de enero : ¿ Dónde están las gasolineras más baratas ?",https://www.diariosur.es/economia/mibolsillo/precio-gasolina-diesel-provincia-malaga-viernes-16-enero-2026-20260114000000-nt.html,diariosur.es,Spanish,1,-0.351213
2025-04-12,0.9540814767768055,0.93268727375898,37.17778195265923,-0.5744503379322075,2.347747195485908,0.0,0,2026-01-16,"Precio de la gasolina y diésel en Málaga hoy , viernes 16 de enero : ¿ Dónde están las gasolineras más baratas ?",https://www.diariosur.es/economia/mibolsillo/precio-gasolina-diesel-provincia-malaga-viernes-16-enero-2026-20260114000000-nt.html,diariosur.es,Spanish,1,-0.351603
2025-04-13,0.9582721856923154,0.9381006105773309,37.17778195265922,-0.4337477345650442,2.1800509672369146,0.0,0,2026-01-16,"Precio de la gasolina y diésel en Málaga hoy , viernes 16 de enero : ¿ Dónde están las gasolineras más baratas ?",https://www.diariosur.es/economia/mibolsillo/precio-gasolina-diesel-provincia-malaga-viernes-16-enero-2026-20260114000000-nt.html,diariosur.es,Spanish,1,-0.351994
2025-04-14,0.9625219044122668,0.9439360379242046,37.31546727660792,-0.3058919232020387,2.173618766190556,2.09000015258789,0,2026-01-16,"Precio de la gasolina y diésel en Málaga hoy , viernes 16 de enero : ¿ Dónde están las gasolineras más baratas ?",https://www.diariosur.es/economia/mibolsillo/precio-gasolina-diesel-provincia-malaga-viernes-16-enero-2026-20260114000000-nt.html,diariosur.es,Spanish,1,-0.352385
2025-04-15,0.963117994160264,0.946910947466998,36.73738835580731,-0.206771245537924,2.1026460189752147,1.1800003051757812,0,2026-01-16,"Precio de la gasolina y diésel en Málaga hoy , viernes 16 de enero : ¿ Dónde están las gasolineras más baratas ?",https://www.diariosur.es/economia/mibolsillo/precio-gasolina-diesel-provincia-malaga-viernes-16-enero-2026-20260114000000-nt.html,diariosur.es,Spanish,1,-0.352777
2025-04-16,0.9827968751954722,0.970091324608006,42.231012444907904,-0.0448705533940096,2.1338856544432248,2.540000915527351,0,2026-01-16,"Precio de la gasolina y diésel en Málaga hoy , viernes 16 de enero : ¿ Dónde están las gasolineras más baratas ?",https://www.diariosur.es/economia/mibolsillo/precio-gasolina-diesel-provincia-malaga-viernes-16-enero-2026-20260114000000-nt.html,diariosur.es,Spanish,1,-0.353169
2025-04-17,1.01586582420153,1.008073314863941,51.0968680575576,0.2162794836413153,2.1521794926721687,2.25,0,2026-01-16,"Precio de la gasolina y diésel en Málaga hoy , viernes 16 de enero : ¿ Dónde están las gasolineras más baratas ?",https://www.diariosur.es/economia/mibolsillo/precio-gasolina-diesel-provincia-malaga-viernes-16-enero-2026-20260114000000-nt.html,diariosur.es,Spanish,1,-0.353562
2025-04-18,1.014333135514876,1.0117632343061724,51.0968680575576,0.3844172475015908,1.998452386052728,0.0,0,2026-01-16,"Precio de la gasolina y diésel en Málaga hoy , viernes 16 de enero : ¿ Dónde están las gasolineras más baratas ?",https://www.diariosur.es/economia/mibolsillo/precio-gasolina-diesel-provincia-malaga-viernes-16-enero-2026-20260114000000-nt.html,diariosur.es,Spanish,1,-0.353955
2025-04-19,1.0129503969140363,1.015480265916033,51.0968680575576,0.4845664964002105,1.855705787048962,0.0,0,2026-01-16,"Precio de la gasolina y diésel en Málaga hoy , viernes 16 de enero : ¿ Dónde están las gasolineras más baratas ?",https://www.diariosur.es/economia/mibolsillo/precio-gasolina-diesel-provincia-malaga-viernes-16-enero-2026-20260114000000-nt.html,diariosur.es,Spanish,1,-0.354349
2025-04-20,1.0117025921400202,1.0209300156534211,51.0968680575576,0.5357474470982013,1.7231553736883218,0.0,0,2026-01-16,"Precio de la gasolina y diésel en Málaga hoy , viernes 16 de enero : ¿ Dónde están las gasolineras más baratas ?",https://www.diariosur.es/economia/mibolsillo/precio-gasolina-diesel-provincia-malaga-viernes-16-enero-2026-20260114000000-nt.html,diariosur.es,Spanish,1,-0.354742
2025-04-21,0.9879295989709108,1.002096992671052,44.45337021184395,0.450223785616787,1.7593585285846078,1.9699974060058596,0,2026-01-16,"Precio de la gasolina y diésel en Málaga hoy , viernes 16 de enero : ¿ Dónde están las gasolineras más baratas ?",https://www.diariosur.es/economia/mibolsillo/precio-gasolina-diesel-provincia-malaga-viernes-16-enero-2026-20260114000000-nt.html,diariosur.es,Spanish,1,-0.355137
2025-04-22,1.006503695034977,1.0276774152579953,49.85134132952,0.46307708077493,1.7772610984597028,1.6599960327148438,0,2026-01-16,"Precio de la gasolina y diésel en Málaga hoy , viernes 16 de enero : ¿ Dónde están las gasolineras más baratas ?",https://www.diariosur.es/economia/mibolsillo/precio-gasolina-diesel-provincia-malaga-viernes-16-enero-2026-20260114000000-nt.html,diariosur.es,Spanish,1,-0.355532
2025-04-23,0.9769415769362252,0.9988130377166105,42.47824310833021,0.327178606160146,1.888885589090092,3.340003967285149,0,2026-01-16,"Precio de la gasolina y diésel en Málaga hoy , viernes 16 de enero : ¿ Dónde están las gasolineras más baratas ?",https://www.diariosur.es/economia/mibolsillo/precio-gasolina-diesel-provincia-malaga-viernes-16-enero-2026-20260114000000-nt.html,diariosur.es,Spanish,1,-0.355927
2025-04-24,0.9864996726198342,1.0065080872694423,44.72253901350281,0.2677967839967607,1.8482508823568156,1.3199996948242188,0,2026-01-16,"Precio de la gasolina y diésel en Málaga hoy , viernes 16 de enero : ¿ Dónde están las gasolineras más baratas ?",https://www.diariosur.es/economia/mibolsillo/precio-gasolina-diesel-provincia-malaga-viernes-16-enero-2026-20260114000000-nt.html,diariosur.es,Spanish,1,-0.356323
2025-04-25,0.99104638493371,1.0093616631392022,45.731110847990905,0.2403694664832325,1.831233005785012,1.6100006103515625,0,2026-01-16,"Precio de la gasolina y diésel en Málaga hoy , viernes 16 de enero : ¿ Dónde están las gasolineras más baratas ?",https://www.diariosur.es/economia/mibolsillo/precio-gasolina-diesel-provincia-malaga-viernes-16-enero-2026-20260114000000-nt.html,diariosur.es,Spanish,1,-0.356719
2025-04-26,0.991892196449354,1.008529777085837,45.731110847990905,0.2191825146276605,1.7004306482289395,0.0,0,2026-01-16,"Precio de la gasolina y diésel en Málaga hoy , viernes 16 de enero : ¿ Dónde están las gasolineras más baratas ?",https://www.diariosur.es/economia/mibolsillo/precio-gasolina-diesel-provincia-malaga-viernes-16-enero-2026-20260114000000-nt.html,diariosur.es,Spanish,1,-0.357115
2025-04-27,0.9926586994710828,1.0066610257757038,45.731110847990905,0.2025179968096659,1.578971316212587,0.0,0,2026-01-16,"Precio de la gasolina y diésel en Málaga hoy , viernes 16 de enero : ¿ Dónde están las gasolineras más baratas ?",https://www.diariosur.es/economia/mibolsillo/precio-gasolina-diesel-provincia-malaga-viernes-16-enero-2026-20260114000000-nt.html,diariosur.es,Spanish,1,-0.357512
2025-04-28,0.9794898635858034,0.9892150703252954,41.72136693041421,0.127196843307682,1.6404732669623294,2.4399986267089844,0,2026-01-16,"Precio de la gasolina y diésel en Málaga hoy , viernes 16 de enero : ¿ Dónde están las gasolineras más baratas ?",https://www.diariosur.es/economia/mibolsillo/precio-gasolina-diesel-provincia-malaga-viernes-16-enero-2026-20260114000000-nt.html,diariosur.es,Spanish,1,-0.35791
2025-04-29,0.9579782924723734,0.9647133651371969,36.00786305651296,-0.0233502494613141,1.6625823738178382,1.950000762939453,0,2026-01-16,"Precio de la gasolina y diésel en Málaga hoy , viernes 16 de enero : ¿ Dónde están las gasolineras más baratas ?",https://www.diariosur.es/economia/mibolsillo/precio-gasolina-diesel-provincia-malaga-viernes-16-enero-2026-20260114000000-nt.html,diariosur.es,Spanish,1,-0.358308
2025-04-30,0.9297617923090292,0.930808945206135,30.00767073098864,-0.2501164747050307,1.7238265226711122,2.520000457763672,0,2026-01-16,"Precio de la gasolina y diésel en Málaga hoy , viernes 16 de enero : ¿ Dónde están las gasolineras más baratas ?",https://www.diariosur.es/economia/mibolsillo/precio-gasolina-diesel-provincia-malaga-viernes-16-enero-2026-20260114000000-nt.html,diariosur.es,Spanish,1,-0.358706
2025-05-01,0.9510855076556646,0.9489940010121316,35.40980445307635,-0.3054285114089563,1.8228389575054305,3.1100006103515625,0,2026-01-16,"Precio de la gasolina y diésel en Málaga hoy , viernes 16 de enero : ¿ Dónde están las gasolineras más baratas ?",https://www.diariosur.es/economia/mibolsillo/precio-gasolina-diesel-provincia-malaga-viernes-16-enero-2026-20260114000000-nt.html,diariosur.es,Spanish,1,-0.359105
2025-05-02,0.941587585327632,0.9361825261274612,32.88847854889002,-0.3760398912242246,1.844778835784897,2.1299972534179688,0,2026-01-16,"Precio de la gasolina y diésel en Málaga hoy , viernes 16 de enero : ¿ Dónde están las gasolineras más baratas ?",https://www.diariosur.es/economia/mibolsillo/precio-gasolina-diesel-provincia-malaga-viernes-16-enero-2026-20260114000000-nt.html,diariosur.es,Spanish,1,-0.359504
2025-05-03,0.9468550222987872,0.9386020107249976,32.88847854889002,-0.3910551374015147,1.7130089189431188,0.0,0,2026-01-16,"Precio de la gasolina y diésel en Málaga hoy , viernes 16 de enero : ¿ Dónde están las gasolineras más baratas ?",https://www.diariosur.es/economia/mibolsillo/precio-gasolina-diesel-provincia-malaga-viernes-16-enero-2026-20260114000000-nt.html,diariosur.es,Spanish,1,-0.359904
2025-05-04,0.9516718393158649,0.9410568213445384,32.88847854889002,-0.3695453863140292,1.5906511390186104,0.0,0,2026-01-16,"Precio de la gasolina y diésel en Málaga hoy , viernes 16 de enero : ¿ Dónde están las gasolineras más baratas ?",https://www.diariosur.es/economia/mibolsillo/precio-gasolina-diesel-provincia-malaga-viernes-16-enero-2026-20260114000000-nt.html,diariosur.es,Spanish,1,-0.360304
2025-05-05,0.938747061473268,0.9254669576793324,29.666920553012037,-0.399456262846882,1.690604748979195,2.4000015258789062,0,2026-01-16,"Precio de la gasolina y diésel en Málaga hoy , viernes 16 de enero : ¿ Dónde están las gasolineras más baratas ?",https://www.diariosur.es/economia/mibolsillo/precio-gasolina-diesel-provincia-malaga-viernes-16-enero-2026-20260114000000-nt.html,diariosur.es,Spanish,1,-0.360704
2025-05-06,0.973646764968211,0.9598453573463904,40.30665329404725,-0.2600071304446141,1.7705616507157536,2.8100013732910085,0,2026-01-16,"Precio de la gasolina y diésel en Málaga hoy , viernes 16 de enero : ¿ Dónde están las gasolineras más baratas ?",https://www.diariosur.es/economia/mibolsillo/precio-gasolina-diesel-provincia-malaga-viernes-16-enero-2026-20260114000000-nt.html,diariosur.es,Spanish,1,-0.361105
2025-05-07,0.960789171844699,0.9483680697564006,37.15647741264078,-0.2113005795586224,1.8190927433962127,2.4499969482421875,0,2026-01-16,"Precio de la gasolina y diésel en Málaga hoy , viernes 16 de enero : ¿ Dónde están las gasolineras más baratas ?",https://www.diariosur.es/economia/mibolsillo/precio-gasolina-diesel-provincia-malaga-viernes-16-enero-2026-20260114000000-nt.html,diariosur.es,Spanish,1,-0.361507
2025-05-08,0.9920609982723,0.98224385798515,45.44032355901551,-0.0390228444400388,1.8713003500865224,2.549999237060547,0,2026-01-16,"Precio de la gasolina y diésel en Málaga hoy , viernes 16 de enero : ¿ Dónde están las gasolineras más baratas ?",https://www.diariosur.es/economia/mibolsillo/precio-gasolina-diesel-provincia-malaga-viernes-16-enero-2026-20260114000000-nt.html,diariosur.es,Spanish,1,-0.361909
2025-05-09,1.009437874089241,1.0034533831292785,49.74408992726563,0.1551779070159924,1.849064708886844,1.5600013732910156,0,2026-01-16,"Precio de la gasolina y diésel en Málaga hoy , viernes 16 de enero : ¿ Dónde están las gasolineras más baratas ?",https://www.diariosur.es/economia/mibolsillo/precio-gasolina-diesel-provincia-malaga-viernes-16-enero-2026-20260114000000-nt.html,diariosur.es,Spanish,1,-0.362311
2025-05-10,1.0085313605658055,1.0064822640031557,49.74408992726563,0.2817479284719151,1.7169886582520693,0.0,0,2026-01-16,"Precio de la gasolina y diésel en Málaga hoy , viernes 16 de enero : ¿ Dónde están las gasolineras más baratas ?",https://www.diariosur.es/economia/mibolsillo/precio-gasolina-diesel-provincia-malaga-viernes-16-enero-2026-20260114000000-nt.html,diariosur.es,Spanish,1,-0.362714
2025-05-11,1.0077125834804368,1.0081951009275902,49.74408992726563,0.3586511483962393,1.5943466112340643,0.0,0,2026-01-16,"Precio de la gasolina y diésel en Málaga hoy , viernes 16 de enero : ¿ Dónde están las gasolineras más baratas ?",https://www.diariosur.es/economia/mibolsillo/precio-gasolina-diesel-provincia-malaga-viernes-16-enero-2026-20260114000000-nt.html,diariosur.es,Spanish,1,-0.363117
2025-05-12,1.0208280336643658,1.0255603818575976,53.57614731509941,0.4589257937725832,1.665464721330766,2.59000015258789,0,2026-01-16,"Precio de la gasolina y diésel en Málaga hoy , viernes 16 de enero : ¿ Dónde están las gasolineras más baratas ?",https://www.diariosur.es/economia/mibolsillo/precio-gasolina-diesel-provincia-malaga-viernes-16-enero-2026-20260114000000-nt.html,diariosur.es,Spanish,1,-0.363521
2025-05-13,1.044280318437104,1.0528143055764256,59.69699625649186,0.6179624179184406,1.7072172412357114,2.25,0,2026-01-16,"Precio de la gasolina y diésel en Málaga hoy , viernes 16 de enero : ¿ Dónde están las gasolineras más baratas ?",https://www.diariosur.es/economia/mibolsillo/precio-gasolina-diesel-provincia-malaga-viernes-16-enero-2026-20260114000000-nt.html,diariosur.es,Spanish,1,-0.363925
2025-05-14,1.0322369390803745,1.043905201689742,57.2398749935924,0.6611333007863884,1.6517017458028591,0.9300003051757812,0,2026-01-16,"Precio de la gasolina y diésel en Málaga hoy , viernes 16 de enero : ¿ Dónde están las gasolineras más baratas ?",https://www.diariosur.es/economia/mibolsillo/precio-gasolina-diesel-provincia-malaga-viernes-16-enero-2026-20260114000000-nt.html,diariosur.es,Spanish,1,-0.36433
2025-05-15,1.0065349679729774,1.0197934390426953,50.635852453489534,0.5634556159411768,1.7251516429009253,2.4399986267089844,0,2026-01-16,"Precio de la gasolina y diésel en Málaga hoy , viernes 16 de enero : ¿ Dónde están las gasolineras más baratas ?",https://www.diariosur.es/economia/mibolsillo/precio-gasolina-diesel-provincia-malaga-viernes-16-enero-2026-20260114000000-nt.html,diariosur.es,Spanish,1,-0.364735
2025-05-16,1.0187332417584247,1.0346454976059478,53.89336738430804,0.5344957078492572,1.706212174441763,1.4599990844726562,0,2026-01-16,"Precio de la gasolina y diésel en Málaga hoy , viernes 16 de enero : ¿ Dónde están las gasolineras más baratas ?",https://www.diariosur.es/economia/mibolsillo/precio-gasolina-diesel-provincia-malaga-viernes-16-enero-2026-20260114000000-nt.html,diariosur.es,Spanish,1,-0.36514
2025-05-17,1.0169189381092512,1.035099656761919,53.89336738430804,0.4933851305405348,1.5843398762673515,0.0,0,2026-01-16,"Precio de la gasolina y diésel en Málaga hoy , viernes 16 de enero : ¿ Dónde están las gasolineras más baratas ?",https://www.diariosur.es/economia/mibolsillo/precio-gasolina-diesel-provincia-malaga-viernes-16-enero-2026-20260114000000-nt.html,diariosur.es,Spanish,1,-0.365546
2025-05-18,1.0152829847775533,1.034722587918703,53.89336738430804,0.4456893090447779,1.4711727422482552,0.0,0,2026-01-16,"Precio de la gasolina y diésel en Málaga hoy , viernes 16 de enero : ¿ Dónde están las gasolineras más baratas ?",https://www.diariosur.es/economia/mibolsillo/precio-gasolina-diesel-provincia-malaga-viernes-16-enero-2026-20260114000000-nt.html,diariosur.es,Spanish,1,-0.365952
2025-05-19,1.0167378317957878,1.0360870018285662,54.75068854557169,0.4081137997648716,1.4968033914487149,1.8300018310546875,0,2026-01-16,"Precio de la gasolina y diésel en Málaga hoy , viernes 16 de enero : ¿ Dónde están las gasolineras más baratas ?",https://www.diariosur.es/economia/mibolsillo/precio-gasolina-diesel-provincia-malaga-viernes-16-enero-2026-20260114000000-nt.html,diariosur.es,Spanish,1,-0.366359
2025-05-20,1.0132177720925208,1.0302351756696846,54.04721311351617,0.3568616434799497,1.4598888307906874,0.9799995422363352,0,2026-01-16,"Precio de la gasolina y diésel en Málaga hoy , viernes 16 de enero : ¿ Dónde están las gasolineras más baratas ?",https://www.diariosur.es/economia/mibolsillo/precio-gasolina-diesel-provincia-malaga-viernes-16-enero-2026-20260114000000-nt.html,diariosur.es,Spanish,1,-0.366767
2025-05-21,0.9974512973103882,1.011990355754681,48.89482377948586,0.2440271193849391,1.5634684615991647,2.910003662109368,0,2026-01-16,"Precio de la gasolina y diésel en Málaga hoy , viernes 16 de enero : ¿ Dónde están las gasolineras más baratas ?",https://www.diariosur.es/economia/mibolsillo/precio-gasolina-diesel-provincia-malaga-viernes-16-enero-2026-20260114000000-nt.html,diariosur.es,Spanish,1,-0.367174
2025-05-22,0.9922645160426196,1.0035090072948187,47.08808398701644,0.1375198720792758,1.558935000056367,1.5,0,2026-01-16,"Precio de la gasolina y diésel en Málaga hoy , viernes 16 de enero : ¿ Dónde están las gasolineras más baratas ?",https://www.diariosur.es/economia/mibolsillo/precio-gasolina-diesel-provincia-malaga-viernes-16-enero-2026-20260114000000-nt.html,diariosur.es,Spanish,1,-0.367582
2025-05-23,0.9978415890010784,1.0062471126039512,48.90165715911859,0.0849204594945165,1.5804396865060242,1.8600006103515625,0,2026-01-16,"Precio de la gasolina y diésel en Málaga hoy , viernes 16 de enero : ¿ Dónde están las gasolineras más baratas ?",https://www.diariosur.es/economia/mibolsillo/precio-gasolina-diesel-provincia-malaga-viernes-16-enero-2026-20260114000000-nt.html,diariosur.es,Spanish,1,-0.367991
2025-05-24,0.9980467504376102,1.003588297987176,48.90165715911859,0.0476135280953976,1.4675511374698798,0.0,0,2026-01-16,"Precio de la gasolina y diésel en Málaga hoy , viernes 16 de enero : ¿ Dónde están las gasolineras más baratas ?",https://www.diariosur.es/economia/mibolsillo/precio-gasolina-diesel-provincia-malaga-viernes-16-enero-2026-20260114000000-nt.html,diariosur.es,Spanish,1,-0.3684
2025-05-25,0.99823244539829,0.999999978300926,48.9016571591186,0.0217387977678134,1.3627260562220311,0.0,0,2026-01-16,"Precio de la gasolina y diésel en Málaga hoy , viernes 16 de enero : ¿ Dónde están las gasolineras más baratas ?",https://www.diariosur.es/economia/mibolsillo/precio-gasolina-diesel-provincia-malaga-viernes-16-enero-2026-20260114000000-nt.html,diariosur.es,Spanish,1,-0.36881
2025-05-26,0.9984005146767724,0.9980211304355268,48.9016571591186,0.0043363985956459,1.2653884807776004,0.0,0,2026-01-16,"Precio de la gasolina y diésel en Málaga hoy , viernes 16 de enero : ¿ Dónde están las gasolineras más baratas ?",https://www.diariosur.es/economia/mibolsillo/precio-gasolina-diesel-provincia-malaga-viernes-16-enero-2026-20260114000000-nt.html,diariosur.es,Spanish,1,-0.36922
2025-05-27,0.9891447002609676,0.985386683921752,44.88818203623202,-0.0476965944455867,1.3092893798731455,1.8800010681152344,0,2026-01-16,"Precio de la gasolina y diésel en Málaga hoy , viernes 16 de enero : ¿ Dónde están las gasolineras más baratas ?",https://www.diariosur.es/economia/mibolsillo/precio-gasolina-diesel-provincia-malaga-viernes-16-enero-2026-20260114000000-nt.html,diariosur.es,Spanish,1,-0.36963
2025-05-28,1.0041395209881534,0.9992001891572584,51.2801165528783,-0.0171289119475407,1.3364831699826534,1.690002441406257,0,2026-01-16,"Precio de la gasolina y diésel en Málaga hoy , viernes 16 de enero : ¿ Dónde están las gasolineras más baratas ?",https://www.diariosur.es/economia/mibolsillo/precio-gasolina-diesel-provincia-malaga-viernes-16-enero-2026-20260114000000-nt.html,diariosur.es,Spanish,1,-0.370041
2025-05-29,0.99051366611444,0.9847217631236068,45.854227197481855,-0.0544149185642848,1.421020119109869,2.520000457763672,0,2026-01-16,"Precio de la gasolina y diésel en Málaga hoy , viernes 16 de enero : ¿ Dónde están las gasolineras más baratas ?",https://www.diariosur.es/economia/mibolsillo/precio-gasolina-diesel-provincia-malaga-viernes-16-enero-2026-20260114000000-nt.html,diariosur.es,Spanish,1,-0.370453
2025-05-30,0.9891990052275226,0.9824805400978528,44.99963873200823,-0.0842881949800082,1.4609472207617589,1.979999542236328,0,2026-01-16,"Precio de la gasolina y diésel en Málaga hoy , viernes 16 de enero : ¿ Dónde están las gasolineras más baratas ?",https://www.diariosur.es/economia/mibolsillo/precio-gasolina-diesel-provincia-malaga-viernes-16-enero-2026-20260114000000-nt.html,diariosur.es,Spanish,1,-0.370864
2025-05-31,0.9902176085812274,0.9826631790750026,44.99963873200823,-0.0981846958494857,1.3565938478502046,0.0,0,2026-01-16,"Precio de la gasolina y diésel en Málaga hoy , viernes 16 de enero : ¿ Dónde están las gasolineras más baratas ?",https://www.diariosur.es/economia/mibolsillo/precio-gasolina-diesel-provincia-malaga-viernes-16-enero-2026-20260114000000-nt.html,diariosur.es,Spanish,1,-0.371277
2025-06-01,0.9911410113740332,0.9835853523290892,44.99963873200823,-0.1011150030071429,1.259694287289476,0.0,0,2026-01-16,"Precio de la gasolina y diésel en Málaga hoy , viernes 16 de enero : ¿ Dónde están las gasolineras más baratas ?",https://www.diariosur.es/economia/mibolsillo/precio-gasolina-diesel-provincia-malaga-viernes-16-enero-2026-20260114000000-nt.html,diariosur.es,Spanish,1,-0.371689
2025-06-02,1.0174727006720954,1.0125188322374397,56.64033531524564,0.0136166898830666,1.390430420525077,2.8199996948242188,0,2026-01-16,"Precio de la gasolina y diésel en Málaga hoy , viernes 16 de enero : ¿ Dónde están las gasolineras más baratas ?",https://www.diariosur.es/economia/mibolsillo/precio-gasolina-diesel-provincia-malaga-viernes-16-enero-2026-20260114000000-nt.html,diariosur.es,Spanish,1,-0.372103
2025-06-03,1.0288256247057608,1.026716318138698,61.1909948213257,0.1424443374498492,1.3975423807568237,1.4899978637695312,0,2026-01-16,"Precio de la gasolina y diésel en Málaga hoy , viernes 16 de enero : ¿ Dónde están las gasolineras más baratas ?",https://www.diariosur.es/economia/mibolsillo/precio-gasolina-diesel-provincia-malaga-viernes-16-enero-2026-20260114000000-nt.html,diariosur.es,Spanish,1,-0.372516
2025-06-04,1.01782614076138,1.0166365820727166,57.12821621520904,0.1804933774776405,1.4255751332404325,1.7900009155273438,0,2026-01-16,"Precio de la gasolina y diésel en Málaga hoy , viernes 16 de enero : ¿ Dónde están las gasolineras más baratas ?",https://www.diariosur.es/economia/mibolsillo/precio-gasolina-diesel-provincia-malaga-viernes-16-enero-2026-20260114000000-nt.html,diariosur.es,Spanish,1,-0.372931
2025-06-05,1.023688345440961,1.0243188700798296,59.79746122678942,0.2281613642819266,1.4294625910258536,1.479999542236328,0,2026-01-16,"Precio de la gasolina y diésel en Málaga hoy , viernes 16 de enero : ¿ Dónde están las gasolineras más baratas ?",https://www.diariosur.es/economia/mibolsillo/precio-gasolina-diesel-provincia-malaga-viernes-16-enero-2026-20260114000000-nt.html,diariosur.es,Spanish,1,-0.373345
2025-06-06,1.0389568915074754,1.0421171849332829,65.22336201829049,0.322873803877402,1.468786931447835,1.9800033569335935,0,2026-01-16,"Precio de la gasolina y diésel en Málaga hoy , viernes 16 de enero : ¿ Dónde están las gasolineras más baratas ?",https://www.diariosur.es/economia/mibolsillo/precio-gasolina-diesel-provincia-malaga-viernes-16-enero-2026-20260114000000-nt.html,diariosur.es,Spanish,1,-0.37376
2025-06-07,1.0351164231081773,1.040362821161305,65.22336201829049,0.364152359544092,1.363873579201561,0.0,0,2026-01-16,"Precio de la gasolina y diésel en Málaga hoy , viernes 16 de enero : ¿ Dónde están las gasolineras más baratas ?",https://www.diariosur.es/economia/mibolsillo/precio-gasolina-diesel-provincia-malaga-viernes-16-enero-2026-20260114000000-nt.html,diariosur.es,Spanish,1,-0.374176
2025-06-08,1.0316660970918117,1.0387814147819294,65.22336201829049,0.3689457249651005,1.266454037830021,0.0,0,2026-01-16,"Precio de la gasolina y diésel en Málaga hoy , viernes 16 de enero : ¿ Dónde están las gasolineras más baratas ?",https://www.diariosur.es/economia/mibolsillo/precio-gasolina-diesel-provincia-malaga-viernes-16-enero-2026-20260114000000-nt.html,diariosur.es,Spanish,1,-0.374592
2025-06-09,1.038753570575953,1.0479010823049,68.35353935420868,0.3950891847861548,1.2638504177659906,1.2300033569335938,0,2026-01-16,"Precio de la gasolina y diésel en Málaga hoy , viernes 16 de enero : ¿ Dónde están las gasolineras más baratas ?",https://www.diariosur.es/economia/mibolsillo/precio-gasolina-diesel-provincia-malaga-viernes-16-enero-2026-20260114000000-nt.html,diariosur.es,Spanish,1,-0.375008
2025-06-10,1.0305022070356438,1.0400794406611924,65.5781392150642,0.3672496957604522,1.2957181796736097,1.7099990844726562,0,2026-01-16,"Precio de la gasolina y diésel en Málaga hoy , viernes 16 de enero : ¿ Dónde están las gasolineras más baratas ?",https://www.diariosur.es/economia/mibolsillo/precio-gasolina-diesel-provincia-malaga-viernes-16-enero-2026-20260114000000-nt.html,diariosur.es,Spanish,1,-0.375425
2025-06-11,1.072523728726128,1.0847851719939596,76.21397952404503,0.5282822933217937,1.4724529005869902,3.7700042724609375,0,2026-01-16,"Precio de la gasolina y diésel en Málaga hoy , viernes 16 de enero : ¿ Dónde están las gasolineras más baratas ?",https://www.diariosur.es/economia/mibolsillo/precio-gasolina-diesel-provincia-malaga-viernes-16-enero-2026-20260114000000-nt.html,diariosur.es,Spanish,1,-0.375842
2025-06-12,1.0636214776648785,1.077451749499961,75.34400421198004,0.5887287392110916,1.5508491001753637,2.5699996948242188,0,2026-01-16,"Precio de la gasolina y diésel en Málaga hoy , viernes 16 de enero : ¿ Dónde están las gasolineras más baratas ?",https://www.diariosur.es/economia/mibolsillo/precio-gasolina-diesel-provincia-malaga-viernes-16-enero-2026-20260114000000-nt.html,diariosur.es,Spanish,1,-0.37626
2025-06-13,1.1257445319404042,1.1452963706773054,84.1140548407736,0.9038985964844126,2.124360009523887,9.1300048828125,0,2026-01-16,"Precio de la gasolina y diésel en Málaga hoy , viernes 16 de enero : ¿ Dónde están las gasolineras más baratas ?",https://www.diariosur.es/economia/mibolsillo/precio-gasolina-diesel-provincia-malaga-viernes-16-enero-2026-20260114000000-nt.html,diariosur.es,Spanish,1,-0.376679
2025-06-14,1.1124225271784975,1.1350981807058451,84.1140548407736,1.044882845683596,1.9726200088436088,0.0,0,2026-01-16,"Precio de la gasolina y diésel en Málaga hoy , viernes 16 de enero : ¿ Dónde están las gasolineras más baratas ?",https://www.diariosur.es/economia/mibolsillo/precio-gasolina-diesel-provincia-malaga-viernes-16-enero-2026-20260114000000-nt.html,diariosur.es,Spanish,1,-0.377097
2025-06-15,1.1006380970471663,1.1250800055648067,84.1140548407736,1.066918803606058,1.8317185796404944,0.0,0,2026-01-16,"Precio de la gasolina y diésel en Málaga hoy , viernes 16 de enero : ¿ Dónde están las gasolineras más baratas ?",https://www.diariosur.es/economia/mibolsillo/precio-gasolina-diesel-provincia-malaga-viernes-16-enero-2026-20260114000000-nt.html,diariosur.es,Spanish,1,-0.377517
2025-06-16,1.0739625640885757,1.097224385181257,75.8593193493831,0.9335935901890255,2.280167296119856,8.110000610351562,0,2026-01-16,"Precio de la gasolina y diésel en Málaga hoy , viernes 16 de enero : ¿ Dónde están las gasolineras más baratas ?",https://www.diariosur.es/economia/mibolsillo/precio-gasolina-diesel-provincia-malaga-viernes-16-enero-2026-20260114000000-nt.html,diariosur.es,Spanish,1,-0.377936
2025-06-17,1.1072578540201934,1.132900833711764,80.96378632971451,0.980892293907953,2.441583983220391,4.540000915527344,0,2026-01-16,"Precio de la gasolina y diésel en Málaga hoy , viernes 16 de enero : ¿ Dónde están las gasolineras más baratas ?",https://www.diariosur.es/economia/mibolsillo/precio-gasolina-diesel-provincia-malaga-viernes-16-enero-2026-20260114000000-nt.html,diariosur.es,Spanish,1,-0.378356
2025-06-18,1.0999949260029744,1.1253472497534442,81.37816312698827,0.9599127269193756,2.490756359663075,3.1299972534179688,0,2026-01-16,"Precio de la gasolina y diésel en Málaga hoy , viernes 16 de enero : ¿ Dónde están las gasolineras más baratas ?",https://www.diariosur.es/economia/mibolsillo/precio-gasolina-diesel-provincia-malaga-viernes-16-enero-2026-20260114000000-nt.html,diariosur.es,Spanish,1,-0.378777
2025-06-19,1.0896181369575866,1.1133830997161478,81.37816312698827,0.8759041170135147,2.312845191115713,0.0,0,2026-01-16,"Precio de la gasolina y diésel en Málaga hoy , viernes 16 de enero : ¿ Dónde están las gasolineras más baratas ?",https://www.diariosur.es/economia/mibolsillo/precio-gasolina-diesel-provincia-malaga-viernes-16-enero-2026-20260114000000-nt.html,diariosur.es,Spanish,1,-0.379198
2025-06-20,1.0776873303927654,1.098760900251205,79.96505244123084,0.7413959805967316,2.3819275902715105,3.279998779296875,0,2026-01-16,"Precio de la gasolina y diésel en Málaga hoy , viernes 16 de enero : ¿ Dónde están las gasolineras más baratas ?",https://www.diariosur.es/economia/mibolsillo/precio-gasolina-diesel-provincia-malaga-viernes-16-enero-2026-20260114000000-nt.html,diariosur.es,Spanish,1,-0.37962
2025-06-21,1.0697723061458528,1.087486569811178,79.96505244123084,0.5939987176425543,2.211789905252117,0.0,0,2026-01-16,"Precio de la gasolina y diésel en Málaga hoy , viernes 16 de enero : ¿ Dónde están las gasolineras más baratas ?",https://www.diariosur.es/economia/mibolsillo/precio-gasolina-diesel-provincia-malaga-viernes-16-enero-2026-20260114000000-nt.html,diariosur.es,Spanish,1,-0.380042
2025-06-22,1.062710613737648,1.0777805695616631,79.96505244123085,0.4448957647340124,2.0538049120198227,0.0,0,2026-01-16,"Precio de la gasolina y diésel en Málaga hoy , viernes 16 de enero : ¿ Dónde están las gasolineras más baratas ?",https://www.diariosur.es/economia/mibolsillo/precio-gasolina-diesel-provincia-malaga-viernes-16-enero-2026-20260114000000-nt.html,diariosur.es,Spanish,1,-0.380464
2025-06-23,0.9742874971089484,0.9818351391867544,48.08365615575171,-0.1081833507175713,2.749961922001108,11.800003051757812,0,2026-01-16,"Precio de la gasolina y diésel en Málaga hoy , viernes 16 de enero : ¿ Dónde están las gasolineras más baratas ?",https://www.diariosur.es/economia/mibolsillo/precio-gasolina-diesel-provincia-malaga-viernes-16-enero-2026-20260114000000-nt.html,diariosur.es,Spanish,1,-0.380887
2025-06-24,0.9228465958200092,0.921500023360778,37.65722882172632,-0.7397228100390669,2.875679080160348,3.830001831054688,0,2026-01-16,"Precio de la gasolina y diésel en Málaga hoy , viernes 16 de enero : ¿ Dónde están las gasolineras más baratas ?",https://www.diariosur.es/economia/mibolsillo/precio-gasolina-diesel-provincia-malaga-viernes-16-enero-2026-20260114000000-nt.html,diariosur.es,Spanish,1,-0.381311
2025-06-25,0.9369124543594004,0.9283436148944924,39.53308413151413,-1.0863428607074623,2.788844576771384,1.5199966430664062,0,2026-01-16,"Precio de la gasolina y diésel en Málaga hoy , viernes 16 de enero : ¿ Dónde están las gasolineras más baratas ?",https://www.diariosur.es/economia/mibolsillo/precio-gasolina-diesel-provincia-malaga-viernes-16-enero-2026-20260114000000-nt.html,diariosur.es,Spanish,1,-0.381735
2025-06-26,0.9468029092518196,0.9324795210287884,40.651992569335455,-1.2484123449152786,2.7153552860617087,1.7599945068359375,0,2026-01-16,"Precio de la gasolina y diésel en Málaga hoy , viernes 16 de enero : ¿ Dónde están las gasolineras más baratas ?",https://www.diariosur.es/economia/mibolsillo/precio-gasolina-diesel-provincia-malaga-viernes-16-enero-2026-20260114000000-nt.html,diariosur.es,Spanish,1,-0.382159
2025-06-27,0.9553368153285676,0.9358528835318298,41.66909962806663,-1.2860205399525158,2.613543714638217,1.2899932861328125,0,2026-01-16,"Precio de la gasolina y diésel en Málaga hoy , viernes 16 de enero : ¿ Dónde están las gasolineras más baratas ?",https://www.diariosur.es/economia/mibolsillo/precio-gasolina-diesel-provincia-malaga-viernes-16-enero-2026-20260114000000-nt.html,diariosur.es,Spanish,1,-0.382584
2025-06-28,0.959417830159566,0.935225048842696,41.66909962806663,-1.2585850934458098,2.426862020735487,0.0,0,2026-01-16,"Precio de la gasolina y diésel en Málaga hoy , viernes 16 de enero : ¿ Dónde están las gasolineras más baratas ?",https://www.diariosur.es/economia/mibolsillo/precio-gasolina-diesel-provincia-malaga-viernes-16-enero-2026-20260114000000-nt.html,diariosur.es,Spanish,1,-0.383009
2025-06-29,0.9631403372783852,0.935071559974062,41.66909962806663,-1.1889511939513402,2.253514733540095,0.0,0,2026-01-16,"Precio de la gasolina y diésel en Málaga hoy , viernes 16 de enero : ¿ Dónde están las gasolineras más baratas ?",https://www.diariosur.es/economia/mibolsillo/precio-gasolina-diesel-provincia-malaga-viernes-16-enero-2026-20260114000000-nt.html,diariosur.es,Spanish,1,-0.383435
2025-06-30,0.9610387196995942,0.929134093930927,40.40276302936594,-1.119973574431356,2.186835087917532,1.3199996948242188,0,2026-01-16,"Precio de la gasolina y diésel en Málaga hoy , viernes 16 de enero : ¿ Dónde están las gasolineras más baratas ?",https://www.diariosur.es/economia/mibolsillo/precio-gasolina-diesel-provincia-malaga-viernes-16-enero-2026-20260114000000-nt.html,diariosur.es,Spanish,1,-0.383861
2025-07-01,0.96919020006362,0.9357886978953154,41.97750961638346,-1.0046078119838855,2.1242043807797284,1.3100051879882812,0,2026-01-16,"Precio de la gasolina y diésel en Málaga hoy , viernes 16 de enero : ¿ Dónde están las gasolineras más baratas ?",https://www.diariosur.es/economia/mibolsillo/precio-gasolina-diesel-provincia-malaga-viernes-16-enero-2026-20260114000000-nt.html,diariosur.es,Spanish,1,-0.384288
2025-07-02,0.9989199562448738,0.9647911648638984,50.297178354090846,-0.7579872640781313,2.140332530304112,2.3499984741210938,0,2026-01-16,"Precio de la gasolina y diésel en Málaga hoy , viernes 16 de enero : ¿ Dónde están las gasolineras más baratas ?",https://www.diariosur.es/economia/mibolsillo/precio-gasolina-diesel-provincia-malaga-viernes-16-enero-2026-20260114000000-nt.html,diariosur.es,Spanish,1,-0.384715
2025-07-03,0.9929879884547482,0.9624708311626068,48.60835265732605,-0.5966524914145733,2.0624518532650904,1.0500030517578125,0,2026-01-16,"Precio de la gasolina y diésel en Málaga hoy , viernes 16 de enero : ¿ Dónde están las gasolineras más baratas ?",https://www.diariosur.es/economia/mibolsillo/precio-gasolina-diesel-provincia-malaga-viernes-16-enero-2026-20260114000000-nt.html,diariosur.es,Spanish,1,-0.385143
2025-07-04,0.986933241383849,0.9597552392291198,46.730810741401775,-0.4990618120174869,1.9965623915781867,1.1399993896484375,0,2026-01-16,"Precio de la gasolina y diésel en Málaga hoy , viernes 16 de enero : ¿ Dónde están las gasolineras más baratas ?",https://www.diariosur.es/economia/mibolsillo/precio-gasolina-diesel-provincia-malaga-viernes-16-enero-2026-20260114000000-nt.html,diariosur.es,Spanish,1,-0.385571
2025-07-05,0.9881629639479756,0.964264238258413,46.730810741401775,-0.4134942652982315,1.853950792179745,0.0,0,2026-01-16,"Precio de la gasolina y diésel en Málaga hoy , viernes 16 de enero : ¿ Dónde están las gasolineras más baratas ?",https://www.diariosur.es/economia/mibolsillo/precio-gasolina-diesel-provincia-malaga-viernes-16-enero-2026-20260114000000-nt.html,diariosur.es,Spanish,1,-0.386
2025-07-06,0.9892782136508772,0.9679626337457417,46.730810741401775,-0.3390057403354419,1.7215257355954774,0.0,0,2026-01-16,"Precio de la gasolina y diésel en Málaga hoy , viernes 16 de enero : ¿ Dónde están las gasolineras más baratas ?",https://www.diariosur.es/economia/mibolsillo/precio-gasolina-diesel-provincia-malaga-viernes-16-enero-2026-20260114000000-nt.html,diariosur.es,Spanish,1,-0.386429
2025-07-07,1.0095369381986363,0.9937752051120756,53.18947130228925,-0.1833342017473831,1.80713090940618,2.9199981689453125,0,2026-01-16,"Precio de la gasolina y diésel en Málaga hoy , viernes 16 de enero : ¿ Dónde están las gasolineras más baratas ?",https://www.diariosur.es/economia/mibolsillo/precio-gasolina-diesel-provincia-malaga-viernes-16-enero-2026-20260114000000-nt.html,diariosur.es,Spanish,1,-0.386858
2025-07-08,1.0139864790316946,1.0046313672606486,54.83892762758799,-0.0502535423824252,1.7909074038096449,1.5800018310546875,0,2026-01-16,"Precio de la gasolina y diésel en Málaga hoy , viernes 16 de enero : ¿ Dónde están las gasolineras más baratas ?",https://www.diariosur.es/economia/mibolsillo/precio-gasolina-diesel-provincia-malaga-viernes-16-enero-2026-20260114000000-nt.html,diariosur.es,Spanish,1,-0.387288
2025-07-09,1.013307019120876,1.010387546404696,55.05211418685436,0.0394692496142934,1.7515572673349604,1.2400054931640625,0,2026-01-16,"Precio de la gasolina y diésel en Málaga hoy , viernes 16 de enero : ¿ Dónde están las gasolineras más baratas ?",https://www.diariosur.es/economia/mibolsillo/precio-gasolina-diesel-provincia-malaga-viernes-16-enero-2026-20260114000000-nt.html,diariosur.es,Spanish,1,-0.387719
2025-07-10,0.9877564679835044,0.989756024247248,46.49488467915271,-0.0214776118558509,1.7835892180708004,2.2000045776367188,0,2026-01-16,"Precio de la gasolina y diésel en Málaga hoy , viernes 16 de enero : ¿ Dónde están las gasolineras más baratas ?",https://www.diariosur.es/economia/mibolsillo/precio-gasolina-diesel-provincia-malaga-viernes-16-enero-2026-20260114000000-nt.html,diariosur.es,Spanish,1,-0.38815
2025-07-11,1.0141399011045489,1.0226338669528865,54.41987280103725,0.061869442249161,1.8183326055704865,2.2699966430664062,0,2026-01-16,"Precio de la gasolina y diésel en Málaga hoy , viernes 16 de enero : ¿ Dónde están las gasolineras más baratas ?",https://www.diariosur.es/economia/mibolsillo/precio-gasolina-diesel-provincia-malaga-viernes-16-enero-2026-20260114000000-nt.html,diariosur.es,Spanish,1,-0.388582
2025-07-12,1.0127760389110954,1.0276080236226153,54.41987280103725,0.1111698912277912,1.688451705172595,0.0,0,2026-01-16,"Precio de la gasolina y diésel en Málaga hoy , viernes 16 de enero : ¿ Dónde están las gasolineras más baratas ?",https://www.diariosur.es/economia/mibolsillo/precio-gasolina-diesel-provincia-malaga-viernes-16-enero-2026-20260114000000-nt.html,diariosur.es,Spanish,1,-0.389014
2025-07-13,1.0115452254672,1.0276543107156664,54.41987280103725,0.1362927980355172,1.5678480119459808,0.0,0,2026-01-16,"Precio de la gasolina y diésel en Málaga hoy , viernes 16 de enero : ¿ Dónde están las gasolineras más baratas ?",https://www.diariosur.es/economia/mibolsillo/precio-gasolina-diesel-provincia-malaga-viernes-16-enero-2026-20260114000000-nt.html,diariosur.es,Spanish,1,-0.389446
2025-07-14,0.990782262237428,1.0036186709910782,47.54284529211374,0.0508225098386599,1.6594301878156317,2.8499984741210938,0,2026-01-16,"Precio de la gasolina y diésel en Málaga hoy , viernes 16 de enero : ¿ Dónde están las gasolineras más baratas ?",https://www.diariosur.es/economia/mibolsillo/precio-gasolina-diesel-provincia-malaga-viernes-16-enero-2026-20260114000000-nt.html,diariosur.es,Spanish,1,-0.389879
2025-07-15,0.985481521161481,0.9955326447827034,45.6008439233452,-0.0351457884760467,1.605899176737004,0.9099960327148438,0,2026-01-16,"Precio de la gasolina y diésel en Málaga hoy , viernes 16 de enero : ¿ Dónde están las gasolineras más baratas ?",https://www.diariosur.es/economia/mibolsillo/precio-gasolina-diesel-provincia-malaga-viernes-16-enero-2026-20260114000000-nt.html,diariosur.es,Spanish,1,-0.390312
2025-07-16,0.98496393761108,0.9925906895944112,44.99841168791124,-0.0964174054336606,1.6047638046333006,1.5900039672851562,0,2026-01-16,"Precio de la gasolina y diésel en Málaga hoy , viernes 16 de enero : ¿ Dónde están las gasolineras más baratas ?",https://www.diariosur.es/economia/mibolsillo/precio-gasolina-diesel-provincia-malaga-viernes-16-enero-2026-20260114000000-nt.html,diariosur.es,Spanish,1,-0.390746
2025-07-17,1.0019686962393115,1.008413430548231,50.79846369019113,-0.0558147490741632,1.5901379275794154,1.4000015258789062,0,2026-01-16,"Precio de la gasolina y diésel en Málaga hoy , viernes 16 de enero : ¿ Dónde están las gasolineras más baratas ?",https://www.diariosur.es/economia/mibolsillo/precio-gasolina-diesel-provincia-malaga-viernes-16-enero-2026-20260114000000-nt.html,diariosur.es,Spanish,1,-0.391181
2025-07-18,0.9990965911962336,1.0040630344586203,49.82291037704053,-0.0401530657012733,1.6022710853402051,1.7600021362304688,0,2026-01-16,"Precio de la gasolina y diésel en Málaga hoy , viernes 16 de enero : ¿ Dónde están las gasolineras más baratas ?",https://www.diariosur.es/economia/mibolsillo/precio-gasolina-diesel-provincia-malaga-viernes-16-enero-2026-20260114000000-nt.html,diariosur.es,Spanish,1,-0.391616
2025-07-19,0.999182559798242,1.0027025257739937,49.82291037704053,-0.0280895704750928,1.4878231506730475,0.0,0,2026-01-16,"Precio de la gasolina y diésel en Málaga hoy , viernes 16 de enero : ¿ Dónde están las gasolineras más baratas ?",https://www.diariosur.es/economia/mibolsillo/precio-gasolina-diesel-provincia-malaga-viernes-16-enero-2026-20260114000000-nt.html,diariosur.es,Spanish,1,-0.392051
2025-07-20,0.9992603536634904,1.0010405498585395,49.82291037704053,-0.0188497164114809,1.3815500684821158,0.0,0,2026-01-16,"Precio de la gasolina y diésel en Málaga hoy , viernes 16 de enero : ¿ Dónde están las gasolineras más baratas ?",https://www.diariosur.es/economia/mibolsillo/precio-gasolina-diesel-provincia-malaga-viernes-16-enero-2026-20260114000000-nt.html,diariosur.es,Spanish,1,-0.392487
2025-07-21,0.9974505096425664,0.9976617064831323,49.00021571624331,-0.0207555060103347,1.375725281573237,1.3000030517578125,0,2026-01-16,"Precio de la gasolina y diésel en Málaga hoy , viernes 16 de enero : ¿ Dónde están las gasolineras más baratas ?",https://www.diariosur.es/economia/mibolsillo/precio-gasolina-diesel-provincia-malaga-viernes-16-enero-2026-20260114000000-nt.html,diariosur.es,Spanish,1,-0.392923
2025-07-22,0.9843725823165976,0.983869655557752,43.52679228259581,-0.0837448753602781,1.3638876960660526,1.1399993896484375,0,2026-01-16,"Precio de la gasolina y diésel en Málaga hoy , viernes 16 de enero : ¿ Dónde están las gasolineras más baratas ?",https://www.diariosur.es/economia/mibolsillo/precio-gasolina-diesel-provincia-malaga-viernes-16-enero-2026-20260114000000-nt.html,diariosur.es,Spanish,1,-0.39336
2025-07-23,0.9728702389012238,0.9708665829016464,38.97982166418396,-0.1796129187633797,1.373610003489906,1.0699996948242188,0,2026-01-16,"Precio de la gasolina y diésel en Málaga hoy , viernes 16 de enero : ¿ Dónde están las gasolineras más baratas ?",https://www.diariosur.es/economia/mibolsillo/precio-gasolina-diesel-provincia-malaga-viernes-16-enero-2026-20260114000000-nt.html,diariosur.es,Spanish,1,-0.393797
2025-07-24,0.9859553980766224,0.9828159792657888,44.09028795531844,-0.1796111439602988,1.3569235310726584,1.05999755859375,0,2026-01-16,"Precio de la gasolina y diésel en Málaga hoy , viernes 16 de enero : ¿ Dónde están las gasolineras más baratas ?",https://www.diariosur.es/economia/mibolsillo/precio-gasolina-diesel-provincia-malaga-viernes-16-enero-2026-20260114000000-nt.html,diariosur.es,Spanish,1,-0.394235
2025-07-25,0.9754763388902694,0.970834802357216,40.060257168347874,-0.2244095031090734,1.3842859834081491,1.7399978637695312,0,2026-01-16,"Precio de la gasolina y diésel en Málaga hoy , viernes 16 de enero : ¿ Dónde están las gasolineras más baratas ?",https://www.diariosur.es/economia/mibolsillo/precio-gasolina-diesel-provincia-malaga-viernes-16-enero-2026-20260114000000-nt.html,diariosur.es,Spanish,1,-0.394673
2025-07-26,0.9777599821711668,0.9718049033258792,40.060257168347874,-0.2389067837210527,1.28540841316471,0.0,0,2026-01-16,"Precio de la gasolina y diésel en Málaga hoy , viernes 16 de enero : ¿ Dónde están las gasolineras más baratas ?",https://www.diariosur.es/economia/mibolsillo/precio-gasolina-diesel-provincia-malaga-viernes-16-enero-2026-20260114000000-nt.html,diariosur.es,Spanish,1,-0.395112
2025-07-27,0.97983536846297,0.9738164231989352,40.060257168347874,-0.2331074470443157,1.193593526510088,0.0,0,2026-01-16,"Precio de la gasolina y diésel en Málaga hoy , viernes 16 de enero : ¿ Dónde están las gasolineras más baratas ?",https://www.diariosur.es/economia/mibolsillo/precio-gasolina-diesel-provincia-malaga-viernes-16-enero-2026-20260114000000-nt.html,diariosur.es,Spanish,1,-0.395551
2025-07-28,1.002843023586271,0.9981894643164008,50.19099245656206,-0.1154422088654975,1.257622298751555,2.089996337890625,0,2026-01-16,"Precio de la gasolina y diésel en Málaga hoy , viernes 16 de enero : ¿ Dónde están las gasolineras más baratas ?",https://www.diariosur.es/economia/mibolsillo/precio-gasolina-diesel-provincia-malaga-viernes-16-enero-2026-20260114000000-nt.html,diariosur.es,Spanish,1,-0.395991
2025-07-29,1.03643491401083,1.0349545782197749,61.495101770802485,0.127060391860702,1.3985066600502722,3.2300033569335938,0,2026-01-16,"Precio de la gasolina y diésel en Málaga hoy , viernes 16 de enero : ¿ Dónde están las gasolineras más baratas ?",https://www.diariosur.es/economia/mibolsillo/precio-gasolina-diesel-provincia-malaga-viernes-16-enero-2026-20260114000000-nt.html,diariosur.es,Spanish,1,-0.396431
2025-07-30,1.0434688376654246,1.0440904620840314,64.25572549687818,0.3256785028472391,1.4457565549029872,2.060005187988281,0,2026-01-16,"Precio de la gasolina y diésel en Málaga hoy , viernes 16 de enero : ¿ Dónde están las gasolineras más baratas ?",https://www.diariosur.es/economia/mibolsillo/precio-gasolina-diesel-provincia-malaga-viernes-16-enero-2026-20260114000000-nt.html,diariosur.es,Spanish,1,-0.396872
2025-07-31,1.0292582000656232,1.032429291384486,59.921965640874525,0.3879955413454466,1.4746315226610327,1.850006103515625,0,2026-01-16,"Precio de la gasolina y diésel en Málaga hoy , viernes 16 de enero : ¿ Dónde están las gasolineras más baratas ?",https://www.diariosur.es/economia/mibolsillo/precio-gasolina-diesel-provincia-malaga-viernes-16-enero-2026-20260114000000-nt.html,diariosur.es,Spanish,1,-0.397313
2025-08-01,1.000521905785837,1.004498119897771,50.37843119818061,0.284787449996429,1.5500148981350217,2.529998779296875,0,2026-01-16,"Precio de la gasolina y diésel en Málaga hoy , viernes 16 de enero : ¿ Dónde están las gasolineras más baratas ?",https://www.diariosur.es/economia/mibolsillo/precio-gasolina-diesel-provincia-malaga-viernes-16-enero-2026-20260114000000-nt.html,diariosur.es,Spanish,1,-0.397755
2025-08-02,1.0004721770031946,1.0053380415014683,50.37843119818061,0.2057607751442104,1.4392995482682345,0.0,0,2026-01-16,"Precio de la gasolina y diésel en Málaga hoy , viernes 16 de enero : ¿ Dónde están las gasolineras más baratas ?",https://www.diariosur.es/economia/mibolsillo/precio-gasolina-diesel-provincia-malaga-viernes-16-enero-2026-20260114000000-nt.html,diariosur.es,Spanish,1,-0.398197
2025-08-03,1.0004271885544511,1.005075415152981,50.37843119818062,0.1455642821337482,1.336492437677646,0.0,0,2026-01-16,"Precio de la gasolina y diésel en Málaga hoy , viernes 16 de enero : ¿ Dónde están las gasolineras más baratas ?",https://www.diariosur.es/economia/mibolsillo/precio-gasolina-diesel-provincia-malaga-viernes-16-enero-2026-20260114000000-nt.html,diariosur.es,Spanish,1,-0.39864
2025-08-04,0.9863858075784064,0.9897205958722468,45.50116860456955,0.0336235826932583,1.403885747793305,2.279998779296875,0,2026-01-16,"Precio de la gasolina y diésel en Málaga hoy , viernes 16 de enero : ¿ Dónde están las gasolineras más baratas ?",https://www.diariosur.es/economia/mibolsillo/precio-gasolina-diesel-provincia-malaga-viernes-16-enero-2026-20260114000000-nt.html,diariosur.es,Spanish,1,-0.399083
2025-08-05,0.9723895372858472,0.9737363673919172,40.87120773704327,-0.11070125743043,1.4007510951188953,1.3600006103515625,0,2026-01-16,"Precio de la gasolina y diésel en Málaga hoy , viernes 16 de enero : ¿ Dónde están las gasolineras más baratas ?",https://www.diariosur.es/economia/mibolsillo/precio-gasolina-diesel-provincia-malaga-viernes-16-enero-2026-20260114000000-nt.html,diariosur.es,Spanish,1,-0.399527
2025-08-06,0.9639462198303934,0.9639293911983636,37.8945644991022,-0.2470846463303662,1.522840346206943,3.1100006103515625,0,2026-01-16,"Precio de la gasolina y diésel en Málaga hoy , viernes 16 de enero : ¿ Dónde están las gasolineras más baratas ?",https://www.diariosur.es/economia/mibolsillo/precio-gasolina-diesel-provincia-malaga-viernes-16-enero-2026-20260114000000-nt.html,diariosur.es,Spanish,1,-0.399971
2025-08-07,0.9608493096991088,0.9593752446578864,36.245070981397966,-0.3490793866307072,1.5147803105787407,1.4099998474121094,0,2026-01-16,"Precio de la gasolina y diésel en Málaga hoy , viernes 16 de enero : ¿ Dónde están las gasolineras más baratas ?",https://www.diariosur.es/economia/mibolsillo/precio-gasolina-diesel-provincia-malaga-viernes-16-enero-2026-20260114000000-nt.html,diariosur.es,Spanish,1,-0.400416
2025-08-08,0.9644453765801198,0.9618743666355868,36.245070981397966,-0.3933834963975084,1.5358675293439032,1.810001373291016,0,2026-01-16,"Precio de la gasolina y diésel en Málaga hoy , viernes 16 de enero : ¿ Dónde están las gasolineras más baratas ?",https://www.diariosur.es/economia/mibolsillo/precio-gasolina-diesel-provincia-malaga-viernes-16-enero-2026-20260114000000-nt.html,diariosur.es,Spanish,1,-0.400861
2025-08-09,0.9677222336842808,0.9643865427809304,36.245070981397966,-0.3983091413945008,1.426162705819339,0.0,0,2026-01-16,"Precio de la gasolina y diésel en Málaga hoy , viernes 16 de enero : ¿ Dónde están las gasolineras más baratas ?",https://www.diariosur.es/economia/mibolsillo/precio-gasolina-diesel-provincia-malaga-viernes-16-enero-2026-20260114000000-nt.html,diariosur.es,Spanish,1,-0.401306
2025-08-10,0.9707062555583874,0.9668094381357992,36.245070981397966,-0.3773870900085129,1.3242939411179573,0.0,0,2026-01-16,"Precio de la gasolina y diésel en Málaga hoy , viernes 16 de enero : ¿ Dónde están las gasolineras más baratas ?",https://www.diariosur.es/economia/mibolsillo/precio-gasolina-diesel-provincia-malaga-viernes-16-enero-2026-20260114000000-nt.html,diariosur.es,Spanish,1,-0.401753
2025-08-11,0.9745278783739092,0.9696712126069396,36.87414745002557,-0.3353955437588194,1.331130229869716,1.420001983642578,0,2026-01-16,"Precio de la gasolina y diésel en Málaga hoy , viernes 16 de enero : ¿ Dónde están las gasolineras más baratas ?",https://www.diariosur.es/economia/mibolsillo/precio-gasolina-diesel-provincia-malaga-viernes-16-enero-2026-20260114000000-nt.html,diariosur.es,Spanish,1,-0.402199
2025-08-12,0.9659416310403892,0.9592067176808262,33.372214988592404,-0.3371561776236248,1.3274777109218514,1.2799949645996094,0,2026-01-16,"Precio de la gasolina y diésel en Málaga hoy , viernes 16 de enero : ¿ Dónde están las gasolineras más baratas ?",https://www.diariosur.es/economia/mibolsillo/precio-gasolina-diesel-provincia-malaga-viernes-16-enero-2026-20260114000000-nt.html,diariosur.es,Spanish,1,-0.402646
2025-08-13,0.9618385306235094,0.9537583320173414,31.267303511542597,-0.3482480460093926,1.3355151916707375,1.440002441406257,0,2026-01-16,"Precio de la gasolina y diésel en Málaga hoy , viernes 16 de enero : ¿ Dónde están las gasolineras más baratas ?",https://www.diariosur.es/economia/mibolsillo/precio-gasolina-diesel-provincia-malaga-viernes-16-enero-2026-20260114000000-nt.html,diariosur.es,Spanish,1,-0.403094
2025-08-14,0.9836412522216808,0.9745914165891976,41.31033972497111,-0.2470274148576017,1.3486924381989998,1.5199966430664062,0,2026-01-16,"Precio de la gasolina y diésel en Málaga hoy , viernes 16 de enero : ¿ Dónde están las gasolineras más baratas ?",https://www.diariosur.es/economia/mibolsillo/precio-gasolina-diesel-provincia-malaga-viernes-16-enero-2026-20260114000000-nt.html,diariosur.es,Spanish,1,-0.403542
2025-08-15,0.9689574915276118,0.9586395648188608,36.258152392716106,-0.2377840762344958,1.3573573512350088,1.470001220703125,0,2026-01-16,"Precio de la gasolina y diésel en Málaga hoy , viernes 16 de enero : ¿ Dónde están las gasolineras más baratas ?",https://www.diariosur.es/economia/mibolsillo/precio-gasolina-diesel-provincia-malaga-viernes-16-enero-2026-20260114000000-nt.html,diariosur.es,Spanish,1,-0.403991
2025-08-16,0.971830640183003,0.960369448365372,36.25815239271609,-0.2121044354574324,1.2604032547182225,0.0,0,2026-01-16,"Precio de la gasolina y diésel en Málaga hoy , viernes 16 de enero : ¿ Dónde están las gasolineras más baratas ?",https://www.diariosur.es/economia/mibolsillo/precio-gasolina-diesel-provincia-malaga-viernes-16-enero-2026-20260114000000-nt.html,diariosur.es,Spanish,1,-0.40444
2025-08-17,0.9744448771703212,0.9632492602931622,36.25815239271609,-0.176985579204761,1.170374450809778,0.0,0,2026-01-16,"Precio de la gasolina y diésel en Málaga hoy , viernes 16 de enero : ¿ Dónde están las gasolineras más baratas ?",https://www.diariosur.es/economia/mibolsillo/precio-gasolina-diesel-provincia-malaga-viernes-16-enero-2026-20260114000000-nt.html,diariosur.es,Spanish,1,-0.40489
2025-08-18,0.9855608657669024,0.9770977905761278,41.06930672735439,-0.0978211246980608,1.201776319348477,1.6100006103515625,0,2026-01-16,"Precio de la gasolina y diésel en Málaga hoy , viernes 16 de enero : ¿ Dónde están las gasolineras más baratas ?",https://www.diariosur.es/economia/mibolsillo/precio-gasolina-diesel-provincia-malaga-viernes-16-enero-2026-20260114000000-nt.html,diariosur.es,Spanish,1,-0.40534
2025-08-19,0.971808197272061,0.966307081514184,36.0167973407515,-0.1028284841103209,1.1995064514625366,1.1399993896484375,0,2026-01-16,"Precio de la gasolina y diésel en Málaga hoy , viernes 16 de enero : ¿ Dónde están las gasolineras más baratas ?",https://www.diariosur.es/economia/mibolsillo/precio-gasolina-diesel-provincia-malaga-viernes-16-enero-2026-20260114000000-nt.html,diariosur.es,Spanish,1,-0.40579
2025-08-20,0.9866019264258816,0.9842498054658244,42.17437479341725,-0.0369281341942798,1.199541759425174,1.1599998474121094,0,2026-01-16,"Precio de la gasolina y diésel en Málaga hoy , viernes 16 de enero : ¿ Dónde están las gasolineras más baratas ?",https://www.diariosur.es/economia/mibolsillo/precio-gasolina-diesel-provincia-malaga-viernes-16-enero-2026-20260114000000-nt.html,diariosur.es,Spanish,1,-0.406241
2025-08-21,0.9922493969106232,0.9920194955807424,44.25687365454953,0.0349456892573047,1.1960028988363502,1.1499977111816406,0,2026-01-16,"Precio de la gasolina y diésel en Málaga hoy , viernes 16 de enero : ¿ Dónde están las gasolineras más baratas ?",https://www.diariosur.es/economia/mibolsillo/precio-gasolina-diesel-provincia-malaga-viernes-16-enero-2026-20260114000000-nt.html,diariosur.es,Spanish,1,-0.406693
2025-08-22,0.99496353919476,0.9970633119445108,45.21641152483524,0.0958670478693184,1.1548597583398084,0.6199989318847656,0,2026-01-16,"Precio de la gasolina y diésel en Málaga hoy , viernes 16 de enero : ¿ Dónde están las gasolineras más baratas ?",https://www.diariosur.es/economia/mibolsillo/precio-gasolina-diesel-provincia-malaga-viernes-16-enero-2026-20260114000000-nt.html,diariosur.es,Spanish,1,-0.407145
2025-08-23,0.9954410153526412,0.9999371687051306,45.21641152483524,0.1375770810409101,1.072369775601251,0.0,0,2026-01-16,"Precio de la gasolina y diésel en Málaga hoy , viernes 16 de enero : ¿ Dónde están las gasolineras más baratas ?",https://www.diariosur.es/economia/mibolsillo/precio-gasolina-diesel-provincia-malaga-viernes-16-enero-2026-20260114000000-nt.html,diariosur.es,Spanish,1,-0.407598
2025-08-24,0.9958734126477816,1.0020068462925698,45.21641152483524,0.1647457527535727,0.9957719344868756,0.0,0,2026-01-16,"Precio de la gasolina y diésel en Málaga hoy , viernes 16 de enero : ¿ Dónde están las gasolineras más baratas ?",https://www.diariosur.es/economia/mibolsillo/precio-gasolina-diesel-provincia-malaga-viernes-16-enero-2026-20260114000000-nt.html,diariosur.es,Spanish,1,-0.408051
2025-08-25,1.012385583386889,1.020239523252961,53.37833560958679,0.2537528065023235,1.0367882030823996,1.5699996948242116,0,2026-01-16,"Precio de la gasolina y diésel en Málaga hoy , viernes 16 de enero : ¿ Dónde están las gasolineras más baratas ?",https://www.diariosur.es/economia/mibolsillo/precio-gasolina-diesel-provincia-malaga-viernes-16-enero-2026-20260114000000-nt.html,diariosur.es,Spanish,1,-0.408505
2025-08-26,0.9892841620343809,0.9966986829148964,43.81921696721011,0.2046047943736856,1.0820177588366982,1.6300010681152344,0,2026-01-16,"Precio de la gasolina y diésel en Málaga hoy , viernes 16 de enero : ¿ Dónde están las gasolineras más baratas ?",https://www.diariosur.es/economia/mibolsillo/precio-gasolina-diesel-provincia-malaga-viernes-16-enero-2026-20260114000000-nt.html,diariosur.es,Spanish,1,-0.408959
2025-08-27,1.003039892439601,1.010665977220921,49.47689504663501,0.2273275162442238,1.0961595327765157,1.2800025939941406,0,2026-01-16,"Precio de la gasolina y diésel en Málaga hoy , viernes 16 de enero : ¿ Dónde están las gasolineras más baratas ?",https://www.diariosur.es/economia/mibolsillo/precio-gasolina-diesel-provincia-malaga-viernes-16-enero-2026-20260114000000-nt.html,diariosur.es,Spanish,1,-0.409413
2025-08-28,1.0091076210949994,1.0171786463747123,52.07560658881719,0.2646698929447899,1.1142908857297005,1.3499984741211009,0,2026-01-16,"Precio de la gasolina y diésel en Málaga hoy , viernes 16 de enero : ¿ Dónde están las gasolineras más baratas ?",https://www.diariosur.es/economia/mibolsillo/precio-gasolina-diesel-provincia-malaga-viernes-16-enero-2026-20260114000000-nt.html,diariosur.es,Spanish,1,-0.409869
2025-08-29,0.9999017147771548,1.007785536746954,48.54963776982619,0.2422448588407478,1.086127065749426,0.6700019836425781,0,2026-01-16,"Precio de la gasolina y diésel en Málaga hoy , viernes 16 de enero : ¿ Dónde están las gasolineras más baratas ?",https://www.diariosur.es/economia/mibolsillo/precio-gasolina-diesel-provincia-malaga-viernes-16-enero-2026-20260114000000-nt.html,diariosur.es,Spanish,1,-0.410324
2025-08-30,0.9999110744421812,1.0076824124779216,48.54963776982618,0.2206343897856517,1.0085465610530384,0.0,0,2026-01-16,"Precio de la gasolina y diésel en Málaga hoy , viernes 16 de enero : ¿ Dónde están las gasolineras más baratas ?",https://www.diariosur.es/economia/mibolsillo/precio-gasolina-diesel-provincia-malaga-viernes-16-enero-2026-20260114000000-nt.html,diariosur.es,Spanish,1,-0.41078
2025-08-31,0.9999195428615264,1.007642752822387,48.54963776982618,0.2001644604158973,0.9365075209778214,0.0,0,2026-01-16,"Precio de la gasolina y diésel en Málaga hoy , viernes 16 de enero : ¿ Dónde están las gasolineras más baratas ?",https://www.diariosur.es/economia/mibolsillo/precio-gasolina-diesel-provincia-malaga-viernes-16-enero-2026-20260114000000-nt.html,diariosur.es,Spanish,1,-0.411237
2025-09-01,0.9999272048883442,1.0069769745380563,48.54963776982618,0.181026251453101,0.8696141266222628,0.0,0,2026-01-16,"Precio de la gasolina y diésel en Málaga hoy , viernes 16 de enero : ¿ Dónde están las gasolineras más baratas ?",https://www.diariosur.es/economia/mibolsillo/precio-gasolina-diesel-provincia-malaga-viernes-16-enero-2026-20260114000000-nt.html,diariosur.es,Spanish,1,-0.411694
2025-09-02,1.0222131880783794,1.0294520990736395,58.63743797275188,0.2641449389304028,0.9767844698552988,2.3699989318847656,0,2026-01-16,"Precio de la gasolina y diésel en Málaga hoy , viernes 16 de enero : ¿ Dónde están las gasolineras más baratas ?",https://www.diariosur.es/economia/mibolsillo/precio-gasolina-diesel-provincia-malaga-viernes-16-enero-2026-20260114000000-nt.html,diariosur.es,Spanish,1,-0.412152
2025-09-03,0.9972539188083328,1.0040179723527372,48.20189514470257,0.2021811667891961,1.049871293437063,2.0,0,2026-01-16,"Precio de la gasolina y diésel en Málaga hoy , viernes 16 de enero : ¿ Dónde están las gasolineras más baratas ?",https://www.diariosur.es/economia/mibolsillo/precio-gasolina-diesel-provincia-malaga-viernes-16-enero-2026-20260114000000-nt.html,diariosur.es,Spanish,1,-0.41261
2025-09-04,0.9905948240465996,0.995795937094297,45.56070861382879,0.1241834926116503,1.0641662010487014,1.1199989318847656,0,2026-01-16,"Precio de la gasolina y diésel en Málaga hoy , viernes 16 de enero : ¿ Dónde están las gasolineras más baratas ?",https://www.diariosur.es/economia/mibolsillo/precio-gasolina-diesel-provincia-malaga-viernes-16-enero-2026-20260114000000-nt.html,diariosur.es,Spanish,1,-0.413069
2025-09-05,0.9686564331841372,0.9712486959634246,38.161667225037256,-0.031533908379111,1.1338686806543188,2.040000915527344,0,2026-01-16,"Precio de la gasolina y diésel en Málaga hoy , viernes 16 de enero : ¿ Dónde están las gasolineras más baratas ?",https://www.diariosur.es/economia/mibolsillo/precio-gasolina-diesel-provincia-malaga-viernes-16-enero-2026-20260114000000-nt.html,diariosur.es,Spanish,1,-0.413528
2025-09-06,0.9715566284316268,0.9719581937106744,38.16166722503726,-0.1249832151308346,1.0528780606075818,0.0,0,2026-01-16,"Precio de la gasolina y diésel en Málaga hoy , viernes 16 de enero : ¿ Dónde están las gasolineras más baratas ?",https://www.diariosur.es/economia/mibolsillo/precio-gasolina-diesel-provincia-malaga-viernes-16-enero-2026-20260114000000-nt.html,diariosur.es,Spanish,1,-0.413988
2025-09-07,0.9741956196688192,0.9731429952954258,38.16166722503726,-0.1742204576406168,0.9776724848498974,0.0,0,2026-01-16,"Precio de la gasolina y diésel en Málaga hoy , viernes 16 de enero : ¿ Dónde están las gasolineras más baratas ?",https://www.diariosur.es/economia/mibolsillo/precio-gasolina-diesel-provincia-malaga-viernes-16-enero-2026-20260114000000-nt.html,diariosur.es,Spanish,1,-0.414448
2025-09-08,0.9821758264606468,0.9793465493144669,41.057703364627535,-0.1678794035986994,1.0142674272511052,1.490001678466804,0,2026-01-16,"Precio de la gasolina y diésel en Málaga hoy , viernes 16 de enero : ¿ Dónde están las gasolineras más baratas ?",https://www.diariosur.es/economia/mibolsillo/precio-gasolina-diesel-provincia-malaga-viernes-16-enero-2026-20260114000000-nt.html,diariosur.es,Spanish,1,-0.414909
2025-09-09,0.9891420100573832,0.9856162789167546,43.74924004747554,-0.1279288664650572,1.0425340286911768,1.2999992370605469,0,2026-01-16,"Precio de la gasolina y diésel en Málaga hoy , viernes 16 de enero : ¿ Dónde están las gasolineras más baratas ?",https://www.diariosur.es/economia/mibolsillo/precio-gasolina-diesel-provincia-malaga-viernes-16-enero-2026-20260114000000-nt.html,diariosur.es,Spanish,1,-0.41537
2025-09-10,1.0050342513731676,1.001864598616929,50.58026021955501,-0.0259577794019451,1.0716387954231965,1.3600006103515625,0,2026-01-16,"Precio de la gasolina y diésel en Málaga hoy , viernes 16 de enero : ¿ Dónde están las gasolineras más baratas ?",https://www.diariosur.es/economia/mibolsillo/precio-gasolina-diesel-provincia-malaga-viernes-16-enero-2026-20260114000000-nt.html,diariosur.es,Spanish,1,-0.415832
2025-09-11,0.985967885798997,0.9824058287434906,43.4734188568451,-0.0397328426599155,1.108664606649246,1.5900001525878906,0,2026-01-16,"Precio de la gasolina y diésel en Málaga hoy , viernes 16 de enero : ¿ Dónde están las gasolineras más baratas ?",https://www.diariosur.es/economia/mibolsillo/precio-gasolina-diesel-provincia-malaga-viernes-16-enero-2026-20260114000000-nt.html,diariosur.es,Spanish,1,-0.416294
2025-09-12,0.9918742277501948,0.9882011492089322,45.50323830155955,-0.0218581325798478,1.1930457715691107,2.290000915527351,0,2026-01-16,"Precio de la gasolina y diésel en Málaga hoy , viernes 16 de enero : ¿ Dónde están las gasolineras más baratas ?",https://www.diariosur.es/economia/mibolsillo/precio-gasolina-diesel-provincia-malaga-viernes-16-enero-2026-20260114000000-nt.html,diariosur.es,Spanish,1,-0.416757
2025-09-13,0.992642416912607,0.9889572277083878,45.50323830155955,-0.0054547934089074,1.1078282164570314,0.0,0,2026-01-16,"Precio de la gasolina y diésel en Málaga hoy , viernes 16 de enero : ¿ Dónde están las gasolineras más baratas ?",https://www.diariosur.es/economia/mibolsillo/precio-gasolina-diesel-provincia-malaga-viernes-16-enero-2026-20260114000000-nt.html,diariosur.es,Spanish,1,-0.41722
2025-09-14,0.9933384712303196,0.9906058969205978,45.50323830155955,0.0091788614143818,1.0286976295672434,0.0,0,2026-01-16,"Precio de la gasolina y diésel en Málaga hoy , viernes 16 de enero : ¿ Dónde están las gasolineras más baratas ?",https://www.diariosur.es/economia/mibolsillo/precio-gasolina-diesel-provincia-malaga-viernes-16-enero-2026-20260114000000-nt.html,diariosur.es,Spanish,1,-0.417684
2025-09-15,1.0027172008006453,1.000205406081313,49.795462653269546,0.0608440854043734,1.037361921111129,1.1499977111816406,0,2026-01-16,"Precio de la gasolina y diésel en Málaga hoy , viernes 16 de enero : ¿ Dónde están las gasolineras más baratas ?",https://www.diariosur.es/economia/mibolsillo/precio-gasolina-diesel-provincia-malaga-viernes-16-enero-2026-20260114000000-nt.html,diariosur.es,Spanish,1,-0.418148
2025-09-16,1.01990173380974,1.0191847026742624,57.07688569379319,0.1718014975698315,1.0968362657876218,1.8700027465820312,0,2026-01-16,"Precio de la gasolina y diésel en Málaga hoy , viernes 16 de enero : ¿ Dónde están las gasolineras más baratas ?",https://www.diariosur.es/economia/mibolsillo/precio-gasolina-diesel-provincia-malaga-viernes-16-enero-2026-20260114000000-nt.html,diariosur.es,Spanish,1,-0.418613
2025-09-17,1.0112710704177916,1.0122001859790015,53.83740690672072,0.2058626860226473,1.0884907855339585,0.9799995422363352,0,2026-01-16,"Precio de la gasolina y diésel en Málaga hoy , viernes 16 de enero : ¿ Dónde están las gasolineras más baratas ?",https://www.diariosur.es/economia/mibolsillo/precio-gasolina-diesel-provincia-malaga-viernes-16-enero-2026-20260114000000-nt.html,diariosur.es,Spanish,1,-0.419079
2025-09-18,1.0033395734826165,1.0049639580728849,50.674123252127934,0.1888332648369093,1.0978843880460418,1.220001220703125,0,2026-01-16,"Precio de la gasolina y diésel en Málaga hoy , viernes 16 de enero : ¿ Dónde están las gasolineras más baratas ?",https://www.diariosur.es/economia/mibolsillo/precio-gasolina-diesel-provincia-malaga-viernes-16-enero-2026-20260114000000-nt.html,diariosur.es,Spanish,1,-0.419545
2025-09-19,0.9903023847418136,0.9919369646438,45.35314450051204,0.1140785715276768,1.094464292596883,1.0500030517578196,0,2026-01-16,"Precio de la gasolina y diésel en Málaga hoy , viernes 16 de enero : ¿ Dónde están las gasolineras más baratas ?",https://www.diariosur.es/economia/mibolsillo/precio-gasolina-diesel-provincia-malaga-viernes-16-enero-2026-20260114000000-nt.html,diariosur.es,Spanish,1,-0.420011
2025-09-20,0.9912178561137788,0.9929819704199694,45.35314450051204,0.0635992342316164,1.0162882716971058,0.0,0,2026-01-16,"Precio de la gasolina y diésel en Málaga hoy , viernes 16 de enero : ¿ Dónde están las gasolineras más baratas ?",https://www.diariosur.es/economia/mibolsillo/precio-gasolina-diesel-provincia-malaga-viernes-16-enero-2026-20260114000000-nt.html,diariosur.es,Spanish,1,-0.420478
2025-09-21,0.992047599424267,0.9940291803457688,45.35314450051204,0.0308364745474074,0.9436962522901696,0.0,0,2026-01-16,"Precio de la gasolina y diésel en Málaga hoy , viernes 16 de enero : ¿ Dónde están las gasolineras más baratas ?",https://www.diariosur.es/economia/mibolsillo/precio-gasolina-diesel-provincia-malaga-viernes-16-enero-2026-20260114000000-nt.html,diariosur.es,Spanish,1,-0.420945
2025-09-22,0.9922258079447664,0.9957239813732968,45.08738146989743,0.0082725529411114,0.9620037173365472,1.2000007629394531,0,2026-01-16,"Precio de la gasolina y diésel en Málaga hoy , viernes 16 de enero : ¿ Dónde están las gasolineras más baratas ?",https://www.diariosur.es/economia/mibolsillo/precio-gasolina-diesel-provincia-malaga-viernes-16-enero-2026-20260114000000-nt.html,diariosur.es,Spanish,1,-0.421413
2025-09-23,1.003999820374241,1.0084127236889608,51.03543416311727,0.044957444024439,1.0390035172073189,2.040000915527351,0,2026-01-16,"Precio de la gasolina y diésel en Málaga hoy , viernes 16 de enero : ¿ Dónde están las gasolineras más baratas ?",https://www.diariosur.es/economia/mibolsillo/precio-gasolina-diesel-provincia-malaga-viernes-16-enero-2026-20260114000000-nt.html,diariosur.es,Spanish,1,-0.421882
2025-09-24,1.0261808170799576,1.032300057916517,60.492078883806414,0.168444945230475,1.0933606268180684,1.8000030517578125,0,2026-01-16,"Precio de la gasolina y diésel en Málaga hoy , viernes 16 de enero : ¿ Dónde están las gasolineras más baratas ?",https://www.diariosur.es/economia/mibolsillo/precio-gasolina-diesel-provincia-malaga-viernes-16-enero-2026-20260114000000-nt.html,diariosur.es,Spanish,1,-0.422351
2025-09-25,1.023486415768426,1.029598235829432,60.41259626344279,0.2380116935279252,1.1066919234236976,1.279998779296875,0,2026-01-16,"Precio de la gasolina y diésel en Málaga hoy , viernes 16 de enero : ¿ Dónde están las gasolineras más baratas ?",https://www.diariosur.es/economia/mibolsillo/precio-gasolina-diesel-provincia-malaga-viernes-16-enero-2026-20260114000000-nt.html,diariosur.es,Spanish,1,-0.42282
2025-09-26,1.031689054404684,1.0381568705038036,64.16676246176172,0.3174554388002393,1.153356393667429,1.7599945068359375,0,2026-01-16,"Precio de la gasolina y diésel en Málaga hoy , viernes 16 de enero : ¿ Dónde están las gasolineras más baratas ?",https://www.diariosur.es/economia/mibolsillo/precio-gasolina-diesel-provincia-malaga-viernes-16-enero-2026-20260114000000-nt.html,diariosur.es,Spanish,1,-0.423291
2025-09-27,1.028584780208507,1.0350095514620217,64.16676246176172,0.3509768419699538,1.0709737941197557,0.0,0,2026-01-16,"Precio de la gasolina y diésel en Málaga hoy , viernes 16 de enero : ¿ Dónde están las gasolineras más baratas ?",https://www.diariosur.es/economia/mibolsillo/precio-gasolina-diesel-provincia-malaga-viernes-16-enero-2026-20260114000000-nt.html,diariosur.es,Spanish,1,-0.423761
2025-09-28,1.025792204522234,1.03219728818641,64.16676246176172,0.3531578162095353,0.9944756659683444,0.0,0,2026-01-16,"Precio de la gasolina y diésel en Málaga hoy , viernes 16 de enero : ¿ Dónde están las gasolineras más baratas ?",https://www.diariosur.es/economia/mibolsillo/precio-gasolina-diesel-provincia-malaga-viernes-16-enero-2026-20260114000000-nt.html,diariosur.es,Spanish,1,-0.424232
2025-09-29,0.9912708492658217,0.9959033901854912,47.06606297274861,0.1899098423080575,1.1191560954325197,2.420001983642578,0,2026-01-16,"Precio de la gasolina y diésel en Málaga hoy , viernes 16 de enero : ¿ Dónde están las gasolineras más baratas ?",https://www.diariosur.es/economia/mibolsillo/precio-gasolina-diesel-provincia-malaga-viernes-16-enero-2026-20260114000000-nt.html,diariosur.es,Spanish,1,-0.424704
2025-09-30,0.9767797820643116,0.9799515919555356,41.41139810141122,0.0070420265068402,1.1406450874475234,1.229999542236321,0,2026-01-16,"Precio de la gasolina y diésel en Málaga hoy , viernes 16 de enero : ¿ Dónde están las gasolineras más baratas ?",https://www.diariosur.es/economia/mibolsillo/precio-gasolina-diesel-provincia-malaga-viernes-16-enero-2026-20260114000000-nt.html,diariosur.es,Spanish,1,-0.425176
2025-10-01,0.970540136904312,0.9711316855786752,38.67757415901759,-0.147282180834973,1.1655988571848095,1.4899978637695312,0,2026-01-16,"Precio de la gasolina y diésel en Málaga hoy , viernes 16 de enero : ¿ Dónde están las gasolineras más baratas ?",https://www.diariosur.es/economia/mibolsillo/precio-gasolina-diesel-provincia-malaga-viernes-16-enero-2026-20260114000000-nt.html,diariosur.es,Spanish,1,-0.425649
2025-10-02,0.9546529163504702,0.952350952557197,33.43934943522743,-0.3206006744199802,1.235198895217926,2.139999389648437,0,2026-01-16,"Precio de la gasolina y diésel en Málaga hoy , viernes 16 de enero : ¿ Dónde están las gasolineras más baratas ?",https://www.diariosur.es/economia/mibolsillo/precio-gasolina-diesel-provincia-malaga-viernes-16-enero-2026-20260114000000-nt.html,diariosur.es,Spanish,1,-0.426122
2025-10-03,0.96455245736456,0.960017677100962,36.29812680630631,-0.3875179858458992,1.2112562259794246,0.8300018310546875,0,2026-01-16,"Precio de la gasolina y diésel en Málaga hoy , viernes 16 de enero : ¿ Dónde están las gasolineras más baratas ?",https://www.diariosur.es/economia/mibolsillo/precio-gasolina-diesel-provincia-malaga-viernes-16-enero-2026-20260114000000-nt.html,diariosur.es,Spanish,1,-0.426596
2025-10-04,0.9678197747673682,0.961389670505246,36.29812680630631,-0.408881112615901,1.1247379241237514,0.0,0,2026-01-16,"Precio de la gasolina y diésel en Málaga hoy , viernes 16 de enero : ¿ Dónde están las gasolineras más baratas ?",https://www.diariosur.es/economia/mibolsillo/precio-gasolina-diesel-provincia-malaga-viernes-16-enero-2026-20260114000000-nt.html,diariosur.es,Spanish,1,-0.42707
2025-10-05,0.9707950512821286,0.96323018790278,36.29812680630631,-0.399639945804824,1.0443995009720548,0.0,0,2026-01-16,"Precio de la gasolina y diésel en Málaga hoy , viernes 16 de enero : ¿ Dónde están las gasolineras más baratas ?",https://www.diariosur.es/economia/mibolsillo/precio-gasolina-diesel-provincia-malaga-viernes-16-enero-2026-20260114000000-nt.html,diariosur.es,Spanish,1,-0.427545
2025-10-06,0.9852397127989307,0.9782358494119584,42.53986478157568,-0.3190980257525515,1.058370812600446,1.079998016357422,0,2026-01-16,"Precio de la gasolina y diésel en Málaga hoy , viernes 16 de enero : ¿ Dónde están las gasolineras más baratas ?",https://www.diariosur.es/economia/mibolsillo/precio-gasolina-diesel-provincia-malaga-viernes-16-enero-2026-20260114000000-nt.html,diariosur.es,Spanish,1,-0.42802
2025-10-07,0.9872062528604376,0.9806740540017904,42.83773948970518,-0.2465004133925326,1.082058568103874,1.3899993896484375,0,2026-01-16,"Precio de la gasolina y diésel en Málaga hoy , viernes 16 de enero : ¿ Dónde están las gasolineras más baratas ?",https://www.diariosur.es/economia/mibolsillo/precio-gasolina-diesel-provincia-malaga-viernes-16-enero-2026-20260114000000-nt.html,diariosur.es,Spanish,1,-0.428496
2025-10-08,1.0002894742597774,0.9945067461894876,48.707850669324,-0.1323483018096061,1.0897685722899533,0.8699989318847656,0,2026-01-16,"Precio de la gasolina y diésel en Málaga hoy , viernes 16 de enero : ¿ Dónde están las gasolineras más baratas ?",https://www.diariosur.es/economia/mibolsillo/precio-gasolina-diesel-provincia-malaga-viernes-16-enero-2026-20260114000000-nt.html,diariosur.es,Spanish,1,-0.428972
2025-10-09,0.98519128562527,0.978881840943746,42.71634793913649,-0.1165339225757172,1.1276421694038683,1.6199989318847656,0,2026-01-16,"Precio de la gasolina y diésel en Málaga hoy , viernes 16 de enero : ¿ Dónde están las gasolineras más baratas ?",https://www.diariosur.es/economia/mibolsillo/precio-gasolina-diesel-provincia-malaga-viernes-16-enero-2026-20260114000000-nt.html,diariosur.es,Spanish,1,-0.429449
2025-10-10,0.9485015736046029,0.9401736909333536,32.05847403103715,-0.2631126096423355,1.2935246536066056,3.4499969482421875,0,2026-01-16,"Precio de la gasolina y diésel en Málaga hoy , viernes 16 de enero : ¿ Dónde están las gasolineras más baratas ?",https://www.diariosur.es/economia/mibolsillo/precio-gasolina-diesel-provincia-malaga-viernes-16-enero-2026-20260114000000-nt.html,diariosur.es,Spanish,1,-0.429927
2025-10-11,0.9531765347107573,0.9430186415348156,32.05847403103715,-0.3366286426739473,1.2011300354918482,0.0,0,2026-01-16,"Precio de la gasolina y diésel en Málaga hoy , viernes 16 de enero : ¿ Dónde están las gasolineras más baratas ?",https://www.diariosur.es/economia/mibolsillo/precio-gasolina-diesel-provincia-malaga-viernes-16-enero-2026-20260114000000-nt.html,diariosur.es,Spanish,1,-0.430404
2025-10-12,0.9574461486639272,0.945850482239401,32.05847403103715,-0.3597293429146164,1.1153350329567162,0.0,0,2026-01-16,"Precio de la gasolina y diésel en Málaga hoy , viernes 16 de enero : ¿ Dónde están las gasolineras más baratas ?",https://www.diariosur.es/economia/mibolsillo/precio-gasolina-diesel-provincia-malaga-viernes-16-enero-2026-20260114000000-nt.html,diariosur.es,Spanish,1,-0.430883
2025-10-13,0.9700822917199748,0.9583414087723736,36.52957106988496,-0.311547385062014,1.126382290821694,1.1699981689453125,0,2026-01-16,"Precio de la gasolina y diésel en Málaga hoy , viernes 16 de enero : ¿ Dónde están las gasolineras más baratas ?",https://www.diariosur.es/economia/mibolsillo/precio-gasolina-diesel-provincia-malaga-viernes-16-enero-2026-20260114000000-nt.html,diariosur.es,Spanish,1,-0.431362
2025-10-14,0.9611177242246828,0.950430288138282,33.36356726509486,-0.3085709806615516,1.1987835121664614,2.139999389648437,0,2026-01-16,"Precio de la gasolina y diésel en Málaga hoy , viernes 16 de enero : ¿ Dónde están las gasolineras más baratas ?",https://www.diariosur.es/economia/mibolsillo/precio-gasolina-diesel-provincia-malaga-viernes-16-enero-2026-20260114000000-nt.html,diariosur.es,Spanish,1,-0.431842
2025-10-15,0.9582682489248736,0.9486211062771664,31.75053250703625,-0.3104068758167457,1.200298790297847,1.2199974060058594,0,2026-01-16,"Precio de la gasolina y diésel en Málaga hoy , viernes 16 de enero : ¿ Dónde están las gasolineras más baratas ?",https://www.diariosur.es/economia/mibolsillo/precio-gasolina-diesel-provincia-malaga-viernes-16-enero-2026-20260114000000-nt.html,diariosur.es,Spanish,1,-0.432322
2025-10-16,0.9499280860313966,0.9417664891785922,28.91463437874023,-0.3387060868024718,1.2467061830493122,1.8500022888183596,0,2026-01-16,"Precio de la gasolina y diésel en Málaga hoy , viernes 16 de enero : ¿ Dónde están las gasolineras más baratas ?",https://www.diariosur.es/economia/mibolsillo/precio-gasolina-diesel-provincia-malaga-viernes-16-enero-2026-20260114000000-nt.html,diariosur.es,Spanish,1,-0.432802
2025-10-17,0.9556877355931396,0.9494422917218592,29.583612949169023,-0.3245385950924491,1.237655937587364,1.1200027465820384,0,2026-01-16,"Precio de la gasolina y diésel en Málaga hoy , viernes 16 de enero : ¿ Dónde están las gasolineras más baratas ?",https://www.diariosur.es/economia/mibolsillo/precio-gasolina-diesel-provincia-malaga-viernes-16-enero-2026-20260114000000-nt.html,diariosur.es,Spanish,1,-0.433283
2025-10-18,0.9597380370846268,0.9558933575924292,29.58361294916904,-0.288862321029018,1.1492519420454097,0.0,0,2026-01-16,"Precio de la gasolina y diésel en Málaga hoy , viernes 16 de enero : ¿ Dónde están las gasolineras más baratas ?",https://www.diariosur.es/economia/mibolsillo/precio-gasolina-diesel-provincia-malaga-viernes-16-enero-2026-20260114000000-nt.html,diariosur.es,Spanish,1,-0.433765
2025-10-19,0.9634322918662068,0.9606090309883756,29.58361294916904,-0.2409165924590151,1.0671625176135948,0.0,0,2026-01-16,"Precio de la gasolina y diésel en Málaga hoy , viernes 16 de enero : ¿ Dónde están las gasolineras más baratas ?",https://www.diariosur.es/economia/mibolsillo/precio-gasolina-diesel-provincia-malaga-viernes-16-enero-2026-20260114000000-nt.html,diariosur.es,Spanish,1,-0.434247
2025-10-20,0.966494185363352,0.9641785560685776,29.496936128841256,-0.1885212866644561,1.0952225448676187,1.460002899169929,0,2026-01-16,"Precio de la gasolina y diésel en Málaga hoy , viernes 16 de enero : ¿ Dónde están las gasolineras más baratas ?",https://www.diariosur.es/economia/mibolsillo/precio-gasolina-diesel-provincia-malaga-viernes-16-enero-2026-20260114000000-nt.html,diariosur.es,Spanish,1,-0.43473
2025-10-21,0.9741759423511136,0.9724347753751597,32.68290846859681,-0.1152324094847832,1.109135013150652,1.2899971008300852,0,2026-01-16,"Precio de la gasolina y diésel en Málaga hoy , viernes 16 de enero : ¿ Dónde están las gasolineras más baratas ?",https://www.diariosur.es/economia/mibolsillo/precio-gasolina-diesel-provincia-malaga-viernes-16-enero-2026-20260114000000-nt.html,diariosur.es,Spanish,1,-0.435213
2025-10-22,0.9869833634879162,0.9855121224134544,39.370803717317145,-0.0081763521968754,1.2077683463875195,2.490001678466797,0,2026-01-16,"Precio de la gasolina y diésel en Málaga hoy , viernes 16 de enero : ¿ Dónde están las gasolineras más baratas ?",https://www.diariosur.es/economia/mibolsillo/precio-gasolina-diesel-provincia-malaga-viernes-16-enero-2026-20260114000000-nt.html,diariosur.es,Spanish,1,-0.435697
2025-10-23,1.0382889749307522,1.0401393892316892,60.050591146125285,0.2810150410549863,1.3857849475698003,2.560001373291016,0,2026-01-16,"Precio de la gasolina y diésel en Málaga hoy , viernes 16 de enero : ¿ Dónde están las gasolineras más baratas ?",https://www.diariosur.es/economia/mibolsillo/precio-gasolina-diesel-provincia-malaga-viernes-16-enero-2026-20260114000000-nt.html,diariosur.es,Spanish,1,-0.436182
2025-10-24,1.0301375587934154,1.034717717715029,58.16724231355728,0.4400976001979142,1.385371813323046,1.3800010681152344,0,2026-01-16,"Precio de la gasolina y diésel en Málaga hoy , viernes 16 de enero : ¿ Dónde están las gasolineras más baratas ?",https://www.diariosur.es/economia/mibolsillo/precio-gasolina-diesel-provincia-malaga-viernes-16-enero-2026-20260114000000-nt.html,diariosur.es,Spanish,1,-0.436667
2025-10-25,1.0271892752529488,1.0341783273955325,58.16724231355728,0.5267952016071078,1.286416683799971,0.0,0,2026-01-16,"Precio de la gasolina y diésel en Málaga hoy , viernes 16 de enero : ¿ Dónde están las gasolineras más baratas ?",https://www.diariosur.es/economia/mibolsillo/precio-gasolina-diesel-provincia-malaga-viernes-16-enero-2026-20260114000000-nt.html,diariosur.es,Spanish,1,-0.437152
2025-10-26,1.024536284866675,1.0343435637478666,58.16724231355728,0.5623778094874241,1.1945297778142592,0.0,0,2026-01-16,"Precio de la gasolina y diésel en Málaga hoy , viernes 16 de enero : ¿ Dónde están las gasolineras más baratas ?",https://www.diariosur.es/economia/mibolsillo/precio-gasolina-diesel-provincia-malaga-viernes-16-enero-2026-20260114000000-nt.html,diariosur.es,Spanish,1,-0.437638
2025-10-27,1.0192964584813222,1.0315123726505764,56.711809612203126,0.5506501893129793,1.216349079398955,1.5,0,2026-01-16,"Precio de la gasolina y diésel en Málaga hoy , viernes 16 de enero : ¿ Dónde están las gasolineras más baratas ?",https://www.diariosur.es/economia/mibolsillo/precio-gasolina-diesel-provincia-malaga-viernes-16-enero-2026-20260114000000-nt.html,diariosur.es,Spanish,1,-0.438125
2025-10-28,1.0000100667334324,1.0140432074768142,48.69993428203556,0.446725961001673,1.2537528364752295,1.7400016784667969,0,2026-01-16,"Precio de la gasolina y diésel en Málaga hoy , viernes 16 de enero : ¿ Dónde están las gasolineras más baratas ?",https://www.diariosur.es/economia/mibolsillo/precio-gasolina-diesel-provincia-malaga-viernes-16-enero-2026-20260114000000-nt.html,diariosur.es,Spanish,1,-0.438612
2025-10-29,1.0049703072484582,1.0204925106214269,50.828148401847976,0.384532568560608,1.258484754928729,1.3199996948242188,0,2026-01-16,"Precio de la gasolina y diésel en Málaga hoy , viernes 16 de enero : ¿ Dónde están las gasolineras más baratas ?",https://www.diariosur.es/economia/mibolsillo/precio-gasolina-diesel-provincia-malaga-viernes-16-enero-2026-20260114000000-nt.html,diariosur.es,Spanish,1,-0.439099
2025-10-30,1.0058464105569536,1.020573204842653,51.42007901702504,0.3355630054901436,1.2507359528537418,1.1500015258789062,0,2026-01-16,"Precio de la gasolina y diésel en Málaga hoy , viernes 16 de enero : ¿ Dónde están las gasolineras más baratas ?",https://www.diariosur.es/economia/mibolsillo/precio-gasolina-diesel-provincia-malaga-viernes-16-enero-2026-20260114000000-nt.html,diariosur.es,Spanish,1,-0.439587
2025-10-31,1.011435987982332,1.02568413840413,54.12912512292951,0.317105764874668,1.2606833411962202,1.3899993896484375,0,2026-01-16,"Precio de la gasolina y diésel en Málaga hoy , viernes 16 de enero : ¿ Dónde están las gasolineras más baratas ?",https://www.diariosur.es/economia/mibolsillo/precio-gasolina-diesel-provincia-malaga-viernes-16-enero-2026-20260114000000-nt.html,diariosur.es,Spanish,1,-0.440076
2025-11-01,1.0103355893482455,1.0238930635004928,54.12912512292951,0.2918526352947763,1.170634531110776,0.0,0,2026-01-16,"Precio de la gasolina y diésel en Málaga hoy , viernes 16 de enero : ¿ Dónde están las gasolineras más baratas ?",https://www.diariosur.es/economia/mibolsillo/precio-gasolina-diesel-provincia-malaga-viernes-16-enero-2026-20260114000000-nt.html,diariosur.es,Spanish,1,-0.440565
2025-11-02,1.009342051733138,1.0226138750924385,54.12912512292951,0.2629985937600815,1.0870177788885778,0.0,0,2026-01-16,"Precio de la gasolina y diésel en Málaga hoy , viernes 16 de enero : ¿ Dónde están las gasolineras más baratas ?",https://www.diariosur.es/economia/mibolsillo/precio-gasolina-diesel-provincia-malaga-viernes-16-enero-2026-20260114000000-nt.html,diariosur.es,Spanish,1,-0.441055
2025-11-03,1.0094911306728078,1.0217744073634556,54.66817542471486,0.2372679369069664,1.0800880574298792,0.9900016784667968,0,2026-01-16,"Precio de la gasolina y diésel en Málaga hoy , viernes 16 de enero : ¿ Dónde están las gasolineras más baratas ?",https://www.diariosur.es/economia/mibolsillo/precio-gasolina-diesel-provincia-malaga-viernes-16-enero-2026-20260114000000-nt.html,diariosur.es,Spanish,1,-0.441545
2025-11-04,1.0012563491395297,1.011634821839393,50.21934325507106,0.1785652830567521,1.0822246683528571,1.0900001525879048,0,2026-01-16,"Precio de la gasolina y diésel en Málaga hoy , viernes 16 de enero : ¿ Dónde están las gasolineras más baratas ?",https://www.diariosur.es/economia/mibolsillo/precio-gasolina-diesel-provincia-malaga-viernes-16-enero-2026-20260114000000-nt.html,diariosur.es,Spanish,1,-0.442036
2025-11-05,0.9867578734712514,0.9938219339866576,42.86017945528486,0.071872100636935,1.11706574167224,1.5699996948242188,0,2026-01-16,"Precio de la gasolina y diésel en Málaga hoy , viernes 16 de enero : ¿ Dónde están las gasolineras más baratas ?",https://www.diariosur.es/economia/mibolsillo/precio-gasolina-diesel-provincia-malaga-viernes-16-enero-2026-20260114000000-nt.html,diariosur.es,Spanish,1,-0.442528
2025-11-06,0.9854502834167572,0.989428122104404,41.6949869950596,-0.0090551372024344,1.1572750808726882,1.6799964904785156,0,2026-01-16,"Precio de la gasolina y diésel en Málaga hoy , viernes 16 de enero : ¿ Dónde están las gasolineras más baratas ?",https://www.diariosur.es/economia/mibolsillo/precio-gasolina-diesel-provincia-malaga-viernes-16-enero-2026-20260114000000-nt.html,diariosur.es,Spanish,1,-0.44302
2025-11-07,0.9916293933541508,0.9929290141991964,44.74036825503975,-0.0382992831838607,1.1560411029280988,1.1399993896484375,0,2026-01-16,"Precio de la gasolina y diésel en Málaga hoy , viernes 16 de enero : ¿ Dónde están las gasolineras más baratas ?",https://www.diariosur.es/economia/mibolsillo/precio-gasolina-diesel-provincia-malaga-viernes-16-enero-2026-20260114000000-nt.html,diariosur.es,Spanish,1,-0.443512
2025-11-08,0.9924205516460638,0.99110904587313,44.74036825503975,-0.053950783133115,1.0734667384332346,0.0,0,2026-01-16,"Precio de la gasolina y diésel en Málaga hoy , viernes 16 de enero : ¿ Dónde están las gasolineras más baratas ?",https://www.diariosur.es/economia/mibolsillo/precio-gasolina-diesel-provincia-malaga-viernes-16-enero-2026-20260114000000-nt.html,diariosur.es,Spanish,1,-0.444005
2025-11-09,0.9931374501233562,0.9892793569644768,44.74036825503975,-0.0601392336446202,0.9967905428308608,0.0,0,2026-01-16,"Precio de la gasolina y diésel en Málaga hoy , viernes 16 de enero : ¿ Dónde están las gasolineras más baratas ?",https://www.diariosur.es/economia/mibolsillo/precio-gasolina-diesel-provincia-malaga-viernes-16-enero-2026-20260114000000-nt.html,diariosur.es,Spanish,1,-0.444499
2025-11-10,0.999505662899388,0.993670797382046,48.7134590214516,-0.0356841694028167,1.0020197679732437,1.0699996948242188,0,2026-01-16,"Precio de la gasolina y diésel en Málaga hoy , viernes 16 de enero : ¿ Dónde están las gasolineras más baratas ?",https://www.diariosur.es/economia/mibolsillo/precio-gasolina-diesel-provincia-malaga-viernes-16-enero-2026-20260114000000-nt.html,diariosur.es,Spanish,1,-0.444993
2025-11-11,1.0132201037678714,1.0065963186334588,56.73563243012952,0.0406002967063701,1.046161136824067,1.6199989318847727,0,2026-01-16,"Precio de la gasolina y diésel en Málaga hoy , viernes 16 de enero : ¿ Dónde están las gasolineras más baratas ?",https://www.diariosur.es/economia/mibolsillo/precio-gasolina-diesel-provincia-malaga-viernes-16-enero-2026-20260114000000-nt.html,diariosur.es,Spanish,1,-0.445488
2025-11-12,0.97359093494387,0.9671765439271188,38.54237332929623,-0.0755301246349595,1.1685783510673815,2.7600021362304688,0,2026-01-16,"Precio de la gasolina y diésel en Málaga hoy , viernes 16 de enero : ¿ Dónde están las gasolineras más baratas ?",https://www.diariosur.es/economia/mibolsillo/precio-gasolina-diesel-provincia-malaga-viernes-16-enero-2026-20260114000000-nt.html,diariosur.es,Spanish,1,-0.445983
2025-11-13,0.9790720656644674,0.9727435962503356,40.1630342823616,-0.1305042406656076,1.1629656226045608,1.0900001525878906,0,2026-01-16,"Precio de la gasolina y diésel en Málaga hoy , viernes 16 de enero : ¿ Dónde están las gasolineras más baratas ?",https://www.diariosur.es/economia/mibolsillo/precio-gasolina-diesel-provincia-malaga-viernes-16-enero-2026-20260114000000-nt.html,diariosur.es,Spanish,1,-0.446479
2025-11-14,1.0021953700707806,0.997112704487964,50.08575396567219,-0.067386001041239,1.2198968566449444,1.94000244140625,0,2026-01-16,"Precio de la gasolina y diésel en Málaga hoy , viernes 16 de enero : ¿ Dónde están las gasolineras más baratas ?",https://www.diariosur.es/economia/mibolsillo/precio-gasolina-diesel-provincia-malaga-viernes-16-enero-2026-20260114000000-nt.html,diariosur.es,Spanish,1,-0.446975
2025-11-15,1.0019858719950927,0.9982805454990143,50.08575396567219,-0.022749763536072,1.1327613668845913,0.0,0,2026-01-16,"Precio de la gasolina y diésel en Málaga hoy , viernes 16 de enero : ¿ Dónde están las gasolineras más baratas ?",https://www.diariosur.es/economia/mibolsillo/precio-gasolina-diesel-provincia-malaga-viernes-16-enero-2026-20260114000000-nt.html,diariosur.es,Spanish,1,-0.447472
2025-11-16,1.001796401574267,0.9992932287256951,50.08575396567219,0.0080142590816626,1.051849840678549,0.0,0,2026-01-16,"Precio de la gasolina y diésel en Málaga hoy , viernes 16 de enero : ¿ Dónde están las gasolineras más baratas ?",https://www.diariosur.es/economia/mibolsillo/precio-gasolina-diesel-provincia-malaga-viernes-16-enero-2026-20260114000000-nt.html,diariosur.es,Spanish,1,-0.44797
2025-11-17,0.99891009705931,0.9964986960357082,48.78660037352853,0.0169652801763054,1.056717632907564,1.1199989318847583,0,2026-01-16,"Precio de la gasolina y diésel en Málaga hoy , viernes 16 de enero : ¿ Dónde están las gasolineras más baratas ?",https://www.diariosur.es/economia/mibolsillo/precio-gasolina-diesel-provincia-malaga-viernes-16-enero-2026-20260114000000-nt.html,diariosur.es,Spanish,1,-0.448468
2025-11-18,1.011520949659293,1.0100859184694777,54.63047639971381,0.0761924166675309,1.0969520114059357,1.6199989318847656,0,2026-01-16,"Precio de la gasolina y diésel en Málaga hoy , viernes 16 de enero : ¿ Dónde están las gasolineras más baratas ?",https://www.diariosur.es/economia/mibolsillo/precio-gasolina-diesel-provincia-malaga-viernes-16-enero-2026-20260114000000-nt.html,diariosur.es,Spanish,1,-0.448966
2025-11-19,0.9908273796152208,0.9893969169801752,45.81279877059877,0.0277212704450047,1.1628840432886312,2.020000457763672,0,2026-01-16,"Precio de la gasolina y diésel en Málaga hoy , viernes 16 de enero : ¿ Dónde están las gasolineras más baratas ?",https://www.diariosur.es/economia/mibolsillo/precio-gasolina-diesel-provincia-malaga-viernes-16-enero-2026-20260114000000-nt.html,diariosur.es,Spanish,1,-0.449465
2025-11-20,0.9871590972176376,0.9859131341508516,44.046003609112816,-0.0219574104603239,1.1848209845325235,1.470001220703125,0,2026-01-16,"Precio de la gasolina y diésel en Málaga hoy , viernes 16 de enero : ¿ Dónde están las gasolineras más baratas ?",https://www.diariosur.es/economia/mibolsillo/precio-gasolina-diesel-provincia-malaga-viernes-16-enero-2026-20260114000000-nt.html,diariosur.es,Spanish,1,-0.449965
2025-11-21,0.971989350798848,0.9702702459507554,38.31700836525963,-0.119516366663214,1.225905080032572,1.4199981689453125,0,2026-01-16,"Precio de la gasolina y diésel en Málaga hoy , viernes 16 de enero : ¿ Dónde están las gasolineras más baratas ?",https://www.diariosur.es/economia/mibolsillo/precio-gasolina-diesel-provincia-malaga-viernes-16-enero-2026-20260114000000-nt.html,diariosur.es,Spanish,1,-0.450465
2025-11-22,0.9745892438870132,0.972643377918538,38.31700836525963,-0.1727761978279102,1.1383404314588168,0.0,0,2026-01-16,"Precio de la gasolina y diésel en Málaga hoy , viernes 16 de enero : ¿ Dónde están las gasolineras más baratas ?",https://www.diariosur.es/economia/mibolsillo/precio-gasolina-diesel-provincia-malaga-viernes-16-enero-2026-20260114000000-nt.html,diariosur.es,Spanish,1,-0.450966
2025-11-23,0.9769535418093596,0.975085459427152,38.31700836525963,-0.1950844353740953,1.05703040064033,0.0,0,2026-01-16,"Precio de la gasolina y diésel en Málaga hoy , viernes 16 de enero : ¿ Dónde están las gasolineras más baratas ?",https://www.diariosur.es/economia/mibolsillo/precio-gasolina-diesel-provincia-malaga-viernes-16-enero-2026-20260114000000-nt.html,diariosur.es,Spanish,1,-0.451467
2025-11-24,0.9910147192325502,0.9896144285974408,44.794132303535015,-0.1466010422323306,1.0986713151907137,1.6400032043457031,0,2026-01-16,"Precio de la gasolina y diésel en Málaga hoy , viernes 16 de enero : ¿ Dónde están las gasolineras más baratas ?",https://www.diariosur.es/economia/mibolsillo/precio-gasolina-diesel-provincia-malaga-viernes-16-enero-2026-20260114000000-nt.html,diariosur.es,Spanish,1,-0.451969
2025-11-25,0.978258576162703,0.9760000065789474,39.67481385969396,-0.1625296543129228,1.153051979130775,1.8600006103515696,0,2026-01-16,"Precio de la gasolina y diésel en Málaga hoy , viernes 16 de enero : ¿ Dónde están las gasolineras más baratas ?",https://www.diariosur.es/economia/mibolsillo/precio-gasolina-diesel-provincia-malaga-viernes-16-enero-2026-20260114000000-nt.html,diariosur.es,Spanish,1,-0.452472
2025-11-26,0.991012054574482,0.9884387401997092,44.99902079055586,-0.1161549260665052,1.1464055072850778,1.0600013732910156,0,2026-01-16,"Precio de la gasolina y diésel en Málaga hoy , viernes 16 de enero : ¿ Dónde están las gasolineras más baratas ?",https://www.diariosur.es/economia/mibolsillo/precio-gasolina-diesel-provincia-malaga-viernes-16-enero-2026-20260114000000-nt.html,diariosur.es,Spanish,1,-0.452975
2025-11-27,0.9918610825058398,0.9893557971795732,44.99902079055585,-0.0775683837938218,1.064519399621858,0.0,0,2026-01-16,"Precio de la gasolina y diésel en Málaga hoy , viernes 16 de enero : ¿ Dónde están las gasolineras más baratas ?",https://www.diariosur.es/economia/mibolsillo/precio-gasolina-diesel-provincia-malaga-viernes-16-enero-2026-20260114000000-nt.html,diariosur.es,Spanish,1,-0.453478
2025-11-28,0.991097757662227,0.9886695388773358,44.35048283001995,-0.0520912143260694,1.0863393662120655,1.3699989318847656,0,2026-01-16,"Precio de la gasolina y diésel en Málaga hoy , viernes 16 de enero : ¿ Dónde están las gasolineras más baratas ?",https://www.diariosur.es/economia/mibolsillo/precio-gasolina-diesel-provincia-malaga-viernes-16-enero-2026-20260114000000-nt.html,diariosur.es,Spanish,1,-0.453983
2025-11-29,0.9919387556800644,0.9896722300016184,44.35048283001995,-0.0296656622210098,1.008743697196918,0.0,0,2026-01-16,"Precio de la gasolina y diésel en Málaga hoy , viernes 16 de enero : ¿ Dónde están las gasolineras más baratas ?",https://www.diariosur.es/economia/mibolsillo/precio-gasolina-diesel-provincia-malaga-viernes-16-enero-2026-20260114000000-nt.html,diariosur.es,Spanish,1,-0.454487
2025-11-30,0.9927008894330488,0.9909955466854292,44.35048283001995,-0.0102607752120972,0.9366905759685668,0.0,0,2026-01-16,"Precio de la gasolina y diésel en Málaga hoy , viernes 16 de enero : ¿ Dónde están las gasolineras más baratas ?",https://www.diariosur.es/economia/mibolsillo/precio-gasolina-diesel-provincia-malaga-viernes-16-enero-2026-20260114000000-nt.html,diariosur.es,Spanish,1,-0.454993
2025-12-01,1.0052050090927782,1.0054918876417898,51.12466920921587,0.055396597927761,0.9712128193738534,1.1399993896484375,0,2026-01-16,"Precio de la gasolina y diésel en Málaga hoy , viernes 16 de enero : ¿ Dónde están las gasolineras más baratas ?",https://www.diariosur.es/economia/mibolsillo/precio-gasolina-diesel-provincia-malaga-viernes-16-enero-2026-20260114000000-nt.html,diariosur.es,Spanish,1,-0.455498
2025-12-02,0.9942803517903228,0.9938393352132232,45.82005116688442,0.0539403440443951,1.0011261458220375,1.3899993896484304,0,2026-01-16,"Precio de la gasolina y diésel en Málaga hoy , viernes 16 de enero : ¿ Dónde están las gasolineras más baratas ?",https://www.diariosur.es/economia/mibolsillo/precio-gasolina-diesel-provincia-malaga-viernes-16-enero-2026-20260114000000-nt.html,diariosur.es,Spanish,1,-0.456005
2025-12-03,0.9995807438795478,0.9988732046287044,48.44622386422808,0.0735515615250247,1.0203314538178685,1.270000457763672,0,2026-01-16,"Precio de la gasolina y diésel en Málaga hoy , viernes 16 de enero : ¿ Dónde están las gasolineras más baratas ?",https://www.diariosur.es/economia/mibolsillo/precio-gasolina-diesel-provincia-malaga-viernes-16-enero-2026-20260114000000-nt.html,diariosur.es,Spanish,1,-0.456512
2025-12-04,1.0106545643119225,1.0114330412276595,54.02064257083739,0.1313367595812358,1.033879141721782,1.2099990844726562,0,2026-01-16,"Precio de la gasolina y diésel en Málaga hoy , viernes 16 de enero : ¿ Dónde están las gasolineras más baratas ?",https://www.diariosur.es/economia/mibolsillo/precio-gasolina-diesel-provincia-malaga-viernes-16-enero-2026-20260114000000-nt.html,diariosur.es,Spanish,1,-0.457019
2025-12-05,1.0158962249618195,1.0183914155286862,56.87994379820479,0.1899370539663703,1.037173619531275,1.0800018310546875,0,2026-01-16,"Precio de la gasolina y diésel en Málaga hoy , viernes 16 de enero : ¿ Dónde están las gasolineras más baratas ?",https://www.diariosur.es/economia/mibolsillo/precio-gasolina-diesel-provincia-malaga-viernes-16-enero-2026-20260114000000-nt.html,diariosur.es,Spanish,1,-0.457527
2025-12-06,1.014360557950241,1.0184000453202418,56.87994379820479,0.2193779298365447,0.9630897895647554,0.0,0,2026-01-16,"Precio de la gasolina y diésel en Málaga hoy , viernes 16 de enero : ¿ Dónde están las gasolineras más baratas ?",https://www.diariosur.es/economia/mibolsillo/precio-gasolina-diesel-provincia-malaga-viernes-16-enero-2026-20260114000000-nt.html,diariosur.es,Spanish,1,-0.458036
2025-12-07,1.0129751400263838,1.0182533324187577,56.87994379820479,0.2284989010538009,0.8942976617387015,0.0,0,2026-01-16,"Precio de la gasolina y diésel en Málaga hoy , viernes 16 de enero : ¿ Dónde están las gasolineras más baratas ?",https://www.diariosur.es/economia/mibolsillo/precio-gasolina-diesel-provincia-malaga-viernes-16-enero-2026-20260114000000-nt.html,diariosur.es,Spanish,1,-0.458545
2025-12-08,0.9934292408903036,0.9994907596114788,46.34469338667381,0.1473035728274087,0.9461334667491348,1.6199989318847656,0,2026-01-16,"Precio de la gasolina y diésel en Málaga hoy , viernes 16 de enero : ¿ Dónde están las gasolineras más baratas ?",https://www.diariosur.es/economia/mibolsillo/precio-gasolina-diesel-provincia-malaga-viernes-16-enero-2026-20260114000000-nt.html,diariosur.es,Spanish,1,-0.459055
2025-12-09,0.9844123801078168,0.9897961702398635,41.95152450467253,0.0497964453632882,0.953552450342807,1.0499992370605469,0,2026-01-16,"Precio de la gasolina y diésel en Málaga hoy , viernes 16 de enero : ¿ Dónde están las gasolineras más baratas ?",https://www.diariosur.es/economia/mibolsillo/precio-gasolina-diesel-provincia-malaga-viernes-16-enero-2026-20260114000000-nt.html,diariosur.es,Spanish,1,-0.459565
2025-12-10,0.989095357553347,0.9939387521242732,43.8618049480083,0.0006702340664703,0.9847272317217806,1.3899993896484375,0,2026-01-16,"Precio de la gasolina y diésel en Málaga hoy , viernes 16 de enero : ¿ Dónde están las gasolineras más baratas ?",https://www.diariosur.es/economia/mibolsillo/precio-gasolina-diesel-provincia-malaga-viernes-16-enero-2026-20260114000000-nt.html,diariosur.es,Spanish,1,-0.460076
2025-12-11,0.9769131813555892,0.9797001055000432,38.30273500358695,-0.0838428875057035,1.0522467369684945,1.930000305175774,0,2026-01-16,"Precio de la gasolina y diésel en Málaga hoy , viernes 16 de enero : ¿ Dónde están las gasolineras más baratas ?",https://www.diariosur.es/economia/mibolsillo/precio-gasolina-diesel-provincia-malaga-viernes-16-enero-2026-20260114000000-nt.html,diariosur.es,Spanish,1,-0.460588
2025-12-12,0.9765992230938046,0.9774941236378092,37.3541846446755,-0.1412420131342914,1.051371762958607,1.039997100830071,0,2026-01-16,"Precio de la gasolina y diésel en Málaga hoy , viernes 16 de enero : ¿ Dónde están las gasolineras más baratas ?",https://www.diariosur.es/economia/mibolsillo/precio-gasolina-diesel-provincia-malaga-viernes-16-enero-2026-20260114000000-nt.html,diariosur.es,Spanish,1,-0.4611
2025-12-13,0.9787805779456736,0.978010072524584,37.35418464467551,-0.168104918786545,0.9762737798901352,0.0,0,2026-01-16,"Precio de la gasolina y diésel en Málaga hoy , viernes 16 de enero : ¿ Dónde están las gasolineras más baratas ?",https://www.diariosur.es/economia/mibolsillo/precio-gasolina-diesel-provincia-malaga-viernes-16-enero-2026-20260114000000-nt.html,diariosur.es,Spanish,1,-0.461612
2025-12-14,0.9807625984706304,0.9791771204132278,37.3541846446755,-0.1740369703253391,0.9065399384694112,0.0,0,2026-01-16,"Precio de la gasolina y diésel en Málaga hoy , viernes 16 de enero : ¿ Dónde están las gasolineras más baratas ?",https://www.diariosur.es/economia/mibolsillo/precio-gasolina-diesel-provincia-malaga-viernes-16-enero-2026-20260114000000-nt.html,diariosur.es,Spanish,1,-0.462126
2025-12-15,0.9729398743261316,0.9695418440200392,33.35627006047777,-0.2057092180028347,0.9417869222345704,1.3999977111816406,0,2026-01-16,"Precio de la gasolina y diésel en Málaga hoy , viernes 16 de enero : ¿ Dónde están las gasolineras más baratas ?",https://www.diariosur.es/economia/mibolsillo/precio-gasolina-diesel-provincia-malaga-viernes-16-enero-2026-20260114000000-nt.html,diariosur.es,Spanish,1,-0.462639
2025-12-16,0.9512549632068316,0.9458210791367716,25.89469814392025,-0.3107362042979422,1.0059450101169505,1.720001220703125,0,2026-01-16,"Precio de la gasolina y diésel en Málaga hoy , viernes 16 de enero : ¿ Dónde están las gasolineras más baratas ?",https://www.diariosur.es/economia/mibolsillo/precio-gasolina-diesel-provincia-malaga-viernes-16-enero-2026-20260114000000-nt.html,diariosur.es,Spanish,1,-0.463154
2025-12-17,0.9662107416983594,0.959511477435814,32.883590883785075,-0.3138515526730456,1.0612345650583737,1.779998779296875,0,2026-01-16,"Precio de la gasolina y diésel en Málaga hoy , viernes 16 de enero : ¿ Dónde están las gasolineras más baratas ?",https://www.diariosur.es/economia/mibolsillo/precio-gasolina-diesel-provincia-malaga-viernes-16-enero-2026-20260114000000-nt.html,diariosur.es,Spanish,1,-0.463669
2025-12-18,0.9726319260125116,0.9651000194309884,34.95427665968158,-0.2815678413567603,1.0675747897814647,1.1499977111816475,0,2026-01-16,"Precio de la gasolina y diésel en Málaga hoy , viernes 16 de enero : ¿ Dónde están las gasolineras más baratas ?",https://www.diariosur.es/economia/mibolsillo/precio-gasolina-diesel-provincia-malaga-viernes-16-enero-2026-20260114000000-nt.html,diariosur.es,Spanish,1,-0.464184
2025-12-19,0.9832016104562712,0.975450194090275,39.810869515969294,-0.2090022936361883,1.068462435586695,1.0800018310546875,0,2026-01-16,"Precio de la gasolina y diésel en Málaga hoy , viernes 16 de enero : ¿ Dónde están las gasolineras más baratas ?",https://www.diariosur.es/economia/mibolsillo/precio-gasolina-diesel-provincia-malaga-viernes-16-enero-2026-20260114000000-nt.html,diariosur.es,Spanish,1,-0.4647
2025-12-20,0.9847771027787688,0.977039737622186,39.810869515969294,-0.1470634200938144,0.9921436901876454,0.0,0,2026-01-16,"Precio de la gasolina y diésel en Málaga hoy , viernes 16 de enero : ¿ Dónde están las gasolineras más baratas ?",https://www.diariosur.es/economia/mibolsillo/precio-gasolina-diesel-provincia-malaga-viernes-16-enero-2026-20260114000000-nt.html,diariosur.es,Spanish,1,-0.465217
2025-12-21,0.9862069052890624,0.97928566998917,39.810869515969294,-0.0946968908714206,0.9212762837456708,0.0,0,2026-01-16,"Precio de la gasolina y diésel en Málaga hoy , viernes 16 de enero : ¿ Dónde están las gasolineras más baratas ?",https://www.diariosur.es/economia/mibolsillo/precio-gasolina-diesel-provincia-malaga-viernes-16-enero-2026-20260114000000-nt.html,diariosur.es,Spanish,1,-0.465734
2025-12-22,1.00877221976744,1.0031645851756177,51.72701253034643,0.0352943205302533,0.9647567344777048,1.5300025939941475,0,2026-01-16,"Precio de la gasolina y diésel en Málaga hoy , viernes 16 de enero : ¿ Dónde están las gasolineras más baratas ?",https://www.diariosur.es/economia/mibolsillo/precio-gasolina-diesel-provincia-malaga-viernes-16-enero-2026-20260114000000-nt.html,diariosur.es,Spanish,1,-0.466252
2025-12-23,1.0137383018201025,1.010060835473582,54.39211507152204,0.1445033440013035,0.9544169459310272,0.8199996948242188,0,2026-01-16,"Precio de la gasolina y diésel en Málaga hoy , viernes 16 de enero : ¿ Dónde están las gasolineras más baratas ?",https://www.diariosur.es/economia/mibolsillo/precio-gasolina-diesel-provincia-malaga-viernes-16-enero-2026-20260114000000-nt.html,diariosur.es,Spanish,1,-0.46677
2025-12-24,1.0119434954131603,1.0106958574422735,54.13114213188366,0.2091048185244484,0.930529944927723,0.6199989318847656,0,2026-01-16,"Precio de la gasolina y diésel en Málaga hoy , viernes 16 de enero : ¿ Dónde están las gasolineras más baratas ?",https://www.diariosur.es/economia/mibolsillo/precio-gasolina-diesel-provincia-malaga-viernes-16-enero-2026-20260114000000-nt.html,diariosur.es,Spanish,1,-0.467289
2025-12-25,1.0107937420396649,1.0122124476955228,54.13114213188366,0.2437987327937067,0.8640635202900285,0.0,0,2026-01-16,"Precio de la gasolina y diésel en Málaga hoy , viernes 16 de enero : ¿ Dónde están las gasolineras más baratas ?",https://www.diariosur.es/economia/mibolsillo/precio-gasolina-diesel-provincia-malaga-viernes-16-enero-2026-20260114000000-nt.html,diariosur.es,Spanish,1,-0.467808
2025-12-26,0.984506836052458,0.9871431647150504,41.68411382698393,0.1546265545065525,0.9616303790004784,2.229999542236328,0,2026-01-16,"Precio de la gasolina y diésel en Málaga hoy , viernes 16 de enero : ¿ Dónde están las gasolineras más baratas ?",https://www.diariosur.es/economia/mibolsillo/precio-gasolina-diesel-provincia-malaga-viernes-16-enero-2026-20260114000000-nt.html,diariosur.es,Spanish,1,-0.468328
2025-12-27,0.9859616613539196,0.9900195765815806,41.68411382698393,0.094885871083002,0.8929424947861587,0.0,0,2026-01-16,"Precio de la gasolina y diésel en Málaga hoy , viernes 16 de enero : ¿ Dónde están las gasolineras más baratas ?",https://www.diariosur.es/economia/mibolsillo/precio-gasolina-diesel-provincia-malaga-viernes-16-enero-2026-20260114000000-nt.html,diariosur.es,Spanish,1,-0.468849
2025-12-28,0.987281641737326,0.9918713738890836,41.68411382698393,0.0565077197053719,0.8291608880157189,0.0,0,2026-01-16,"Precio de la gasolina y diésel en Málaga hoy , viernes 16 de enero : ¿ Dónde están las gasolineras más baratas ?",https://www.diariosur.es/economia/mibolsillo/precio-gasolina-diesel-provincia-malaga-viernes-16-enero-2026-20260114000000-nt.html,diariosur.es,Spanish,1,-0.46937
2025-12-29,1.0095787968556469,1.01544678449278,52.93424116248366,0.118917922395138,0.8813635073427211,1.3899993896484375,0,2026-01-16,"Precio de la gasolina y diésel en Málaga hoy , viernes 16 de enero : ¿ Dónde están las gasolineras más baratas ?",https://www.diariosur.es/economia/mibolsillo/precio-gasolina-diesel-provincia-malaga-viernes-16-enero-2026-20260114000000-nt.html,diariosur.es,Spanish,1,-0.469892
2025-12-30,1.0066173815261568,1.013625804266843,51.88839560235478,0.1471455851523418,0.8805520244312437,0.8700027465820384,0,2026-01-16,"Precio de la gasolina y diésel en Málaga hoy , viernes 16 de enero : ¿ Dónde están las gasolineras más baratas ?",https://www.diariosur.es/economia/mibolsillo/precio-gasolina-diesel-provincia-malaga-viernes-16-enero-2026-20260114000000-nt.html,diariosur.es,Spanish,1,-0.470415
2025-12-31,0.9976569936023234,1.0045134578258097,47.74659638469316,0.1266060159217752,0.9140839136948044,1.3499984741210938,0,2026-01-16,"Precio de la gasolina y diésel en Málaga hoy , viernes 16 de enero : ¿ Dónde están las gasolineras más baratas ?",https://www.diariosur.es/economia/mibolsillo/precio-gasolina-diesel-provincia-malaga-viernes-16-enero-2026-20260114000000-nt.html,diariosur.es,Spanish,1,-0.470938
2026-01-01,0.997879663929628,1.0045310316340283,47.74659638469316,0.1101117752646093,0.848792205573747,0.0,0,2026-01-16,"Precio de la gasolina y diésel en Málaga hoy , viernes 16 de enero : ¿ Dónde están las gasolineras más baratas ?",https://www.diariosur.es/economia/mibolsillo/precio-gasolina-diesel-provincia-malaga-viernes-16-enero-2026-20260114000000-nt.html,diariosur.es,Spanish,1,-0.471461
2026-01-02,0.996507991283902,1.0028868825358834,46.92695121553628,0.0903850875240235,0.883164321679529,1.3300018310546946,0,2026-01-16,"Precio de la gasolina y diésel en Málaga hoy , viernes 16 de enero : ¿ Dónde están las gasolineras más baratas ?",https://www.diariosur.es/economia/mibolsillo/precio-gasolina-diesel-provincia-malaga-viernes-16-enero-2026-20260114000000-nt.html,diariosur.es,Spanish,1,-0.471985
2026-01-03,0.9968395124520958,1.002992173402525,46.92695121553628,0.075842133248867,0.820081155845277,0.0,0,2026-01-16,"Precio de la gasolina y diésel en Málaga hoy , viernes 16 de enero : ¿ Dónde están las gasolineras más baratas ?",https://www.diariosur.es/economia/mibolsillo/precio-gasolina-diesel-provincia-malaga-viernes-16-enero-2026-20260114000000-nt.html,diariosur.es,Spanish,1,-0.47251
2026-01-04,0.9971396503043156,1.0025536033471656,46.92695121553628,0.0651377488154688,0.7615039304277572,0.0,0,2026-01-16,"Precio de la gasolina y diésel en Málaga hoy , viernes 16 de enero : ¿ Dónde están las gasolineras más baratas ?",https://www.diariosur.es/economia/mibolsillo/precio-gasolina-diesel-provincia-malaga-viernes-16-enero-2026-20260114000000-nt.html,diariosur.es,Spanish,1,-0.473035
2026-01-05,1.0131331365772316,1.0173305496919776,56.297240563836304,0.1210696488256833,0.8642534317002165,2.1999969482421875,0,2026-01-16,"Precio de la gasolina y diésel en Málaga hoy , viernes 16 de enero : ¿ Dónde están las gasolineras más baratas ?",https://www.diariosur.es/economia/mibolsillo/precio-gasolina-diesel-provincia-malaga-viernes-16-enero-2026-20260114000000-nt.html,diariosur.es,Spanish,1,-0.473561
2026-01-06,0.9931736633360508,0.9955389991871252,45.90966428454705,0.0757993000041794,0.9475209565285492,2.029998779296875,0,2026-01-16,"Precio de la gasolina y diésel en Málaga hoy , viernes 16 de enero : ¿ Dónde están las gasolineras más baratas ?",https://www.diariosur.es/economia/mibolsillo/precio-gasolina-diesel-provincia-malaga-viernes-16-enero-2026-20260114000000-nt.html,diariosur.es,Spanish,1,-0.474088
2026-01-07,0.9758316523780606,0.9758095718125984,38.56796369028415,-0.0275114387162135,0.9805551630202324,1.4099998474121094,0,2026-01-16,"Precio de la gasolina y diésel en Málaga hoy , viernes 16 de enero : ¿ Dónde están las gasolineras más baratas ?",https://www.diariosur.es/economia/mibolsillo/precio-gasolina-diesel-provincia-malaga-viernes-16-enero-2026-20260114000000-nt.html,diariosur.es,Spanish,1,-0.474615
2026-01-08,1.0060402851111745,1.005693561701566,51.528701233824414,0.0239868029009561,1.1083726840733352,2.770000457763672,0,2026-01-16,"Precio de la gasolina y diésel en Málaga hoy , viernes 16 de enero : ¿ Dónde están las gasolineras más baratas ?",https://www.diariosur.es/economia/mibolsillo/precio-gasolina-diesel-provincia-malaga-viernes-16-enero-2026-20260114000000-nt.html,diariosur.es,Spanish,1,-0.475142
2026-01-09,1.0268210287075896,1.0271735177347583,58.73296231879739,0.1435970315647856,1.1834889100261048,2.1599998474121094,0,2026-01-16,"Precio de la gasolina y diésel en Málaga hoy , viernes 16 de enero : ¿ Dónde están las gasolineras más baratas ?",https://www.diariosur.es/economia/mibolsillo/precio-gasolina-diesel-provincia-malaga-viernes-16-enero-2026-20260114000000-nt.html,diariosur.es,Spanish,1,-0.475671
2026-01-10,1.0242048166324136,1.0249830793450785,58.7329623187974,0.2125090199030335,1.098953987881383,0.0,0,2026-01-16,"Precio de la gasolina y diésel en Málaga hoy , viernes 16 de enero : ¿ Dónde están las gasolineras más baratas ?",https://www.diariosur.es/economia/mibolsillo/precio-gasolina-diesel-provincia-malaga-viernes-16-enero-2026-20260114000000-nt.html,diariosur.es,Spanish,1,-0.476199
2026-01-11,1.0218492287079517,1.0239977656721218,58.7329623187974,0.2455475020504727,1.0204572744612843,0.0,0,2026-01-16,"Precio de la gasolina y diésel en Málaga hoy , viernes 16 de enero : ¿ Dónde están las gasolineras más baratas ?",https://www.diariosur.es/economia/mibolsillo/precio-gasolina-diesel-provincia-malaga-viernes-16-enero-2026-20260114000000-nt.html,diariosur.es,Spanish,1,-0.476729
2026-01-12,1.0256414854252225,1.029580988669094,60.7678776949852,0.2780603616641559,1.051853118033525,1.4599990844726562,0,2026-01-16,"Precio de la gasolina y diésel en Málaga hoy , viernes 16 de enero : ¿ Dónde están las gasolineras más baratas ?",https://www.diariosur.es/economia/mibolsillo/precio-gasolina-diesel-provincia-malaga-viernes-16-enero-2026-20260114000000-nt.html,diariosur.es,Spanish,1,-0.477259
2026-01-13,1.048682091825994,1.055575240912219,68.11907644493542,0.3889540998825533,1.1217206652666216,2.029998779296875,0,2026-01-16,"Precio de la gasolina y diésel en Málaga hoy , viernes 16 de enero : ¿ Dónde están las gasolineras más baratas ?",https://www.diariosur.es/economia/mibolsillo/precio-gasolina-diesel-provincia-malaga-viernes-16-enero-2026-20260114000000-nt.html,diariosur.es,Spanish,1,-0.477789
2026-01-14,1.0571981965383288,1.067212725321721,71.18495355603844,0.4924977729284304,1.2680264737220477,3.170001983642585,0,2026-01-16,"Precio de la gasolina y diésel en Málaga hoy , viernes 16 de enero : ¿ Dónde están las gasolineras más baratas ?",https://www.diariosur.es/economia/mibolsillo/precio-gasolina-diesel-provincia-malaga-viernes-16-enero-2026-20260114000000-nt.html,diariosur.es,Spanish,1,-0.47832
2026-01-15,1.008097718034744,1.0163728701067527,53.24703773701244,0.3487587302187873,1.401738824859647,2.259998321533203,0,2026-01-16,"Precio de la gasolina y diésel en Málaga hoy , viernes 16 de enero : ¿ Dónde están las gasolineras más baratas ?",https://www.diariosur.es/economia/mibolsillo/precio-gasolina-diesel-provincia-malaga-viernes-16-enero-2026-20260114000000-nt.html,diariosur.es,Spanish,1,-0.478852
2026-01-16,1.01116574332953,1.0183051455829844,54.34160484539278,0.2533263397914684,1.3901861715458723,1.240001678466804,0,2026-01-16,"Precio de la gasolina y diésel en Málaga hoy , viernes 16 de enero : ¿ Dónde están las gasolineras más baratas ?",https://www.diariosur.es/economia/mibolsillo/precio-gasolina-diesel-provincia-malaga-viernes-16-enero-2026-20260114000000-nt.html,diariosur.es,Spanish,1,0.0
2026-01-17,1.010091607745587,1.01595547434913,54.34160484539278,0.1766425488346308,1.290887159292596,0.0,0,2026-01-16,"Precio de la gasolina y diésel en Málaga hoy , viernes 16 de enero : ¿ Dónde están las gasolineras más baratas ?",https://www.diariosur.es/economia/mibolsillo/precio-gasolina-diesel-provincia-malaga-viernes-16-enero-2026-20260114000000-nt.html,diariosur.es,Spanish,1,-0.034779
2026-01-18,1.0091217352960486,1.014776039440458,54.34160484539278,0.1153273037411697,1.198680933628839,0.0,0,2026-01-16,"Precio de la gasolina y diésel en Málaga hoy , viernes 16 de enero : ¿ Dónde están las gasolineras más baratas ?",https://www.diariosur.es/economia/mibolsillo/precio-gasolina-diesel-provincia-malaga-viernes-16-enero-2026-20260114000000-nt.html,diariosur.es,Spanish,1,-0.069557
2026-01-19,1.0082458351416197,1.013487002844512,54.34160484539278,0.0665961576695579,1.1130608669410649,0.0,0,2026-01-16,"Precio de la gasolina y diésel en Málaga hoy , viernes 16 de enero : ¿ Dónde están las gasolineras más baratas ?",https://www.diariosur.es/economia/mibolsillo/precio-gasolina-diesel-provincia-malaga-viernes-16-enero-2026-20260114000000-nt.html,diariosur.es,Spanish,1,-0.104336
2026-01-20,1.0212252634339438,1.0262777559576488,58.99059570077818,0.0855912569713779,1.1749850580335837,1.979999542236328,0,2026-01-16,"Precio de la gasolina y diésel en Málaga hoy , viernes 16 de enero : ¿ Dónde están las gasolineras más baratas ?",https://www.diariosur.es/economia/mibolsillo/precio-gasolina-diesel-provincia-malaga-viernes-16-enero-2026-20260114000000-nt.html,diariosur.es,Spanish,1,-0.139114
2026-01-21,1.0234333895574723,1.0282418692659918,60.343448578702514,0.1062778936691938,1.2103431373844216,1.6699981689453125,0,2026-01-16,"Precio de la gasolina y diésel en Málaga hoy , viernes 16 de enero : ¿ Dónde están las gasolineras más baratas ?",https://www.diariosur.es/economia/mibolsillo/precio-gasolina-diesel-provincia-malaga-viernes-16-enero-2026-20260114000000-nt.html,diariosur.es,Spanish,1,-0.173893
2026-01-22,1.001954905712069,1.005130653850562,52.026067152309736,0.0284190794790956,1.2567472425963602,1.8600006103515625,0,2026-01-16,"Precio de la gasolina y diésel en Málaga hoy , viernes 16 de enero : ¿ Dónde están las gasolineras más baratas ?",https://www.diariosur.es/economia/mibolsillo/precio-gasolina-diesel-provincia-malaga-viernes-16-enero-2026-20260114000000-nt.html,diariosur.es,Spanish,1,-0.208671
2026-01-23,1.027801788620094,1.0308129888767077,60.06996856009978,0.0823488966756278,1.3098367252680487,1.8400001525878904,0,2026-01-16,"Precio de la gasolina y diésel en Málaga hoy , viernes 16 de enero : ¿ Dónde están las gasolineras más baratas ?",https://www.diariosur.es/economia/mibolsillo/precio-gasolina-diesel-provincia-malaga-viernes-16-enero-2026-20260114000000-nt.html,diariosur.es,Spanish,1,-0.24345
2026-01-24,1.0250875726190425,1.0275609119357632,60.06996856009978,0.1067383482286133,1.2162769591774738,0.0,0,2026-01-30,Brent Settles Above $70 as Iran Tensions Rise | China Crude Hoarding Is Propping Up Oil Prices,https://www.rigzone.com/news/wire/brent_settles_above_70_as_iran_tensions_rise-29-jan-2026-182888-article/,rigzone.com,English,2,-0.278229
2026-01-25,1.0226441764248044,1.02518906684107,60.06996856009978,0.1110906572495731,1.12940003352194,0.0,0,2026-01-30,Brent Settles Above $70 as Iran Tensions Rise | China Crude Hoarding Is Propping Up Oil Prices,https://www.rigzone.com/news/wire/brent_settles_above_70_as_iran_tensions_rise-29-jan-2026-182888-article/,rigzone.com,English,2,-0.313007
2026-01-26,1.0138012489139447,1.0148214728754748,56.99857877059443,0.0743230357659543,1.1480142732452614,1.3899993896484375,0,2026-01-30,Brent Settles Above $70 as Iran Tensions Rise | China Crude Hoarding Is Propping Up Oil Prices,https://www.rigzone.com/news/wire/brent_settles_above_70_as_iran_tensions_rise-29-jan-2026-182888-article/,rigzone.com,English,2,-0.347786
2026-01-27,1.038952828856451,1.0387167118091092,64.76026059554982,0.153938926351558,1.243870516475371,2.490001678466797,0,2026-01-30,Brent Settles Above $70 as Iran Tensions Rise | China Crude Hoarding Is Propping Up Oil Prices,https://www.rigzone.com/news/wire/brent_settles_above_70_as_iran_tensions_rise-29-jan-2026-182888-article/,rigzone.com,English,2,-0.382564
2026-01-28,1.0473603515616765,1.0476158840513097,67.68670570517587,0.2419887767351615,1.2621654795842732,1.5,0,2026-01-30,Brent Settles Above $70 as Iran Tensions Rise | China Crude Hoarding Is Propping Up Oil Prices,https://www.rigzone.com/news/wire/brent_settles_above_70_as_iran_tensions_rise-29-jan-2026-182888-article/,rigzone.com,English,2,-0.417343
2026-01-29,1.0753781353832217,1.0786123909641452,73.96251587942213,0.4188641234584727,1.4055825362183207,3.200004577636712,0,2026-01-30,Brent Settles Above $70 as Iran Tensions Rise | China Crude Hoarding Is Propping Up Oil Prices,https://www.rigzone.com/news/wire/brent_settles_above_70_as_iran_tensions_rise-29-jan-2026-182888-article/,rigzone.com,English,2,-0.452121
2026-01-30,1.0646333015119906,1.069779262908351,72.52118579855455,0.4867481668538032,1.4816124422529495,2.470001220703125,0,2026-01-30,Brent Settles Above $70 as Iran Tensions Rise | China Crude Hoarding Is Propping Up Oil Prices,https://www.rigzone.com/news/wire/brent_settles_above_70_as_iran_tensions_rise-29-jan-2026-182888-article/,rigzone.com,English,2,-0.4869
2026-01-31,1.0581199883460255,1.064461886495373,72.52118579855455,0.4950522325513609,1.3757829820920249,0.0,0,2026-01-30,Brent Settles Above $70 as Iran Tensions Rise | China Crude Hoarding Is Propping Up Oil Prices,https://www.rigzone.com/news/wire/brent_settles_above_70_as_iran_tensions_rise-29-jan-2026-182888-article/,rigzone.com,English,2,-0.482107
2026-02-01,1.0522952845673936,1.059524094376937,72.52118579855455,0.4644490854614802,1.2775127690854515,0.0,0,2026-01-30,Brent Settles Above $70 as Iran Tensions Rise | China Crude Hoarding Is Propping Up Oil Prices,https://www.rigzone.com/news/wire/brent_settles_above_70_as_iran_tensions_rise-29-jan-2026-182888-article/,rigzone.com,English,2,-0.477314
2026-02-02,1.002491628349754,1.0088317432831335,53.48891706204555,0.2140851368353924,1.459118978066792,3.3499984741210938,0,2026-01-30,Brent Settles Above $70 as Iran Tensions Rise | China Crude Hoarding Is Propping Up Oil Prices,https://www.rigzone.com/news/wire/brent_settles_above_70_as_iran_tensions_rise-29-jan-2026-182888-article/,rigzone.com,English,2,-0.472521
2026-02-03,1.0178388438678083,1.0252126709760014,57.65963016782723,0.1028210130965012,1.575610490532585,3.09000015258789,0,2026-01-30,Brent Settles Above $70 as Iran Tensions Rise | China Crude Hoarding Is Propping Up Oil Prices,https://www.rigzone.com/news/wire/brent_settles_above_70_as_iran_tensions_rise-29-jan-2026-182888-article/,rigzone.com,English,2,-0.467729
2026-02-04,1.0440527086580345,1.0514422242609462,63.94065002086776,0.1392234939541246,1.6537810389906369,2.6699981689453125,0,2026-01-30,Brent Settles Above $70 as Iran Tensions Rise | China Crude Hoarding Is Propping Up Oil Prices,https://www.rigzone.com/news/wire/brent_settles_above_70_as_iran_tensions_rise-29-jan-2026-182888-article/,rigzone.com,English,2,-0.462936
2026-02-05,1.01301185712235,1.0184164823847237,55.44940987907963,0.0247242537634329,1.7135108121891294,2.0199966430664062,0,2026-01-30,Brent Settles Above $70 as Iran Tensions Rise | China Crude Hoarding Is Propping Up Oil Prices,https://www.rigzone.com/news/wire/brent_settles_above_70_as_iran_tensions_rise-29-jan-2026-182888-article/,rigzone.com,English,2,-0.458143
2026-02-06,1.015512428451688,1.0192298406912514,56.32719659582395,-0.0437563077704947,1.761117259040994,2.3800010681152344,0,2026-01-30,Brent Settles Above $70 as Iran Tensions Rise | China Crude Hoarding Is Propping Up Oil Prices,https://www.rigzone.com/news/wire/brent_settles_above_70_as_iran_tensions_rise-29-jan-2026-182888-article/,rigzone.com,English,2,-0.45335
2026-02-07,1.0140143498753618,1.0158816392237218,56.32719659582395,-0.0962961448583095,1.6353231691094945,0.0,0,2026-01-30,Brent Settles Above $70 as Iran Tensions Rise | China Crude Hoarding Is Propping Up Oil Prices,https://www.rigzone.com/news/wire/brent_settles_above_70_as_iran_tensions_rise-29-jan-2026-182888-article/,rigzone.com,English,2,-0.448557
2026-02-08,1.0126627489164035,1.0125553636192657,56.32719659582395,-0.1358709412155083,1.5185143713159592,0.0,0,2026-01-30,Brent Settles Above $70 as Iran Tensions Rise | China Crude Hoarding Is Propping Up Oil Prices,https://www.rigzone.com/news/wire/brent_settles_above_70_as_iran_tensions_rise-29-jan-2026-182888-article/,rigzone.com,English,2,-0.443764
2026-02-09,1.0230785944135137,1.0221876512566206,59.437012884337335,-0.11324285230661,1.571477510617191,2.259998321533203,0,2026-01-30,Brent Settles Above $70 as Iran Tensions Rise | China Crude Hoarding Is Propping Up Oil Prices,https://www.rigzone.com/news/wire/brent_settles_above_70_as_iran_tensions_rise-29-jan-2026-182888-article/,rigzone.com,English,2,-0.438971
2026-02-10,1.0151036544744718,1.0131474663116546,57.26831697829428,-0.1297748566653562,1.5349432283298023,1.05999755859375,0,2026-01-30,Brent Settles Above $70 as Iran Tensions Rise | China Crude Hoarding Is Propping Up Oil Prices,https://www.rigzone.com/news/wire/brent_settles_above_70_as_iran_tensions_rise-29-jan-2026-182888-article/,rigzone.com,English,2,-0.434179
2026-02-11,1.0232290438941527,1.019505121049176,59.90711211661777,-0.1014043498824717,1.5588760510621045,1.6800003051757812,0,2026-01-30,Brent Settles Above $70 as Iran Tensions Rise | China Crude Hoarding Is Propping Up Oil Prices,https://www.rigzone.com/news/wire/brent_settles_above_70_as_iran_tensions_rise-29-jan-2026-182888-article/,rigzone.com,English,2,-0.429386
2026-02-12,0.9953740695321924,0.9898869088751878,50.86909634291433,-0.2031370779620032,1.6410991248771438,2.709999084472656,0,2026-01-30,Brent Settles Above $70 as Iran Tensions Rise | China Crude Hoarding Is Propping Up Oil Prices,https://www.rigzone.com/news/wire/brent_settles_above_70_as_iran_tensions_rise-29-jan-2026-182888-article/,rigzone.com,English,2,-0.424593
2026-02-13,0.996529919471724,0.9892564453618689,51.09105838338851,-0.263195737215169,1.6038776825205454,1.1199989318847656,0,2026-01-30,Brent Settles Above $70 as Iran Tensions Rise | China Crude Hoarding Is Propping Up Oil Prices,https://www.rigzone.com/news/wire/brent_settles_above_70_as_iran_tensions_rise-29-jan-2026-182888-article/,rigzone.com,English,2,-0.4198
2026-02-14,0.9968593654025156,0.9878424229578652,51.09105838338851,-0.2965764815063085,1.489314990911935,0.0,0,2026-01-30,Brent Settles Above $70 as Iran Tensions Rise | China Crude Hoarding Is Propping Up Oil Prices,https://www.rigzone.com/news/wire/brent_settles_above_70_as_iran_tensions_rise-29-jan-2026-182888-article/,rigzone.com,English,2,-0.415007
2026-02-15,0.9971576232816416,0.9860921664054024,51.09105838338851,-0.3108101939689291,1.3829353487039395,0.0,0,2026-01-30,Brent Settles Above $70 as Iran Tensions Rise | China Crude Hoarding Is Propping Up Oil Prices,https://www.rigzone.com/news/wire/brent_settles_above_70_as_iran_tensions_rise-29-jan-2026-182888-article/,rigzone.com,English,2,-0.410214
2026-02-16,0.9974276294790017,0.985705778761798,51.09105838338851,-0.3115883637912101,1.284154252367944,0.0,0,2026-01-30,Brent Settles Above $70 as Iran Tensions Rise | China Crude Hoarding Is Propping Up Oil Prices,https://www.rigzone.com/news/wire/brent_settles_above_70_as_iran_tensions_rise-29-jan-2026-182888-article/,rigzone.com,English,2,-0.405421
2026-02-17,0.989625664589254,0.977602848237116,47.835427878650606,-0.3389196302398838,1.3545718384676388,2.270000457763672,0,2026-01-30,Brent Settles Above $70 as Iran Tensions Rise | China Crude Hoarding Is Propping Up Oil Prices,https://www.rigzone.com/news/wire/brent_settles_above_70_as_iran_tensions_rise-29-jan-2026-182888-article/,rigzone.com,English,2,-0.400629
2026-02-18,1.0315924286954543,1.0226444246493505,61.37311728977585,-0.1624323532884984,1.503530894770592,3.4399986267089844,0,2026-01-30,Brent Settles Above $70 as Iran Tensions Rise | China Crude Hoarding Is Propping Up Oil Prices,https://www.rigzone.com/news/wire/brent_settles_above_70_as_iran_tensions_rise-29-jan-2026-182888-article/,rigzone.com,English,2,-0.395836
2026-02-19,1.0461121449364572,1.0411001939097182,65.54781609790875,0.0295381088802595,1.5404218503199023,2.020004272460937,0,2026-01-30,Brent Settles Above $70 as Iran Tensions Rise | China Crude Hoarding Is Propping Up Oil Prices,https://www.rigzone.com/news/wire/brent_settles_above_70_as_iran_tensions_rise-29-jan-2026-182888-article/,rigzone.com,English,2,-0.391043
2026-02-20,1.0409731056328362,1.0395121024483989,65.30262775282439,0.139395867631816,1.5096774760364498,1.1100006103515625,0,2026-01-30,Brent Settles Above $70 as Iran Tensions Rise | China Crude Hoarding Is Propping Up Oil Prices,https://www.rigzone.com/news/wire/brent_settles_above_70_as_iran_tensions_rise-29-jan-2026-182888-article/,rigzone.com,English,2,-0.38625
2026-02-21,1.036926809281388,1.038552685155305,65.30262775282439,0.194263103024102,1.4018433706052749,0.0,0,2026-01-30,Brent Settles Above $70 as Iran Tensions Rise | China Crude Hoarding Is Propping Up Oil Prices,https://www.rigzone.com/news/wire/brent_settles_above_70_as_iran_tensions_rise-29-jan-2026-182888-article/,rigzone.com,English,2,-0.381457
2026-02-22,1.03329288458796,1.0351117851188123,65.30262775282439,0.2113443476680199,1.3017117012763266,0.0,0,2026-01-30,Brent Settles Above $70 as Iran Tensions Rise | China Crude Hoarding Is Propping Up Oil Prices,https://www.rigzone.com/news/wire/brent_settles_above_70_as_iran_tensions_rise-29-jan-2026-182888-article/,rigzone.com,English,2,-0.376664
2026-02-23,1.0289073419190342,1.0313719677189734,64.69809872428087,0.1982594117995366,1.3444466887479394,1.9000015258789065,0,2026-01-30,Brent Settles Above $70 as Iran Tensions Rise | China Crude Hoarding Is Propping Up Oil Prices,https://www.rigzone.com/news/wire/brent_settles_above_70_as_iran_tensions_rise-29-jan-2026-182888-article/,rigzone.com,English,2,-0.371871
2026-02-24,1.0165788558155813,1.020406541307156,59.64396344996263,0.1282104581461765,1.362700387703165,1.5999984741210938,0,2026-01-30,Brent Settles Above $70 as Iran Tensions Rise | China Crude Hoarding Is Propping Up Oil Prices,https://www.rigzone.com/news/wire/brent_settles_above_70_as_iran_tensions_rise-29-jan-2026-182888-article/,rigzone.com,English,2,-0.367079
2026-02-25,1.012041633644994,1.0154600579479427,58.13362009669331,0.0558318059508609,1.371078626262872,1.4799957275390625,0,2026-01-30,Brent Settles Above $70 as Iran Tensions Rise | China Crude Hoarding Is Propping Up Oil Prices,https://www.rigzone.com/news/wire/brent_settles_above_70_as_iran_tensions_rise-29-jan-2026-182888-article/,rigzone.com,English,2,-0.362286
2026-02-26,1.00794888427513,1.010898037325613,56.59036966360707,-0.0143400995880244,1.4952873394120647,3.1100006103515696,0,2026-01-30,Brent Settles Above $70 as Iran Tensions Rise | China Crude Hoarding Is Propping Up Oil Prices,https://www.rigzone.com/news/wire/brent_settles_above_70_as_iran_tensions_rise-29-jan-2026-182888-article/,rigzone.com,English,2,-0.357493
2026-02-27,1.032393603770139,1.0361700574667794,65.17220678586017,0.0494938188351634,1.6013384835207454,2.9800033569335938,0,2026-01-30,Brent Settles Above $70 as Iran Tensions Rise | China Crude Hoarding Is Propping Up Oil Prices,https://www.rigzone.com/news/wire/brent_settles_above_70_as_iran_tensions_rise-29-jan-2026-182888-article/,rigzone.com,English,2,-0.3527
2026-02-28,1.0292183569465312,1.033398056156616,65.17220678586017,0.078351089979438,1.4869571632692635,0.0,0,2026-03-27,Uber Newcastle : Fares jump 13 . 5 % amid rising fuel costs The Scone Advocate | Michelle Grattan This fuel crisis is the latest stress test for government Port Macquarie News | DoorDash offers fuel relief payments to drivers amid price surge | Michelle Grattan This fuel crisis is the latest stress test for government Dungog Chronicle | Ontario gasoline and diesel prices expected to fall and rise,https://www.sconeadvocate.com.au/story/9208356/uber-newcastle-fares-jump-135-amid-rising-fuel-costs/,sconeadvocate.com.au,English,5,-0.347907
2026-03-01,1.0263622979011466,1.0312831448863244,65.17220678586017,0.0835943523989295,1.380745937321459,0.0,0,2026-03-27,Uber Newcastle : Fares jump 13 . 5 % amid rising fuel costs The Scone Advocate | Michelle Grattan This fuel crisis is the latest stress test for government Port Macquarie News | DoorDash offers fuel relief payments to drivers amid price surge | Michelle Grattan This fuel crisis is the latest stress test for government Dungog Chronicle | Ontario gasoline and diesel prices expected to fall and rise,https://www.sconeadvocate.com.au/story/9208356/uber-newcastle-fares-jump-135-amid-rising-fuel-costs/,sconeadvocate.com.au,English,5,-0.343114
2026-03-02,1.081479598270184,1.0899687726947398,77.87754722153763,0.3422442158461509,1.8756930266548035,6.1300048828125,0,2026-03-27,Uber Newcastle : Fares jump 13 . 5 % amid rising fuel costs The Scone Advocate | Michelle Grattan This fuel crisis is the latest stress test for government Port Macquarie News | DoorDash offers fuel relief payments to drivers amid price surge | Michelle Grattan This fuel crisis is the latest stress test for government Dungog Chronicle | Ontario gasoline and diesel prices expected to fall and rise,https://www.sconeadvocate.com.au/story/9208356/uber-newcastle-fares-jump-135-amid-rising-fuel-costs/,sconeadvocate.com.au,English,5,-0.338321
2026-03-03,1.1179799220939413,1.132321874956143,83.12224437608927,0.6892251878191815,2.282429217238333,7.569999694824219,0,2026-03-27,Uber Newcastle : Fares jump 13 . 5 % amid rising fuel costs The Scone Advocate | Michelle Grattan This fuel crisis is the latest stress test for government Port Macquarie News | DoorDash offers fuel relief payments to drivers amid price surge | Michelle Grattan This fuel crisis is the latest stress test for government Dungog Chronicle | Ontario gasoline and diesel prices expected to fall and rise,https://www.sconeadvocate.com.au/story/9208356/uber-newcastle-fares-jump-135-amid-rising-fuel-costs/,sconeadvocate.com.au,English,5,-0.333529
2026-03-04,1.1068842199575757,1.1237545440777286,83.25067017796654,0.8656798932471408,2.401541742981075,3.950004577636719,0,2026-03-27,Uber Newcastle : Fares jump 13 . 5 % amid rising fuel costs The Scone Advocate | Michelle Grattan This fuel crisis is the latest stress test for government Port Macquarie News | DoorDash offers fuel relief payments to drivers amid price surge | Michelle Grattan This fuel crisis is the latest stress test for government Dungog Chronicle | Ontario gasoline and diesel prices expected to fall and rise,https://www.sconeadvocate.com.au/story/9208356/uber-newcastle-fares-jump-135-amid-rising-fuel-costs/,sconeadvocate.com.au,English,5,-0.328736
2026-03-05,1.1784649360055028,1.202928289978443,88.98301361770149,1.3228888435958257,2.765717332768141,7.19000244140625,0,2026-03-27,Uber Newcastle : Fares jump 13 . 5 % amid rising fuel costs The Scone Advocate | Michelle Grattan This fuel crisis is the latest stress test for government Port Macquarie News | DoorDash offers fuel relief payments to drivers amid price surge | Michelle Grattan This fuel crisis is the latest stress test for government Dungog Chronicle | Ontario gasoline and diesel prices expected to fall and rise,https://www.sconeadvocate.com.au/story/9208356/uber-newcastle-fares-jump-135-amid-rising-fuel-costs/,sconeadvocate.com.au,English,5,-0.323943
2026-03-06,1.282951345882872,1.32228763131079,93.00082148734302,2.1550009239418886,3.594594862326276,14.370002746582031,0,2026-03-27,Uber Newcastle : Fares jump 13 . 5 % amid rising fuel costs The Scone Advocate | Michelle Grattan This fuel crisis is the latest stress test for government Port Macquarie News | DoorDash offers fuel relief payments to drivers amid price surge | Michelle Grattan This fuel crisis is the latest stress test for government Dungog Chronicle | Ontario gasoline and diesel prices expected to fall and rise,https://www.sconeadvocate.com.au/story/9208356/uber-newcastle-fares-jump-135-amid-rising-fuel-costs/,sconeadvocate.com.au,English,5,-0.31915
2026-03-07,1.2492859050981089,1.2958871184168832,93.00082148734302,2.542405993614958,3.337838086445828,0.0,0,2026-03-27,Uber Newcastle : Fares jump 13 . 5 % amid rising fuel costs The Scone Advocate | Michelle Grattan This fuel crisis is the latest stress test for government Port Macquarie News | DoorDash offers fuel relief payments to drivers amid price surge | Michelle Grattan This fuel crisis is the latest stress test for government Dungog Chronicle | Ontario gasoline and diesel prices expected to fall and rise,https://www.sconeadvocate.com.au/story/9208356/uber-newcastle-fares-jump-135-amid-rising-fuel-costs/,sconeadvocate.com.au,English,5,-0.314357
2026-03-08,1.2203138068277497,1.270520183350521,93.00082148734302,2.624974252960574,3.099421080271126,0.0,0,2026-03-27,Uber Newcastle : Fares jump 13 . 5 % amid rising fuel costs The Scone Advocate | Michelle Grattan This fuel crisis is the latest stress test for government Port Macquarie News | DoorDash offers fuel relief payments to drivers amid price surge | Michelle Grattan This fuel crisis is the latest stress test for government Dungog Chronicle | Ontario gasoline and diesel prices expected to fall and rise,https://www.sconeadvocate.com.au/story/9208356/uber-newcastle-fares-jump-135-amid-rising-fuel-costs/,sconeadvocate.com.au,English,5,-0.309564
2026-03-09,1.2401112905500835,1.295247168975071,94.0596106050314,2.7531395407353365,5.613033925646571,38.290000915527344,0,2026-03-27,Uber Newcastle : Fares jump 13 . 5 % amid rising fuel costs The Scone Advocate | Michelle Grattan This fuel crisis is the latest stress test for government Port Macquarie News | DoorDash offers fuel relief payments to drivers amid price surge | Michelle Grattan This fuel crisis is the latest stress test for government Dungog Chronicle | Ontario gasoline and diesel prices expected to fall and rise,https://www.sconeadvocate.com.au/story/9208356/uber-newcastle-fares-jump-135-amid-rising-fuel-costs/,sconeadvocate.com.au,English,5,-0.304771
2026-03-10,1.082500536513336,1.126477248038266,63.703488278251385,1.9275005821787907,6.500673879967017,14.75,0,2026-03-27,Uber Newcastle : Fares jump 13 . 5 % amid rising fuel costs The Scone Advocate | Michelle Grattan This fuel crisis is the latest stress test for government Port Macquarie News | DoorDash offers fuel relief payments to drivers amid price surge | Michelle Grattan This fuel crisis is the latest stress test for government Dungog Chronicle | Ontario gasoline and diesel prices expected to fall and rise,https://www.sconeadvocate.com.au/story/9208356/uber-newcastle-fares-jump-135-amid-rising-fuel-costs/,sconeadvocate.com.au,English,5,-0.299979
2026-03-11,1.1177636787766878,1.161451793007262,67.49580613477744,1.5078470472753531,6.550625527700958,7.199996948242188,0,2026-03-27,Uber Newcastle : Fares jump 13 . 5 % amid rising fuel costs The Scone Advocate | Michelle Grattan This fuel crisis is the latest stress test for government Port Macquarie News | DoorDash offers fuel relief payments to drivers amid price surge | Michelle Grattan This fuel crisis is the latest stress test for government Dungog Chronicle | Ontario gasoline and diesel prices expected to fall and rise,https://www.sconeadvocate.com.au/story/9208356/uber-newcastle-fares-jump-135-amid-rising-fuel-costs/,sconeadvocate.com.au,English,5,-0.295186
2026-03-12,1.2005158177046844,1.249926608349018,74.01938637099336,1.6598862401326908,6.792723878679906,8.580001831054673,0,2026-03-27,Uber Newcastle : Fares jump 13 . 5 % amid rising fuel costs The Scone Advocate | Michelle Grattan This fuel crisis is the latest stress test for government Port Macquarie News | DoorDash offers fuel relief payments to drivers amid price surge | Michelle Grattan This fuel crisis is the latest stress test for government Dungog Chronicle | Ontario gasoline and diesel prices expected to fall and rise,https://www.sconeadvocate.com.au/story/9208356/uber-newcastle-fares-jump-135-amid-rising-fuel-costs/,sconeadvocate.com.au,English,5,-0.290393
2026-03-13,1.210462765519431,1.2622035790406112,75.85341702818978,1.807500359110381,6.827529228723975,7.279998779296875,0,2026-03-27,Uber Newcastle : Fares jump 13 . 5 % amid rising fuel costs The Scone Advocate | Michelle Grattan This fuel crisis is the latest stress test for government Port Macquarie News | DoorDash offers fuel relief payments to drivers amid price surge | Michelle Grattan This fuel crisis is the latest stress test for government Dungog Chronicle | Ontario gasoline and diesel prices expected to fall and rise,https://www.sconeadvocate.com.au/story/9208356/uber-newcastle-fares-jump-135-amid-rising-fuel-costs/,sconeadvocate.com.au,English,5,-0.2856
2026-03-14,1.1866769266843749,1.2366497303515287,75.85341702818978,1.7503067270143475,6.339848569529406,0.0,0,2026-03-27,Uber Newcastle : Fares jump 13 . 5 % amid rising fuel costs The Scone Advocate | Michelle Grattan This fuel crisis is the latest stress test for government Port Macquarie News | DoorDash offers fuel relief payments to drivers amid price surge | Michelle Grattan This fuel crisis is the latest stress test for government Dungog Chronicle | Ontario gasoline and diesel prices expected to fall and rise,https://www.sconeadvocate.com.au/story/9208356/uber-newcastle-fares-jump-135-amid-rising-fuel-costs/,sconeadvocate.com.au,English,5,-0.280807
2026-03-15,1.1659478260331186,1.2120505116592926,75.85341702818978,1.5637524459517629,5.887002243134448,0.0,0,2026-03-27,Uber Newcastle : Fares jump 13 . 5 % amid rising fuel costs The Scone Advocate | Michelle Grattan This fuel crisis is the latest stress test for government Port Macquarie News | DoorDash offers fuel relief payments to drivers amid price surge | Michelle Grattan This fuel crisis is the latest stress test for government Dungog Chronicle | Ontario gasoline and diesel prices expected to fall and rise,https://www.sconeadvocate.com.au/story/9208356/uber-newcastle-fares-jump-135-amid-rising-fuel-costs/,sconeadvocate.com.au,English,5,-0.276014
2026-03-16,1.0935343928543562,1.1287635561890716,65.7225291279682,0.9698428217266936,6.145787949784164,9.510002136230456,0,2026-03-27,Uber Newcastle : Fares jump 13 . 5 % amid rising fuel costs The Scone Advocate | Michelle Grattan This fuel crisis is the latest stress test for government Port Macquarie News | DoorDash offers fuel relief payments to drivers amid price surge | Michelle Grattan This fuel crisis is the latest stress test for government Dungog Chronicle | Ontario gasoline and diesel prices expected to fall and rise,https://www.sconeadvocate.com.au/story/9208356/uber-newcastle-fares-jump-135-amid-rising-fuel-costs/,sconeadvocate.com.au,English,5,-0.271221
2026-03-17,1.1119673426636305,1.1402869319141675,68.1084915653988,0.654969796695303,6.058231536867105,4.589996337890653,0,2026-03-27,Uber Newcastle : Fares jump 13 . 5 % amid rising fuel costs The Scone Advocate | Michelle Grattan This fuel crisis is the latest stress test for government Port Macquarie News | DoorDash offers fuel relief payments to drivers amid price surge | Michelle Grattan This fuel crisis is the latest stress test for government Dungog Chronicle | Ontario gasoline and diesel prices expected to fall and rise,https://www.sconeadvocate.com.au/story/9208356/uber-newcastle-fares-jump-135-amid-rising-fuel-costs/,sconeadvocate.com.au,English,5,-0.266429
2026-03-18,1.1013609191968847,1.1209254153987542,68.20523490751378,0.3640790332750763,6.239072424754108,8.590003967285142,0,2026-03-27,Uber Newcastle : Fares jump 13 . 5 % amid rising fuel costs The Scone Advocate | Michelle Grattan This fuel crisis is the latest stress test for government Port Macquarie News | DoorDash offers fuel relief payments to drivers amid price surge | Michelle Grattan This fuel crisis is the latest stress test for government Dungog Chronicle | Ontario gasoline and diesel prices expected to fall and rise,https://www.sconeadvocate.com.au/story/9208356/uber-newcastle-fares-jump-135-amid-rising-fuel-costs/,sconeadvocate.com.au,English,5,-0.261636
2026-03-19,1.0890035796076771,1.1001888145279388,67.84256533815885,0.0841318706153968,6.413424416212799,8.680000305175795,0,2026-03-27,Uber Newcastle : Fares jump 13 . 5 % amid rising fuel costs The Scone Advocate | Michelle Grattan This fuel crisis is the latest stress test for government Port Macquarie News | DoorDash offers fuel relief payments to drivers amid price surge | Michelle Grattan This fuel crisis is the latest stress test for government Dungog Chronicle | Ontario gasoline and diesel prices expected to fall and rise,https://www.sconeadvocate.com.au/story/9208356/uber-newcastle-fares-jump-135-amid-rising-fuel-costs/,sconeadvocate.com.au,English,5,-0.256843
2026-03-20,1.1017667797895114,1.1053400752650278,69.92812182567752,-0.0238627902333163,6.401751243626171,6.25,0,2026-03-27,Uber Newcastle : Fares jump 13 . 5 % amid rising fuel costs The Scone Advocate | Michelle Grattan This fuel crisis is the latest stress test for government Port Macquarie News | DoorDash offers fuel relief payments to drivers amid price surge | Michelle Grattan This fuel crisis is the latest stress test for government Dungog Chronicle | Ontario gasoline and diesel prices expected to fall and rise,https://www.sconeadvocate.com.au/story/9208356/uber-newcastle-fares-jump-135-amid-rising-fuel-costs/,sconeadvocate.com.au,English,5,-0.25205
2026-03-21,1.0911908767738006,1.0862287966533597,69.92812182567752,-0.1574878341182914,5.944483297652873,0.0,0,2026-03-27,Uber Newcastle : Fares jump 13 . 5 % amid rising fuel costs The Scone Advocate | Michelle Grattan This fuel crisis is the latest stress test for government Port Macquarie News | DoorDash offers fuel relief payments to drivers amid price surge | Michelle Grattan This fuel crisis is the latest stress test for government Dungog Chronicle | Ontario gasoline and diesel prices expected to fall and rise,https://www.sconeadvocate.com.au/story/9208356/uber-newcastle-fares-jump-135-amid-rising-fuel-costs/,sconeadvocate.com.au,English,5,-0.247257
2026-03-22,1.081795648801959,1.0702137241139285,69.92812182567752,-0.2998137133115106,5.519877347820525,0.0,0,2026-03-27,Uber Newcastle : Fares jump 13 . 5 % amid rising fuel costs The Scone Advocate | Michelle Grattan This fuel crisis is the latest stress test for government Port Macquarie News | DoorDash offers fuel relief payments to drivers amid price surge | Michelle Grattan This fuel crisis is the latest stress test for government Dungog Chronicle | Ontario gasoline and diesel prices expected to fall and rise,https://www.sconeadvocate.com.au/story/9208356/uber-newcastle-fares-jump-135-amid-rising-fuel-costs/,sconeadvocate.com.au,English,5,-0.242464
2026-03-23,0.9724854936034714,0.9522625804664508,50.7229932450172,-1.089750963751194,6.361314353145009,17.299995422363295,0,2026-03-27,Uber Newcastle : Fares jump 13 . 5 % amid rising fuel costs The Scone Advocate | Michelle Grattan This fuel crisis is the latest stress test for government Port Macquarie News | DoorDash offers fuel relief payments to drivers amid price surge | Michelle Grattan This fuel crisis is the latest stress test for government Dungog Chronicle | Ontario gasoline and diesel prices expected to fall and rise,https://www.sconeadvocate.com.au/story/9208356/uber-newcastle-fares-jump-135-amid-rising-fuel-costs/,sconeadvocate.com.au,English,5,-0.237671
2026-03-24,1.017206138584262,0.9884140826346416,56.10013528917449,-1.3220921271934074,6.408363633096147,7.0200042724609375,0,2026-03-27,Uber Newcastle : Fares jump 13 . 5 % amid rising fuel costs The Scone Advocate | Michelle Grattan This fuel crisis is the latest stress test for government Port Macquarie News | DoorDash offers fuel relief payments to drivers amid price surge | Michelle Grattan This fuel crisis is the latest stress test for government Dungog Chronicle | Ontario gasoline and diesel prices expected to fall and rise,https://www.sconeadvocate.com.au/story/9208356/uber-newcastle-fares-jump-135-amid-rising-fuel-costs/,sconeadvocate.com.au,English,5,-0.232879
2026-03-25,0.9953348764301024,0.9618948231675865,53.09850390382476,-1.5886102414944911,6.3713376157070245,5.2700042724609375,0,2026-03-27,Uber Newcastle : Fares jump 13 . 5 % amid rising fuel costs The Scone Advocate | Michelle Grattan This fuel crisis is the latest stress test for government Port Macquarie News | DoorDash offers fuel relief payments to drivers amid price surge | Michelle Grattan This fuel crisis is the latest stress test for government Dungog Chronicle | Ontario gasoline and diesel prices expected to fall and rise,https://www.sconeadvocate.com.au/story/9208356/uber-newcastle-fares-jump-135-amid-rising-fuel-costs/,sconeadvocate.com.au,English,5,-0.228086
2026-03-26,1.0371112034182448,1.0042837643001477,58.05175010614491,-1.46392622760502,6.339813522097649,5.930000305175767,0,2026-03-27,Uber Newcastle : Fares jump 13 . 5 % amid rising fuel costs The Scone Advocate | Michelle Grattan This fuel crisis is the latest stress test for government Port Macquarie News | DoorDash offers fuel relief payments to drivers amid price surge | Michelle Grattan This fuel crisis is the latest stress test for government Dungog Chronicle | Ontario gasoline and diesel prices expected to fall and rise,https://www.sconeadvocate.com.au/story/9208356/uber-newcastle-fares-jump-135-amid-rising-fuel-costs/,sconeadvocate.com.au,English,5,-0.223293
2026-03-27,1.0840732048130033,1.0542353498545478,63.23788748567297,-1.0334266797269205,6.541255129998877,9.159996032714844,0,2026-03-27,Uber Newcastle : Fares jump 13 . 5 % amid rising fuel costs The Scone Advocate | Michelle Grattan This fuel crisis is the latest stress test for government Port Macquarie News | DoorDash offers fuel relief payments to drivers amid price surge | Michelle Grattan This fuel crisis is the latest stress test for government Dungog Chronicle | Ontario gasoline and diesel prices expected to fall and rise,https://www.sconeadvocate.com.au/story/9208356/uber-newcastle-fares-jump-135-amid-rising-fuel-costs/,sconeadvocate.com.au,English,5,-0.2185
2026-03-28,1.0754620107276216,1.04938336580017,63.23788748567297,-0.7607588811151844,6.074022620713243,0.0,0,2026-03-27,Uber Newcastle : Fares jump 13 . 5 % amid rising fuel costs The Scone Advocate | Michelle Grattan This fuel crisis is the latest stress test for government Port Macquarie News | DoorDash offers fuel relief payments to drivers amid price surge | Michelle Grattan This fuel crisis is the latest stress test for government Dungog Chronicle | Ontario gasoline and diesel prices expected to fall and rise,https://www.sconeadvocate.com.au/story/9208356/uber-newcastle-fares-jump-135-amid-rising-fuel-costs/,sconeadvocate.com.au,English,5,-0.229821
2026-03-29,1.0677879700371675,1.0466991246434951,63.23788748567297,-0.599576738424143,5.640163862090868,0.0,0,2026-03-27,Uber Newcastle : Fares jump 13 . 5 % amid rising fuel costs The Scone Advocate | Michelle Grattan This fuel crisis is the latest stress test for government Port Macquarie News | DoorDash offers fuel relief payments to drivers amid price surge | Michelle Grattan This fuel crisis is the latest stress test for government Dungog Chronicle | Ontario gasoline and diesel prices expected to fall and rise,https://www.sconeadvocate.com.au/story/9208356/uber-newcastle-fares-jump-135-amid-rising-fuel-costs/,sconeadvocate.com.au,English,5,-0.241143
2026-03-30,1.0918497764305233,1.0698167510122576,66.48719187146949,-0.3085854281801028,5.660866465168362,5.930000305175781,0,2026-03-27,Uber Newcastle : Fares jump 13 . 5 % amid rising fuel costs The Scone Advocate | Michelle Grattan This fuel crisis is the latest stress test for government Port Macquarie News | DoorDash offers fuel relief payments to drivers amid price surge | Michelle Grattan This fuel crisis is the latest stress test for government Dungog Chronicle | Ontario gasoline and diesel prices expected to fall and rise,https://www.sconeadvocate.com.au/story/9208356/uber-newcastle-fares-jump-135-amid-rising-fuel-costs/,sconeadvocate.com.au,English,5,-0.252464
2026-03-31,1.0682057991330918,1.0465302104552416,63.68091541228807,-0.2532787534138894,5.773661565068444,7.239997863769517,0,2026-03-27,Uber Newcastle : Fares jump 13 . 5 % amid rising fuel costs The Scone Advocate | Michelle Grattan This fuel crisis is the latest stress test for government Port Macquarie News | DoorDash offers fuel relief payments to drivers amid price surge | Michelle Grattan This fuel crisis is the latest stress test for government Dungog Chronicle | Ontario gasoline and diesel prices expected to fall and rise,https://www.sconeadvocate.com.au/story/9208356/uber-newcastle-fares-jump-135-amid-rising-fuel-costs/,sconeadvocate.com.au,English,5,-0.263786
2026-04-01,1.0494396388748273,1.0311869497874655,61.33889598337375,-0.3327000460870373,5.847685564605967,6.809997558593764,0,2026-03-27,Uber Newcastle : Fares jump 13 . 5 % amid rising fuel costs The Scone Advocate | Michelle Grattan This fuel crisis is the latest stress test for government Port Macquarie News | DoorDash offers fuel relief payments to drivers amid price surge | Michelle Grattan This fuel crisis is the latest stress test for government Dungog Chronicle | Ontario gasoline and diesel prices expected to fall and rise,https://www.sconeadvocate.com.au/story/9208356/uber-newcastle-fares-jump-135-amid-rising-fuel-costs/,sconeadvocate.com.au,English,5,-0.275107
2026-04-02,1.1506071262350677,1.1412668271920292,71.5512601937191,0.3175629772594472,6.606422397184335,16.470001220703125,0,2026-03-27,Uber Newcastle : Fares jump 13 . 5 % amid rising fuel costs The Scone Advocate | Michelle Grattan This fuel crisis is the latest stress test for government Port Macquarie News | DoorDash offers fuel relief payments to drivers amid price surge | Michelle Grattan This fuel crisis is the latest stress test for government Dungog Chronicle | Ontario gasoline and diesel prices expected to fall and rise,https://www.sconeadvocate.com.au/story/9208356/uber-newcastle-fares-jump-135-amid-rising-fuel-costs/,sconeadvocate.com.au,English,5,-0.286429
2026-04-03,1.1343367267494835,1.133824664274939,71.5512601937191,0.6615687371545551,6.13453508309974,0.0,0,2026-03-27,Uber Newcastle : Fares jump 13 . 5 % amid rising fuel costs The Scone Advocate | Michelle Grattan This fuel crisis is the latest stress test for government Port Macquarie News | DoorDash offers fuel relief payments to drivers amid price surge | Michelle Grattan This fuel crisis is the latest stress test for government Dungog Chronicle | Ontario gasoline and diesel prices expected to fall and rise,https://www.sconeadvocate.com.au/story/9208356/uber-newcastle-fares-jump-135-amid-rising-fuel-costs/,sconeadvocate.com.au,English,5,-0.29775
2026-04-04,1.1200073814580231,1.1264789327244724,71.5512601937191,0.7940771781576599,5.696354005735473,0.0,0,2026-04-10,A OF Brent Rooker leaves game vs . Yankees with flank discomfort 95 . 3 The Score | Travelers face higher costs and fewer flight options as jet fuel prices swing | Govt backs billions in fuel shipments as supply crisis looms,https://www.953thescore.com/2026/04/09/as-of-brent-rooker-leaves-game-vs-yankees-with-flank-discomfort/,953thescore.com,English,3,-0.309071
2026-04-05,1.107351161152837,1.1163098043712016,71.5512601937191,0.7852670231116763,5.289471576754368,0.0,0,2026-04-10,A OF Brent Rooker leaves game vs . Yankees with flank discomfort 95 . 3 The Score | Travelers face higher costs and fewer flight options as jet fuel prices swing | Govt backs billions in fuel shipments as supply crisis looms,https://www.953thescore.com/2026/04/09/as-of-brent-rooker-leaves-game-vs-yankees-with-flank-discomfort/,953thescore.com,English,3,-0.320393
2026-04-06,1.1037953166687724,1.1159701939286075,72.30099812881934,0.7420747131568453,5.382366747506567,6.590003967285156,0,2026-04-10,A OF Brent Rooker leaves game vs . Yankees with flank discomfort 95 . 3 The Score | Travelers face higher costs and fewer flight options as jet fuel prices swing | Govt backs billions in fuel shipments as supply crisis looms,https://www.953thescore.com/2026/04/09/as-of-brent-rooker-leaves-game-vs-yankees-with-flank-discomfort/,953thescore.com,English,3,-0.331714
2026-04-07,1.0976924026786443,1.1121504245563498,72.78048775009869,0.656844775676773,5.600054858768652,8.430000305175753,0,2026-04-10,A OF Brent Rooker leaves game vs . Yankees with flank discomfort 95 . 3 The Score | Travelers face higher costs and fewer flight options as jet fuel prices swing | Govt backs billions in fuel shipments as supply crisis looms,https://www.953thescore.com/2026/04/09/as-of-brent-rooker-leaves-game-vs-yankees-with-flank-discomfort/,953thescore.com,English,3,-0.343036
2026-04-08,0.9247784006174564,0.93039072866633,44.37671068343396,-0.6694028889976398,6.764336218605491,18.13999938964844,0,2026-04-10,A OF Brent Rooker leaves game vs . Yankees with flank discomfort 95 . 3 The Score | Travelers face higher costs and fewer flight options as jet fuel prices swing | Govt backs billions in fuel shipments as supply crisis looms,https://www.953thescore.com/2026/04/09/as-of-brent-rooker-leaves-game-vs-yankees-with-flank-discomfort/,953thescore.com,English,3,-0.354357
2026-04-09,0.962458674645922,0.964702196533296,48.42223440775752,-1.2984585067774237,6.8733117234288725,7.449996948242202,0,2026-04-10,A OF Brent Rooker leaves game vs . Yankees with flank discomfort 95 . 3 The Score | Travelers face higher costs and fewer flight options as jet fuel prices swing | Govt backs billions in fuel shipments as supply crisis looms,https://www.953thescore.com/2026/04/09/as-of-brent-rooker-leaves-game-vs-yankees-with-flank-discomfort/,953thescore.com,English,3,-0.365679
2026-04-10,0.9542480082938264,0.9527097968332136,47.03796791168176,-1.7583642879822057,6.73307488837787,4.909996032714844,0,2026-04-10,A OF Brent Rooker leaves game vs . Yankees with flank discomfort 95 . 3 The Score | Travelers face higher costs and fewer flight options as jet fuel prices swing | Govt backs billions in fuel shipments as supply crisis looms,https://www.953thescore.com/2026/04/09/as-of-brent-rooker-leaves-game-vs-yankees-with-flank-discomfort/,953thescore.com,English,3,-0.377
2026-04-11,0.9584241811688582,0.953532914916936,47.03796791168176,-2.001170381977796,6.252140967779451,0.0,0,2026-04-10,A OF Brent Rooker leaves game vs . Yankees with flank discomfort 95 . 3 The Score | Travelers face higher costs and fewer flight options as jet fuel prices swing | Govt backs billions in fuel shipments as supply crisis looms,https://www.953thescore.com/2026/04/09/as-of-brent-rooker-leaves-game-vs-yankees-with-flank-discomfort/,953thescore.com,English,3,-0.378514
2026-04-12,0.9622342456135008,0.94957619005347,47.03796791168176,-2.090613229189554,5.805559470080919,0.0,0,2026-04-10,A OF Brent Rooker leaves game vs . Yankees with flank discomfort 95 . 3 The Score | Travelers face higher costs and fewer flight options as jet fuel prices swing | Govt backs billions in fuel shipments as supply crisis looms,https://www.953thescore.com/2026/04/09/as-of-brent-rooker-leaves-game-vs-yankees-with-flank-discomfort/,953thescore.com,English,3,-0.380029
2026-04-13,0.98844498866329,0.9710441207836082,50.45359757834454,-1.9142948196604124,6.03801933354612,8.59999847412108,0,2026-04-10,A OF Brent Rooker leaves game vs . Yankees with flank discomfort 95 . 3 The Score | Travelers face higher costs and fewer flight options as jet fuel prices swing | Govt backs billions in fuel shipments as supply crisis looms,https://www.953thescore.com/2026/04/09/as-of-brent-rooker-leaves-game-vs-yankees-with-flank-discomfort/,953thescore.com,English,3,-0.381543
2026-04-14,0.9184476264011284,0.8941787120218876,41.4972520417928,-2.2342426853664623,6.179589686325747,6.940002441406236,0,2026-04-10,A OF Brent Rooker leaves game vs . Yankees with flank discomfort 95 . 3 The Score | Travelers face higher costs and fewer flight options as jet fuel prices swing | Govt backs billions in fuel shipments as supply crisis looms,https://www.953thescore.com/2026/04/09/as-of-brent-rooker-leaves-game-vs-yankees-with-flank-discomfort/,953thescore.com,English,3,-0.383057
2026-04-15,0.9257294349088404,0.8956761537126537,41.51159012815501,-2.344959865783388,6.191047849251419,6.340003967285142,0,2026-04-10,A OF Brent Rooker leaves game vs . Yankees with flank discomfort 95 . 3 The Score | Travelers face higher costs and fewer flight options as jet fuel prices swing | Govt backs billions in fuel shipments as supply crisis looms,https://www.953thescore.com/2026/04/09/as-of-brent-rooker-leaves-game-vs-yankees-with-flank-discomfort/,953thescore.com,English,3,-0.384571
2026-04-16,0.9638600903123916,0.9312961528261164,46.327087175479015,-2.0970448493227254,6.100259131329163,4.9200057983398295,0,2026-04-10,A OF Brent Rooker leaves game vs . Yankees with flank discomfort 95 . 3 The Score | Travelers face higher costs and fewer flight options as jet fuel prices swing | Govt backs billions in fuel shipments as supply crisis looms,https://www.953thescore.com/2026/04/09/as-of-brent-rooker-leaves-game-vs-yankees-with-flank-discomfort/,953thescore.com,English,3,-0.386086
2026-04-17,0.8655940559980755,0.8311361150837511,36.11721007481788,-2.5413265284667075,6.673812399292258,13.480003356933594,0,2026-04-10,A OF Brent Rooker leaves game vs . Yankees with flank discomfort 95 . 3 The Score | Travelers face higher costs and fewer flight options as jet fuel prices swing | Govt backs billions in fuel shipments as supply crisis looms,https://www.953thescore.com/2026/04/09/as-of-brent-rooker-leaves-game-vs-yankees-with-flank-discomfort/,953thescore.com,English,3,-0.3876
2026-04-18,0.8768178204625495,0.8376916090151498,36.11721007481788,-2.698597780393614,6.197111513628525,0.0,0,2026-04-24,"WestJet increasing checked bag fees amid rising fuel prices | You are such a disgrace : Trump rips reporter , says he not rushing to end war with Iran",https://torontosun.com/news/national/westjet-increasing-checked-bag-fees-amid-rising-fuel-prices,torontosun.com,English,2,-0.389114
2026-04-19,0.8872264382151775,0.8457309807552189,36.11721007481788,-2.661581387740684,5.754460691226488,0.0,0,2026-04-24,"WestJet increasing checked bag fees amid rising fuel prices | You are such a disgrace : Trump rips reporter , says he not rushing to end war with Iran",https://torontosun.com/news/national/westjet-increasing-checked-bag-fees-amid-rising-fuel-prices,torontosun.com,English,2,-0.390629
2026-04-20,0.952876928588165,0.90922465835872,44.26861731946126,-2.1310735616276144,5.86842767571896,4.180000305175796,0,2026-04-24,"WestJet increasing checked bag fees amid rising fuel prices | You are such a disgrace : Trump rips reporter , says he not rushing to end war with Iran",https://torontosun.com/news/national/westjet-increasing-checked-bag-fees-amid-rising-fuel-prices,torontosun.com,English,2,-0.392143
2026-04-21,0.9815737460383964,0.9385983365833802,47.429118636741485,-1.5209773960183255,5.927111042597016,6.689994812011733,0,2026-04-24,"WestJet increasing checked bag fees amid rising fuel prices | You are such a disgrace : Trump rips reporter , says he not rushing to end war with Iran",https://torontosun.com/news/national/westjet-increasing-checked-bag-fees-amid-rising-fuel-prices,torontosun.com,English,2,-0.393657
2026-04-22,0.9913215401328418,0.9561031681867368,48.46573021669542,-0.9973639558514504,5.938746251503312,6.090003967285156,0,2026-04-24,"WestJet increasing checked bag fees amid rising fuel prices | You are such a disgrace : Trump rips reporter , says he not rushing to end war with Iran",https://torontosun.com/news/national/westjet-increasing-checked-bag-fees-amid-rising-fuel-prices,torontosun.com,English,2,-0.395171
2026-04-23,1.0199896155218875,0.9938461206575572,52.01378774213605,-0.4216674684458743,5.949549829102407,6.089996337890639,0,2026-04-24,"WestJet increasing checked bag fees amid rising fuel prices | You are such a disgrace : Trump rips reporter , says he not rushing to end war with Iran",https://torontosun.com/news/national/westjet-increasing-checked-bag-fees-amid-rising-fuel-prices,torontosun.com,English,2,-0.396686
2026-04-24,1.0041234215350228,0.9875871735037446,50.14824880372413,-0.1195126590167767,5.893867567662614,5.1699981689453125,0,2026-04-24,"WestJet increasing checked bag fees amid rising fuel prices | You are such a disgrace : Trump rips reporter , says he not rushing to end war with Iran",https://torontosun.com/news/national/westjet-increasing-checked-bag-fees-amid-rising-fuel-prices,torontosun.com,English,2,-0.3982
2026-04-25,1.003729250220195,0.9965216888952716,50.14824880372413,0.0881598829465368,5.472877027115285,0.0,0,2026-04-24,"WestJet increasing checked bag fees amid rising fuel prices | You are such a disgrace : Trump rips reporter , says he not rushing to end war with Iran",https://torontosun.com/news/national/westjet-increasing-checked-bag-fees-amid-rising-fuel-prices,torontosun.com,English,2,-0.392486
2026-04-26,1.0033728855959525,1.0060855538668112,50.14824880372412,0.2255252980695408,5.081957239464193,0.0,0,2026-04-24,"WestJet increasing checked bag fees amid rising fuel prices | You are such a disgrace : Trump rips reporter , says he not rushing to end war with Iran",https://torontosun.com/news/national/westjet-increasing-checked-bag-fees-amid-rising-fuel-prices,torontosun.com,English,2,-0.386771
2026-04-27,1.021945694417426,1.036236584422464,53.00821708946728,0.4368295039679417,4.952531482578638,3.0800018310547017,0,2026-04-24,"WestJet increasing checked bag fees amid rising fuel prices | You are such a disgrace : Trump rips reporter , says he not rushing to end war with Iran",https://torontosun.com/news/national/westjet-increasing-checked-bag-fees-amid-rising-fuel-prices,torontosun.com,English,2,-0.381057
2026-04-28,1.0537065139829394,1.0713366790633558,57.72779919296176,0.7838744248168605,4.999493563133848,5.610000610351577,0,2026-04-24,"WestJet increasing checked bag fees amid rising fuel prices | You are such a disgrace : Trump rips reporter , says he not rushing to end war with Iran",https://torontosun.com/news/national/westjet-increasing-checked-bag-fees-amid-rising-fuel-prices,torontosun.com,English,2,-0.375343
2026-04-29,1.1135230761795412,1.1403391497924145,65.09761067028862,1.4123615608616906,5.369529758993985,10.180000305175769,0,2026-04-24,"WestJet increasing checked bag fees amid rising fuel prices | You are such a disgrace : Trump rips reporter , says he not rushing to end war with Iran",https://torontosun.com/news/national/westjet-increasing-checked-bag-fees-amid-rising-fuel-prices,torontosun.com,English,2,-0.369629
2026-04-30,1.0848846367583764,1.1159673479757355,62.06293763057926,1.6220434485819002,5.528135059586211,7.590003967285156,0,2026-04-24,"WestJet increasing checked bag fees amid rising fuel prices | You are such a disgrace : Trump rips reporter , says he not rushing to end war with Iran",https://torontosun.com/news/national/westjet-increasing-checked-bag-fees-amid-rising-fuel-prices,torontosun.com,English,2,-0.363914
2026-05-01,1.0473230860385447,1.0796441681744962,57.1053089666517,1.4702981873323169,5.658268160624418,7.349998474121108,0,2026-04-24,"WestJet increasing checked bag fees amid rising fuel prices | You are such a disgrace : Trump rips reporter , says he not rushing to end war with Iran",https://torontosun.com/news/national/westjet-increasing-checked-bag-fees-amid-rising-fuel-prices,torontosun.com,English,2,-0.3582
2026-05-02,1.042624020682676,1.0765827129104737,57.1053089666517,1.2963701339469582,5.254106149151245,0.0,0,2026-05-08,Fuel costs rise sharply as Iran conflict hits global oil flows,http://www.azerbaijannews.net/news/279034439/fuel-costs-rise-sharply-as-iran-conflict-hits-global-oil-flows,azerbaijannews.net,English,1,-0.352486
2026-05-03,1.038408672802049,1.07495929284009,57.1053089666517,1.1147012423999345,4.878812852783299,0.0,0,2026-05-08,Fuel costs rise sharply as Iran conflict hits global oil flows,http://www.azerbaijannews.net/news/279034439/fuel-costs-rise-sharply-as-iran-conflict-hits-global-oil-flows,azerbaijannews.net,English,1,-0.346771
2026-05-04,1.0754360145540185,1.11331381841033,62.46528104989883,1.2210661585790057,5.126754682878856,8.349998474121094,0,2026-05-08,Fuel costs rise sharply as Iran conflict hits global oil flows,http://www.azerbaijannews.net/news/279034439/fuel-costs-rise-sharply-as-iran-conflict-hits-global-oil-flows,azerbaijannews.net,English,1,-0.341057
2026-05-05,1.0302111822391018,1.0637888091854522,55.54166156472427,0.948859940395152,5.141986229665413,4.4000015258789205,0,2026-05-08,Fuel costs rise sharply as Iran conflict hits global oil flows,http://www.azerbaijannews.net/news/279034439/fuel-costs-rise-sharply-as-iran-conflict-hits-global-oil-flows,azerbaijannews.net,English,1,-0.335343
2026-05-06,0.9616496226874378,0.9887995867303516,46.02375301746328,0.2574742558097338,5.777558162270228,14.039993286132828,0,2026-05-08,Fuel costs rise sharply as Iran conflict hits global oil flows,http://www.azerbaijannews.net/news/279034439/fuel-costs-rise-sharply-as-iran-conflict-hits-global-oil-flows,azerbaijannews.net,English,1,-0.329629
2026-05-07,0.9626852740314276,0.9804042979514264,45.70699177235738,-0.2193706234499863,5.946303964225814,8.139999389648423,0,2026-05-08,Fuel costs rise sharply as Iran conflict hits global oil flows,http://www.azerbaijannews.net/news/279034439/fuel-costs-rise-sharply-as-iran-conflict-hits-global-oil-flows,azerbaijannews.net,English,1,-0.323914
2026-05-08,0.9717593117456248,0.9808446268765446,46.60117400551798,-0.4800886399638642,5.8658536592685575,4.819999694824219,0,2026-05-08,Fuel costs rise sharply as Iran conflict hits global oil flows,http://www.azerbaijannews.net/news/279034439/fuel-costs-rise-sharply-as-iran-conflict-hits-global-oil-flows,azerbaijannews.net,English,1,-0.3182
2026-05-09,0.9743799938071876,0.9750464763962674,46.60117400551798,-0.6295098514975825,5.446864112177947,0.0,0,2026-05-08,Fuel costs rise sharply as Iran conflict hits global oil flows,http://www.azerbaijannews.net/news/279034439/fuel-costs-rise-sharply-as-iran-conflict-hits-global-oil-flows,azerbaijannews.net,English,1,-0.376125
2026-05-10,0.9767632968275336,0.9721606519595044,46.60117400551798,-0.6999046947434027,5.057802389879522,0.0,0,2026-05-08,Fuel costs rise sharply as Iran conflict hits global oil flows,http://www.azerbaijannews.net/news/279034439/fuel-costs-rise-sharply-as-iran-conflict-hits-global-oil-flows,azerbaijannews.net,English,1,-0.43405
2026-05-11,1.0035181660066008,0.9961452298002936,50.98155203496057,-0.5463649964663037,5.050102546147894,4.240005493164091,0,2026-05-12,"India stocked with two months of fuel supply , but OMC losses could hit ₹1 lakh cr : Puri",https://www.thehindubusinessline.com/news/india-stocked-with-two-months-of-fuel-supply-but-omc-losses-could-hit-1-lakh-cr-puri/article70969214.ece,thehindubusinessline.com,English,1,-0.491975
2026-05-12,1.041055831226539,1.0330551392669665,56.88838417615207,-0.1660972634994393,5.026523880044696,4.720001220703125,0,2026-05-12,"India stocked with two months of fuel supply , but OMC losses could hit ₹1 lakh cr : Puri",https://www.thehindubusinessline.com/news/india-stocked-with-two-months-of-fuel-supply-but-omc-losses-could-hit-1-lakh-cr-puri/article70969214.ece,thehindubusinessline.com,English,1,-0.5499
2026-05-13,1.0263792445138715,1.0186650745995096,54.87837306584004,0.0004041545182178,4.889629360780901,3.1100006103515625,0,2026-05-12,"India stocked with two months of fuel supply , but OMC losses could hit ₹1 lakh cr : Puri",https://www.thehindubusinessline.com/news/india-stocked-with-two-months-of-fuel-supply-but-omc-losses-could-hit-1-lakh-cr-puri/article70969214.ece,thehindubusinessline.com,English,1,-0.549289
2026-05-14,1.025178916430058,1.0167072680875286,55.09930015456647,0.1077932577409309,4.751798626758884,2.959999084472656,0,2026-05-12,"India stocked with two months of fuel supply , but OMC losses could hit ₹1 lakh cr : Puri",https://www.thehindubusinessline.com/news/india-stocked-with-two-months-of-fuel-supply-but-omc-losses-could-hit-1-lakh-cr-puri/article70969214.ece,thehindubusinessline.com,English,1,-0.548679
2026-05-15,1.0613468821610703,1.053583640243598,60.93543301857754,0.4339090346386633,4.757384569922869,4.519996643066406,0,2026-05-12,"India stocked with two months of fuel supply , but OMC losses could hit ₹1 lakh cr : Puri",https://www.thehindubusinessline.com/news/india-stocked-with-two-months-of-fuel-supply-but-omc-losses-could-hit-1-lakh-cr-puri/article70969214.ece,thehindubusinessline.com,English,1,-0.54807
2026-05-16,1.0551819182754574,1.0478135647275526,60.93543301857754,0.6078088875645364,4.41757138635695,0.0,0,2026-05-12,"India stocked with two months of fuel supply , but OMC losses could hit ₹1 lakh cr : Puri",https://www.thehindubusinessline.com/news/india-stocked-with-two-months-of-fuel-supply-but-omc-losses-could-hit-1-lakh-cr-puri/article70969214.ece,thehindubusinessline.com,English,1,-0.547461
2026-05-17,1.0496654844677935,1.043122034752941,60.93543301857754,0.6758013112092205,4.102030573045739,0.0,0,2026-05-12,"India stocked with two months of fuel supply , but OMC losses could hit ₹1 lakh cr : Puri",https://www.thehindubusinessline.com/news/india-stocked-with-two-months-of-fuel-supply-but-omc-losses-could-hit-1-lakh-cr-puri/article70969214.ece,thehindubusinessline.com,English,1,-0.546853
2026-05-18,1.0735498102636352,1.0705577364546122,65.23764774771385,0.879078028190037,4.296171224601345,6.819999694824219,0,2026-05-12,"India stocked with two months of fuel supply , but OMC losses could hit ₹1 lakh cr : Puri",https://www.thehindubusinessline.com/news/india-stocked-with-two-months-of-fuel-supply-but-omc-losses-could-hit-1-lakh-cr-puri/article70969214.ece,thehindubusinessline.com,English,1,-0.546246
2026-05-19,1.05823020994436,1.0613237487606544,63.17931148421256,0.8909208712264445,4.1664444033826085,2.479995727539034,0,2026-05-12,"India stocked with two months of fuel supply , but OMC losses could hit ₹1 lakh cr : Puri",https://www.thehindubusinessline.com/news/india-stocked-with-two-months-of-fuel-supply-but-omc-losses-could-hit-1-lakh-cr-puri/article70969214.ece,thehindubusinessline.com,English,1,-0.54564
2026-05-20,0.9680892899506862,0.9709246582726302,46.3507692801459,0.2300177968748606,4.64241224611672,7.509994506835966,0,2026-05-12,"India stocked with two months of fuel supply , but OMC losses could hit ₹1 lakh cr : Puri",https://www.thehindubusinessline.com/news/india-stocked-with-two-months-of-fuel-supply-but-omc-losses-could-hit-1-lakh-cr-puri/article70969214.ece,thehindubusinessline.com,English,1,-0.545034
2026-05-21,0.9538797992246674,0.9546882201895756,43.82588807235887,-0.3334143503340108,4.803668623242589,6.900001525878892,0,2026-05-12,"India stocked with two months of fuel supply , but OMC losses could hit ₹1 lakh cr : Puri",https://www.thehindubusinessline.com/news/india-stocked-with-two-months-of-fuel-supply-but-omc-losses-could-hit-1-lakh-cr-puri/article70969214.ece,thehindubusinessline.com,English,1,-0.544428
2026-05-22,0.9603466936008004,0.9597043339753238,44.25393238674989,-0.6676112582507137,4.796263503599704,4.699996948242188,0,2026-05-12,"India stocked with two months of fuel supply , but OMC losses could hit ₹1 lakh cr : Puri",https://www.thehindubusinessline.com/news/india-stocked-with-two-months-of-fuel-supply-but-omc-losses-could-hit-1-lakh-cr-puri/article70969214.ece,thehindubusinessline.com,English,1,-0.543824
