Date,price_vs_SMA200,SMA50_vs_SMA200,RSI14,ATR14_pct,hvol20,vol_ratio,MACD_hist
2021-12-09,-0.03117936003392608,0.05890153315707777,45.318548373412185,0.038009497383257186,0.5819853069765958,1.1202180693834078,0.6587787108437904
2021-12-10,-0.021585355179818633,0.05553837581469687,47.59368236640058,0.036938271375976245,0.5837918314599804,1.0727451505344947,0.7616967514996871
2021-12-11,-0.021959207803575003,0.05183534234796975,47.59368236640057,0.034299822588703954,0.5837918314599804,0.0,0.8112030557397838
2021-12-12,-0.022323439178274736,0.0481451462131826,47.59368236640057,0.03184983454368496,0.582471339743735,0.0,0.8227878202120924
2021-12-13,-0.027801539259927305,0.04442669703308275,46.34014152199626,0.03202694135780319,0.574616274090773,1.186838712803473,0.783870972288077
2021-12-14,-0.03572831501272694,0.04055993635751929,44.48082892058366,0.03251964613708456,0.574664205380863,1.0445465296057865,0.7020669793745633
2021-12-15,-0.03411925623708847,0.03648117586855483,45.07415913311618,0.0324250578164644,0.5749112069254935,0.820242820433434,0.6407424668747577
2021-12-16,-0.01394687640201069,0.0332523831403015,51.1393769123713,0.031572975434356505,0.33544276587384436,0.4402989650390433,0.6814383246132159
2021-12-17,-0.034952659023667065,0.029677993097571742,45.672082689295635,0.032456626754650685,0.34623216245381877,0.2384454304088809,0.589025158198494
2021-12-18,-0.03515896072165521,0.025996647685163486,45.67208268929563,0.03013829583708814,0.34623216245381877,0.0,0.5136864024324939
2021-12-19,-0.035292287120177936,0.022394121414548912,45.67208268929563,0.02798556004500131,0.3341967880964824,0.0,0.451828143312329
2021-12-20,-0.0710611241414786,0.018257463903907003,37.10046034058284,0.03203422988703202,0.30143641361791135,1.7431280382837475,0.23279183599724074
2021-12-21,-0.03181317962037353,0.014633067339971238,48.53139514506953,0.03187172746786774,0.3308290218440579,1.3278653758822883,0.27846430092461727
2021-12-22,-0.009698828791305708,0.011381109935734228,53.67620182376791,0.03124491986826377,0.3358177209081871,1.2165532056842743,0.4072501201923664
2021-12-23,0.004035061845842323,0.009170201615065886,56.609770871360546,0.030234396369490917,0.33589532435544506,1.1114545550642456,0.5415215980556303
2021-12-24,0.003723675083531876,0.007491538725447414,56.609770871360546,0.028074796368996697,0.33589532435544506,0.0,0.6052262988744296
2021-12-25,0.0034684274504970347,0.005200927323210946,56.609770871360546,0.026069453547185942,0.33589532435544506,0.0,0.6199821721184565
2021-12-26,0.0032071717285404506,0.00290534460438684,56.609770871360546,0.024207349529222297,0.29492882472638604,0.0,0.6018712765095429
2021-12-27,0.027038405675713792,0.0009961888714210571,62.17734371566468,0.025275885545159887,0.27867961730335494,1.2684328224059407,0.6763331018570522
2021-12-28,0.03225495080966605,-0.0009652746573898115,63.34407505033469,0.02465054789114493,0.2788026241640018,1.2429550344113611,0.7159429198135384
2021-12-29,0.039735629312672806,-0.0034101036054727018,64.98935406563652,0.024591670620523524,0.2665158019511837,1.4509215081331213,0.7408483826373491
2021-12-30,0.045143829612850295,-0.005002407538761587,66.20060492657282,0.02424767736515823,0.26555639953184423,1.2355291805532282,0.7439710521132923
2021-12-31,0.0206802615307441,-0.007026419535534126,57.35476450804557,0.025071492577064588,0.2820215810510286,1.1918337188948604,0.5905443591601715
2022-01-01,0.020466297501376008,-0.008748790011869095,57.35476450804558,0.023280671559614895,0.2820215810510286,0.0,0.4592878291663922
2022-01-02,0.020254499096215434,-0.010468425098212832,57.35476450804557,0.02161776634553086,0.2806852077741122,0.0,0.34776100214147043
2022-01-03,0.031703757067403304,-0.012084004008801453,60.571000233671136,0.02190019936164048,0.2793442138473873,1.799278595938668,0.3091757148549753
2022-01-04,0.04366541788732494,-0.013496886721163392,63.658348173754774,0.02189540089506954,0.2807252492155966,2.066140112592356,0.32017908021497454
2022-01-05,0.0548794547869744,-0.014700560305637341,66.34071773131676,0.022006100990654913,0.27482387088392096,2.059256050550617,0.35776649399972804
2022-01-06,0.07612506782761395,-0.014924361238265625,70.7006863187672,0.023175424254290804,0.26458873182137255,2.2362769330590053,0.4570937046589578
2022-01-07,0.06816202132569985,-0.015303551754963876,67.4290118793974,0.023438125612833382,0.26782728571317277,1.7720483587556228,0.4503853077482507
2022-01-08,0.06773992774176842,-0.01493482414987824,67.4290118793974,0.021763973717075173,0.26782728571317277,0.0,0.41227872751183114
2022-01-09,0.06731961173689482,-0.014565054511683693,67.4290118793974,0.020209404108714454,0.21704669390345618,0.0,0.3555503175482144
2022-01-10,0.05790345193902353,-0.014317460424505669,63.067908210834666,0.020405745287921558,0.1803021195657824,1.849703195865115,0.2465558141741495
2022-01-11,0.09780494452180523,-0.013586717098139365,71.82554738536209,0.021205572576534694,0.2067211925451674,2.1942956919501504,0.3435260502273807
2022-01-12,0.11635018329704333,-0.013040516623014956,74.87292746724161,0.021020706582839735,0.208874987467213,1.852164250397244,0.4635309782596311
2022-01-13,0.1087214271525046,-0.012570994264134062,71.80988642327787,0.020991030172551866,0.21234225993690972,1.4868236985926149,0.4668203324540092
2022-01-14,0.13084062969705926,-0.011832537610408436,75.35899084614611,0.021542063059291097,0.21794053245858974,1.3827850954159735,0.5373930177423087
2022-01-15,0.1300143314334455,-0.008329502539659634,75.35899084614611,0.02000334423308495,0.21794053245858974,0.0,0.5367233948584542
2022-01-16,0.12922651025411938,-0.0047987361384882864,75.35899084614611,0.01857453389945951,0.20866688184685886,0.0,0.4902122749666078
2022-01-17,0.12857349062160714,-0.0011545547219360898,75.35899084614611,0.017247781451113848,0.20950219141448556,0.0,0.4162894896809335
2022-01-18,0.14945622104432837,0.0023209844513284966,78.76462855727908,0.018330976634562075,0.21537500633490692,0.7064237886569344,0.4308584269773621
2022-01-19,0.16911418371655842,0.007113372035555671,81.39607355533656,0.018759202118126123,0.2197757932541403,0.5012327828999767,0.49404099048780026
2022-01-20,0.16738628347234136,0.012050012007450298,80.97233471447697,0.018927257833958447,0.19286551620040118,2.212865004931319,0.48178562843349626
2022-01-21,0.14297680557037454,0.016376767433746515,69.53640782569241,0.021395119397682825,0.21516882073224441,1.9142179003322883,0.3133012756793363
2022-01-22,0.1420745188617767,0.020639575889479584,69.53640782569241,0.0198668965621276,0.21516882073224441,0.0,0.16733299328488993
2022-01-23,0.14108418222203425,0.024815302746811572,69.53640782569241,0.01844783250349339,0.2153351550411062,0.0,0.04274786041112488
2022-01-24,0.11578230734359052,0.028670695159209288,58.75926910530056,0.02109884372479959,0.23439331527843124,1.9908785202068167,-0.1787876420789769
2022-01-25,0.14560565825157082,0.03222284076222457,65.88467419312079,0.02133735124912635,0.24773930278144868,1.9323677571068143,-0.18614005887626828
2022-01-26,0.16802666952940085,0.03543192894614905,70.13166478495476,0.021820426311660007,0.2475401553633294,1.7568089235903814,-0.09289858696840225
2022-01-27,0.15719926754071462,0.03840629861128336,66.36917527811075,0.022364778436792594,0.24849844194436685,1.6309528938087274,-0.10018879764702415
2022-01-28,0.15902018148639382,0.041764510847724576,66.9116848699145,0.022691586172038158,0.24802740937807422,1.5352130869654435,-0.10925321831006407
2022-01-29,0.15812578455415358,0.04500243359869848,66.9116848699145,0.02107075857478854,0.24802740937807422,0.0,-0.1321071482442946
2022-01-30,0.1570692861475018,0.04808728002976494,66.9116848699145,0.01956570437920666,0.24373660495017335,0.0,-0.16210493575592322
2022-01-31,0.1735042510386622,0.05132400660388424,70.65604367667362,0.019555166083426095,0.2145635667768153,1.3892137080589135,-0.10976074181113793
2022-02-01,0.1728902356992886,0.0546757057506925,70.78985694416357,0.020026922186312728,0.20899168426830514,1.4703795433462128,-0.08998700973715579
2022-02-02,0.17240585036601577,0.05818060770385711,70.96101807093413,0.02070414547682034,0.20617462184907637,1.7511511905553598,-0.09082048542332899
2022-02-03,0.19763731731233558,0.0620324946090027,76.02816488853547,0.021724921261780213,0.2085594898936535,1.7512860985548921,0.020124293203906518
2022-02-04,0.2226028221517653,0.06549090581765032,79.86782642088617,0.02212607412779314,0.2183045694998335,1.4342681489408413,0.19718267909166798
2022-02-05,0.2205909439360973,0.06941012015931193,79.86782642088617,0.020545640253667532,0.2183045694998335,0.0,0.2757605884959502
2022-02-06,0.218817367229083,0.07352052783148472,79.86782642088617,0.01907809451449006,0.2183045694998335,0.0,0.2878651451094649
2022-02-07,0.20420283787295856,0.07754264491471809,72.80007253069243,0.019471783085330843,0.21818689406823752,1.6416079548499602,0.1938354975132488
2022-02-08,0.17701528102856692,0.08188198487784858,61.244690871794475,0.021011414443402352,0.22806577134309083,1.456380956298226,-0.024132825627634524
2022-02-09,0.17960030453067005,0.0855085185972595,62.23283735255034,0.021174068052140966,0.22801222649925573,1.4075390634747311,-0.16407418993301448
2022-02-10,0.18111086230021337,0.08873772128770128,62.97828255671183,0.02176717462371173,0.21280463582269815,1.558517034893241,-0.252505869086062
2022-02-11,0.22172383115243868,0.09229198259583908,71.76335196620734,0.02371001878051126,0.24248482414607977,1.6142087568065673,-0.11198755071591027
2022-02-12,0.2200067814946278,0.095817705971273,71.76335196620734,0.02201644600546445,0.24248482414607977,0.0,-0.04057172467221415
2022-02-13,0.21835354118864334,0.09938676257610458,71.76335196620734,0.02044384271503975,0.2230439815885055,0.0,-0.01611926652311313
2022-02-14,0.24745502892601184,0.10348152720131305,76.80233634105801,0.02130524832177322,0.22038188462870623,1.478671272328262,0.12826208866338717
2022-02-15,0.20173230795057748,0.1064838943617952,60.18713135168532,0.024235738600477806,0.25675409238057634,1.4051111660279019,-0.02700005792324056
2022-02-16,0.2209151604934745,0.10967183044257166,64.10905746056815,0.025943380772692128,0.25807578248660884,1.27971705856945,-0.044060129756628985
2022-02-17,0.19476058050997277,0.11234342475255923,56.896313893330884,0.026955522875607554,0.2721739634574041,0.7025966577803047,-0.1962270765323857
2022-02-18,0.1842491055409194,0.11457255470521197,54.4983332057553,0.028066879387407668,0.2745390068148833,0.48503657239360015,-0.3474329963493501
2022-02-19,0.18267197462259008,0.11720750404200603,54.4983332057553,0.026062102284776654,0.2745390068148833,0.0,-0.44528388503298055
2022-02-20,0.18091448809624608,0.11966046640929226,54.4983332057553,0.024200523547105623,0.2704318843464566,0.0,-0.5035484765394944
2022-02-21,0.17923397903273294,0.12217443875968102,54.4983332057553,0.02247191471968758,0.2704727905099938,0.0,-0.5327991288894522
2022-02-22,0.1939476283852332,0.12463533152213356,58.82806044869715,0.024947580269572573,0.27392241112884114,2.7221879043502546,-0.4594301500145106
2022-02-23,0.18888487423116207,0.12680728540313507,57.67373975234759,0.02575680136921934,0.2635328012766214,1.526613711366355,-0.4221811109059319
2022-02-24,0.1961561837745402,0.1288822520221561,60.070050714076594,0.030729926573672014,0.25251796475183874,2.7986902456671743,-0.34729687150804156
2022-02-25,0.17852554149419872,0.13018017191561648,54.37355037005227,0.03326671725962031,0.2570576571705864,1.550366189370674,-0.375125724015998
2022-02-26,0.17676151438884938,0.13174936633224588,54.37355037005227,0.03089052316715654,0.2570576571705864,0.0,-0.3871617030850616
2022-02-27,0.1750751200028981,0.1333836626801973,54.37355037005227,0.0286840572244976,0.2540723992545358,0.0,-0.38778564929396464
2022-02-28,0.22596768137277978,0.13575939041095555,67.43187016305845,0.031090118992326693,0.28635332728406526,1.5623780874369038,-0.11677294108949732
2022-03-01,0.3215006615342863,0.13965721621394547,79.30728338128222,0.03463833166063481,0.3951930850182961,2.138394629640255,0.5377463021000348
2022-03-02,0.40958605877654913,0.14408428799874728,84.86433283080001,0.03595023850218577,0.4516451691027449,1.9470977892021328,1.365194080017126
2022-03-03,0.3688215606323576,0.14759549737438815,75.91707430947275,0.041017694709301306,0.4599415714742008,1.7585309906293325,1.6087079340269326
2022-03-04,0.46614390595908856,0.15258326651015025,81.6216259978803,0.04086573364736314,0.5158652016486087,1.3667269949855545,2.1679567455810522
2022-03-05,0.461597072424074,0.1570597666976172,81.6216259978803,0.03794675267073007,0.5158652016486087,0.0,2.379664529580714
2022-03-06,0.456974666224457,0.1614259335734049,81.6216259978803,0.035236270335535974,0.5146224337828558,0.0,2.3570185218110327
2022-03-07,0.4985701653353581,0.16629672364386816,83.84172242970052,0.0406495041535931,0.49050360190949693,1.6712202778587728,2.420700903961259
2022-03-08,0.5465815110314212,0.17179369576747702,85.95389863610052,0.04357672119510552,0.4968751964792495,1.6483368463663253,2.5666505207083308
2022-03-09,0.3551123330885281,0.17420797731836288,57.645799939809855,0.06129959609460979,0.6844070767773182,1.5951421586138905,1.5189821912117463
2022-03-10,0.3181115612458024,0.17575752960117116,54.21055846637899,0.06465926801104775,0.6926810440368599,1.1308785223101918,0.5608692931917609
2022-03-11,0.35558211305635806,0.17813510824543866,57.57339957930768,0.06201883934321037,0.696424107609693,0.9076597674854309,0.09010368815884462
2022-03-12,0.3520791868628361,0.18107385178410226,57.573399579307676,0.05758892224562133,0.696424107609693,0.0,-0.2619659270160506
2022-03-13,0.34866252465958436,0.18405732888864118,57.57339957930767,0.05347542779808675,0.696424107609693,0.0,-0.5205860509384719
2022-03-14,0.26791762497924687,0.18586297635702534,48.9928326265621,0.05960869912152463,0.7365858785463485,0.8976937561349279,-1.109217644802217
2022-03-15,0.18502938851947717,0.18707157418851306,41.98724644956412,0.06614312378323738,0.7774979867684019,1.0530194189531699,-1.8872632783942116
2022-03-16,0.16594256409579827,0.18747273643479462,40.65324889974076,0.06619390326320974,0.7798882280831766,0.8337736962774936,-2.409004864945902
2022-03-17,0.2607020205989492,0.1888108670690157,50.29794957120152,0.06323966412753886,0.8284120806632036,0.625597731780423,-2.1412016415858623
2022-03-18,0.27898010081786795,0.19065354458450637,52.113449494404236,0.06047309934814747,0.8286111874685008,0.2179818352874445,-1.784631916926466
2022-03-19,0.2761584695204939,0.19238545953704614,52.113449494404236,0.056153592250896174,0.8286111874685008,0.0,-1.4968154787515529
2022-03-20,0.2733562293436175,0.19411628450870594,52.113449494404236,0.05214262137500867,0.8172378155847109,0.0,-1.2637685366051494
2022-03-21,0.36011348056024134,0.19720309954107723,59.98827092823257,0.05069907149631888,0.8063973929185396,0.2709451130613461,-0.6008589396498856
2022-03-22,0.35226294196153635,0.199840519528307,59.477223131096,0.05087875678957992,0.7700684230323188,1.1874515755034565,-0.19840292935029158
2022-03-23,0.3867898432855039,0.20298739055256435,62.506194422259874,0.05030436764934892,0.7680873661414527,1.1421647145901468,0.24543688533929275
2022-03-24,0.35202624992638387,0.2056670945810072,58.648907150642586,0.051622151050869675,0.726895049153898,1.2599167212754423,0.32379917018170445
2022-03-25,0.367131137071419,0.20811179927013346,60.24042303438049,0.05068984117560334,0.72867684542856,1.2325499959595339,0.43308522462298527
2022-03-26,0.3634040508516042,0.2099869598029168,60.24042303438049,0.04706913823401227,0.72867684542856,0.0,0.4554817677289633
2022-03-27,0.3597743357497328,0.21192064479703912,60.24042303438049,0.043707056931171925,0.7188750942428783,0.0,0.421205449578276
2022-03-28,0.2621347545168769,0.2124426730559432,48.39888781906487,0.051088713001750795,0.7435122511188551,1.6880053090968619,-0.15446791775155333
2022-03-29,0.23909960638323027,0.21302670904917087,46.27674034589655,0.05466346570369091,0.6103087301184451,1.8425066084221395,-0.6420027072714052
2022-03-30,0.27875933169370143,0.21466481141467691,51.084329702128855,0.05206134330025638,0.6163847590413885,1.4052978202731634,-0.70903949745788
2022-03-31,0.1871824871229868,0.21498207769835032,42.465074610381855,0.057789830805359696,0.6551767066049382,2.1820847331992494,-1.2170386612166908
2022-04-01,0.17322393310741135,0.21513242188011542,41.45604144327725,0.05706452677145942,0.6554383263164996,1.4573735174504567,-1.5552911981737565
2022-04-02,0.17122996454335568,0.21452315283203222,41.45604144327725,0.05298848914460726,0.6554383263164996,0.0,-1.7014172810403076
2022-04-03,0.1693908281619699,0.21406967432923657,41.45604144327725,0.04920359706257426,0.6238616182036546,0.0,-1.7155841797202818
2022-04-04,0.2144344476850776,0.21427453880091718,47.62706017533427,0.04798863845012567,0.5939473940048327,1.4409161660550975,-1.3864798343837383
2022-04-05,0.1968028034447816,0.21366322030288679,45.91148394487768,0.04913794238740546,0.5932574565257838,1.4064744401799374,-1.196460114163224
2022-04-06,0.1279383438894205,0.2129128560539421,39.294590210568096,0.054498411555561586,0.5512008033369583,1.767912358810341,-1.3822857598029779
2022-04-07,0.12400910453122038,0.21175977814401786,39.08285677134345,0.054437581497417224,0.5463955644585018,1.6568413526975352,-1.4378810870567422
2022-04-08,0.14823122846838283,0.21129860880393211,42.78470887923963,0.051924436022056666,0.5546615157355673,1.3072495007943656,-1.2505815235145326
2022-04-09,0.14637586302482142,0.21101901681124252,42.78470887923962,0.04821554773459394,0.5546615157355673,0.0,-1.0603219769798833
2022-04-10,0.1446378120701269,0.21085809573283532,42.78470887923962,0.04477158003911667,0.4825438745350986,0.0,-0.875764202001714
2022-04-11,0.09704976304579624,0.21012882909081093,37.69180329046493,0.04755868512194814,0.49739392914896974,1.3544968508150832,-0.955815169994624
2022-04-12,0.1686558431598318,0.21047189647559195,48.23831186762779,0.04640443665007285,0.5507366604830963,1.3989909265019231,-0.5392973654905984
2022-04-13,0.2089318331620302,0.21110732646232638,53.17555695537985,0.04473293580307355,0.5667394338291358,1.327202616674697,-0.0018999908814187894
2022-04-14,0.2378758431832923,0.21223407668409897,56.48227629760505,0.04417572281947497,0.5730884312236634,1.0572332050953088,0.522468355762755
2022-04-15,0.2356233526358825,0.2132955126511351,56.48227629760505,0.04102031404656099,0.5730884312236634,0.0,0.8376837962671069
2022-04-16,0.2333676660838918,0.21462327543872164,56.48227629760505,0.038090291614582446,0.5730884312236634,0.0,1.0033728820903713
2022-04-17,0.2310876063949526,0.2159140071622229,56.48227629760505,0.035369556499184995,0.5151792930232267,0.0,1.0643691601795782
2022-04-18,0.24321721420248485,0.2174153797394718,58.32942129811019,0.03497568186352055,0.5123629549061522,0.3474069262762724,1.1345329690518133
2022-04-19,0.17650160255535843,0.21712167548228165,48.40724097323347,0.03901642352912275,0.5324483645081356,0.3849316254691207,0.7631985850003575
2022-04-20,0.1768674271843684,0.21509757361125675,48.72313123995041,0.038567829432360486,0.4679715469150739,1.6713411396473186,0.5055635747992859
2022-04-21,0.18688221370599825,0.2116010014894688,50.509331050361276,0.03780089859501409,0.4667622199757596,1.5864933483198465,0.3857914175757997
2022-04-22,0.1655838152693426,0.20863059359380542,47.55867872697963,0.037903695447965215,0.4716861713120492,1.3022148382522567,0.18169149500405177
2022-04-23,0.16404584186209845,0.20393154604378058,47.55867872697962,0.035196288630208676,0.4716861713120492,0.0,0.044788166011237945
2022-04-24,0.16241262826534145,0.19914245183920223,47.558678726979615,0.032682268013726624,0.44911538508909765,0.0,-0.04292302250286696
2022-04-25,0.12091977186358131,0.1938625808806485,41.36462008422535,0.03635683012700518,0.46364417545587744,1.8541294047883732,-0.32038201005936295
2022-04-26,0.15539687538070407,0.18832514832931133,47.90547184416399,0.03672835352714275,0.4296396464352635,1.9960215718960617,-0.27455632816259007
2022-04-27,0.15754171412492632,0.18187712734392367,48.53159958282155,0.03623137708004769,0.4292020801451496,1.622245834710513,-0.20912049861082166
2022-04-28,0.19367678519060944,0.17937893655032786,54.657356679336246,0.03633950762440512,0.43630903252281455,1.8148753197916345,0.058382582570795316
2022-04-29,0.18446430238835862,0.17746542130298204,53.2872520241884,0.036832208641087896,0.4376355373661584,1.5770633512475678,0.18247251488507618
2022-04-30,0.18285501568712131,0.1748171297369368,53.2872520241884,0.03420133659527003,0.4376355373661584,0.0,0.2525106906951341
2022-05-01,0.18123676794497676,0.17216279899509915,53.287252024188405,0.031758383981299855,0.4062067669304344,0.0,0.28442323283454846
2022-05-02,0.18505746197585446,0.16964959035313482,54.312018465641145,0.033199454874540256,0.33539771034634214,1.5633051488935956,0.32075040610694144
2022-05-03,0.15265054210559792,0.1681895000246621,47.8163818803789,0.034239561378591694,0.3249865211175073,1.4602407756182647,0.15044059159117978
2022-05-04,0.21168796965349523,0.1690693030693016,58.31969666434806,0.034309138432132735,0.3655257190084959,1.6514751895064286,0.37995115039258454
2022-05-05,0.21497180843379388,0.17033228455835214,59.059227978359395,0.034972216654548596,0.36572711672952307,1.59755052201465,0.5312673108623689
2022-05-06,0.2300316980613216,0.1700619397072549,61.52603812726564,0.03459129043427715,0.3686311217783546,1.5144663448635398,0.6920757094510297
2022-05-07,0.22818683612916738,0.1694415604997436,61.52603812726566,0.03212048397467146,0.3686311217783546,0.0,0.7524621146821667
2022-05-08,0.2264098416424877,0.16888245688851647,61.52603812726566,0.029826163690753884,0.3666647924646075,0.0,0.7450253914613136
2022-05-09,0.15045399401977314,0.16718019515054705,46.15897115914835,0.03528278686171169,0.3841542442815072,1.7898466479782231,0.26746821325177894
2022-05-10,0.11229920505741142,0.16338287501006904,40.701470331322675,0.0376510286934825,0.40134929324140256,1.8538112289829058,-0.26653707285074324
2022-05-11,0.17719966915468402,0.16061352903632772,51.69191905564071,0.03856161271744305,0.45476848740910886,1.7770163708424276,-0.21509465256123517
2022-05-12,0.18040653577069338,0.15721217571561186,52.363085843508,0.03883547479743152,0.44987741412827464,1.4758127308330722,-0.15182300737457222
2022-05-13,0.227075604759919,0.1550836303810284,58.76743321274574,0.037554088990597895,0.4702257432562544,1.0419679305680434,0.16733394920592137
2022-05-14,0.2253174405944689,0.15267228837334032,58.76743321274574,0.034871654062688696,0.4702257432562544,0.0,0.3515176854856542
2022-05-15,0.2234295026321296,0.15014111700270225,58.76743321274574,0.03238082162963144,0.44769492975764286,0.0,0.4406464264317782
2022-05-16,0.2623157006574413,0.14821210914293353,63.92223724813416,0.03333802990042365,0.44888599015527697,1.3654893117107756,0.7012834139424584
2022-05-17,0.24044287200323813,0.14780692646090451,60.00278414413219,0.03387368753338078,0.4555555959510359,1.2005349016685738,0.7025220823358915
2022-05-18,0.20769775591692496,0.14734044707218455,54.39544944406356,0.036797044742584016,0.45544411359683723,0.5183153264475608,0.4750523230367678
2022-05-19,0.2346222299528083,0.1464987434345757,58.30764711986579,0.038138725835242464,0.46040396001373346,0.36303430997728353,0.4616045732948839
2022-05-20,0.24384835801735844,0.14750636628627636,59.755112727910344,0.03710784861480759,0.460520458541584,1.1484200421348736,0.47984637118524254
2022-05-21,0.24184845707584923,0.14872349073318314,59.75511272791035,0.03445728799945869,0.460520458541584,0.0,0.4508063417190753
2022-05-22,0.239647973166915,0.14974471650794396,59.75511272791035,0.03199605314234976,0.46077395974273083,0.0,0.3926258263565068
2022-05-23,0.20538352801993423,0.15017565830481167,53.11644951984855,0.033145002828609556,0.4605318969133528,1.159649055344479,0.13071157662617394
2022-05-24,0.1978347634502765,0.14980355066736828,52.01571138385839,0.03275830784785713,0.4237754302869785,1.2248191599957283,-0.09102834160222129
2022-05-25,0.20203977552795283,0.1498071848868211,53.14189579460509,0.03185018165255018,0.42387339183228057,1.0705708536427772,-0.2068326415595123
2022-05-26,0.24078637126057426,0.151639887017943,59.9401796138628,0.03145537019726316,0.43764915702522617,1.335496658300091,-0.045480639538866496
2022-05-27,0.24919326783525755,0.1537022261049906,61.50770096587339,0.030480617155910168,0.4381141755528236,1.1641538907062339,0.10382034354108716
2022-05-28,0.24710022390272282,0.1554128309872575,61.50770096587339,0.02830343021619961,0.4381141755528236,0.0,0.17496322483823334
2022-05-29,0.2448249487826873,0.15694183948909657,61.50770096587339,0.026281756629325893,0.3687500821016301,0.0,0.19298991813554656
2022-05-30,0.2425747328917093,0.15848091594480943,61.50770096587339,0.024404488298657757,0.3413298230515987,0.0,0.1763395617144914
2022-05-31,0.23599440004388966,0.16075903133470687,60.21417244837459,0.026371899800122525,0.2814248010742396,2.906648458186381,0.11289806509696998
2022-06-01,0.24005022624996303,0.16176113356017885,61.5002936503948,0.026401709333691084,0.2814416884314526,1.936865375423083,0.08637701659722463
2022-06-02,0.254936101819155,0.16222091172526695,64.84035030470211,0.02819359274367173,0.2490094363125764,2.1227150925626246,0.1492841990653
2022-06-03,0.2738137147247814,0.1624099018890276,68.49665005061148,0.02888197371379463,0.2537064041384956,1.4475435198909432,0.2894941667880353
2022-06-04,0.2712179661159798,0.16259066471228137,68.49665005061148,0.02681897559137921,0.2537064041384956,0.0,0.34251084111048424
2022-06-05,0.2684703229490449,0.16262179611710795,68.49665005061148,0.024903334477707956,0.22811142596884226,0.0,0.3373165751808549
2022-06-06,0.2618632474682212,0.162637134408938,66.88939961177255,0.02522204538956381,0.21921743720159037,1.6278583563725386,0.27152758803774013
2022-06-07,0.2686281358059187,0.16234211266546536,68.82679621960014,0.025168124740072233,0.19356835790347457,2.0895284168930055,0.25227592334680216
2022-06-08,0.2941502607938813,0.16365208868487724,73.73701060304491,0.025123269016629007,0.1918805441195015,1.9228214622128217,0.37686035677693397
2022-06-09,0.2846999263150108,0.1648255925803268,71.0584213236716,0.024578477200295594,0.19367941421143425,1.626713610883249,0.37361060862632733
2022-06-10,0.27286342433131894,0.16568848846572046,67.36869134068895,0.02559808891286669,0.1969136920297931,1.7828541752128375,0.27423910516074956
2022-06-11,0.27003871965398124,0.16701688312566743,67.36869134068895,0.02376965399051827,0.1969136920297931,0.0,0.17281161046302307
2022-06-12,0.2672192048976573,0.16833264678590495,67.36869134068895,0.022071821562623415,0.16474570546609305,0.0,0.07501858454878141
2022-06-13,0.26711929187164696,0.169681135532636,68.01083407988766,0.023274553967448566,0.1613878308487743,1.9142382919621657,0.0010517916633561164
2022-06-14,0.24285655845046136,0.1708392186179855,58.47789950527335,0.02621571577855678,0.17841409436131547,1.8019471575749466,-0.19833417224617866
2022-06-15,0.20206426240115852,0.17079873088777525,45.929148703398496,0.028210822511083318,0.1802544955582693,1.4602612936148713,-0.5688110480502941
2022-06-16,0.22268159787323621,0.17102726055606773,52.79931748597072,0.029192760646913025,0.19089131076269852,0.7971537614232566,-0.6492826334951713
2022-06-17,0.13684588340628448,0.169492352415045,35.62913191923167,0.036083358422226264,0.311904720528222,0.49339034681874944,-1.2002461794940777
2022-06-18,0.13429298020161007,0.1678745357200707,35.62913191923168,0.03350597567778086,0.311904720528222,0.0,-1.5020311855376387
2022-06-19,0.13171586057688975,0.16622722502046272,35.62913191923167,0.031112691700795933,0.311904720528222,0.0,-1.6283924085333008
2022-06-20,0.1292045408414966,0.16464319708770916,35.62913191923167,0.028890356579310012,0.3119692794267489,0.0,-1.6344659030375621
2022-06-21,0.13783602208492798,0.163112105965457,39.23689469660064,0.028983251909302475,0.3139064615051586,2.2039895604241133,-1.4915402119104986
2022-06-22,0.08973569067261784,0.16150489868083448,31.465849383068957,0.034177929629002256,0.33598191723095583,2.173240391904865,-1.613505825819557
2022-06-23,0.0679494993275903,0.15851885983224084,28.819630998462912,0.035561257605876355,0.32902233926468827,1.6946032901612202,-1.7293325951188976
2022-06-24,0.10011262831377102,0.1561302228516019,38.532731425099826,0.0352720151794442,0.3558776854877862,1.4586560802283297,-1.4949784782447577
2022-06-25,0.09811623397801328,0.153593416909338,38.53273142509983,0.03275258552376922,0.3558776854877862,0.0,-1.2638052010528757
2022-06-26,0.09614437699779999,0.15108397348374927,38.532731425099826,0.030413115129213943,0.35623488502006195,0.0,-1.0438636300421196
2022-06-27,0.11381452221758348,0.14878323753249353,44.080325344722205,0.030958536951114862,0.36285789910933713,1.3787870296139442,-0.7156681494068562
2022-06-28,0.13376639905876914,0.14820627556259208,49.583677036310355,0.029877575754192375,0.3604133924287284,1.5073734013076765,-0.3198780225034883
2022-06-29,0.11153129213752218,0.14802006747605992,45.247898821653145,0.03138649731861531,0.3636154959796458,1.571510408584899,-0.16785981474781697
2022-06-30,0.06898363025928575,0.1460523130325197,37.98535219728132,0.03386570857636143,0.380779534715828,1.7664399291652186,-0.3064071881681365
2022-07-01,0.0939177300377261,0.14436929745605237,44.37174873685913,0.03382121775915299,0.39653315049153176,1.3834810358006493,-0.19217435260895788
2022-07-02,0.09184135374780013,0.14178229355143454,44.37174873685914,0.031405416490641845,0.39653315049153176,0.0,-0.09544709454573819
2022-07-03,0.08978051183988266,0.13921310658443123,44.37174873685914,0.029162172455595808,0.3960887616736912,0.0,-0.014545052784039392
2022-07-04,0.08780982387188492,0.13673969480564938,44.37174873685914,0.027079160137338795,0.3941215430789219,0.0,0.0522301823892497
2022-07-05,-0.003211260355659413,0.1321636725254139,30.323544613046906,0.0374662671130577,0.47463394247633917,2.9951892688031343,-0.4633602598120561
2022-07-06,-0.014294885088540021,0.1278215390117338,29.24060050746911,0.040236199354727394,0.46407395818763514,2.0902258434742746,-0.8078934860186735
2022-07-07,0.026086688330626866,0.12465609976315233,39.3418959568526,0.04133452912104597,0.44059574843159804,1.6785463595246297,-0.6953713174883909
2022-07-08,0.04475477733717883,0.12112685370330707,43.59505607059132,0.040170032113461276,0.44799673067854184,1.3493719625213143,-0.4372596367968953
2022-07-09,0.043004150204694544,0.11756814084896304,43.59505607059132,0.03730074410535674,0.44799673067854184,0.0,-0.23189353973021953
2022-07-10,0.04134422915066861,0.11411211246939074,43.59505607059132,0.03463640524068826,0.44799673067854184,0.0,-0.06982445050315134
2022-07-11,0.032833023851356294,0.11062347942907709,42.33522307720007,0.0352333431563182,0.4460794215642351,1.4600124485950932,0.012097470788999143
2022-07-12,-0.05006678853735803,0.10654536460707943,30.97427377695496,0.04204679026126539,0.5069456405872239,1.6814184679614501,-0.44236042482773597
2022-07-13,-0.04657096415281389,0.10264510174047753,32.06892597984485,0.04203896605845234,0.5053883076821772,1.4644874665058172,-0.6523268552311459
2022-07-14,-0.05275047463099229,0.09856815201260027,31.461529284426803,0.0440507908530036,0.48756977570009863,1.6122037711609858,-0.7590992113986945
2022-07-15,-0.03589965770934435,0.0941131533760704,36.00502032091281,0.043410040792928,0.49487823302733336,0.9538690835819039,-0.6451689234918399
2022-07-16,-0.03692767511654189,0.08949645591231954,36.00502032091281,0.04030932359343304,0.49487823302733336,0.0,-0.512918253177078
2022-07-17,-0.03792599870263869,0.08492060926014809,36.00502032091281,0.03743008619390202,0.48807408661214063,0.0,-0.3749484763138988
2022-07-18,0.01018901490430205,0.08109721006193171,47.936685343701086,0.03789782167703243,0.5211869436689893,0.3727280631184373,0.07995453752642323
2022-07-19,0.024676006612976142,0.07742193331884938,51.11085483784549,0.037803351266117516,0.5228383370287046,0.29479302774272725,0.49313432265495694
2022-07-20,0.004070407279201352,0.07355409970598771,47.34954660263767,0.0377876038805944,0.510912456933274,1.4898192693739756,0.62891192306353
2022-07-21,-0.054939558968002594,0.06873144944770555,38.216880506782594,0.04292689792537728,0.5382543082337778,1.5005468643581126,0.33018804038545424
2022-07-22,-0.07197125488270158,0.06341121837456373,36.12211139456614,0.043361050376231426,0.5394376506827989,1.349525521783437,0.04589746420727181
2022-07-23,-0.07277586360211408,0.05775617732510179,36.12211139456614,0.04026383249221483,0.5394376506827989,0.0,-0.1092489802330987
2022-07-24,-0.07354010622792762,0.052155193263534294,36.12211139456614,0.037387844457056583,0.5394376506827989,0.0,-0.1750683513281226
2022-07-25,-0.05477101361289188,0.04693448048716023,41.01663234716187,0.036902183269025765,0.4656393348519699,1.3151139255065112,-0.053414539388438875
2022-07-26,-0.07231277947946509,0.04151785901827509,38.29877861840976,0.03807548145309607,0.46850560954803466,1.5091344732208374,-0.05791302000105558
2022-07-27,-0.05089460471304492,0.03626185501873504,43.63089576773073,0.0376775901048116,0.449570430890569,1.589280675756438,0.11415666804537983
2022-07-28,-0.05989536656039559,0.030367172945950455,42.18449004629683,0.03810619375223911,0.4420873524805957,1.5755236005917064,0.18850421360482272
2022-07-29,-0.03939995993744821,0.02488481849193267,47.12813801381562,0.03855678420946941,0.45198109174225043,1.5912305467950647,0.3912805963435688
2022-07-30,-0.040213298958764604,0.01972516323068026,47.12813801381562,0.03580272819450727,0.45198109174225043,0.0,0.5226328529310926
2022-07-31,-0.040959049779173105,0.014644288833539909,47.12813801381562,0.033245390466328156,0.45181033532814263,0.0,0.6011409626330391
2022-08-01,-0.08747871182991968,0.008858425895264886,38.327641304090385,0.03716552056571996,0.3906230950764044,1.8221746896931177,0.3391839740479554
2022-08-02,-0.08280008724347691,0.0031886350263396626,39.68669964681603,0.037252341347002685,0.3907934693632986,1.6464921620251567,0.2124702550900568
2022-08-03,-0.119617316323688,-0.0026350292259097467,33.96780551443592,0.04090302729773345,0.41466256698811504,1.9763181365038538,-0.09709467203493638
2022-08-04,-0.14040127336782512,-0.008061527702761086,31.234804683790628,0.042400117614728554,0.41299599468257875,1.6368043095428977,-0.40015754779337387
2022-08-05,-0.13605588378984118,-0.013859404012372473,32.53086338409925,0.042172936122963224,0.4141963829649129,1.5757560751061055,-0.5170579645204301
2022-08-06,-0.13620595946172903,-0.018019238760298234,32.53086338409925,0.039160583542751544,0.4141963829649129,0.0,-0.5399631456846667
2022-08-07,-0.13629187325804556,-0.022105043153718786,32.53086338409925,0.03636339900398356,0.35923240245400284,0.0,-0.5015225215104695
2022-08-08,-0.11947565907768858,-0.025935976715255417,37.96793832742868,0.03600325661990419,0.36271157747006005,1.4678218558772294,-0.3138226731001872
2022-08-09,-0.1222263417005808,-0.02988649037001164,37.48461608176349,0.036368999127592706,0.3600224519730764,1.4874592796530168,-0.16996794603436127
2022-08-10,-0.10865005444366613,-0.03383599945100074,41.867713016280014,0.03695212503209175,0.3105445894132137,1.6223002772696777,0.04710380487916899
2022-08-11,-0.0856906153546878,-0.036563650306098455,48.43001294795379,0.03632084731619919,0.3207841870141687,1.4323119543317664,0.36112098679741234
2022-08-12,-0.10787637338096842,-0.039333262271420755,43.49356514713921,0.03738160467974873,0.331772898406794,1.0535427882840371,0.4212272591757449
2022-08-13,-0.10815673314226817,-0.042643161641768734,43.49356514713921,0.03471149005976667,0.331772898406794,0.0,0.4616659038677948
2022-08-14,-0.10836138377967926,-0.045870154563071364,43.49356514713921,0.03223209791264047,0.32124280221412893,0.0,0.4866051699945828
2022-08-15,-0.13442707998464162,-0.04952526927312924,37.7667322352798,0.03504505416950972,0.33087099920762814,1.1680828980387625,0.32838242513964255
2022-08-16,-0.16229647653023366,-0.05397296703683429,32.772753029780446,0.03768628410811191,0.3306213286032949,1.2995354090481397,0.05013881621558092
2022-08-17,-0.14705361871351366,-0.058610899585897866,37.644254582744544,0.03702590076092631,0.340987685854711,0.9989936162613918,-0.004232622775019124
2022-08-18,-0.12407331755336541,-0.06251067554972646,44.22780463511085,0.03674078704974023,0.34583601829034794,0.36860902359532555,0.13626671679140978
2022-08-19,-0.12157146526805847,-0.06553084784064839,44.93510477097514,0.03693443143919649,0.3464620080566207,0.26682542099056333,0.2559378755534101
2022-08-20,-0.12168068965673548,-0.06906471641975014,44.93510477097514,0.03429625776496816,0.3464620080566207,0.0,0.338467085018189
2022-08-21,-0.12178733762389007,-0.0725950142433797,44.93510477097514,0.03184652506747043,0.304917883430354,0.0,0.3926186877378042
2022-08-22,-0.12701016069982954,-0.07611497811967642,43.55532028051715,0.0334377374849296,0.30408487581132104,1.737366999658108,0.39078907241315264
2022-08-23,-0.09311313367025836,-0.07902125192297758,53.54138769893561,0.03292704136075546,0.30292430428611056,1.4460118189329747,0.6115374977061576
2022-08-24,-0.08210200764398727,-0.0800280536625698,56.271098933981634,0.03216924191459456,0.28968829948805574,1.6280999022036322,0.8082184732524342
2022-08-25,-0.10503680933400157,-0.08120011507632269,49.77970575211827,0.03331558757934613,0.3067980933294958,1.4480428602102138,0.7530235531403802
2022-08-26,-0.09988903001717389,-0.0831480696437408,51.16212449072671,0.033012995151686424,0.3069644109591781,1.3885086646981137,0.7268444526123288
2022-08-27,-0.10005006592929937,-0.08558083392202963,51.16212449072671,0.030654924069423106,0.3069644109591781,0.0,0.6841060349568715
2022-08-28,-0.10019799393812459,-0.08799950066637892,51.16212449072671,0.02846528663589288,0.30016366926320237,0.0,0.6316697605745635
2022-08-29,-0.06232840936557078,-0.08981774661203108,60.976158000503276,0.029096215797928638,0.33288803942954703,1.5117047082015753,0.8265442146803677
2022-08-30,-0.11417085248819227,-0.09216045358721994,47.11470290950923,0.03415080320171371,0.38954598770585885,2.058608236255609,0.5695476456454002
2022-08-31,-0.13422505065412216,-0.09322090202987815,43.01610297064819,0.03600904504641336,0.38484334134500275,1.83268355885061,0.2508234903353468
2022-09-01,-0.16238639222051962,-0.09481058913441774,38.00731027076814,0.03758220330439491,0.39274598233513947,1.6075915185539864,-0.144699354529771
2022-09-02,-0.15952277479898813,-0.09615854594343116,38.68724424114613,0.03751495190693299,0.3931711897278451,1.362677581193652,-0.36307755362256056
2022-09-03,-0.15931129717666764,-0.09800599011129665,38.68724424114613,0.03483531248500921,0.3931711897278451,0.0,-0.47474237629210203
2022-09-04,-0.1590349957439617,-0.09978508720531544,38.68724424114613,0.03234707587893712,0.3805417825961866,0.0,-0.5125856335734309
2022-09-05,-0.1588358974090124,-0.10164800002793684,38.68724424114613,0.03003657045901304,0.36243399683544025,0.0,-0.5010068714067706
2022-09-06,-0.1585684280654854,-0.10451068377604676,38.72199418201376,0.0313491521535909,0.356275742487451,2.282476222339053,-0.4572786006790335
2022-09-07,-0.2060611936878277,-0.10843213385093702,29.74760266041811,0.03632186110374585,0.3928705247458862,1.9119351275356498,-0.7105464728561295
2022-09-08,-0.1902629836572667,-0.11173575712543199,35.00202393627188,0.035689299080030094,0.4014352261655929,1.6064823027669581,-0.7177024812250743
2022-09-09,-0.1585868334245981,-0.11340511832706629,44.14114166152153,0.03559436605534383,0.4291583387676321,1.334903028735005,-0.4632901797465927
2022-09-10,-0.15835999815364693,-0.11470023532301626,44.14114166152153,0.033051911337104986,0.4291583387676321,0.0,-0.26462011768969607
2022-09-11,-0.15814324810639402,-0.11600676927265581,44.14114166152153,0.030691060527311773,0.4289313576069419,0.0,-0.11069970155999243
2022-09-12,-0.14833257326768362,-0.11713386098379924,46.97755261937336,0.03138349003578857,0.4049387071796842,1.3071343266491164,0.07053539875465908
2022-09-13,-0.1527167430553191,-0.11877298350295848,45.7888152439684,0.03277562416485703,0.4009575026974039,1.6427091734269492,0.16605567531921817
2022-09-14,-0.14123305505689163,-0.11990173546241865,49.23273488803232,0.03326927491948761,0.39725909698210154,1.5626797515505957,0.3071271723182156
2022-09-15,-0.17377839929881778,-0.1219856478732534,41.108074086800436,0.03599769661813239,0.4161478755877957,1.110349725865929,0.17828303386175848
2022-09-16,-0.1732554725126508,-0.12373045947089388,41.13902965751877,0.03536956413311201,0.41616355660712817,0.40594123930191917,0.10295121206304314
2022-09-17,-0.1725199949805577,-0.1255779377941349,41.13902965751877,0.03284316669503258,0.41616355660712817,0.0,0.0642359326135844
2022-09-18,-0.17149336792020908,-0.12712334416809923,41.13902965751877,0.030497226216815963,0.37875841965018575,0.0,0.05035430476700631
2022-09-19,-0.16456578452069645,-0.12870246817154704,43.44069419693403,0.03154675601892235,0.3336143504700088,0.3208226696894784,0.0922179857085621
2022-09-20,-0.17578519152814684,-0.12921726743661338,39.96605948509816,0.03221563661829467,0.32858198065827077,1.532073911740107,0.045362853936095515
2022-09-21,-0.18922707648422415,-0.13006824456949906,36.279497295618434,0.03406760193280418,0.31439055051427306,1.8424424079112371,-0.0694239816940938
2022-09-22,-0.18256452846541069,-0.13010138247140546,38.504556458898065,0.034505732374559055,0.3154146009280627,1.6346342618139102,-0.0891498015798049
2022-09-23,-0.22753334494619512,-0.13028924723192356,29.0649946376099,0.0393079250137211,0.3708987081227429,1.6517234410415012,-0.3862892940295839
2022-09-24,-0.225826008080133,-0.13038647727615077,29.0649946376099,0.03650021608416959,0.3708987081227429,0.0,-0.5377154242793516
2022-09-25,-0.22468409335602194,-0.13112626675622197,29.0649946376099,0.03389305779244319,0.3708987081227429,0.0,-0.5886476718509897
2022-09-26,-0.24358102174492302,-0.1322964100112006,25.70174887847702,0.03608545067449905,0.37782459302408083,1.4376234259434104,-0.7021304806028725
2022-09-27,-0.22475184484032737,-0.13339700094411147,33.05758265690275,0.03555550274243133,0.33977296317759415,1.4883783905052863,-0.6034860592410132
2022-09-28,-0.18761494328018555,-0.13388382498533027,45.01239122131896,0.036583238895123625,0.374106246968195,1.7120023875799442,-0.25697914274740485
2022-09-29,-0.1955951978454173,-0.13479795899184127,42.9312873966151,0.03664117328680098,0.3451359493468676,1.5163411855110098,-0.0643422780611389
2022-09-30,-0.21190834333235653,-0.1367337575424827,39.236415955383514,0.03784187901339408,0.350928980221688,1.2572664781748641,-0.030430826331796723
2022-10-01,-0.21124559924182315,-0.13850831245918088,39.23641595538351,0.0351388876552945,0.350928980221688,0.0,0.013329360855071748
2022-10-02,-0.21063661399573208,-0.14034561539769635,39.23641595538351,0.03262896710848775,0.3465308032162464,0.0,0.0609381829927238
2022-10-03,-0.16872632124027923,-0.14120072889398372,51.6120248741697,0.03312874378935674,0.4008531966482427,1.5559938446867077,0.3725297206391436
2022-10-04,-0.13922227649694768,-0.14099911752504538,58.0370055212064,0.032839014478104264,0.4181870565044919,1.6540469203080785,0.7526252165269345
2022-10-05,-0.1261492329137742,-0.1400297026010511,60.46278327982208,0.03250423844183963,0.39688877743284,1.7576051503975783,1.0487182914298367
2022-10-06,-0.11856565670228696,-0.13926563489219426,61.786538886212234,0.03158639795285025,0.39739565879369343,1.2065882994841017,1.239147950133725
2022-10-07,-0.075913914925059,-0.1380024426278687,68.65063818388151,0.032097841310317746,0.42825689185163474,1.9825705897122177,1.5739052306450145
2022-10-08,-0.07503185392851379,-0.13680622403799894,68.65063818388151,0.02980513835958076,0.42825689185163474,0.0,1.71059232302014
2022-10-09,-0.07400142357569445,-0.13547077289972975,68.65063818388151,0.02767619990532499,0.4284300989852322,0.0,1.7120687095603013
2022-10-10,-0.08812828107349967,-0.13448131918134823,63.515367575072304,0.02855496890039601,0.42926880975882414,1.3530251076197746,1.5284532909288049
2022-10-11,-0.10483993801445736,-0.1335932489159447,58.0069643971751,0.029793573055807748,0.4304323868866442,1.5594024938139102,1.2177371290711871
2022-10-12,-0.12451072166938501,-0.13373407703838192,52.299145396723844,0.031426874383664705,0.4410419047469632,1.544845818091198,0.8217239752073098
2022-10-13,-0.1049388978202365,-0.13381670581702826,56.38743290777334,0.03186599845837529,0.3848524672735657,1.397429053509925,0.6413007201820765
2022-10-14,-0.1392147367269484,-0.13432010358361185,47.966053630054205,0.034579183807126726,0.41749410910461804,1.0528735519857038,0.2632148902099314
2022-10-15,-0.13840777136906224,-0.1350081079547841,47.966053630054205,0.032109242106617676,0.41749410910461804,0.0,0.003819774969958445
2022-10-16,-0.1374437575923267,-0.1355415265276805,47.966053630054205,0.02981572481328784,0.4024379332954952,0.0,-0.16759308516597848
2022-10-17,-0.1383117588699978,-0.13642825675257805,47.58563788643617,0.029832517611942652,0.39777025145617223,0.8370929196498829,-0.2840653953365426
2022-10-18,-0.1642376044137403,-0.1385753980283261,41.36729769095334,0.03239670886794706,0.3841549987786254,0.5012357813032831,-0.5182547662839188
2022-10-19,-0.1360902374868924,-0.1392086244392471,48.815943485254905,0.032136795256371746,0.3977824023638452,0.3888436143496266,-0.47006807913725346
2022-10-20,-0.13116494859668432,-0.13935212101940336,49.89564364499266,0.03214280194476857,0.3872840054724203,1.8030891539079925,-0.39312901637487474
2022-10-21,-0.13977033998327137,-0.138874235042876,47.558960491150394,0.032550010320676996,0.3907321891874889,1.3552936851361488,-0.3880978356014821
2022-10-22,-0.13903406582620736,-0.1385056730783923,47.55896049115038,0.030225009583485778,0.3907321891874889,0.0,-0.36816586468391727
2022-10-23,-0.13854658756882013,-0.1383865834506001,47.55896049115039,0.028066080327522502,0.34636437951842164,0.0,-0.3391001095538745
2022-10-24,-0.14281006884426117,-0.13835083507762866,46.19347290070044,0.02898461557958671,0.3234255310597979,1.3601468393969862,-0.33505465249719946
2022-10-25,-0.13474307872630067,-0.1380998512382749,48.691301127989774,0.029167291415209483,0.3205239130032331,1.3367487629954968,-0.2689205309727133
2022-10-26,-0.10800890635132555,-0.13743825530965753,56.332186745818085,0.029755428097967787,0.3384195718281691,1.5739078822542274,-0.048661305486967094
2022-10-27,-0.09571620423076047,-0.1355867315026221,59.282088974618695,0.02923968474942262,0.2937039888607774,1.665713927827186,0.16614365300192108
2022-10-28,-0.1074053197336858,-0.13442079354735972,55.22979251412576,0.029140845604354586,0.29638227626325175,1.3951172696370102,0.21591946414547195
2022-10-29,-0.10682938475041046,-0.13363671089657295,55.229792514125776,0.027059356632614974,0.29638227626325175,0.0,0.23446161125373247
2022-10-30,-0.10608682979499727,-0.13269067615250682,55.229792514125776,0.025126545444571047,0.29189847053733303,0.0,0.2319207074116526
2022-10-31,-0.11910463931670615,-0.13184213119826677,50.248999452990674,0.026466545792840145,0.289012116045821,1.6595633309681397,0.12833958514296961
2022-11-01,-0.09952135270370933,-0.13090005835178778,55.98965939275438,0.026917627201508993,0.2876255631207592,1.6228122846300146,0.17142092247086288
2022-11-02,-0.08211922243418654,-0.12960017338494995,60.353941503382956,0.026637491790573897,0.2852982959459131,1.6705279452418869,0.29037621243640294
2022-11-03,-0.09992085112755543,-0.12882912460710294,53.89241584087609,0.027192491467719435,0.25661741597413534,1.424707762802578,0.22918110862066499
2022-11-04,-0.05384191458295433,-0.1266003623149913,63.97097253658496,0.027934585752072024,0.3093050633829441,1.9032470396488297,0.4578938512281979
2022-11-05,-0.05336076150098633,-0.1246229420390357,63.97097253658496,0.025939258198352595,0.3093050633829441,0.0,0.5719314997635069
2022-11-06,-0.052869916717975085,-0.12263498530432784,63.97097253658496,0.02408645404132741,0.308926476621956,0.0,0.6068114314077993
2022-11-07,-0.06067973061912325,-0.12072910452761448,60.900323997786444,0.02516489566279666,0.28467373809589974,1.7087758275467686,0.5365348651390778
2022-11-08,-0.08953872023569712,-0.11948536374470986,51.54248485440724,0.02705666684267447,0.29324768102233123,1.7012957551009515,0.271345153781672
2022-11-09,-0.12034729135663648,-0.11846973152038608,43.79252362491676,0.029138084953386375,0.32051469709917946,1.895744106938635,-0.11549293333817578
2022-11-10,-0.11307907040332002,-0.11704032589310602,45.62217880155092,0.02904556950654083,0.31881504086133,1.6331732936512415,-0.3206341548577949
2022-11-11,-0.08709069536461216,-0.11548364104923328,52.14858426551938,0.02936344917798828,0.3336360361644555,1.351110521892327,-0.2823440884793704
2022-11-12,-0.08649354480464085,-0.11280613360795366,52.14858426551938,0.02726605995098912,0.3336360361644555,0.0,-0.25174556273185045
2022-11-13,-0.0858805837462349,-0.1101104906452659,52.14858426551938,0.02531848424020418,0.33245650192500265,0.0,-0.22699819186287473
2022-11-14,-0.11674776842480793,-0.10775172463826836,43.969307318975034,0.028257261040970337,0.35695184116669054,1.470730161927181,-0.40389448228314595
2022-11-15,-0.10512977051145403,-0.10483324245696582,47.010714577555575,0.029718515868447447,0.34238462314884205,1.5306468295543871,-0.4327787576731992
2022-11-16,-0.11795535050595295,-0.10249093018288345,43.769764696432965,0.030786924582076835,0.3423127142875914,1.0576506000803778,-0.5182772823412914
2022-11-17,-0.15766145330761275,-0.10152892785052892,35.86221728434819,0.03363694355750867,0.37527424397097653,0.6685758580075352,-0.8007992565433173
2022-11-18,-0.17268622937514902,-0.10060209316142711,33.303242785082105,0.036659377457974845,0.37907395488679285,0.4556876621844775,-1.0376520821378814
2022-11-19,-0.1717308487530907,-0.0994414214238634,33.30324278508212,0.03404085049669093,0.37907395488679285,0.0,-1.131543734903982
2022-11-20,-0.1705413555722242,-0.09802588826663271,33.303242785082105,0.03160936117549872,0.37699291294288506,0.0,-1.1283291215131586
2022-11-21,-0.17294457960158485,-0.09664141112558301,32.650392630798095,0.034156895348578596,0.36537321138614237,2.2872102408001465,-1.0841830917547415
2022-11-22,-0.15903227942910297,-0.09584590482075431,37.266764208160566,0.0335597640851545,0.3628734235132615,1.3015149302634865,-0.914031952616406
2022-11-23,-0.1889613579749066,-0.09613418863229221,31.525354870762527,0.03705836930802524,0.3769505902494363,1.7707027608662755,-0.9416875506088622
2022-11-24,-0.18761596524856092,-0.09668192532584113,31.525354870762527,0.034411342928880574,0.31452087592319083,0.0,-0.8976377131942062
2022-11-25,-0.20380604551375672,-0.09795857231874028,28.697520846226112,0.03609471018108659,0.3160617706250399,1.270382603285246,-0.9148451210204755
2022-11-26,-0.20282919582644823,-0.10027129082436113,28.697520846226126,0.03351651659672326,0.3160617706250399,0.0,-0.8615226699320018
2022-11-27,-0.201601415312267,-0.10231025233343667,28.697520846226126,0.03112247969695731,0.3178451884827609,0.0,-0.7648251362305367
2022-11-28,-0.19032925778119794,-0.10417958913719694,33.036127850314045,0.032461247047605925,0.31512732037279556,2.059556504286834,-0.5830018955321479
2022-11-29,-0.17887636314146876,-0.10537630649761838,37.15431278626483,0.03284160440030798,0.3041136209867519,1.9449502314113314,-0.356026206324076
2022-11-30,-0.15286898673905158,-0.10581879981522883,45.92171710821236,0.03242597556994027,0.325675274200804,1.4843142027426368,-0.02312982143986453
2022-12-01,-0.14450600346265607,-0.10571490716816945,48.14294301620365,0.03286035905620564,0.3064192301447333,1.650879838030605,0.25154316085078277
2022-12-02,-0.15604598066523837,-0.10602711943259936,44.49992653832807,0.033281478731507136,0.30832321389755935,1.3426669451961333,0.3528592283088612
2022-12-03,-0.15459993290839835,-0.10568556586830584,44.49992653832807,0.0309042302506852,0.30832321389755935,0.0,0.4185369136056827
2022-12-04,-0.15327488490976052,-0.10547591432993467,44.49992653832807,0.028696785232779114,0.2880682480965181,0.0,0.45748028831614374
2022-12-05,-0.18404058261256243,-0.10564356055621876,36.10637477874774,0.033227981992844005,0.306723848112411,1.7897507410032831,0.2819388795117639
2022-12-06,-0.21083468271878822,-0.10617381477983412,30.637915891104043,0.036268365785817054,0.32211269783130225,1.889418308291542,0.004134849535188945
2022-12-07,-0.2329622551720336,-0.10651448528976572,26.962260332588684,0.03832606203697072,0.3005462083814667,1.8318119450077197,-0.29513196020899546
2022-12-08,-0.23712366983508698,-0.10753075283699891,26.13322919302766,0.04018049830959914,0.29668670099317307,2.0361439268315293,-0.48363897762371044
2022-12-09,-0.24022835301662343,-0.10885691685605207,25.45881394098012,0.0403979533711882,0.29597405248287084,1.4220275099709194,-0.584719760602864
2022-12-10,-0.2386502754675273,-0.11001406939237578,25.45881394098012,0.037512385273246185,0.29597405248287084,0.0,-0.596292029397874
2022-12-11,-0.23704267953998445,-0.11114930278234551,25.45881394098012,0.03483292918230003,0.2966634301039338,0.0,-0.5497963879653991
2022-12-12,-0.21221398735806873,-0.11174944191931734,35.60139521475139,0.03504543962092944,0.3148560797577392,1.40799978415657,-0.33088111195242886
2022-12-13,-0.1865747680931275,-0.11183113118468617,44.06465458112492,0.034615785213119095,0.31412070124219466,1.5443589939419695,-0.010151087840602369
2022-12-14,-0.16447913197971212,-0.11175523918921894,50.07960855377671,0.03399132227353938,0.3279813419603644,1.2031282618196777,0.3365444405240132
2022-12-15,-0.17539198320190807,-0.11243748271313936,46.72959760195676,0.03433849127021747,0.32342911455361356,0.9321464453626375,0.4852913431017143
2022-12-16,-0.19332858228666366,-0.11368431098622764,42.02069849843323,0.03578210016257629,0.3344637639302485,0.4033099016127924,0.4595826675178105
2022-12-17,-0.19155622033311237,-0.11469911399219827,42.020698498433234,0.033226235865249414,0.3344637639302485,0.0,0.44097695337333365
2022-12-18,-0.18974998435172286,-0.1156899346880051,42.020698498433234,0.03085293330344589,0.33059021426589386,0.0,0.42679350445459674
2022-12-19,-0.17806584328851913,-0.11645414828035604,45.41776934917795,0.03077616971792588,0.33041352826608844,0.33007233718896867,0.47258861162102006
2022-12-20,-0.16627818828096977,-0.11667120262928135,48.65736481837164,0.030530375305228792,0.3131092369775212,1.222244981466673,0.5524988486425395
2022-12-21,-0.14026127199002944,-0.11691688667332407,55.59539545103921,0.030116715380341393,0.33072419442343515,1.149430805807706,0.7313071494413268
2022-12-22,-0.14710865119029795,-0.11765971472009813,52.801213370967275,0.03089974138764675,0.32844048618622523,1.0898940528604235,0.7696091387823278
2022-12-23,-0.1224446955237345,-0.117664218841138,58.59932558533939,0.03049583120841436,0.3432777572867349,1.1162614438504683,0.899239416122827
2022-12-24,-0.1205118010357149,-0.11860599452925424,58.59932558533939,0.028317557550670475,0.3432777572867349,0.0,0.9451649685626324
2022-12-25,-0.11843852341976185,-0.11942022530956413,58.59932558533939,0.02629487486847973,0.3124554599328626,0.0,0.9340643055668433
2022-12-26,-0.11638488966819219,-0.12026761659268453,58.59932558533939,0.024416669520731175,0.2810744801860126,0.0,0.8856737091204602
2022-12-27,-0.11469553273167672,-0.12098270722377338,58.45934051210834,0.024495400871771385,0.2519797897467333,1.195514089446287,0.8125141382921408
2022-12-28,-0.1189953337647818,-0.12115767010166949,55.73493151092639,0.02528001977475571,0.2516695666844068,1.352137595592275,0.6913515188050129
2022-12-29,-0.12317587495164524,-0.12074226007904898,53.115909140670006,0.025619016052456436,0.2522464333003895,1.3709750442453594,0.5455156461274374
2022-12-30,-0.10032757232333604,-0.12013025560970853,59.862357934525924,0.02587207644758456,0.2598592002560311,1.319308312848854,0.5450553028596542
2022-12-31,-0.09837343040471244,-0.12017381061942775,59.86235793452593,0.024024070987042807,0.2598592002560311,0.0,0.5157944720480506
2023-01-01,-0.09659487231020895,-0.12039679634087705,59.86235793452593,0.02230806591653975,0.24452251239026748,0.0,0.46884035476823027
2023-01-02,-0.09469288662534016,-0.12050758565341513,59.86235793452593,0.020714632636786908,0.22537074819425318,0.0,0.412189258716692
2023-01-03,-0.13065440158345507,-0.12090661532111888,44.45731064263809,0.024617217318656584,0.26086896604086507,2.7178464045859445,0.13897762823487314
2023-01-04,-0.1751620450909444,-0.1222677394042947,33.167514800993956,0.028741497265487564,0.318502143069198,2.691505963852224,-0.304466063580136
2023-01-05,-0.1640644356893937,-0.12318561088199338,36.68160422390301,0.028773000295127568,0.31084962488645357,2.1325513129935714,-0.5166846466493322
2023-01-06,-0.16122657812438637,-0.12319122903808132,37.11064772283062,0.028840792947296433,0.3109005156682012,1.676964380553611,-0.6182604423266477
2023-01-07,-0.15946426915765746,-0.12278693036452046,37.11064772283062,0.02678073630820383,0.3109005156682012,0.0,-0.6501352397127249
2023-01-08,-0.15790895344870712,-0.12260433277814171,37.11064772283062,0.02486782657190356,0.30750906953012924,0.0,-0.6351700824328532
2023-01-09,-0.14664834156502846,-0.12236386730912607,41.377386320117374,0.025955179759752596,0.3073397014265855,2.1357054024999473,-0.5353001363484645
2023-01-10,-0.139446416340185,-0.12178631743086268,43.7203065926984,0.02592181629266995,0.288346729577336,1.947934893113227,-0.40984102783354215
2023-01-11,-0.1116756669908317,-0.12107650366754594,53.14500784895778,0.02661543106193285,0.30828961326454213,2.1342306779959976,-0.15911428848885856
2023-01-12,-0.09891839814011803,-0.1194964828412216,56.50205771513877,0.026282427988461095,0.2960089903640675,1.8325514693226814,0.07374544800242666
2023-01-13,-0.08045076268631725,-0.11754824108563447,61.01423523363151,0.025869944590759773,0.3038697956144747,1.5571566770179088,0.3143025261156138
2023-01-14,-0.07875884309399106,-0.11509862212086823,61.01423523363151,0.024022091405705503,0.3038697956144747,0.0,0.4525453465504277
2023-01-15,-0.0771662711922428,-0.11274148714899487,61.01423523363152,0.022306227733869394,0.3038697956144747,0.0,0.5183812129610754
2023-01-16,-0.07578322147362238,-0.11058312943417219,61.01423523363152,0.02071292575287872,0.30386052607844166,0.0,0.5342010827972453
2023-01-17,-0.07056054010114125,-0.10844523110660095,62.163445888643466,0.02156197654205343,0.30276429920250303,1.7609277330258184,0.5370466718541076
2023-01-18,-0.07712632620862409,-0.10664949797541624,58.12696848659736,0.023289690516797558,0.3033960894210475,0.5381692916877097,0.46529322173068477
2023-01-19,-0.06573249380865473,-0.10524087761210563,61.40424905495869,0.024109337624852643,0.2937446300757337,0.35757383392738634,0.4484005629069161
2023-01-20,-0.0528410389179515,-0.10380657677978815,64.82272216095416,0.023830436007614694,0.29680533113402796,1.6709533750869867,0.47405325175978197
2023-01-21,-0.05183650427857113,-0.10254591125911289,64.82272216095417,0.022128262007070788,0.29680533113402796,0.0,0.4614062828226092
2023-01-22,-0.05088357218069557,-0.1013334481188481,64.82272216095417,0.020547671863708587,0.29680533113402796,0.0,0.4243651671286678
2023-01-23,-0.046089659463400226,-0.09984152579216644,66.01208939323377,0.02039897477111205,0.2512146854683661,1.673169896504026,0.39279262214559874
2023-01-24,-0.06215220058428618,-0.09779343495566052,56.180130097506684,0.02157613100785816,0.1624050523656523,1.6531180622852453,0.2505350259618294
2023-01-25,-0.06056345555400939,-0.09510755045176583,56.27429152258682,0.021616295415832196,0.16124417894492823,1.7066073518114264,0.14215383785455493
2023-01-26,-0.0491582895920845,-0.09173198961836682,60.23077824789603,0.021816618764477897,0.16242443995553463,1.6555070950304072,0.11396985355488942
2023-01-27,-0.06342729001123644,-0.08849660441044568,52.34276421294127,0.023680201758406263,0.17844558072598068,1.8929042610274542,-0.002491225962855337
2023-01-28,-0.06253694652274959,-0.08559233341632556,52.34276421294127,0.021988758775662955,0.17844558072598068,0.0,-0.08329430858165021
2023-01-29,-0.06161949123606191,-0.08265768779040601,52.342764212941276,0.020418133148829887,0.1765291439599219,0.0,-0.13732197386477263
2023-01-30,-0.08161537177406979,-0.08006863910985913,42.9421807221095,0.021987816664073193,0.19802710304167928,1.8319803455420223,-0.28501748593449805
2023-01-31,-0.06915259188906042,-0.07770693240913551,48.38259060464191,0.022611402534597435,0.1721486428553292,1.768656891568575,-0.30753155892220596
2023-02-01,-0.09705768400882797,-0.07631168053726727,38.38627845550459,0.025112360908050406,0.2007231429423285,2.010605771467494,-0.46859778589223333
2023-02-02,-0.10216912039928643,-0.0754566074340582,36.630289035234924,0.025618326195943366,0.1871024433613911,1.8638307233229954,-0.5838268081148196
2023-02-03,-0.13012816526894777,-0.07450092735344178,29.745769575351147,0.029364590888994777,0.2154323638592239,2.036931058820921,-0.7880368790380415
2023-02-04,-0.12853591462307942,-0.07302059425251656,29.745769575351147,0.02726712011120943,0.2154323638592239,0.0,-0.8766115760509671
2023-02-05,-0.12703959633368386,-0.07164306225503629,29.745769575351147,0.025319468674694468,0.2154323638592239,0.0,-0.8860670538440939
2023-02-06,-0.11730777578528372,-0.07045637332243135,34.21129852437342,0.025460750618035925,0.2192890977989133,1.8416947383265754,-0.7974681441541005
2023-02-07,-0.08025694913855429,-0.06901828985538745,48.924494142088804,0.025945080609858406,0.26956376172394225,1.837990144660821,-0.5028189064418868
2023-02-08,-0.06349316727188192,-0.06754855484541471,53.80784966471094,0.025039817734855994,0.27440378996501724,1.4922846962799061,-0.20181112264555046
2023-02-09,-0.06746041843321028,-0.06667670449379476,52.15245849899917,0.025496293540814667,0.27020131881135034,1.36163270243909,-0.023180368000531804
2023-02-10,-0.04666234793839126,-0.06519576413282603,57.811640123125194,0.025744685076802998,0.2824510784967453,1.391588530460907,0.2015385805423474
2023-02-11,-0.04579169064578044,-0.06430372963723482,57.811640123125194,0.023905778999888497,0.2824510784967453,0.0,0.33696767469392597
2023-02-12,-0.04478898182182662,-0.06328213026550135,57.811640123125194,0.022198223357039318,0.28194248537341055,0.0,0.40856418355140456
2023-02-13,-0.03881905333411533,-0.06222849092998724,59.33163835368971,0.022438729634429954,0.27516115037961353,1.2467470882586489,0.4622705588187153
2023-02-14,-0.05065878095938952,-0.061247279891105066,53.948995312652556,0.023541901484885577,0.27937591200902145,1.2404214499967536,0.4051682641663428
2023-02-15,-0.05516624371720508,-0.06034300858883579,51.748763724850434,0.02371793712653612,0.2767138769691801,1.099850046532981,0.31961199202057244
2023-02-16,-0.05522523567036292,-0.05931774949834084,51.269665470522554,0.02352611537875727,0.27095346920358543,0.515845583203787,0.24359056970030507
2023-02-17,-0.08013295105214514,-0.05881956111974432,42.21930688072781,0.025670256481302344,0.28709553946723837,0.400909479533809,0.04614897734348003
2023-02-18,-0.07912986130374797,-0.058738950547742835,42.21930688072781,0.02383666673263789,0.28709553946723837,0.0,-0.0799433190328823
2023-02-19,-0.07833382449615417,-0.0588718253865223,42.21930688072781,0.02213404768030661,0.2768561339743926,0.0,-0.15452308542562915
2023-02-20,-0.07765455029212799,-0.05912544352410555,42.21930688072781,0.020553044274570425,0.2724038503126559,0.0,-0.19255401202818137
2023-02-21,-0.07911437626938359,-0.05938599980899266,41.39645205076866,0.020837006534187793,0.24892185577357787,1.9849076355484803,-0.21673103243284605
2023-02-22,-0.10502171733489576,-0.059250110857828324,32.914080471167054,0.02258312120759185,0.2685906790114435,1.6410675653166324,-0.360014073031811
2023-02-23,-0.0868415120408608,-0.0578563887276674,41.34735253620344,0.02261599577714776,0.25034407069337267,1.683164473037393,-0.336683723770879
2023-02-24,-0.074767784892314,-0.056389221488168176,46.06314715625976,0.023121873892048183,0.25320120229102877,1.5328241517079433,-0.24192611960899363
2023-02-25,-0.07397184032329898,-0.054958657622098527,46.06314715625976,0.021470311471187598,0.25320120229102877,0.0,-0.16616569430358602
2023-02-26,-0.07309404263811052,-0.053443441572919886,46.06314715625976,0.019936717794674198,0.2516181193079501,0.0,-0.10590509412240817
2023-02-27,-0.07982415478483708,-0.05190518938962915,43.085655930156314,0.020396420635741735,0.20625416475507766,1.410191455466439,-0.09912033104518703
2023-02-28,-0.06230923673053771,-0.050448491241164115,50.4667430295261,0.020716429455253624,0.2072774863529037,1.6132067788519302,0.002290700729780326
2023-03-01,-0.05369132244066391,-0.04898965245613363,53.5005583395614,0.020668781978578948,0.2090309294621789,1.830298270551875,0.11110318086072651
2023-03-02,-0.047158070068374615,-0.047999288936482365,55.6488877720349,0.02031989538863733,0.19484689062709204,1.429334993646174,0.2077485028003389
2023-03-03,-0.028051469593129492,-0.04711962100773386,61.796233620747536,0.022157056685692334,0.2078530474542089,1.8631388278687382,0.35823613224114026
2023-03-04,-0.02764523288230945,-0.04676528580871909,61.796233620747536,0.02057440977957145,0.2078530474542089,0.0,0.4367631393402531
2023-03-05,-0.02714482838147485,-0.046318675465810775,61.796233620747536,0.01910480908103063,0.20694028618675417,0.0,0.4650746354500107
2023-03-06,-0.01701892453646395,-0.04558718438068556,64.91320078777109,0.01961890852983364,0.20360512282889373,1.5768653846465024,0.5091455874053639
2023-03-07,-0.05143962996928586,-0.04537512740778035,49.01251462620519,0.022466200804175124,0.24113469179647218,2.0732232673747975,0.3260511466750303
2023-03-08,-0.06187909746832708,-0.04541246600812203,45.20332336049957,0.022621281615129198,0.24446852421754528,1.6547921263756171,0.13451137800575688
2023-03-09,-0.07252822804859288,-0.04545371170899256,41.642206463989524,0.02374718394510665,0.2282171480356197,1.6213937240257785,-0.05386413199850987
2023-03-10,-0.059989417236098554,-0.04555582207340873,46.295427167773724,0.023954637295991215,0.23283507592452787,1.5861147878669475,-0.10900496457921992
2023-03-11,-0.059005436218099325,-0.045693091782058375,46.295427167773724,0.022243591774848984,0.23283507592452787,0.0,-0.13876276345013652
2023-03-12,-0.05795285024865797,-0.045763245367686,46.29542716777373,0.0206547637909312,0.23283507592452787,0.0,-0.15073474714685473
2023-03-13,-0.08004807639098313,-0.04632474248123956,38.740060741923934,0.02459844531825968,0.2489508892188502,1.9285551362379383,-0.2705648130102405
2023-03-14,-0.12155116179373207,-0.04758315731798824,29.251131590988166,0.028078279255540756,0.2806969988443424,1.7869983564955583,-0.5525702118695119
2023-03-15,-0.16605712513463974,-0.04917684920160738,22.802847907431016,0.034807513654494256,0.32139643381442273,2.1917892587466037,-0.9361357752603825
2023-03-16,-0.15564279094021674,-0.05064105067778816,26.284094102038225,0.035806633071778476,0.3204245743407465,1.2920150766689615,-1.0764897765947583
2023-03-17,-0.17398743803268094,-0.05239499184957132,23.7722953817903,0.03883512295882432,0.32611359485437946,0.5838028686114748,-1.2045637685902555
2023-03-18,-0.1727126845498518,-0.054140590677418776,23.7722953817903,0.036061185604622584,0.32611359485437946,0.0,-1.2127351161583366
2023-03-19,-0.17154147032297598,-0.05601405348312652,23.7722953817903,0.03348538663286382,0.3268213101433836,0.0,-1.1425613849167189
2023-03-20,-0.15937980849843703,-0.05789392763124902,28.540172358810537,0.03446036233484417,0.32267824278235446,0.32527394596863496,-0.9669209756952917
2023-03-21,-0.13743657327259856,-0.058998442832458815,36.56392074346918,0.034134559859543646,0.3377645825109288,1.7083517937704265,-0.6817636350942309
2023-03-22,-0.11702636554148345,-0.060047812070185703,42.97030925695458,0.03343253649313577,0.3501725856695224,1.386225238866317,-0.3490160403020033
2023-03-23,-0.12781457388462902,-0.06066526247157681,40.343295154113584,0.03404472838006051,0.33942895850722415,1.3874766574841735,-0.1632699692745625
2023-03-24,-0.13559250651518298,-0.06128544270189184,38.45778017856452,0.03560393100086724,0.33883796373052666,1.461096332489072,-0.0637100062609961
2023-03-25,-0.1346410079858304,-0.061284183464513454,38.45778017856452,0.03306079307223387,0.33883796373052666,0.0,0.021428454083452397
2023-03-26,-0.13395497728940575,-0.061572848801796906,38.45778017856452,0.030699307852788592,0.33424605755379466,0.0,0.09301585738853957
2023-03-27,-0.08895373539954474,-0.06108802607764046,52.5150329958755,0.031011287634845484,0.3758914006195975,1.4502889725325363,0.3786974031595971
2023-03-28,-0.08329439296922356,-0.0605169758923782,53.76449687067808,0.030340663798622044,0.3754165105165192,1.3492978945050755,0.5810664185744869
2023-03-29,-0.08538322587654747,-0.06074862809788508,52.880794420905524,0.029838264812827548,0.37351375817280397,1.2942955728177605,0.6797172279442121
2023-03-30,-0.06710926536005819,-0.061045573440653714,57.46391622437605,0.02912548491205449,0.37750242787341637,1.1407065840459323,0.8106614403677006
2023-03-31,-0.05008074193687225,-0.06093191823363643,61.23448601500065,0.028421167488504623,0.38332938028490093,1.2092782278386964,0.9467524029113901
2023-04-01,-0.04938621348879259,-0.061262896931609155,61.234486015000655,0.02639108409646858,0.38332938028490093,0.0,0.9938146245216704
2023-04-02,-0.04862069903820255,-0.06152533939066674,61.234486015000655,0.024506006661006535,0.37258559208426684,0.0,0.9803431721074574
2023-04-03,0.011397376792634114,-0.06107308745367353,72.39973788015249,0.02675845399827022,0.39012657493073993,2.332857488837268,1.2305360840845685
2023-04-04,0.015325478332266934,-0.06066982053428836,72.91269286261621,0.026704860409056837,0.3239104526234839,1.534132288936806,1.345441822917092
2023-04-05,0.014354616635874541,-0.06001378074433016,72.41293357322425,0.026175002027894786,0.32586533182062366,1.1571664955700964,1.3415732498613322
2023-04-06,0.015768925457299656,-0.05922172355951033,72.59498909856586,0.02543774891856153,0.3047838481126739,0.0,1.2725293443781696
2023-04-07,0.01609058198772979,-0.05836729351725799,72.59498909856586,0.023620766852949986,0.3047838481126739,0.0,1.157610490982198
2023-04-08,0.01633051783959211,-0.057046748583607206,72.59498909856586,0.021933569220596416,0.3047838481126739,0.0,1.0173239166998687
2023-04-09,0.016473893940317553,-0.055815377771812315,72.59498909856586,0.020366885704839528,0.3063247844769183,0.0,0.866172713467213
2023-04-10,0.004619282789670071,-0.05473562629002899,66.31584610347734,0.020581980911924688,0.30882369556584727,1.3136428564167324,0.6528962854694369
2023-04-11,0.026990448879747914,-0.05359421441961508,71.30050164490609,0.02063717687208213,0.3086935040932562,1.5464066044225062,0.5858717657293584
2023-04-12,0.0484839069010916,-0.0520753713206906,75.13093066203527,0.02069518586229132,0.30261130472213604,1.7691271947178488,0.6088644205045002
2023-04-13,0.034409000638032795,-0.05021214350518902,68.83961646097703,0.020630526343797882,0.3054693871207126,1.3374239881836905,0.5050809527538698
2023-04-14,0.038561527881621795,-0.04876469400961118,69.73288146167346,0.020250549755486017,0.3041985044445305,1.315904891770937,0.4192992305373746
2023-04-15,0.03829886959615955,-0.04744505125692202,69.73288146167346,0.018804081915808443,0.3041985044445305,0.0,0.3253678944987528
2023-04-16,0.038274701555171146,-0.045907044063805816,69.73288146167346,0.01746093320753641,0.2610386178688614,0.0,0.23051099500324757
2023-04-17,0.017036613872957525,-0.04474810003011334,59.69858457800689,0.018532181593132538,0.27797424221064526,1.1680010504303429,0.03166962372752424
2023-04-18,0.017326387887698035,-0.043526999911467065,59.80913986863751,0.018624281817418962,0.2768681703062772,0.5501982319260681,-0.11222981539392496
2023-04-19,-0.004041160541861738,-0.04297620091806611,51.23221498942224,0.020119714951440944,0.28671238068670163,0.47334953275547337,-0.32429776075687844
2023-04-20,-0.027434170944885917,-0.042944400108827434,43.792700958646385,0.021158530386749228,0.2966575850168439,2.1475531015992573,-0.5780856857570946
2023-04-21,-0.019780583517349667,-0.0426704477781574,46.39283694816169,0.021032723209664195,0.2974424393088174,1.5921240954834746,-0.6870477606505285
2023-04-22,-0.019246635814085655,-0.042604898105466915,46.39283694816168,0.01953038583754532,0.2974424393088174,0.0,-0.7349722674686627
2023-04-23,-0.018635431713083586,-0.04246446437824508,46.39283694816168,0.018135358277720653,0.19041143430426652,0.0,-0.7404521768053312
2023-04-24,-0.006812688696586154,-0.04211146916745176,50.758488931123495,0.018880689713284687,0.19518162212418602,1.996257667713435,-0.6605560466910423
2023-04-25,-0.027169088018224374,-0.04202599292757477,43.512142937550216,0.020298393751062856,0.20807280987847088,2.2747735422638287,-0.6944803048763792
2023-04-26,-0.06104706538692503,-0.04174486027866622,34.7543262661719,0.023281253471768293,0.2395323296502778,2.7072279327785935,-0.8653064575021406
2023-04-27,-0.054165328075747685,-0.041141783586336814,37.02127475092453,0.02267958703444466,0.24190473056459122,1.7193931319719233,-0.904882086212522
2023-04-28,-0.027726526397637535,-0.04000212886149358,45.90904718899133,0.02328716177819213,0.2652769104957277,1.509297905475105,-0.7585000003613102
2023-04-29,-0.026952100572480847,-0.039212134676681845,45.90904718899133,0.021623793079749834,0.2652769104957277,0.0,-0.6304195041981653
2023-04-30,-0.02630487671501512,-0.03854770273185527,45.90904718899133,0.020079236431196277,0.26295196040870517,0.0,-0.519087427571804
2023-05-01,-0.039689243848808266,-0.03798596387403877,41.821882224019745,0.02104517168329929,0.25029014666909344,1.07721060582795,-0.4943815138826718
2023-05-02,-0.08965311241065645,-0.03793133192818014,31.154218912304174,0.02530761543604975,0.2881126755197302,2.0613775638327945,-0.707934713646409
2023-05-03,-0.12758388594454453,-0.03758511392444899,25.744270020648827,0.028546516211838905,0.313973875820993,2.290511493229066,-0.9980274989486017
2023-05-04,-0.1271462805192652,-0.03629867539889485,25.681488917010228,0.03298235192013852,0.3116979586603533,1.8663019378330683,-1.1258823465488712
2023-05-05,-0.09093636173044646,-0.034669684194951596,37.15236662003114,0.03276713670370639,0.3572015535856886,1.391632733731029,-0.9628153293868145
2023-05-06,-0.09027095792127543,-0.03278990965499212,37.15236662003114,0.03042662693915593,0.3572015535856886,0.0,-0.8011709425974463
2023-05-07,-0.08944596734795222,-0.030738542882264217,37.15236662003114,0.028253296443501934,0.35434473816887535,0.0,-0.6470658681865145
2023-05-08,-0.06545155426183802,-0.02830470888633877,44.19529175259684,0.028169834144527332,0.3711651714921865,1.2271139749429754,-0.38814132179659144
2023-05-09,-0.05774342833679075,-0.02604851971261034,46.1588731399227,0.028327005449691415,0.3683625084137265,1.2784200554101615,-0.15725575364690125
2023-05-10,-0.071703160480124,-0.024443916976684923,42.77010101581321,0.02877794083362097,0.3635626254716337,1.4182058207176362,-0.06417929291747582
2023-05-11,-0.09250096522984194,-0.023565908785389236,38.3180309550429,0.03025222913130121,0.3682759084183722,1.4543098634095348,-0.09667296519352475
2023-05-12,-0.1022935359157981,-0.022635559866393345,36.318500663666995,0.030310924764161768,0.3687489873555862,1.0379545773576409,-0.1510651119588413
2023-05-13,-0.10141361961140097,-0.021477422484994794,36.318500663666995,0.028145858709578784,0.3687489873555862,0.0,-0.16301838630809984
2023-05-14,-0.10038236412281504,-0.02015405745601156,36.318500663666995,0.026135440230323156,0.36418784975594154,0.0,-0.1473736353336934
2023-05-15,-0.08558362837101795,-0.018546156602484074,41.254321441903684,0.026193663644904414,0.3663075254535663,1.0576466053289646,-0.04663032531196909
2023-05-16,-0.08779901414799529,-0.017971751486659575,40.46515546498078,0.025759256116959776,0.34604881278907274,1.0030433061296562,0.01803696528580523
2023-05-17,-0.06152830747668497,-0.017113610767431675,48.779926138111165,0.02643034885288339,0.3611226226402496,1.2003973431514223,0.1983367212717695
2023-05-18,-0.07306960704915871,-0.01638316639644208,45.416490711145755,0.026315052057908735,0.3476590483873161,0.3749992754051644,0.2535849183139909
2023-05-19,-0.07617575441141565,-0.016160145989299376,44.36370391340979,0.026907254804068977,0.3474899853540191,0.3192047649122551,0.2690989395824097
2023-05-20,-0.07517151587098456,-0.016155737990957094,44.36370391340979,0.024985308032349763,0.3474899853540191,0.0,0.2780650676863077
2023-05-21,-0.07406744437507422,-0.016047554445211692,44.36370391340979,0.023200643172896208,0.34505036457266464,0.0,0.28182331742140865
2023-05-22,-0.0673970758342837,-0.015969804089219608,46.559736497049904,0.023207665172122843,0.2901587265762256,1.3153326337545754,0.3095574648740662
2023-05-23,-0.05427197510602633,-0.016660816311780135,50.92184523967643,0.023315788149577542,0.2440506844028339,1.6537031487614773,0.3807930063625733
2023-05-24,-0.034579354574952786,-0.017148747247878477,56.82146153953341,0.022982633330404418,0.2503866873491587,2.026782014158237,0.5072383608826896
2023-05-25,-0.06591517915653325,-0.018104311397301395,46.30070864090787,0.025457801302747746,0.24610726285291423,2.1634445205172668,0.409062805899823
2023-05-26,-0.05381548982551712,-0.018973164964260547,49.65992214904385,0.024899493513499304,0.24929948271247743,1.2546163879102035,0.3881019939317306
2023-05-27,-0.05281407943156944,-0.020028150101099183,49.65992214904385,0.023120958262535067,0.24929948271247743,0.0,0.3621455205379023
2023-05-28,-0.05200103559484649,-0.021282031848172324,49.65992214904385,0.021469461243782562,0.23192897848367794,0.0,0.33359314167500553
2023-05-29,-0.05114695106030288,-0.022497227349865614,49.659922149043844,0.019935928297798094,0.2301245109491296,0.0,0.3041501361868505
2023-05-30,-0.09190388846250229,-0.023939166007553525,37.57730672690834,0.02402582890903646,0.27313754728474954,2.415443956212538,0.07014449207275841
2023-05-31,-0.10859875084346268,-0.02612476949784262,33.79772611068594,0.02554900832335864,0.26972832475089753,2.385393329230637,-0.16254569412371755
2023-06-01,-0.08115042919936326,-0.028370952191821053,42.87587477184774,0.026671298766679345,0.28878903952978835,2.0544095637212076,-0.16613888288945533
2023-06-02,-0.058782190032245316,-0.03020450987730677,49.018687134859036,0.026360620688129773,0.30028412718347075,1.5465521072513146,-0.04918419789188366
2023-06-03,-0.057843994452617786,-0.03206928667149441,49.018687134859036,0.024477719210406215,0.30028412718347075,0.0,0.03264777216029913
2023-06-04,-0.05698636603495045,-0.03402223169982288,49.018687134859036,0.0227293106953772,0.29576336982216384,0.0,0.08810132695699346
2023-06-05,-0.051005005933804526,-0.03614730000041468,50.67489117128025,0.024282549047060717,0.2958716863406049,1.889292200026031,0.1500791102585869
2023-06-06,-0.055879983759489764,-0.038010896142843906,48.961935651814436,0.024867400814171502,0.27914667827933337,1.534280073995321,0.16022416338245116
2023-06-07,-0.045008892262568746,-0.03972633740633036,52.30720130499331,0.024986542897433604,0.27780685996640503,1.383589180948434,0.21356595038603182
2023-06-08,-0.06079224608969708,-0.041243983593631586,47.089940103138666,0.027863616094130187,0.28443858180818005,2.0483544771198736,0.16114980905944498
2023-06-09,-0.07496515383623951,-0.04251706322906934,42.925301811165006,0.027986280976356224,0.2898336975349518,1.1933257660216594,0.052484902905285735
2023-06-10,-0.07430740190049548,-0.04386782998677994,42.925301811165006,0.025987260906616492,0.2898336975349518,0.0,-0.014382910336376065
2023-06-11,-0.07383272727280044,-0.04541017949229953,42.925301811165006,0.024131027984715312,0.28869400576263354,0.0,-0.051515012658759574
2023-06-12,-0.1134562867347277,-0.04756784997105938,32.99905968367948,0.02718219202027534,0.32010219826536657,1.664584063717986,-0.26258899066729524
2023-06-13,-0.08266157220449943,-0.049604595759042094,43.59216738081989,0.027192754477218955,0.3381180408329446,1.5129067479818494,-0.22959910924902138
2023-06-14,-0.09738036941744595,-0.051428301527440615,40.1721835227906,0.02820771731240237,0.3226572360985523,1.2887111999085687,-0.2650115557436141
2023-06-15,-0.06596069816648821,-0.052046701729974935,48.98074454439752,0.02834549776951676,0.3450766559799349,0.5049732745865614,-0.11747455204533841
2023-06-16,-0.050275352295708016,-0.05249286520891269,52.68398705717564,0.027825967849502753,0.3507167417441272,0.42403423568240506,0.061321574815553004
2023-06-17,-0.04987181714432621,-0.05341393930890799,52.68398705717564,0.025838398717395412,0.3507167417441272,0.0,0.17616952494960447
2023-06-18,-0.049320015597668555,-0.05418863068091958,52.68398705717564,0.023992798809010025,0.3507167417441272,0.0,0.24451395148725297
2023-06-19,-0.04872534160966686,-0.05492226637712132,52.68398705717564,0.022279027465509308,0.31028715338217316,0.0,0.27957084582920116
2023-06-20,-0.06510142740511986,-0.05569675190720247,47.56028070986662,0.0235354064312341,0.3086130930265524,2.0387956153476567,0.2096022892541805
2023-06-21,-0.037706323406481265,-0.05499920878637615,55.02992783949589,0.02342892755246685,0.30776214746387315,1.2934447565236473,0.2882322674949496
2023-06-22,-0.07713322690626245,-0.05410075970125269,44.80497461077648,0.026523317873700363,0.3330134027398971,2.010719114067274,0.1329431653508451
2023-06-23,-0.08130620482832396,-0.05345320691467666,43.789482454463524,0.027128881400958024,0.3332186918036287,1.4289376321177412,0.009268667898692295
2023-06-24,-0.0809955194042968,-0.053712460974530835,43.789482454463524,0.02519110415803245,0.3332186918036287,0.0,-0.06579222650122113
2023-06-25,-0.08082146816276553,-0.054112711148677675,43.789482454463524,0.023391739575315845,0.3321660816129399,0.0,-0.1062982864006739
2023-06-26,-0.07790238553108275,-0.05450504282523024,44.728251671635746,0.02309669368063263,0.3322928408669411,1.368186809107569,-0.10937872460908782
2023-06-27,-0.09990225102126891,-0.0557482270392943,39.13130860709908,0.024771927344441516,0.3381021083635894,1.840773776418076,-0.20856824988374068
2023-06-28,-0.07508305163058594,-0.056760197335305636,47.07479738776196,0.025139420682559054,0.3506304156119825,1.812819758083967,-0.13704527867670374
2023-06-29,-0.07102236420201821,-0.05740552384927227,48.2479173432011,0.02495099637303535,0.34666615636641795,1.444332192705522,-0.06151542010154154
2023-06-30,-0.060492130879364746,-0.05730811843852928,51.27211641592187,0.024439813975393798,0.34892169313619464,1.377066991914571,0.04333888991566359
2023-07-01,-0.06019527136338987,-0.056850603536478465,51.272116415921865,0.022694112977151383,0.34892169313619464,0.0,0.11120008382103241
2023-07-02,-0.05977997849061188,-0.05627411280867436,51.272116415921865,0.021073104907354853,0.30787172651378586,0.0,0.1520638658189572
2023-07-03,-0.07070261837014173,-0.05594359590764463,47.4946105438578,0.02193503720531642,0.28822239744514033,1.5612673944168096,0.11927254490699196
2023-07-04,-0.0704241160125995,-0.05601230813156506,47.4946105438578,0.020368248833508105,0.2811843845710301,0.0,0.09600767826566498
2023-07-05,-0.04362565598941155,-0.0556073264017332,56.28377805942763,0.02075448067677223,0.2727835178835155,2.3280776792050646,0.2073498980719825
2023-07-06,-0.043333739730576644,-0.055725141537323615,56.32315505436741,0.021378361154032452,0.26659441753098895,1.8736034077147932,0.269754881716347
2023-07-07,-0.015799040497345714,-0.05510845773842353,63.59604673575293,0.021937796109818525,0.2851867452772522,1.5824495387802293,0.42842667419513003
2023-07-08,-0.015652790176636313,-0.05435233259913714,63.59604673575293,0.020370810673402916,0.2851867452772522,0.0,0.5066780971870174
2023-07-09,-0.015362127476013288,-0.053457199350482376,63.59604673575293,0.018915752768159853,0.2851867452772522,0.0,0.5292666998144773
2023-07-10,-0.026668302854082844,-0.05278914748309996,58.46115577618933,0.019222331410213053,0.28049187943058845,1.351749502379485,0.4590549444595858
2023-07-11,-0.0018167931965103854,-0.05173265007673535,64.91358087563412,0.01930040310815307,0.27618562007102576,1.4476910805811083,0.5062583571316661
2023-07-12,0.01071221621594672,-0.05073375407771473,67.62174447507024,0.019099710472357413,0.22565179974700153,1.5869144215092612,0.5647143555708529
2023-07-13,0.026105702059338983,-0.04988403396765518,70.64528666033036,0.019339726686677522,0.22577228458707163,1.685913911515803,0.6399117624338797
2023-07-14,0.006766483190919332,-0.04866305493419445,62.53587120072568,0.020382442526286335,0.2414967561008397,1.2471187209764607,0.5536377575736738
2023-07-15,0.007042733022446173,-0.047667629124956194,62.53587120072568,0.01892655377440874,0.2414967561008397,0.0,0.4632294172377147
2023-07-16,0.007280792410893425,-0.04670794389832423,62.53587120072568,0.017574657076236684,0.24197274906233596,0.0,0.3739133165704758
2023-07-17,-0.009399660197912137,-0.046041876756896416,55.643626142320464,0.018766253210417635,0.2318729614454238,1.116667164666267,0.20806346525211783
2023-07-18,0.012280331251061049,-0.044931217443958574,61.41352605039798,0.019019077779813442,0.2250222517982623,0.6041626620017754,0.18562002981355552
2023-07-19,0.007265392365955125,-0.04304305339297591,59.33548786109961,0.019555444864252123,0.22761425911972627,0.47154838331524596,0.12617908634585384
2023-07-20,0.011321335276013159,-0.04073032475386635,60.34694007914334,0.01944196056140701,0.2259849693437368,1.7124526762943015,0.08977325729483443
2023-07-21,0.03079684240470785,-0.0386612359835593,65.14811812911472,0.019254429419040868,0.23208212713500206,1.4363065683290546,0.14353795773562084
2023-07-22,0.03078719183654735,-0.037244494049274865,65.14811812911472,0.01787911303196652,0.23208212713500206,0.0,0.1587766209866599
2023-07-23,0.030495690498529477,-0.036091417348392524,65.14811812911472,0.016602033529683195,0.22454437664153992,0.0,0.14870719055578752
2023-07-24,0.05246834165858823,-0.03454673330154203,70.34839155287503,0.01766549966805455,0.23113474830167302,1.691297020018094,0.22953944144068528
2023-07-25,0.06394772829410211,-0.03292586465245263,72.68734839174809,0.017664519446382164,0.21646579524799797,1.6460087700816248,0.31280887826229065
2023-07-26,0.052238596840202246,-0.03136881328387219,67.23268997166377,0.01768589485052085,0.22317357624566403,1.5428478757101747,0.2814852211166925
2023-07-27,0.06928449066124784,-0.029758795636084585,70.86186198319967,0.017777172714449816,0.20970741659908754,1.7885222182170244,0.31718320948281997
2023-07-28,0.07539943022019918,-0.02766437828477249,72.10634049918518,0.01786073910627498,0.20922950784457833,1.3355420937390068,0.33996481663365263
2023-07-29,0.07500776347048088,-0.025240937360224,72.10634049918518,0.016584972027255337,0.20922950784457833,0.0,0.3214105823624771
2023-07-30,0.07478049817546975,-0.022670025240182044,72.10634049918518,0.01540033116816567,0.20113595394638561,0.0,0.2771879273843312
2023-07-31,0.09080487719513543,-0.01979050578194656,75.37663176224832,0.01571993132504314,0.1906430203720674,1.4308519048784556,0.29642088863957805
2023-08-01,0.08496158001504023,-0.016089084103383014,72.16517704738767,0.016105075456243196,0.19134207046098323,1.498053949289546,0.24844353135818298
2023-08-02,0.05992034204341305,-0.013379343572015671,60.10738461093013,0.01834562141284086,0.20837545409611646,2.0014638561657585,0.06775294311317337
2023-08-03,0.0872659646175349,-0.009949380605189588,66.6774838509595,0.01938145890408271,0.20987980512100987,1.8955478698325277,0.0646401874697482
2023-08-04,0.10398036485765116,-0.006892210836916585,69.96198618341789,0.019213138851646834,0.21319926402233894,1.4045182105921576,0.12242912504560688
2023-08-05,0.10378614890682114,-0.004124202526502558,69.96198618341789,0.01784077179081492,0.21319926402233894,0.0,0.13403341291239634
2023-08-06,0.10354053440782075,-0.0014037404438629628,69.96198618341789,0.016566430948613854,0.19842287221236077,0.0,0.11577625188155727
2023-08-07,0.09169785454888356,0.0011964211732356247,64.46308789856144,0.017099985445474114,0.19699044082773431,1.3046107873605424,0.0233363373675628
2023-08-08,0.10463599796509362,0.004057129446052795,67.52433996654344,0.018430197622994332,0.19571010094252578,1.7601594382017347,0.007893181726270626
2023-08-09,0.12412080315935539,0.007553189405538178,71.51511362026706,0.018489352025164434,0.20096361869957,1.9275501721790018,0.0734109872497668
2023-08-10,0.10296589908980536,0.010192649683888092,62.66223402797802,0.019488490573904373,0.21181742406145995,1.4443617181215975,-0.009210697728467387
2023-08-11,0.10777764702243171,0.013730373853747953,63.79259250417391,0.01937258231886974,0.21137872119230536,1.2391544897438527,-0.05588645054016661
2023-08-12,0.10755199576824337,0.017259653947766476,63.79259250417391,0.017988826438950473,0.21137872119230536,0.0,-0.10107050373543025
2023-08-13,0.10732791068258138,0.020788855568401675,63.79259250417391,0.016703910264739726,0.20097461245395615,0.0,-0.1427206056560424
2023-08-14,0.09816691144751297,0.024240595362168445,59.64764194042386,0.0168852023747629,0.201971210666304,1.1306831604843046,-0.22304306995741063
2023-08-15,0.077842450740894,0.02724416983715958,51.57993236611599,0.018187058166189613,0.2100563752523075,1.2408475791855897,-0.37649271600194956
2023-08-16,0.05643710412067402,0.0303735672597958,44.685623802722716,0.019372102926862002,0.21502273720708062,1.345157436535528,-0.5726182318249029
2023-08-17,0.06982828000350386,0.03320739740694548,49.26685944672522,0.019654943092972228,0.21890472400216981,0.986897419323217,-0.6167033651726785
2023-08-18,0.08103217724971694,0.036008019442552885,52.84788132291381,0.019833666368949357,0.22219165063955387,0.5225748756084944,-0.5713486719945504
2023-08-19,0.08086104511157816,0.03866689146579013,52.847881322913814,0.018416975914024403,0.22219165063955387,0.0,-0.5258934068878214
2023-08-20,0.08051319543207243,0.041154589144420106,52.84788132291381,0.01710147763445123,0.21536142586791723,0.0,-0.48155932790120093
2023-08-21,0.07311958215922508,0.043499765857711946,50.12457740554977,0.01763011119606119,0.2157983728989058,0.5251473541069144,-0.47297776513597034
2023-08-22,0.06770667063371492,0.045823687793663574,48.25507392961181,0.017237384231800313,0.19923333104573218,1.3416282576855492,-0.4759664615692297
2023-08-23,0.04792297634022159,0.04785922496549955,41.65334411859213,0.01877415682357142,0.18599272537972594,1.7748425435407769,-0.5545266959192653
2023-08-24,0.049653775316164175,0.049393480226994586,42.58046519272469,0.018924924096350895,0.17532184780860735,1.62828838090842,-0.5716867796979961
2023-08-25,0.05960847583487986,0.051126806336498465,47.00158278806027,0.019468330969335153,0.18043914603482913,1.7503250410981284,-0.5085932489013185
2023-08-26,0.05941934172477561,0.05252373698141894,47.00158278806027,0.018077735900096925,0.18043914603482913,0.0,-0.44712428738438204
2023-08-27,0.059323745757162115,0.054013171078131764,47.00158278806027,0.01678646905009,0.17744400934512788,0.0,-0.388876792259349
2023-08-28,0.06276268580955922,0.05552636762126152,48.70897108329387,0.016658491713186556,0.17149077398018556,1.1658964048485714,-0.31758499593207395
2023-08-29,0.07672392168276215,0.05759332075946356,54.857725495577846,0.01708837352900978,0.16518967361603745,1.4081752240784444,-0.1907141779094738
2023-08-30,0.08282198717538594,0.059263383221761085,57.301850521187895,0.01680020335736582,0.15467255951786762,1.5071862639858753,-0.07287676929411488
2023-08-31,0.1090643747550333,0.06107877654077329,65.79004351177034,0.017114677698972548,0.17808648791370948,1.839274418887608,0.1309289771617135
2023-09-01,0.13411981257245542,0.06299435684110588,71.62234453935191,0.01770635681229074,0.1953433033875664,1.8977040390317879,0.37253072159818235
2023-09-02,0.13363214247355398,0.06522194593021614,71.62234453935191,0.01644161703998426,0.1953433033875664,0.0,0.5017777452312664
2023-09-03,0.13310962151849728,0.06741439493259016,71.62234453935191,0.015267215822842524,0.19211832746237187,0.0,0.5526840110074663
2023-09-04,0.13258008508839164,0.06959774371243321,71.62234453935191,0.0141767004069252,0.1768175466612482,0.0,0.550559538243472
2023-09-05,0.14688657639226002,0.07218347480165901,75.02304040232474,0.015504029499058157,0.1586813679667174,2.2769459399538388,0.5868050555579395
2023-09-06,0.15727445368099616,0.0745069830986494,77.21548800688309,0.016011111603906118,0.15699508607403984,1.5167146532863838,0.6253554610388568
2023-09-07,0.14761833353585085,0.07680337244195398,71.86094135083317,0.016092160102437254,0.1605739245229321,1.2915604622284305,0.5649017034492481
2023-09-08,0.1552208624721065,0.07914603248277713,73.7346099097116,0.01630265343932876,0.16063564380423084,1.3124520401183644,0.5278765988906313
2023-09-09,0.15435606795680937,0.0810924965263955,73.7346099097116,0.015138178193662422,0.16063564380423084,0.0,0.4654306338860372
2023-09-10,0.15332458156141346,0.08287832357948847,73.7346099097116,0.014056879751257962,0.15671480347891442,0.0,0.3892640761488171
2023-09-11,0.14952368604894592,0.08472157479412473,71.68527590454212,0.014264054760302724,0.15536134554336717,1.3363718301001315,0.29356331800283675
2023-09-12,0.16897192780026893,0.08648603847803205,76.61637008046002,0.01474273482974967,0.13814898643431686,1.572480564501241,0.30292365390314235
2023-09-13,0.16382717299194058,0.08795231819915346,73.76037211457846,0.014828511537932174,0.1416918970960955,1.5959660308503059,0.2576144198931667
2023-09-14,0.18431185486360255,0.089953061354003,78.23772599746746,0.015317261992509074,0.14824385952341457,1.5308833489196934,0.3049104376787406
2023-09-15,0.19114399399838447,0.09167689450119153,79.62998163372635,0.01570929668386092,0.14645942794887468,1.3802466674480687,0.34134225564805365
2023-09-16,0.19007267367971384,0.09336702715130209,79.62998163372635,0.014587204063585138,0.14645942794887468,0.0,0.32934847251147703
2023-09-17,0.1890531202816963,0.0951000256261857,79.62998163372635,0.013545260916186198,0.1478939354525431,0.0,0.28688054290312826
2023-09-18,0.1973093687852662,0.09699868454726066,81.36328924259463,0.013791884564611664,0.1457675822893885,0.5743289530745728,0.27219535870020284
2023-09-19,0.19274539887909142,0.0986310295542793,78.5254685021762,0.014937233872674874,0.14931348476822465,0.4791990132037192,0.21189296978576566
2023-09-20,0.17989549424831852,0.1001989847577983,69.89903434122121,0.015681043709395232,0.14151690320137256,2.2682119205298013,0.08483402564048692
2023-09-21,0.17063928960702174,0.10213283318743592,64.5071481749057,0.016746546233357914,0.12734568861296797,1.7694451732448992,-0.06036879313252497
2023-09-22,0.17512922096309372,0.10365820210542571,66.23334205479702,0.017083918195620353,0.12723281322426852,1.840301854046209,-0.14218573486509722
2023-09-23,0.17417517230774762,0.10464284086595999,66.23334205479702,0.01586363832450461,0.12723281322426852,0.0,-0.20518775042960646
2023-09-24,0.17315234735209437,0.10555960978764097,66.23334205479702,0.014730521301325709,0.12723281322426852,0.0,-0.2526266006274267
2023-09-25,0.16752971145799078,0.10634115631549196,62.89067233553864,0.015165395675944724,0.12254652363786443,1.5469930545986048,-0.3095842351999216
2023-09-26,0.175723812264007,0.1075529135247984,66.57581224544123,0.015986613969605108,0.12106982980908063,1.494381314970598,-0.3011700731502862
2023-09-27,0.2171718985053502,0.10912580475102895,77.6510137514804,0.0172055241675338,0.16810623913034414,2.2477700693756195,-0.08688710269806132
2023-09-28,0.19041359579636133,0.10994159896990152,63.98027363219741,0.01915476989237117,0.18909708158652436,1.767407843258251,-0.09028563360527997
2023-09-29,0.17725013031127732,0.11085783132163263,58.77611060765342,0.02013035641337615,0.19408218460518342,1.4351534376850505,-0.16273003478064818
2023-09-30,0.17576670834532832,0.11142652875239034,58.77611060765342,0.01869247381242071,0.19408218460518342,0.0,-0.21557036605621316
2023-10-01,0.17400458472315405,0.11172634193984976,58.77611060765342,0.017357297111533516,0.19352617736589636,0.0,-0.2528619401629164
2023-10-02,0.14701246287515873,0.1117110357052776,48.27449492845173,0.019225315662092204,0.20153202511554877,1.4358782178081815,-0.40359752068243404
2023-10-03,0.1506362910798658,0.11183209671897709,50.26614627012269,0.019779299469577724,0.2016600847895688,1.5037612363760648,-0.46472956655158737
2023-10-04,0.08480882789691974,0.11141252125548447,33.36194141353589,0.02406434060404063,0.27417247466065103,1.9172513652228496,-0.8113281051913912
2023-10-05,0.05914466172694703,0.11105320912725075,29.314483222954678,0.025267787148178317,0.2797595065752099,1.8830147340790282,-1.1189984016491494
2023-10-06,0.06428383416691541,0.11058833526861277,31.56160009791249,0.024862636913388476,0.2818255094597656,1.7045708465411618,-1.2310655565606101
2023-10-07,0.063363858144951,0.11002393205658395,31.56160009791249,0.02308673427671787,0.2818255094597656,0.0,-1.2424845518125278
2023-10-08,0.06255251186939743,0.10957228113369948,31.56160009791249,0.021437681828380878,0.27866210069050584,0.0,-1.1873887542462658
2023-10-09,0.10746070898986469,0.10971977253183451,47.23170952826887,0.02275884951869524,0.3270867024401304,1.544930847141384,-0.8616795073440427
2023-10-10,0.10102483827656468,0.10987708086853253,45.938064257337246,0.022579983380585526,0.32599285007694806,1.2252487889630577,-0.6367354364667959
2023-10-11,0.06828978155438142,0.10967020777154653,38.98282401895596,0.024498757629544964,0.3391504989444878,1.5230859071364968,-0.6173927483330566
2023-10-12,0.059942875760417715,0.1097298474255449,37.550913061444575,0.02539777553590012,0.33809264674713685,1.344132932016187,-0.6052696909356058
2023-10-13,0.11998633928376026,0.11088235229217433,52.90452911138782,0.026305722174548154,0.4026697552286683,1.2067944601410496,-0.2548655067344884
2023-10-14,0.11895092956002982,0.1118612787198682,52.90452911138782,0.024426742019223287,0.4026697552286683,0.0,-0.015269497300743118
2023-10-15,0.11790104349573242,0.1128220822631586,52.90452911138782,0.022681974732135908,0.4025379411827801,0.0,0.1423488784447554
2023-10-16,0.10390549678724645,0.11369105577537457,49.6211971441884,0.022968886958809685,0.4029300370181109,0.8568170978218901,0.17426608813860167
2023-10-17,0.10313333356136618,0.11458215159032625,49.62119714418839,0.02310036769730572,0.37704720567267214,0.7587355100989797,0.19105801747919615
2023-10-18,0.12335969510959371,0.11550687034951997,54.857743072266295,0.023651338503281605,0.3794129872279146,0.3801436522457978,0.30299106232190764
2023-10-19,0.13572537510334898,0.11650303330333305,57.84269992246563,0.024964850455728795,0.3809360971207792,0.31339900571558055,0.42907009509074173
2023-10-20,0.12724965519924208,0.11721301252114462,55.508685849201626,0.025315421124826227,0.38160702976387395,1.2704341805148256,0.4498524816541973
2023-10-21,0.12667437918016622,0.1174553328320351,55.508685849201626,0.02350717675876721,0.38160702976387395,0.0,0.4420893453121323
2023-10-22,0.12609254595575195,0.1176903151704687,55.508685849201626,0.021828092704569552,0.37358169849196887,0.0,0.41583377362315327
2023-10-23,0.08439890923454424,0.11733554469189383,43.88065157704659,0.02388262971278115,0.395331383911861,1.3897085623237495,0.17037037251049375
2023-10-24,0.06199625531573824,0.11666106660249338,39.140652411349826,0.02550619169352433,0.3477558324898466,1.6650682791173308,-0.10364415207559143
2023-10-25,0.08259972571799086,0.11599943985554491,45.156057075728626,0.026137675575891764,0.34371339455189276,1.9455321311862332,-0.1639732932156016
2023-10-26,0.05479320454475027,0.11472413209047637,39.588513300443196,0.02750755270744472,0.3569210368293736,1.5914045381699258,-0.3312540634893225
2023-10-27,0.08393049278152492,0.11397743078801463,47.096392949817066,0.02718506577219486,0.370010607827458,1.4419658017003238,-0.26822811334719515
2023-10-28,0.08365517269331797,0.11319534335626963,47.09639294981706,0.025243275359895227,0.370010607827458,0.0,-0.2122382245044177
2023-10-29,0.08349869412322708,0.11253553592086259,47.09639294981706,0.023440184262759855,0.33600050469588305,0.0,-0.16310975121991744
2023-10-30,0.042575715757767106,0.11120765516963609,38.756774740754835,0.025848235839286714,0.36130671558458816,1.6942223196873458,-0.32661678427615226
2023-10-31,0.026333479823245333,0.109724702949186,36.01393268854405,0.02670274809790952,0.3511723060714128,1.6739230083561416,-0.4902774750868142
2023-11-01,0.01912057482301126,0.10774247582298095,34.820742921873574,0.027744662805619272,0.3512185180663002,1.575587583610248,-0.599026700439834
2023-11-02,0.04471654041440695,0.10621115850368133,42.02503255178191,0.027392632472119396,0.2929609869102174,1.5232548796709886,-0.5003670242845583
2023-11-03,0.020031977487341042,0.10378834387045328,37.69372714094354,0.029157294532556367,0.30174254841857334,2.0370111755174314,-0.5290946487997082
2023-11-04,0.02005459388960602,0.10121295291232237,37.69372714094354,0.027074630637373767,0.30174254841857334,0.0,-0.5105100525078983
2023-11-05,0.019967364439265344,0.0985191411448826,37.69372714094354,0.02514072844898993,0.3006683435336217,0.0,-0.46208175237627636
2023-11-06,0.02366577365575952,0.09575302959156398,38.94318971980591,0.02478438606796301,0.3015725188759958,1.2529297921973257,-0.3766501906015136
2023-11-07,-0.020000841408162464,0.09221327035442192,31.39704153551307,0.02769619880050234,0.31981518822428406,1.7112978155408982,-0.5115997683589999
2023-11-08,-0.04568678859547313,0.0883680357047122,27.948406790364302,0.028898664050386626,0.3196258572296961,1.7223658372273745,-0.686457002865343
2023-11-09,-0.040363307258989435,0.08483041903954729,29.621546349326337,0.02852821573487787,0.3233329138596331,1.2184607872309583,-0.7192436223486796
2023-11-10,-0.02214650009512442,0.08178198496807963,35.26767708887755,0.028239561549522264,0.33599097752321777,1.017611286346527,-0.5945308124742563
2023-11-11,-0.022152695357801518,0.07851606238936693,35.26767708887756,0.026222450010270675,0.33599097752321777,0.0,-0.4675422858732037
2023-11-12,-0.022330468355663262,0.07506151140493213,35.26767708887756,0.02434941786667991,0.3172984742543015,0.0,-0.34471870907526325
2023-11-13,-0.00874093839744561,0.07184158503376267,39.860866696440404,0.02451314162542546,0.3185648908765095,1.0899026788954922,-0.1605970665659897
2023-11-14,-0.008833840701636918,0.0688484354437158,39.860866696440404,0.024569361925785203,0.3072651832339029,1.1292772122608516,-0.016902418300633215
2023-11-15,-0.029090509793396644,0.06537871169439624,35.56477004636703,0.025582699015346683,0.3030783584727512,1.227825124048825,-0.008148978432474419
2023-11-16,-0.07648454302503077,0.060375618836801107,27.943031693742242,0.029389777361167123,0.318469541841222,0.5702542897209802,-0.22226075790751
2023-11-17,-0.03862050765384447,0.05635199539406325,39.11678498780603,0.029264810630048446,0.36203767904013645,0.4519157122245774,-0.1335602379718157
2023-11-18,-0.038878020409671456,0.05229497077890055,39.11678498780603,0.027174467013616414,0.36203767904013645,0.0,-0.05022293072706363
2023-11-19,-0.039321495897494965,0.04803709541732049,39.11678498780603,0.02523343365550096,0.341968028127945,0.0,0.0254986075697472
2023-11-20,-0.018236654852953168,0.044100283404510006,45.1880274083696,0.02528032831016331,0.3511863222287263,1.3335261566752066,0.201547311487436
2023-11-21,-0.016485950753358024,0.04088090441643179,45.767024626749404,0.02434173647735235,0.35090446040641576,1.20034104456215,0.33251174739230427
2023-11-22,-0.02531404424875396,0.03743502314899789,43.80312106841767,0.02667198333207533,0.337195602599884,1.9186969272018812,0.37398839996346966
2023-11-23,-0.025668783793788855,0.035257902185706715,43.803121068417674,0.02476684166549852,0.32845375266052224,0.0,0.39910689163342883
2023-11-24,-0.04552638457188552,0.033391416194622076,39.25452967200792,0.025392226789854505,0.33464943165087013,1.448431501699214,0.3121906070332947
2023-11-25,-0.04563672183083249,0.03144004348378718,39.25452967200792,0.023578496304864898,0.33464943165087013,0.0,0.2584532446100929
2023-11-26,-0.04581634215107525,0.029414348815631167,39.25452967200792,0.021894317997374547,0.3338871613745699,0.0,0.2277397219356756
2023-11-27,-0.05464399536342816,0.027152151929489637,37.154055553264804,0.022585649427227964,0.3007633682976821,1.6526421916819982,0.16915205381524068
2023-11-28,-0.035458012123151986,0.024222112065159052,44.45056770894459,0.022771793683246316,0.2954620425600413,1.7054494195826373,0.23809274651406565
2023-11-29,-0.017639211948095215,0.021670357450595795,50.267542619008935,0.022971546802081293,0.3020672773777257,1.9063640737030398,0.37642694268472154
2023-11-30,-0.041969349020482646,0.01938953050618897,43.795795619400174,0.02614283474558602,0.3081507339529269,3.0454890685553524,0.3363569057494076
2023-12-01,-0.06598094305685856,0.016969844362981233,38.487598014506595,0.027623992837374066,0.3199293223466132,1.7810373325917637,0.1864387768575706
2023-12-02,-0.06616994059920218,0.013329805585414058,38.487598014506595,0.025650850491847347,0.3199293223466132,0.0,0.09571936206206133
2023-12-03,-0.06624292841238863,0.009816616270385959,38.487598014506595,0.023818646885286822,0.3144545691461914,0.0,0.046642052234601605
2023-12-04,-0.07929599930522159,0.006048108914946659,35.55442664611478,0.024776261917274528,0.3168180964059209,1.9970744855696536,-0.039600501764506024
2023-12-05,-0.08841619758776087,0.0023842107311095456,33.62528629126166,0.02530969769499083,0.3113819270673072,1.8068777645074146,-0.12474295607774644
2023-12-06,-0.12535491100568516,-0.0018355199679369002,27.14783098847107,0.028090808619644674,0.2958569958300867,2.040155476714924,-0.34612355822187624
2023-12-07,-0.12573739849239474,-0.006482581699020951,27.07141989879544,0.027829973067915386,0.24805669399856262,1.5001420488488733,-0.45543024702433255
2023-12-08,-0.10186450689978985,-0.011009505254691873,36.20766835339771,0.02745281143909333,0.2721480732713398,1.2536754778587844,-0.3645545257381011
2023-12-09,-0.10176937062983164,-0.01532338799132354,36.20766835339771,0.025491896336300952,0.2721480732713398,0.0,-0.2727571425092272
2023-12-10,-0.10159320250247622,-0.019549774961306512,36.20766835339771,0.023671046597993742,0.2553172778247777,0.0,-0.18457258124622555
2023-12-11,-0.10042916787045193,-0.023915188999434477,36.679438409342005,0.023414743066255874,0.25503292213684964,1.1964938066945732,-0.09711121293473468
2023-12-12,-0.1343891928733534,-0.0279244952917165,29.584414485175728,0.02649469124220886,0.2817161435774915,1.4352831182524157,-0.19315582786215368
2023-12-13,-0.12336212627044371,-0.0313296754831009,33.95071483717932,0.02653911248587657,0.2884915596792043,1.2714234537197904,-0.17091433900479602
2023-12-14,-0.09667402780005292,-0.034748643247622,43.248705195629825,0.02690070597578048,0.3083803720066373,1.1430535535814645,0.00446228064710108
2023-12-15,-0.0984964823963095,-0.03764657289466918,42.78756148967801,0.02695164259998287,0.3082439830203007,0.38832547572543963,0.12238927436486402
2023-12-16,-0.09860853880845621,-0.04132733921928014,42.78756148967801,0.025026525271412664,0.3082439830203007,0.0,0.20741982469311382
2023-12-17,-0.09879845924518876,-0.04508972460847957,42.78756148967801,0.023238916323454612,0.3074245113094399,0.0,0.2669013279231154
2023-12-18,-0.08581389252351497,-0.04852994669126038,47.62361187088311,0.024837299890702148,0.30208887877816504,0.3348030387243787,0.37301317139363754
2023-12-19,-0.07367695948999343,-0.050869560862889886,51.72252007614751,0.02485943025073707,0.29743994647634364,1.0638132081592524,0.49747206110884035
2023-12-20,-0.06398497481822861,-0.05273313044965966,54.786639970767595,0.02469857558711578,0.2894992193023544,1.3536047567597544,0.6136468319256918
2023-12-21,-0.0682730624032888,-0.0545134008469074,53.24684756453837,0.025105531037549,0.27590822902943657,1.2816799752190837,0.6463029330044376
2023-12-22,-0.07251672077443362,-0.05684176337446112,51.68256134508855,0.02496079446319249,0.2763682437431815,1.0715683456977687,0.6234262080186816
2023-12-23,-0.07262312575677979,-0.05870235212081577,51.68256134508855,0.02317788057296445,0.2763682437431815,0.0,0.5865808507102969
2023-12-24,-0.07268333308226828,-0.060515734908148086,51.68256134508855,0.021522317674895562,0.2715885479606848,0.0,0.5415747833817636
2023-12-25,-0.07281599537827761,-0.062402158919875106,51.68256134508855,0.019985009269545877,0.26884499571889287,0.0,0.49257867504955033
2023-12-26,-0.04780505646542376,-0.06404415212238782,61.05570142651411,0.02094677325775872,0.23540462887357538,1.3130714194716322,0.5708010974410569
2023-12-27,-0.06643302835913911,-0.06509774856754162,53.01135352633056,0.021655383182385576,0.24961885953538773,1.6378511636868414,0.5019127391075084
2023-12-28,-0.09600126395189637,-0.06608877551909699,43.18953617952847,0.023431445090086336,0.262234186085543,1.7207622101369549,0.28712561857323493
2023-12-29,-0.09777009644476142,-0.06738517862542615,42.752102615595504,0.023159977881349332,0.2623442813057483,1.3125064635218713,0.13317283730106627
2023-12-30,-0.09789675448959885,-0.06890608316410411,42.752102615595504,0.02150569374696724,0.2623442813057483,0.0,0.032774580724712954
2023-12-31,-0.0980886616679569,-0.0704938428792888,42.752102615595504,0.01996957276504101,0.2623290225288413,0.0,-0.028868394684962773
2024-01-01,-0.09814712587325426,-0.07194369103130745,42.752102615595504,0.018543174710395224,0.21987534155831945,0.0,-0.0629230871317984
2024-01-02,-0.1140545093414202,-0.07384578883868417,37.36474368022828,0.021162711704455772,0.2272357281376224,2.457806024666276,-0.15880606630393435
2024-01-03,-0.08490327295777687,-0.07529912367823252,49.807685821473115,0.02290490886960912,0.23185517432650626,2.4330815562345984,-0.0589478561386238
2024-01-04,-0.09134617428506063,-0.07644826018480859,47.57048949811987,0.02432809260665721,0.2333447245599996,2.295282958206856,-0.022106857497778354
2024-01-05,-0.07107401215482587,-0.07633718328498777,54.55347729164843,0.024078407964520078,0.2458025175027663,1.9568409934819058,0.10928625554119853
2024-01-06,-0.07126745570945596,-0.0770529735608278,54.55347729164843,0.02235852168134007,0.2458025175027663,0.0,0.18942156874613164
2024-01-07,-0.07134224005977569,-0.07765069264124855,54.55347729164843,0.020761484418387207,0.24113075356113697,0.0,0.23279693043692
2024-01-08,-0.10966129543084843,-0.07901206462064313,41.575272036196566,0.023962198778758763,0.2788851479761509,2.2970024407726144,0.056321710816065074
2024-01-09,-0.09134364269845938,-0.0805388589084125,48.01541417668514,0.02423020612033612,0.28704256320157084,2.0736333985946795,0.038988960241875426
2024-01-10,-0.1024114581583568,-0.0822764343008714,44.86349101346345,0.025355855527038305,0.28944039100751046,1.9564841828603818,-0.02710972576284526
2024-01-11,-0.09439964321832278,-0.08371900030148628,47.62953159495751,0.02595054729949491,0.29164402272664597,1.988939718324254,-0.023245016569197585
2024-01-12,-0.08629071234642888,-0.08502097823565571,50.353069567642756,0.027052501693816837,0.2938236250955556,1.9401547370930652,0.02496057882884284
2024-01-13,-0.08657664573442904,-0.08602618385746745,50.353069567642756,0.025120180144258493,0.2938236250955556,0.0,0.056254383672242725
2024-01-14,-0.08675569359865418,-0.08692407359673417,50.353069567642756,0.02332588156252574,0.2938236250955556,0.0,0.07517951775190806
2024-01-15,-0.08691746477907271,-0.08780442160901053,50.353069567642756,0.021659747165202473,0.274985072694307,0.0,0.08518877248884757
2024-01-16,-0.09053564947851696,-0.08852329176810649,48.9018900256436,0.02248913705479544,0.2672915742723515,2.084812713552031,0.07102199469930995
2024-01-17,-0.08863573648250213,-0.08960032805028985,49.792326726205836,0.023248517468249734,0.2417721450674304,1.509633460332065,0.07036236149325706
2024-01-18,-0.06974522609625114,-0.0907463052244356,57.38924898016764,0.023266215260915647,0.25199745901963827,0.4274219764727007,0.16483550247659562
2024-01-19,-0.078368161705149,-0.09159320477862035,53.543442996672276,0.02346537257429214,0.254877655023747,0.3786198866182644,0.17384705211547108
2024-01-20,-0.07857754398301732,-0.09196526432975123,53.543442996672276,0.02178927453327127,0.254877655023747,0.0,0.17118201694962187
2024-01-21,-0.07867121472100316,-0.09222323906862108,53.543442996672276,0.020232897780894755,0.254877655023747,0.0,0.16094787174517344
2024-01-22,-0.05653212812424243,-0.09213523843135034,61.9943788152337,0.021059850467396734,0.25678136803161167,1.7838749556767324,0.25973457674621825
2024-01-23,-0.0668511647100516,-0.09183052561305612,56.862651622766606,0.02153841623394801,0.23627062882644131,1.47673904405682,0.25515706007055844
2024-01-24,-0.057889829065176306,-0.09120552964506115,59.994030856307816,0.021606032252310763,0.23596450329783775,1.5698325403979985,0.2837300319968218
2024-01-25,-0.029622474260571154,-0.08940305385795382,67.90460014894538,0.021708491919017935,0.24627555478606286,1.5546383943636668,0.42985462797207413
2024-01-26,-0.021777065987181293,-0.08751527408552656,69.74916006184637,0.022004322014498128,0.24696452446633116,1.629882487156719,0.537633695454506
2024-01-27,-0.021972066599676467,-0.0859971246940418,69.74916006184637,0.02043258472774826,0.24696452446633116,0.0,0.573021616936515
2024-01-28,-0.022110604805673884,-0.08442678888852025,69.74916006184637,0.018973114390051955,0.18496992523167757,0.0,0.5598750450598003
2024-01-29,-0.03752259743428709,-0.0830290345494708,61.40809394674135,0.020579394399957464,0.18893660917813665,1.634825916959167,0.43722514883053454
2024-01-30,-0.02463236356212695,-0.08153757758815687,65.19776744399232,0.020955976617154214,0.18345464631961692,1.7125988281066014,0.39624004552751946
2024-01-31,-0.049349261485503705,-0.07974750582530284,54.31701524155782,0.022403548043364228,0.21044097393644848,1.7113434070335407,0.21559494352526298
2024-02-01,-0.07469906741819554,-0.07856472025649097,45.82942229990725,0.024520085738005657,0.23316748259194084,2.751882903462733,-0.047436913759939414
2024-02-02,-0.093896101582989,-0.07828121338581756,40.64113137043987,0.025951598498996132,0.2456381441618307,2.004120338564411,-0.31693999129798944
2024-02-03,-0.09369898100561272,-0.07786753741889867,40.64113137043987,0.02409791289192498,0.2456381441618307,0.0,-0.47736967660834206
2024-02-04,-0.09352451182023104,-0.07747682112648252,40.64113137043987,0.022376633399644623,0.2456381441618307,0.0,-0.5599362615167208
2024-02-05,-0.08709078124879106,-0.07697325450079433,43.24653718833217,0.022470826908643028,0.24646572213209003,1.5292377479285573,-0.5561864468240707
2024-02-06,-0.08022589268302686,-0.07654476045568175,45.954477171253764,0.02211796384447858,0.24762116970876283,1.3567726825990538,-0.495349643141139
2024-02-07,-0.07313871149722775,-0.07625335738038169,48.69049789875281,0.021342578683722226,0.23737584063668507,1.2310170127465174,-0.3995153585244903
2024-02-08,-0.04347230074967735,-0.07570210633247369,58.41791651728124,0.022044003985126598,0.26025944459674594,1.484392522299904,-0.1703487304098482
2024-02-09,-0.03557665357027615,-0.07485138579713731,60.53469821190051,0.021568494696475152,0.261027836460036,1.121961582681693,0.01971990781788166
2024-02-10,-0.035407765687647315,-0.07386588226355156,60.53469821190051,0.020027887932441216,0.261027836460036,0.0,0.13570738573288998
2024-02-11,-0.03529029612452806,-0.0729295025408704,60.53469821190051,0.018597324508695414,0.24799299199131314,0.0,0.19887266771909595
2024-02-12,-0.034093681433033506,-0.0719011353721799,60.85584417325889,0.01869032242621338,0.243848230514526,1.0010172284251895,0.2302710510971978
2024-02-13,-0.021997795254802003,-0.07066056795167883,64.54536918145288,0.01861121294363983,0.24517309978326138,1.3584236575095232,0.2951093112121214
2024-02-14,-0.037207711344816596,-0.07016173511177241,57.047994877903356,0.01978668095569641,0.2285885695607312,1.1953124117030671,0.23771248218927665
2024-02-15,-0.019588767496707304,-0.0690277171125379,62.36781057414963,0.02048101446779384,0.2360329329609382,0.5196772052069591,0.27337056365472245
2024-02-16,-0.004850680270667534,-0.06701015771340317,66.13715654213195,0.020660736824824326,0.24176359641556638,0.47129442566366897,0.3501835478571248
2024-02-17,-0.004714350031909558,-0.06498703942833635,66.13715654213195,0.019184969908765444,0.24176359641556638,0.0,0.3739381013565749
2024-02-18,-0.004695586354914281,-0.06307407274540451,66.13715654213195,0.017814614915282197,0.23372469232967805,0.0,0.36233912488416076
2024-02-19,-0.004547951793661948,-0.0610394770892767,66.13715654213193,0.016542142421333467,0.22948826767490682,0.0,0.328363434090888
2024-02-20,-0.01695742020260297,-0.059123388330329346,59.19358630123518,0.017505065865888358,0.21422923412622205,2.054382960565816,0.2169391306513594
2024-02-21,-0.020049878593871886,-0.05693861120446821,57.45698197077254,0.018016299391467167,0.18762291734924566,1.623340246175526,0.10954355696531293
2024-02-22,-0.010983475818360603,-0.055201742807766505,60.677939232233165,0.01811605577950887,0.1664940682078426,1.7190897917551973,0.07195601946537478
2024-02-23,-0.037325836420782806,-0.053795353939729854,48.661692509013065,0.019398748429196956,0.19982637965972522,1.6835853088024335,-0.10003658734706322
2024-02-24,-0.036936154062500254,-0.05273747584417755,48.661692509013065,0.018013123541397173,0.19982637965972522,0.0,-0.21173392490050025
2024-02-25,-0.03645634492382067,-0.05159034041742637,48.661692509013065,0.016726471859868804,0.1994946494645614,0.0,-0.27930141234599004
2024-02-26,-0.022402929942223305,-0.05032709540560777,54.45379118818363,0.017329856144759702,0.20317974863485036,1.4414664957818832,-0.24546907417949582
2024-02-27,-0.005876852548890411,-0.04802659525691551,60.17971301278883,0.017486147808713774,0.2084284177400726,1.4223406525832212,-0.1365320251516321
2024-02-28,-0.009746186196380782,-0.04615888820237945,58.16521190490779,0.017978761114399965,0.18026815446037206,1.7659023535073877,-0.08930506505802893
2024-02-29,-0.012969724341521575,-0.04412438789704078,56.43889558307858,0.017977319819689055,0.17939207195636753,1.6941928126865036,-0.07983788621752508
2024-03-01,0.008758692513411995,-0.04196559492820368,63.553315740446784,0.01883720791532688,0.1939870952562415,1.765575654462789,0.03264488946362598
2024-03-02,0.008823592433843489,-0.0400646875000635,63.553315740446784,0.0174916930642321,0.1939870952562415,0.0,0.09459676152267782
2024-03-03,0.008786050889681546,-0.03826120727386299,63.553315740446784,0.016242286416786954,0.1940954602164531,0.0,0.12141361747926327
2024-03-04,-0.006626514656285083,-0.03663206583781426,55.421567871802566,0.016995945291306127,0.19940294926934785,1.7910272225676838,0.04603007519814384
2024-03-05,-0.013876998789014378,-0.03506320007219951,51.9855453806034,0.01770166336682867,0.19238606979322354,2.1730160235421145,-0.04872012596593078
2024-03-06,-0.0013775128354710183,-0.03323546394029935,56.7788304104458,0.018652855401676684,0.1867343748592183,1.7394547178001944,-0.05033774276088432
2024-03-07,-0.0037556367132871808,-0.03148588918098437,55.55982401008936,0.018730889226750192,0.17937688135957403,1.8882349888059653,-0.06868650779815355
2024-03-08,-0.015199309044262711,-0.030327970534872767,50.21869304461238,0.019823079379300584,0.18399956026374592,1.409009629210233,-0.14235240524038084
2024-03-09,-0.015053831576824024,-0.02902314587473964,50.21869304461238,0.018407145137921972,0.18399956026374592,0.0,-0.1877917377469489
2024-03-10,-0.01499911106527185,-0.02780755488032077,50.21869304461238,0.01709234905664183,0.18399956026374592,0.0,-0.21272918593966805
2024-03-11,-0.015939679937987488,-0.026597282876179507,49.69978087750512,0.01742760412659783,0.17842263305463132,1.3665989387380897,-0.22812986510412225
2024-03-12,-0.020471497755377096,-0.025859124975479673,47.26714278563606,0.017540097207980252,0.1788040442100467,1.2874984836928436,-0.25473297997480104
2024-03-13,0.0068148306834870465,-0.024501014260390135,59.67576120806712,0.017942559957009715,0.20256719172102125,1.3182348177901495,-0.12492329884285913
2024-03-14,0.02617143641321276,-0.02303076677282273,65.84639595822136,0.018147176814111387,0.18428220377228252,1.2539469080270307,0.05683565323888584
2024-03-15,0.023332468731725012,-0.022159365359233497,64.33186348574708,0.0177428377555282,0.18513346815601472,0.7509304570346528,0.14917853271809434
2024-03-16,0.02334022224529644,-0.021386724642177092,64.33186348574708,0.0164754922015619,0.18513346815601472,0.0,0.1943363397260539
2024-03-17,0.023378344286817357,-0.02058500840419923,64.33186348574708,0.015298671330021765,0.18045582573325747,0.0,0.20710927874426133
2024-03-18,0.04465351932219801,-0.019339098709183853,70.74881023737821,0.015713465680096874,0.18531486226223812,0.3790455183028454,0.3056560820851407
2024-03-19,0.054263578261751516,-0.017520327579062023,73.07744252194269,0.01570934939765399,0.1849921316827879,0.3643201154608391,0.3927511967306523
2024-03-20,0.03190726078603392,-0.016304842311039482,60.664644017241976,0.01668214905048031,0.20351226693505162,1.652497857090589,0.30511086098394624
2024-03-21,0.0244907179346141,-0.014707071344295877,57.104879384028635,0.017034457350712268,0.1923021058747424,1.284986707615205,0.18715343474892865
2024-03-22,0.0192472143034086,-0.012678965434626035,54.61539059698849,0.016816484740556917,0.19354488022202673,1.0541469281055291,0.06679969219447324
2024-03-23,0.019637759947806088,-0.010188790376567046,54.61539059698849,0.015615307259088563,0.19354488022202673,0.0,-0.020819195070912677
2024-03-24,0.020083450316102012,-0.007643351690942717,54.61539059698849,0.014499928169153664,0.18430603717519695,0.0,-0.08327993120997157
2024-03-25,0.03710608600381038,-0.004886864520212084,60.987882271652126,0.014894697851747709,0.18870503494270421,1.5398212667177957,-0.042268622044820736
2024-03-26,0.033315009705155114,-0.002277545975234824,58.766379933145146,0.014884363586268217,0.18609361912247935,1.2524867048253492,-0.04375533711135371
2024-03-27,0.030298481222214332,0.0001481818254381692,56.93886457731421,0.014911931239674533,0.18634455846558462,1.3952508310613052,-0.06787290998416107
2024-03-28,0.053638366583514833,0.0027820014564821044,64.86940769290379,0.015141202687448367,0.19331405648342825,1.6647673341248006,0.028623083577939967
2024-03-29,0.05391340751099082,0.004805146012174276,64.86940769290379,0.014059688209773484,0.19331405648342825,0.0,0.07944547800392388
2024-03-30,0.05429215707042647,0.00677107392049716,64.86940769290379,0.013055424766218236,0.19331405648342825,0.0,0.09879527912565145
2024-03-31,0.054649780705324,0.008717949028031052,64.86940769290379,0.012122894425774078,0.1930453719761648,0.0,0.09717914551552986
2024-04-01,0.061931622572452515,0.010873669381213749,67.27467493829869,0.012797066357658798,0.19091957051299216,2.000009967065079,0.1167467965459229
2024-04-02,0.0805844604594133,0.013322980483670609,72.6519023368127,0.013183585273032277,0.17638600402543955,2.1248684464076604,0.20573617003901545
2024-04-03,0.08450521229174215,0.01558587627642228,73.56157998631947,0.013330519888183526,0.16602310319475252,1.9768132054350736,0.25907512615957384
2024-04-04,0.09952269674863991,0.01838230946347352,76.97811812266754,0.014340772360552258,0.1692077249326048,2.0916644147282297,0.3428418593771434
2024-04-05,0.1039064590714517,0.020933705466997445,77.82929228026458,0.01434404504130459,0.16873897653098763,1.863399617777438,0.3869014202651879
2024-04-06,0.10420730195161873,0.02317361635109492,77.82929228026458,0.01331947039549712,0.16873897653098763,0.0,0.3824596733710435
2024-04-07,0.10444374346027727,0.025354806554830904,77.82929228026458,0.012368079652961609,0.15634413390965007,0.0,0.34697938713805887
2024-04-08,0.0985672757427864,0.027403808250569282,72.78763170799479,0.013540126607810767,0.15681745495398344,1.9573238827824806,0.26248115192250543
2024-04-09,0.08364529926840583,0.029253210241386635,61.978471916070134,0.014333951202944048,0.14370799978804505,1.580097416115294,0.10514239643618262
2024-04-10,0.0963715694403934,0.03154564182994616,66.37066435543377,0.014675020803553684,0.1426057246535774,1.8267218257301545,0.04927897047042795
2024-04-11,0.08158233209649365,0.033683364700855915,57.66028742004428,0.015321384486082496,0.15204849190386877,1.826000923049564,-0.07864976212909847
2024-04-12,0.09000290070468762,0.03574193904340582,60.65126480618049,0.016330437141093754,0.15262392428978677,1.6011740968136479,-0.12807520998739697
2024-04-13,0.09033102522654574,0.03838815413551817,60.651264806180485,0.015163977345301342,0.15262392428978677,0.0,-0.1662571996545552
2024-04-14,0.09088783207706878,0.04125405189403321,60.65126480618049,0.014080836106351247,0.14455656451852353,0.0,-0.19501151077000967
2024-04-15,0.08814057271621006,0.04394477708026074,58.63057927919554,0.01483611398766962,0.1439700976119782,1.5529989909168973,-0.231859332385427
2024-04-16,0.08787981759196942,0.046289059654966214,58.21282707939919,0.01498107454763189,0.14288099544128433,1.0920122203942308,-0.25855659356133276
2024-04-17,0.05439596874585275,0.047803578382882225,41.29371264594721,0.016917054600778778,0.1683053555253489,1.1835150588770698,-0.4441048303720627
2024-04-18,0.055448394279407065,0.049411392755339005,41.56771573077965,0.01735018352974304,0.1683230925506306,0.37790025290880924,-0.5455330208177265
2024-04-19,0.061063464178680506,0.05103735996488094,44.430582183023866,0.01988036147202904,0.16932189912354886,0.3382280467452351,-0.5640637584252755
2024-04-20,0.06147596905810736,0.052255415417737316,44.430582183023866,0.01846033565259839,0.16932189912354886,0.0,-0.5545439402770385
2024-04-21,0.061549156194563796,0.053137470998368345,44.43058218302386,0.017141740248841363,0.16759806416708392,0.0,-0.5266777039961165
2024-04-22,0.057809895777888094,0.053836589114397246,42.58725821237387,0.01726626082299121,0.15454323755976343,1.496217203490287,-0.5060798583220067
2024-04-23,0.06428275954357908,0.054977943278706844,46.76975344112216,0.01811988344343519,0.15600620151525024,1.682587488860626,-0.4389096879979744
2024-04-24,0.05725935185645081,0.056166507109132145,43.12139301517798,0.018032805469644277,0.14686332664004081,1.5674401213648304,-0.41271674893181154
2024-04-25,0.06690939649659784,0.05724760033907038,49.03727735706507,0.01816514773312445,0.15100696296991098,1.510238423777952,-0.3290384860635621
2024-04-26,0.07065695353210731,0.05867481275884829,51.05698027465576,0.01775687798480008,0.15203505477711052,1.1085149333206175,-0.24359883632002563
2024-04-27,0.07080188504906239,0.0603097094583263,51.05698027465574,0.01648852955731436,0.15203505477711052,0.0,-0.1788477279722716
2024-04-28,0.07077727126118363,0.061776889728616675,51.05698027465574,0.015310777446077619,0.15147848198640837,0.0,-0.13005052651422172
2024-04-29,0.05521653538828751,0.06297585512083988,41.998989229739905,0.015732365789456908,0.15221874784244088,1.6714788032040349,-0.17137217105361943
2024-04-30,0.0466622566398465,0.06438895412185351,37.849820029746226,0.016782231763576818,0.14597220808457356,1.9743246149763962,-0.23343636379800067
2024-05-01,0.009791782740045031,0.06534822770738738,26.18773048331839,0.01896436326380563,0.1842994507059394,2.149302766976021,-0.4470296322200694
2024-05-02,0.009716643920210457,0.06574668737864534,26.04027138041853,0.018968967471401105,0.17999038861911812,1.7533518377184762,-0.5595879101230171
2024-05-03,-0.0004798554532702731,0.06552352805372015,23.632833522122297,0.01933061160587289,0.1808083683913722,1.4657607181928436,-0.6520590343326742
2024-05-04,6.722396733576961e-05,0.06535645935426138,23.632833522122283,0.017949853634024827,0.1808083683913722,0.0,-0.6719996522910671
2024-05-05,0.0007213047750068721,0.06530247647164723,23.632833522122283,0.016667721231594483,0.1814511724158195,0.0,-0.6439026107977526
2024-05-06,0.006163562463276557,0.06538973071334352,27.329006460050223,0.016478171148067454,0.18389993822958065,1.4369050072468827,-0.5620890931563735
2024-05-07,0.005549860031544121,0.06498484732865575,26.949341940884224,0.016797001616923306,0.1534689303008146,1.5573436549963229,-0.479609680756266
2024-05-08,0.014010492874296036,0.0645017989147693,33.05822536341228,0.01762893495420026,0.15756392022352114,1.5875151153793332,-0.35463250825931447
2024-05-09,0.01809674027252563,0.06452891008277345,35.62438770752044,0.01711602215547585,0.15672187689759468,1.1669654200612514,-0.2304595657190136
2024-05-10,0.005718717742531558,0.06430122578299681,30.89986882329275,0.017757663600845113,0.1605751510746357,1.1348819937699735,-0.19382349150851952
2024-05-11,0.006072973065148205,0.06406676590171284,30.89986882329275,0.016489259057927603,0.1605751510746357,0.0,-0.14971492728324876
2024-05-12,0.006534266802533333,0.06394502057270322,30.89986882329275,0.015311454839504201,0.16090306506928004,0.0,-0.10289376430208108
2024-05-13,0.017862804342346966,0.06383641294350285,39.51584705537034,0.015607004580906882,0.16532349500749985,1.2582571471556578,-0.0017090941677224691
2024-05-14,0.004197195609529209,0.06333959486411599,33.72367293618987,0.016252919490493567,0.16966958924468095,1.3508546162548578,0.003166147271304043
2024-05-15,0.012498779910495328,0.06304263503439382,39.05830758955655,0.016991594708685182,0.1684484950813075,1.4095319241538649,0.056542353717068394
2024-05-16,0.02063955456235188,0.06292848881140438,43.84610958602962,0.017145956896418707,0.17124653657143746,1.0133917048926888,0.13675325892856316
2024-05-17,0.03148101034886957,0.06228117755346981,49.729636807141354,0.016773281516494917,0.1774228949271402,0.40592985603485016,0.24394446004850923
2024-05-18,0.031544803577584206,0.06154545045917226,49.729636807141354,0.015575189979602425,0.1774228949271402,0.0,0.3089029583593961
2024-05-19,0.03157005759247981,0.06076999412417033,49.729636807141354,0.014462676409630823,0.17146161781256702,0.0,0.34328153258596716
2024-05-20,0.028396274156398234,0.06008321510670926,47.77138336419402,0.014753368751735538,0.169646667178439,0.42682839639068304,0.33931637107602175
2024-05-21,0.021519468191625573,0.05902155638491802,43.904364310438126,0.015342945541073528,0.11330091075818355,1.8982551540079977,0.2928832336635411
2024-05-22,-7.21932326705829e-05,0.05726801008182831,34.493606137912764,0.016408282711499692,0.1366796971751424,1.6233096821900226,0.1482081425849937
2024-05-23,-0.008863079261044047,0.055308717011691676,31.483426517872886,0.017447154741827647,0.13525725777603134,1.7040802979985095,0.012383046954064225
2024-05-24,0.0022968366976978036,0.05323187049396333,38.50160306620572,0.017769941594560797,0.14163180516502227,1.4325793181674482,-0.011886003715442794
2024-05-25,0.0022742170271724325,0.05083782280273632,38.50160306620572,0.016500660052092168,0.14163180516502227,0.0,-0.019179489124277915
2024-05-26,0.002119783642413989,0.04830599328585832,38.50160306620572,0.015322041476942725,0.14042937173838047,0.0,-0.015406968606721416
2024-05-27,0.001991878805085943,0.04580258267941291,38.50160306620572,0.014227609942875388,0.1404029052428451,0.0,-0.004861136120003495
2024-05-28,0.02901825837790566,0.043921796141412846,54.174224535439556,0.015188531247141401,0.16921754832094787,1.8933074223030382,0.144043636242005
2024-05-29,0.02114862994574116,0.04223660555071548,50.252410500786084,0.01567994658446046,0.17122681830770242,1.4766938926545012,0.19858916233599921
2024-05-30,0.004088052558340388,0.04004753372911127,42.89522637241388,0.016447722591143403,0.1757322853106349,2.0716637508587388,0.1447313535789535
2024-05-31,-0.0076875837216612165,0.0380627071113026,38.64819596743841,0.017264535977763857,0.18051819134710567,1.7458470244037667,0.05094855397371045
2024-06-01,-0.007606361797130198,0.035912562999252946,38.64819596743841,0.01603135483649501,0.18051819134710567,0.0,-0.004345708407118454
2024-06-02,-0.0076274675433757756,0.033655468497831235,38.648195967438404,0.014886258062459655,0.1751702125326789,0.0,-0.032607579950607035
2024-06-03,-0.04341307575818592,0.030618644375299747,28.16262178291447,0.017745699730944062,0.21024205422988934,2.3319184664199923,-0.21914493388757117
2024-06-04,-0.05575432517136271,0.02765898641978079,25.548607553773067,0.018393090187983643,0.20983783642688225,2.1018120576721584,-0.3797367191808868
2024-06-05,-0.04507191543871222,0.024868483065682127,31.34962130721088,0.018346373455729193,0.21269657676069575,1.5514405232224984,-0.40054866449086435
2024-06-06,-0.025970012128557013,0.02304989334198557,40.37911107956118,0.018337816928172858,0.2232613784631853,1.3982297441696194,-0.2896254942655627
2024-06-07,-0.026097962505729547,0.021329652910428726,40.30195127999901,0.018016009577023883,0.22321930051211383,1.2613123088361575,-0.19701494916107398
2024-06-08,-0.02595729577210073,0.019514382754084996,40.30195127999901,0.016729151750093606,0.22321930051211383,0.0,-0.1190115376578671
2024-06-09,-0.02585867916469781,0.01765461724803639,40.30195127999901,0.015534212339372633,0.22343316576261577,0.0,-0.05398141086636632
2024-06-10,0.002603204826357172,0.016219755545336882,52.75812929646627,0.016826128826131603,0.24968642727997983,1.4731516484558163,0.1406683388634098
2024-06-11,0.004513882278614645,0.014788531735085106,53.51438003185617,0.016637466423272122,0.23776935761188306,1.462880919372763,0.2752107652865361
2024-06-12,0.012057665658795909,0.013341754976602513,56.33702925516931,0.01664127845157579,0.23646137410126458,1.5000954185149156,0.3924783296104738
2024-06-13,0.013403590473541987,0.012060430200771214,56.9007111826508,0.01653743617094548,0.23357026906811873,1.429072126014099,0.46124424206562165
2024-06-14,0.010978320088964287,0.01050669987923038,55.80164197754141,0.01668237411003213,0.23377964326627906,1.0802614666300467,0.4764464992495193
2024-06-15,0.010845448412746726,0.00898228606354402,55.80164197754141,0.015490775959315549,0.23377964326627906,0.0,0.46704262250622164
2024-06-16,0.010807026462845279,0.007552383702445352,55.80164197754141,0.014384291962221579,0.23377964326627906,0.0,0.441644579865722
2024-06-17,0.03473907004136413,0.006361976954173572,65.10973824027506,0.01542727276476237,0.22920655679410884,0.5834974903940207,0.5265240335167151
2024-06-18,0.05020431875401385,0.005603150252559209,69.64981064141416,0.01577133455577274,0.23312419229751152,0.6660743228914202,0.6340299566365672
2024-06-19,0.04969751622135238,0.005025216545939032,69.64981064141416,0.014644810658931829,0.22314208435980923,0.0,0.669503225009987
2024-06-20,0.05686787982736368,0.005317137554694499,71.71523680343822,0.01461213720336574,0.21725783469217744,2.141783883560025,0.6947328211840362
2024-06-21,0.03783345967175367,0.005277872303835028,60.987994591365116,0.015420740833004905,0.22940791144254166,1.377716187619809,0.5804482626008307
2024-06-22,0.03727273218167873,0.005408004888876045,60.987994591365116,0.014319259344933126,0.22940791144254166,0.0,0.47528406587038463
2024-06-23,0.03651694330514821,0.005348213796944064,60.987994591365116,0.01329645510600933,0.179554117667891,0.0,0.38026594770050326
2024-06-24,0.04724598617868182,0.005458817762710549,65.0669237998579,0.013566872467670785,0.16878603845057139,1.4943865299816297,0.35315700668372374
2024-06-25,0.036344518785598,0.005442636709541296,59.14703570536002,0.013915472532259868,0.17567646493784878,1.5824125487453853,0.26073905467223457
2024-06-26,0.03659940751499214,0.005465533423950851,59.49430202987391,0.014190567153904468,0.16608111172954196,1.6980395546699805,0.18715816043690459
2024-06-27,0.046657810690427175,0.005493227650181875,63.50348953141951,0.014378533823770847,0.16719523856207866,1.6746263834751305,0.17795401674580635
2024-06-28,0.04341417759911527,0.005419255363575699,61.931737001525654,0.014917233453615474,0.16819628390007704,1.328194794281942,0.14280693442474768
2024-06-29,0.04255169139278834,0.005426921956614133,61.931737001525654,0.013851716778357224,0.16819628390007704,0.0,0.10567964101877014
2024-06-30,0.04174785666625323,0.0054898109016267025,61.93173700152566,0.012862308437045994,0.1392305084084612,0.0,0.06901659845944086
2024-07-01,0.06445312563727898,0.006039731896753641,70.36112330871634,0.01361606671891197,0.15647466003969773,1.9036775915158677,0.15183344153923528
2024-07-02,0.0564089676880098,0.006250940334855798,65.52100689754971,0.014162364267521254,0.15971213173020807,1.9997879432122798,0.1510501907213183
2024-07-03,0.0692098917295494,0.006946422724803866,69.73043364317292,0.014234800840901422,0.16365238977332738,1.582845373352563,0.20222573572416191
2024-07-04,0.06836215245454343,0.007485413238524265,69.73043364317292,0.013218029352265605,0.16287440577384923,0.0,0.21453954653864504
2024-07-05,0.05847115537147158,0.007800433109527,63.66472440131383,0.013668544934160816,0.16802066324500203,1.914049785517754,0.15541277694580846
2024-07-06,0.057816803553949477,0.007966063794018681,63.66472440131383,0.012692220296006472,0.16802066324500203,0.0,0.10020205035768814
2024-07-07,0.05721567522207448,0.008181473724935337,63.66472440131383,0.011785633132006009,0.14873711616218643,0.0,0.05011168043612946
2024-07-08,0.046102612864665285,0.008217747614321855,56.57849680029318,0.012129939078147222,0.14509108278975671,1.3391632131428135,-0.04722652164146157
2024-07-09,0.03389729483370854,0.008124116919971718,49.94286497010325,0.012469997984005473,0.1509105464282515,1.4655597765517336,-0.17471183741573593
2024-07-10,0.0420950338490444,0.008298683991326732,54.27432715718223,0.01309150856382233,0.15169033623938843,1.6839507727172578,-0.21126559467049377
2024-07-11,0.04809280039517539,0.00900050913877342,57.274856239600055,0.013376704288235137,0.13816975281235847,1.6188082780592976,-0.1992758864051215
2024-07-12,0.042319740035937706,0.009801306972806383,54.25199009372505,0.013908095168608659,0.13985097110644198,1.6916706265698187,-0.21638533837589458
2024-07-13,0.04188117646445232,0.010514497609824458,54.25199009372505,0.012914659799422325,0.13985097110644198,0.0,-0.224178012665045
2024-07-14,0.04134668124271708,0.011133581801322791,54.25199009372505,0.011992184099463586,0.13456257217831322,0.0,-0.2252116592989032
2024-07-15,0.036880768051812854,0.011545442074405644,51.75570556706891,0.012144345499073145,0.13008241057625333,1.4415714353777147,-0.2405863969619958
2024-07-16,0.021734011517006324,0.011731724072178124,43.493895770025674,0.012949889171722583,0.14019116618729927,1.4983688332903866,-0.3178409421881111
2024-07-17,0.0474334814610554,0.01177904469987232,56.945339986489856,0.014006234872250875,0.16421803923541578,1.2666915146572393,-0.22233722282593238
2024-07-18,0.046315433284955854,0.011972238802462145,56.73656458601491,0.014545670328739477,0.1638503103459953,0.49076872862110776,-0.15834481706369063
2024-07-19,0.011789016506658116,0.011991081470283773,41.901625160156165,0.016464976154945785,0.20212351409453377,0.4206616428570353,-0.28685199943711104
2024-07-20,0.011166584148740393,0.012161002670985629,41.901625160156165,0.015288906429592514,0.20212351409453377,0.0,-0.3569541702638785
2024-07-21,0.010692772670623798,0.012478831755598246,41.90162516015617,0.014196841684621618,0.18244694430060202,0.0,-0.38596076895477366
2024-07-22,0.005796740568232267,0.012697899094687631,40.193777637058666,0.014601504162827761,0.18177448142985855,1.9096810237773223,-0.40914528764379776
2024-07-23,-0.02994797535527075,0.013187588290539986,29.692670678157626,0.017192420245676476,0.20868580836725173,2.2326587935636932,-0.5841624512597395
2024-07-24,-0.022240024614393197,0.014040096831452567,33.8505940653605,0.016967095013717987,0.21285894927091606,1.7365044683265782,-0.6236685165046165
2024-07-25,-0.013822626437064478,0.01481533429521164,38.1639405183656,0.01783360056361459,0.21665967313470608,2.1797478804934856,-0.5709170197372779
2024-07-26,-0.0283235185380925,0.01481252135314771,34.25900937357697,0.019031122761192825,0.2200199096837523,1.6010887303386232,-0.5773141713874662
2024-07-27,-0.028624439362624137,0.01490864775014934,34.25900937357696,0.017671756849679053,0.2200199096837523,0.0,-0.5476579130643776
2024-07-28,-0.028978332784876815,0.014949150874867605,34.25900937357696,0.016409488503273405,0.2190583444970512,0.0,-0.49571048274289675
2024-07-29,-0.04619497290817739,0.01477762303884035,29.686151327571764,0.01771348962802083,0.2232406273231215,1.6579703253784195,-0.5175389590049828
2024-07-30,-0.05990417742170988,0.01388946492421244,26.624442938930855,0.018004988346178096,0.22168951082717123,1.8812600304560356,-0.566053354686996
2024-07-31,-0.02022240991208298,0.013558556612054622,44.70733440353934,0.019639571494978518,0.2760049222678051,2.003247391903019,-0.3555977154828692
2024-08-01,-0.04056269582096898,0.012776571522107245,39.440624386269796,0.021090241161760063,0.2830785677725111,1.6621562977364255,-0.29809547077646537
2024-08-02,-0.0756898830902749,0.011440725023872049,32.29603563121775,0.024524086854614182,0.3058068700137951,1.8429737772204304,-0.41473908220835254
2024-08-03,-0.07575495379244256,0.010129985964833724,32.29603563121775,0.022772366364998884,0.3058068700137951,0.0,-0.4554226769066043
2024-08-04,-0.07581072157830111,0.00882957635059604,32.29603563121775,0.02114576876749896,0.30635688141024475,0.0,-0.44532530304255435
2024-08-05,-0.08303588471293948,0.007516490260419268,30.845275973142023,0.02252367815043248,0.30477998279965957,2.0119226745826673,-0.439927611429632
2024-08-06,-0.07975522010819304,0.00573707154585619,32.31310691577514,0.023143446926046262,0.28450580991344065,1.39045576949342,-0.38314974449323835
2024-08-07,-0.054342874046465345,0.004028124354302298,42.5638916253729,0.02400571253422539,0.3083911484152284,1.585467611907816,-0.18331286839249983
2024-08-08,-0.042442791610833676,0.0025004074211283254,46.67660477710133,0.023810159942325722,0.2957262449015066,1.1601315095256857,0.02784728328691055
2024-08-09,-0.034373779271517864,0.0010568610670991102,49.32255267230117,0.023075080799236834,0.29816702201401013,0.8907206313855857,0.21518800419378947
2024-08-10,-0.03452361976646597,-7.601772018732528e-05,49.32255267230117,0.02142686074214849,0.29816702201401013,0.0,0.33580690823671233
2024-08-11,-0.03462975419359523,-0.0011633718606762456,49.32255267230117,0.019896370689137886,0.298095785368578,0.0,0.40751745595187594
2024-08-12,0.0056537875941170095,-0.001501073518060625,61.22667428233412,0.020819108068088663,0.3084205831847859,1.3652580992520644,0.649378148706683
2024-08-13,-0.015846956969362794,-0.002346395122132103,53.97556653842101,0.021568154762382746,0.3184255599229365,1.339981867961389,0.6691057525929367
2024-08-14,-0.03299288840627614,-0.003249111666249919,48.97158526289088,0.02249029357484165,0.32313079928721467,1.3162418233119544,0.5687437177399113
2024-08-15,-0.018179215256694383,-0.00394688181749871,53.01223356816859,0.02209472730820069,0.32363078937791717,0.7413168192697845,0.5598114361786584
2024-08-16,-0.0371395139289174,-0.005217537382647424,47.79650219382567,0.02336223448206171,0.3314667752656284,0.3758054505024222,0.4357082026757063
2024-08-17,-0.03706875167405809,-0.006373061383886939,47.79650219382567,0.021693503447628732,0.3314667752656284,0.0,0.3412954858642201
2024-08-18,-0.03711713750655727,-0.007651560147742139,47.79650219382566,0.02014396748708382,0.3250623872116525,0.0,0.26966359888968827
2024-08-19,-0.06579092014614879,-0.009487179005902199,40.31604507008537,0.02187178061306283,0.33890654230082734,0.5027452266707848,0.06994654310915016
2024-08-20,-0.07003908406102316,-0.011942914484371344,39.35596165037954,0.02187606650301241,0.29934169245542214,1.441023363085144,-0.07529748960819538
2024-08-21,-0.09652136029965795,-0.014654365944501863,33.811642402750294,0.02359055060246301,0.30698459299604375,1.7062734309650396,-0.29220870007101674
2024-08-22,-0.0829980102034608,-0.017430070101851002,38.581072861964955,0.023479447205132512,0.2855360199463953,1.5037195023981327,-0.3384241589211242
2024-08-23,-0.06025988654324894,-0.01982960675912668,45.6840989756893,0.023410249557576535,0.29914779458038965,1.3189906419950403,-0.22723186485609048
2024-08-24,-0.060349570165205466,-0.02201516796362636,45.684098975689295,0.021738088874892494,0.29914779458038965,0.0,-0.13883854583844757
2024-08-25,-0.060406793440789426,-0.024166617484228877,45.684098975689295,0.0201853682409716,0.29732580821228244,0.0,-0.06905246540680521
2024-08-26,-0.02795907220192294,-0.025681493401589015,54.945226794931024,0.02067214269532916,0.3198325659922179,1.8988799771582827,0.15085755682602597
2024-08-27,-0.05161082299030971,-0.027309039836720898,48.45285398382229,0.021642948351645108,0.3199077180029877,1.5702029288688049,0.16708761451421916
2024-08-28,-0.06415656115364518,-0.028897875600465462,45.36777510018829,0.022411042596630952,0.31995485441060373,1.595789542396785,0.11058275232684578
2024-08-29,-0.046644783590213006,-0.030395969537446266,50.07875946984929,0.023120349354379555,0.3258807540418265,1.866549104230487,0.16436206668614428
2024-08-30,-0.07608855990703574,-0.03246942757988694,43.25832174830608,0.0252946004670484,0.34356835153383963,1.7800994552293152,0.04475482521717644
2024-08-31,-0.0758378049259107,-0.03438310620050518,43.25832174830608,0.023487843290830656,0.34356835153383963,0.0,-0.026750020888533066
2024-09-01,-0.07565836214569328,-0.03637230889436902,43.25832174830608,0.021810140198628467,0.3023257142881692,0.0,-0.06429584658120968
2024-09-02,-0.075398075300893,-0.038278267018239366,43.25832174830608,0.020252273041583575,0.2955459097408424,0.0,-0.07844205871012344
2024-09-03,-0.11525912593295619,-0.04065355778860612,34.62972318354396,0.024040596787759425,0.32561697912788606,2.577152457683516,-0.2818566225668402
2024-09-04,-0.1290509144064604,-0.04296032346511364,32.175157591213306,0.025416186876235793,0.3195903092516059,2.1286503687629255,-0.46049215521159526
2024-09-05,-0.12912992586201266,-0.045806003679965804,32.06780681551146,0.02575601678560629,0.3160124115356652,1.6781967978232877,-0.5436212398260054
2024-09-06,-0.14715031407180879,-0.048932049311980357,28.984816236131962,0.027563777566965444,0.3206674139260511,1.354246829088028,-0.6525517119587301
2024-09-07,-0.14658510469726835,-0.05144451381278123,28.984816236131962,0.025594936312182195,0.3206674139260511,0.0,-0.6760060245527433
2024-09-08,-0.14603369425874,-0.05397642762416373,28.984816236131962,0.023766726575597755,0.30863021798168894,0.0,-0.643115268001766
2024-09-09,-0.1323673464155714,-0.05626921783651216,34.510660261722094,0.023450348562835326,0.31661245742291816,1.3798961247634822,-0.5087964829220832
2024-09-10,-0.16918123812011562,-0.05917451387434332,27.864865851743062,0.02689468740430964,0.3355243889933117,1.7229231589226455,-0.572056792380343
2024-09-11,-0.14897547834910163,-0.06106869323671591,34.972244056845014,0.026878025919308685,0.3434948627270965,1.5127538157215072,-0.46608018122812367
2024-09-12,-0.12757271135938883,-0.06280287298928601,41.56961824536103,0.02701907392466994,0.3432006191905897,1.3438953400687954,-0.25214016907067505
2024-09-13,-0.13112977378438972,-0.06471089540786837,40.71214314803911,0.02713096472261883,0.34290615711026295,1.1140285362031421,-0.10753038786080249
2024-09-14,-0.1305674697471296,-0.06626114187517126,40.71214314803911,0.0251930386710032,0.34290615711026295,0.0,0.006710580504673214
2024-09-15,-0.1300226290251923,-0.06783288818782975,40.71214314803911,0.023393535908788687,0.31170137769170414,0.0,0.0959129702146242
2024-09-16,-0.11131402701094067,-0.0691429183035195,46.87153916307549,0.023365426294906892,0.3173572159520192,1.1572198433862566,0.2564240269844369
2024-09-17,-0.09686411451995049,-0.06979670901951492,51.0546792241898,0.023678958836530956,0.32214718952706506,1.003358230975474,0.43093399263373433
2024-09-18,-0.0998989784746949,-0.07023161349193517,49.97602412544377,0.02383722380870164,0.31270075403089903,0.43692638736982264,0.5160192289851309
2024-09-19,-0.08623263306980787,-0.07127195453773272,53.87410575000386,0.024157520898318685,0.3005467711621012,0.3964893098234655,0.6236571664420478
2024-09-20,-0.08621788592561888,-0.07198512087454689,53.74401077356267,0.02347423499436725,0.3005333629415313,1.3128366314934197,0.6700823067343469
2024-09-21,-0.0858560881922774,-0.07202442563725663,53.74401077356267,0.02179750392334102,0.3005333629415313,0.0,0.6760939679761491
2024-09-22,-0.08543702092999504,-0.07200594177820903,53.74401077356267,0.02024053935738809,0.3005333629415313,0.0,0.6549191473594236
2024-09-23,-0.10466007322261198,-0.07230216280657202,46.49804860399654,0.021675321938627163,0.2672991844073301,1.5140069374510463,0.5174046056932653
2024-09-24,-0.089145642332467,-0.07227265577250173,51.86387314661425,0.021818655236022572,0.2662566863300861,1.479752222478514,0.4878598261388618
2024-09-25,-0.1124780023533547,-0.07267517269728682,44.338501626989334,0.02335593850926687,0.2841417198087208,2.176768978744099,0.33114384810416153
2024-09-26,-0.13763553793109176,-0.0739910513368318,37.93522628541327,0.025565017412083182,0.29304457506611953,2.123511452314393,0.09260675945283736
2024-09-27,-0.130596115696156,-0.075458213185473,40.28023076098899,0.02522713480968929,0.2942076922360913,1.4085462533238642,-0.02346167893452744
2024-09-28,-0.13007585780467926,-0.07711485756339406,40.28023076098899,0.023425196608997195,0.2942076922360913,0.0,-0.08917831157835099
2024-09-29,-0.12943494128672203,-0.07864644738503603,40.28023076098899,0.021751968279783106,0.28894462352737643,0.0,-0.11968717797292339
2024-09-30,-0.1288346158737479,-0.0800917532883919,40.24298614343889,0.022034871032773084,0.24065016725529412,1.5914513496302,-0.12689469505891315
2024-10-01,-0.10698126667034322,-0.08204888840649402,48.71795094243937,0.025712978953629742,0.2414100744021197,2.8587691885794864,-0.012254460574721793
2024-10-02,-0.10290087611634235,-0.0835178794618788,49.961009414980474,0.02649478538321213,0.22627166273553492,1.8064645104269692,0.08406888323376205
2024-10-03,-0.05625954363586329,-0.08392516931343415,62.90736361254196,0.027263887054848706,0.2874769433980935,1.878404974558856,0.3768217663182044
2024-10-04,-0.04717255471609742,-0.08440427051347338,64.73117913817853,0.027114696559219772,0.28772884169212165,1.6083117705325434,0.5888633488083679
2024-10-05,-0.04661746987558282,-0.08445280152344455,64.73117913817853,0.0251779325192755,0.28772884169212165,0.0,0.6951012249966034
2024-10-06,-0.046171223709125436,-0.08460646309792608,64.73117913817853,0.02337950876789868,0.2810362080932847,0.0,0.72786994651734
2024-10-07,-0.010528376648452447,-0.08425003471786606,71.85200707511189,0.024432923776183977,0.3031488233530849,1.610152671653058,0.8873497603216114
2024-10-08,-0.055893133441587826,-0.08404052818218356,56.079885555726406,0.029390688359002153,0.35159877578528265,1.7746017184443408,0.7119010581842751
2024-10-09,-0.059682099662486957,-0.08381142340828818,54.88065320297045,0.03026210034605681,0.3490657010371319,1.356852713500796,0.540869489705239
2024-10-10,-0.025873764303637557,-0.08252333099835309,61.83248215184427,0.029958706828388696,0.36980639238746277,1.0846090037059237,0.5679635889201521
2024-10-11,-0.029199841710699847,-0.08149146026614792,60.713141130140464,0.029353007461776923,0.37045535709309313,1.0101237593985686,0.5314528745062613
2024-10-12,-0.028821765070931767,-0.08094609473628231,60.713141130140464,0.02725636407165,0.37045535709309313,0.0,0.4742857394515938
2024-10-13,-0.02846025848573212,-0.08041626702144423,60.713141130140464,0.025309480923675,0.35945557891878005,0.0,0.40608736266607814
2024-10-14,-0.05013394017075776,-0.08012107207926869,53.497441249205295,0.027680380999640073,0.36788230434703106,0.9333714024941672,0.22322004788928207
2024-10-15,-0.09121106935261114,-0.0811369065478414,43.127562356383066,0.031056304385096222,0.3906803024091812,1.1510409992135873,-0.11944521420269005
2024-10-16,-0.09291121115854702,-0.08170500833246726,42.607580664707235,0.030610477031301046,0.3748095102844692,0.8153281113118954,-0.348751519323109
2024-10-17,-0.08856889598941199,-0.08195787382034371,43.68513171230486,0.029999320697934595,0.37435473190745616,0.7095852327409092,-0.4641967557621399
2024-10-18,-0.10643457295219336,-0.08282649771414366,39.54451346970649,0.031061084316055025,0.3828401291196004,0.35475042858391725,-0.611570537591133
2024-10-19,-0.10551485709486899,-0.08300155894342923,39.54451346970649,0.02884243543633681,0.3828401291196004,0.0,-0.6773016252020384
2024-10-20,-0.104577030046063,-0.08316037708284822,39.54451346970649,0.02678226147659847,0.3828344862552278,0.0,-0.68687121412294
2024-10-21,-0.08629563238130603,-0.08298317099954548,45.50620088877726,0.026451941529761238,0.3791955750032763,0.4139285545830726,-0.5736572557846061
2024-10-22,-0.06558656815812658,-0.082480891721575,51.3993534474988,0.026627269546399757,0.3863194735410307,1.5107734086763314,-0.3759868186550046
2024-10-23,-0.0817355729812639,-0.08140856032245848,46.70641791382721,0.027164736161690264,0.34408987830574284,1.3965737637481135,-0.31676620225046875
2024-10-24,-0.08827220627455538,-0.08015385510080143,44.77209552553304,0.02804818194165834,0.3422944047992241,1.4097017067430258,-0.2994802977908922
2024-10-25,-0.06673108510177642,-0.07859391672727076,50.78898181315244,0.027418227341034062,0.3538886905121957,1.3195337530089233,-0.17021811112555182
2024-10-26,-0.06591434761024798,-0.07671787772434221,50.78898181315244,0.0254597825309602,0.3538886905121957,0.0,-0.07862938779134235
2024-10-27,-0.06503650986324516,-0.07477950457475235,50.78898181315244,0.023641226635891615,0.32333550113772097,0.0,-0.015275681357301285
2024-10-28,-0.12133886617689092,-0.07379098563579142,36.89581849006686,0.028538115968656855,0.3528071146981863,2.1760553173140673,-0.2537032442994182
2024-10-29,-0.12250009662550694,-0.07306711932512322,36.48060659600271,0.028479682094516078,0.3528508752567163,1.557992913143986,-0.39825552038644385
2024-10-30,-0.10322340743618247,-0.0712866230135205,42.24497056553679,0.02794631263992553,0.3341852544370499,1.534934245399226,-0.37528949855753935
2024-10-31,-0.09375616634815881,-0.06977986386081893,44.75184942562289,0.02829519049882021,0.3380061452204823,1.6783863145592346,-0.29553805696026847
2024-11-01,-0.08979873894397404,-0.06867377108233924,45.65078158420512,0.028438233733151515,0.3387482181519459,1.5920468180120622,-0.21050551454701483
2024-11-02,-0.08885173629742806,-0.0674845098098754,45.65078158420513,0.026406931323640692,0.3387482181519459,0.0,-0.14081843220819124
2024-11-03,-0.0880625566298411,-0.06645635286368873,45.65078158420512,0.024520721943380643,0.3314418877627793,0.0,-0.08408174527005396
2024-11-04,-0.061384909276604435,-0.06502540139972081,53.74330524804041,0.02445709806100775,0.31119869096533626,1.5460831342899986,0.0881144817356252
2024-11-05,-0.05386306864706029,-0.06384092477919695,55.61256651213555,0.02391535802218169,0.3117207734056736,1.323652669292089,0.23027665250753737
2024-11-06,-0.057096338951324016,-0.0630044895196472,54.250501192836055,0.02517950698153421,0.31213710021829627,1.9724402448627092,0.29330685774878845
2024-11-07,-0.04760901023309367,-0.06195807044434904,56.79555572123921,0.02535589838049745,0.30281520456091904,1.6859023245136096,0.36466875178185754
2024-11-08,-0.07290869502005692,-0.06160126375665445,48.2525948332303,0.02661246139289048,0.32073526366153454,1.5890132583093488,0.26756381818780245
2024-11-09,-0.07211544147996406,-0.06120440027194553,48.2525948332303,0.0247115712933983,0.32073526366153454,0.0,0.19570689838554328
2024-11-10,-0.07135452710028517,-0.060840936367582615,48.2525948332303,0.022946459058155563,0.3133377033032493,0.0,0.1429957473577858
2024-11-11,-0.10130938818824833,-0.06090267511089395,39.485841883711295,0.02481169847881491,0.32356396694515066,1.620663767601086,-0.044611016938734926
2024-11-12,-0.0993170459938824,-0.060521088277642014,39.887955727914026,0.024459399533059437,0.31843620013660223,1.2776906220484747,-0.15239277456329625
2024-11-13,-0.09429496645180745,-0.06039093211948351,41.50983275671646,0.024613541249261753,0.31820801200007726,1.681749803628056,-0.18946654265893142
2024-11-14,-0.08980887923766467,-0.059710272300265946,42.95351005445038,0.024293993050773746,0.3064177151145431,1.0241500011353968,-0.18239937697785313
2024-11-15,-0.11114769998407237,-0.05890935578660975,36.8574621439285,0.02512785380077112,0.3164225552929028,0.8657706428094444,-0.2720645262730936
2024-11-16,-0.11026800490718651,-0.05828595589254928,36.857462143928515,0.023333007100716043,0.3164225552929028,0.0,-0.30982543651080807
2024-11-17,-0.10955991818379127,-0.05784474010210255,36.857462143928515,0.021666363736379184,0.2303271671298644,0.0,-0.31236813110680406
2024-11-18,-0.08052940343285268,-0.056971023245153976,48.48839790670503,0.02236742208126527,0.2566215500848982,0.533223250611063,-0.15542123951136888
2024-11-19,-0.07693659090889989,-0.056099492632668016,49.56368692344059,0.02197734192930024,0.24650659008845696,0.45308864383206715,-0.02827500256357729
2024-11-20,-0.08329047942422549,-0.05577460169140421,47.16640882160292,0.022013629549659457,0.2458356398331706,1.2180568737038209,0.02572922902287289
2024-11-21,-0.06642066106657574,-0.055270971754507514,52.961924730111804,0.021631363932419927,0.2538583878948112,1.481339609043243,0.14268026026076175
2024-11-22,-0.05078072764139429,-0.05547351105832,57.603810943412796,0.021990718898802712,0.25987555974519433,1.925255432728168,0.28688580651741025
2024-11-23,-0.05032899236304322,-0.055861169801574684,57.603810943412796,0.02041995326317395,0.25987555974519433,0.0,0.36720849317195475
2024-11-24,-0.04983817652810941,-0.056210806530974475,57.603810943412796,0.01896138517294724,0.23930291982168825,0.0,0.4024430506486142
2024-11-25,-0.07988107373698002,-0.057012945939565185,46.13217657849356,0.021033323266655257,0.2632398193363476,1.8639694089835788,0.25987260476869106
2024-11-26,-0.08156844146666463,-0.058651022102165204,45.4122820835653,0.021916207934939314,0.2631259365355323,1.4639524179634316,0.1486698653276472
2024-11-27,-0.08165111201275604,-0.05934723557071912,45.1889514171978,0.0216024760640613,0.2598011894183222,1.1758462351340568,0.07027716107714882
2024-11-28,-0.08106534137521602,-0.05995608047434642,45.18895141719779,0.020059442059485493,0.24258445511162685,0.0,0.01958904153379279
2024-11-29,-0.09001674549529004,-0.06135763554073509,41.758930561900456,0.020735612575012906,0.24480581698178866,1.5361210476542906,-0.05707066929677351
2024-11-30,-0.08940624399411562,-0.06275263818476666,41.758930561900456,0.01925449739108341,0.24480581698178866,0.0,-0.09991137022624025
2024-12-01,-0.08875768006209722,-0.06411126385671097,41.758930561900456,0.01787917614886317,0.21436151353315583,0.0,-0.11908147237642397
2024-12-02,-0.08673657667856452,-0.06541367342254566,42.515810681826736,0.01804614393432051,0.21438446351845777,1.5546934771169825,-0.11575729358867348
2024-12-03,-0.06142408045410466,-0.06582310860017994,54.28758640651368,0.01868565905800603,0.23450124453364946,1.8269412363333666,0.012798525650349502
2024-12-04,-0.07950019790437066,-0.06564840226663758,46.48711889595099,0.01981051684137824,0.24592248604664363,1.9050739216841426,0.0063092507523119234
2024-12-05,-0.08199845902345129,-0.06547179219825751,45.28583399251465,0.019694171110161852,0.22895276123193112,1.638252110520776,-0.010469150702383856
2024-12-06,-0.09601787688778265,-0.06561337193160251,40.16298270569435,0.020191805569259754,0.23692635313899615,1.7783535679860645,-0.08767688123241962
2024-12-07,-0.09528400482307474,-0.06539872465310421,40.16298270569435,0.018749533742884055,0.23692635313899615,0.0,-0.12831353464305906
2024-12-08,-0.09465201886558618,-0.06529015020531906,40.16298270569435,0.017410281332678055,0.20527579827110984,0.0,-0.14360545239347
2024-12-09,-0.07836147438279269,-0.06498381090178378,47.98040095407357,0.017770550806075622,0.21537731738080418,1.5084181956610097,-0.06721581066642318
2024-12-10,-0.07482660215268583,-0.06493952171386688,49.32108793842731,0.017843751847611142,0.21421766553711213,1.4338171245600522,0.002159223904756924
2024-12-11,-0.05142082949686029,-0.06495655822054225,58.27107375727413,0.018292312932032043,0.22314992956516813,1.6622412583649124,0.15794680692104224
2024-12-12,-0.05457338524621103,-0.06467302211996172,56.5625184908782,0.01866300415572754,0.21526302823083004,1.6469989194988777,0.23364810344928305
2024-12-13,-0.037007453980000854,-0.06396964538633705,62.17971972394678,0.018574214508773983,0.22551405630912064,1.0999777311184111,0.35293169638779287
2024-12-14,-0.036451683181877824,-0.06356189046136726,62.17971972394678,0.017247484901004414,0.22551405630912064,0.0,0.41142567690449794
2024-12-15,-0.03593438361947298,-0.06319167186372081,62.17971972394678,0.01601552169378981,0.19033800387798466,0.0,0.4278138325898096
2024-12-16,-0.043312089297151725,-0.06302491609375614,57.90828035153091,0.016074413733786028,0.19304655958625733,1.0980884126291777,0.37896234266480955
2024-12-17,-0.05139235962700991,-0.06185577125641972,53.60109902230878,0.0168339046981298,0.19643239372569218,0.554383012071261,0.28772645970643934
2024-12-18,-0.04420967465673806,-0.06053587118033387,56.374477617251294,0.01692745809477654,0.19755469266149844,0.5382815999289411,0.24616559409247857
2024-12-19,-0.052828692203290145,-0.05973303055916565,51.89796237845308,0.017462885542526015,0.1967984408706809,1.5795433805781045,0.1626911452403908
2024-12-20,-0.05862200093292907,-0.05937553049708814,49.0790493442915,0.017852824668840677,0.19874794318419028,1.18021953045413,0.07099061398264706
2024-12-21,-0.058380168699553966,-0.059142025281755245,49.079049344291505,0.01657762290678063,0.19874794318419028,0.0,0.007497665898019812
2024-12-22,-0.05808584642348945,-0.05885607712412839,49.079049344291505,0.015393506984867727,0.19878373077654496,0.0,-0.035003998966847666
2024-12-23,-0.060667299422949406,-0.05852108216047631,47.50354501627905,0.01573206582487687,0.17381755316064407,1.0654751258616226,-0.0760809094235051
2024-12-24,-0.048649839941313236,-0.05854603848972775,53.75329452155468,0.015641684765581535,0.163188064922957,0.7337632102155409,-0.045014894337790046
2024-12-25,-0.04829917472301413,-0.058712206153923106,53.753294521554686,0.014524421568039996,0.1623280070129514,0.0,-0.02514025479243312
2024-12-26,-0.054436414381221175,-0.058896714073144105,49.90733267009401,0.015036835348615878,0.15212935381543674,1.013723120089983,-0.04389692031702472
2024-12-27,-0.04066117350728736,-0.058918491585261634,56.71649652760791,0.015094330856495804,0.1579958778747986,1.139185128388535,0.007389609771689537
2024-12-28,-0.04018512867987179,-0.05839168761309137,56.7164965276079,0.014016164366746103,0.1579958778747986,0.0,0.03733145295613874
2024-12-29,-0.039669424419980656,-0.057825914692152716,56.7164965276079,0.01301500976912138,0.14799955215563992,0.0,0.05224017307534751
2024-12-30,-0.03386313049714991,-0.057170700264733795,59.45581187787578,0.013467863605262809,0.14854959697136108,1.5057321722416894,0.08171466716925144
2024-12-31,-0.023480959940781986,-0.0557366089365782,64.0430200186582,0.013523903052282574,0.12593825990050325,1.2276912168360727,0.14028561914508386
2025-01-01,-0.023033344601110825,-0.05432299852257351,64.0430200186582,0.012557909977119534,0.12469667670572598,0.0,0.16711643302131285
2025-01-02,-0.0034653532367894787,-0.052699286827730875,71.31345618007036,0.013399323901675753,0.1275189790132955,2.770666003751497,0.26224838829116925
2025-01-03,0.008282604412256858,-0.050853791770777146,74.57274321598075,0.01389612576841202,0.13225405988095282,2.360304406236421,0.3575916093781527
2025-01-04,0.008805900740152512,-0.048467970356066724,74.57274321598075,0.012903545356382589,0.13225405988095282,0.0,0.39428539715642474
2025-01-05,0.009329740529258976,-0.04607967118386934,74.57274321598075,0.011981863545212404,0.12714216913243592,0.0,0.39139665120031963
2025-01-06,0.004461055399955507,-0.043732838636914295,69.79929654100951,0.0129246517673933,0.1236138442783567,2.4379678104955245,0.3374305377324808
2025-01-07,0.0143317946815963,-0.04191888553909423,73.00886581077272,0.013255972824302015,0.12499064283671857,2.0630118419652943,0.3230715469775479
2025-01-08,0.0021342504425809865,-0.040359414169286824,63.25179034637666,0.014540297993334839,0.12926189622499829,2.411397999142186,0.23016911937279727
2025-01-09,0.010805423808703757,-0.03853149045208784,66.3740588562554,0.014822234572645747,0.12636761777950384,1.5765986052833756,0.1900236317159575
2025-01-10,0.047404742614691575,-0.03642867644481562,76.0520158360603,0.0169626081605849,0.17079249429041968,3.003535698501346,0.3154429680346975
2025-01-11,0.047710007467616264,-0.03468923267879254,76.0520158360603,0.01575099329197169,0.17079249429041968,0.0,0.36822457481567494
2025-01-12,0.0480204707872733,-0.032944142078810135,76.05201583606029,0.014625922342545141,0.16916091825147453,0.0,0.3718721026139442
2025-01-13,0.07903204757230273,-0.030675477281822076,81.65201596068817,0.015667511051804785,0.18851265969736974,2.7640303433975286,0.48727430400260396
2025-01-14,0.061254955642501475,-0.02806300566306322,71.14162541240499,0.016344575564945677,0.20423530297726056,1.7844205025753561,0.4377329586022882
2025-01-15,0.09614932032866016,-0.024876317030907424,77.2184857526716,0.017845682901624808,0.22119451688987862,1.6746996206653375,0.5327437720817032
2025-01-16,0.07773514872054423,-0.021956730698009012,68.85765330394386,0.01932673368974804,0.23522432641518884,0.8361392310768531,0.46327323737925874
2025-01-17,0.06717893802118098,-0.019077812464096712,64.43781607192483,0.019671433547473416,0.24109379824593005,0.5708534108426548,0.32903258290789683
2025-01-18,0.0675395268205836,-0.016037769046260066,64.43781607192483,0.018266331151225314,0.24109379824593005,0.0,0.21153678309795865
2025-01-19,0.06797870614370348,-0.012923258728698657,64.43781607192481,0.016961593211852075,0.24173940565137095,0.0,0.11021352264853301
2025-01-20,0.06841824696699213,-0.009806184774950035,64.43781607192481,0.015750050839576927,0.2413738510935956,0.0,0.02408723038560967
2025-01-21,0.04163735321303745,-0.007173698762544424,53.04570989270053,0.017813361838379005,0.263362692485981,2.736862871048336,-0.17505092841315206
2025-01-22,0.03600975308489335,-0.005136792949067008,50.85619107014285,0.017747430133589516,0.25743849956333814,1.5140332303437547,-0.33590534722740895
2025-01-23,0.025350041942425103,-0.0028821675597120624,47.04548726331086,0.018441302738762773,0.2584489915773645,1.6619819635375126,-0.48717911972511185
2025-01-24,0.02644059143895992,-0.0006076727685447354,47.25312154086612,0.018262950906136992,0.2584403419488064,1.408340505093069,-0.568524298002705
2025-01-25,0.02691708272953437,0.0019084476167425186,47.253121540866125,0.01695845441284149,0.2584403419488064,0.0,-0.6030323226070251
2025-01-26,0.02744279444975256,0.004474592557534734,47.25312154086613,0.01574713624049567,0.25748510596187363,0.0,-0.6050003263596897
2025-01-27,0.007593075447957917,0.006772371262685411,39.96312241175722,0.017624183375537977,0.26555141515484765,1.5587512482972468,-0.6801794609652829
2025-01-28,0.01644607611068286,0.008845850865024502,43.727881565674785,0.017568404818263366,0.26338938770864045,1.5207647407377698,-0.6623754624510457
2025-01-29,0.0012623057312781758,0.010624108484470363,38.7166247214546,0.018293144779738403,0.2675983638810189,1.4255261685448701,-0.6973954896288492
2025-01-30,0.003434741463471322,0.011958300116549445,39.43164481604534,0.018748232923768076,0.2304908837987133,1.5850311070745688,-0.6816893738076284
2025-01-31,0.0013232586274090849,0.013306571783389386,38.55092077746691,0.019328220629955657,0.23030670330927855,1.6284533533477874,-0.653242533722084
2025-02-01,0.0018924361597554733,0.014225134904611957,38.55092077746691,0.017947633442101683,0.23030670330927855,0.0,-0.6040485880906246
2025-02-02,0.0026070704967573128,0.015291384286866874,38.55092077746691,0.016665659624808704,0.19744360687549228,0.0,-0.5430528376416112
2025-02-03,0.011991517802549622,0.016487053154947293,43.51444753624856,0.018397914404174515,0.19643330361639888,2.379743461602532,-0.4364142755210427
2025-02-04,0.0061454770353551146,0.017560493518080866,40.91566724700758,0.019825005364109805,0.14472634985549976,2.020472313800568,-0.37532517015401734
2025-02-05,-0.016347369425131007,0.018464780002226424,33.170589410132166,0.02086302998318826,0.15276350275329778,1.2567094121206814,-0.4223513596079471
2025-02-06,-0.02151867740182923,0.019144892861239746,31.552912852187816,0.02092450575115311,0.15161775701801627,1.2459106688420882,-0.45394222680253277
2025-02-07,-0.01551533548485847,0.020067540537216724,34.735754546300484,0.020268847255119904,0.1551839251591319,1.0790802319719388,-0.4214757095316662
2025-02-08,-0.015108372181554022,0.0209164619990505,34.735754546300484,0.01882107245118277,0.1551839251591319,0.0,-0.3744894346991968
2025-02-09,-0.01465799926114225,0.021810752806617772,34.735754546300484,0.017476710133241143,0.1551839251591319,0.0,-0.3200120181163332
2025-02-10,0.004076282711198991,0.023027667275417534,45.4573673186882,0.017611220079272228,0.15512380745634277,1.0751122197027807,-0.17872642632401292
2025-02-11,0.018231510086966773,0.02443366818279789,51.90362934985645,0.017464896949828508,0.16465515896889713,1.132344596983204,-0.010451855517153108
2025-02-12,-0.008450427155230542,0.0251985859886656,41.58299790166085,0.018812267969652213,0.1849027834556837,1.3594660133496663,-0.022320438202785287
2025-02-13,-0.009157871434365403,0.02594758481476295,41.22085810793054,0.01887081741395225,0.1846758401337858,1.1994778636387644,-0.027087496305422842
2025-02-14,-0.016455692628829694,0.026620628237422166,38.72401805180675,0.019173743136596536,0.1854623821851348,0.8572176114250011,-0.05708620132931752
2025-02-15,-0.016182803148498612,0.026944410323888952,38.72401805180676,0.01780419005541107,0.1854623821851348,0.0,-0.06609701128140111
2025-02-16,-0.01569204233840807,0.027495644707570308,38.72401805180675,0.016532462194310277,0.17389859292411455,0.0,-0.061330005199455195
2025-02-17,-0.015310458075928556,0.027932946820876724,38.72401805180675,0.01535157203757383,0.17014628377519286,0.0,-0.04803744179634184
2025-02-18,0.00025683463244481386,0.028291887189413903,47.37666381549463,0.01597336667694136,0.17330899672068864,0.6540203518174655,0.04084909046533547
2025-02-19,0.005914363492876827,0.028530377467071787,50.11060994459202,0.016065175144633972,0.17451910954100228,0.36938373420556964,0.1270532927860183
2025-02-20,0.010436442847219559,0.028835102279849017,52.24796210744503,0.01622986412116166,0.17502762621706952,1.3335455362804545,0.2016621858201707
2025-02-21,-0.019604404155381963,0.02825670086451514,39.79678597188153,0.018173106871000683,0.20486269719817946,1.3878732846411945,0.10572676668349612
2025-02-22,-0.019413224338744723,0.0274654846216506,39.79678597188153,0.016875027808786344,0.20486269719817946,0.0,0.04616981081052829
2025-02-23,-0.019083263189268247,0.026819157339421168,39.79678597188153,0.01566966867958732,0.20147764266513163,0.0,0.012431014645326477
2025-02-24,-0.014526365810419637,0.02630322871406571,42.17613128947249,0.015640413360545082,0.20187091399706075,1.3241259488227783,0.015759858464091114
2025-02-25,-0.03866804530537732,0.02557787603557926,33.71071590819838,0.017569692913272317,0.2049177593841925,1.735295253693856,-0.08999050023050104
2025-02-26,-0.04244255249758647,0.024594799662472654,32.481063711305396,0.017346071214462442,0.20456734680976751,1.6830122113383617,-0.1651871439979815
2025-02-27,-0.017856599405258994,0.02422969731627632,44.621331451608185,0.017670563092277793,0.22432271346500285,1.7555708858294357,-0.08672727821032022
2025-02-28,-0.025392705030155862,0.023804255054082037,41.857181357615445,0.017786094853847613,0.22611023737116537,1.524997682689446,-0.063930289549195
2025-03-01,-0.0248075425267988,0.02251498276527886,41.857181357615445,0.016515659507144214,0.22611023737116537,0.0,-0.039418871710907744
2025-03-02,-0.02431516221410548,0.021126322102577796,41.857181357615445,0.015335969542348197,0.21430300561853655,0.0,-0.015027968322408602
2025-03-03,-0.0431009994523368,0.019530569558013435,35.40378757166678,0.017361293488532468,0.21532813530889353,2.1539686469848576,-0.08066347449167321
2025-03-04,-0.044079308490018294,0.017171847972779944,34.944627859141704,0.018020271506036124,0.1971273933334019,2.449116323368211,-0.11741468822033385
2025-03-05,-0.07071457573484811,0.014772435383940734,28.00962604498028,0.020499849888697068,0.21817532399522638,2.3447286164499364,-0.25129237045916675
2025-03-06,-0.06934278489345358,0.011667580630888016,28.40201117934504,0.02063580122771056,0.2180886605037781,2.011676168139412,-0.3108203915134923
2025-03-07,-0.05932270705426352,0.008921286196829244,33.694782162168636,0.021204921762260333,0.22299881589064144,1.769684458782551,-0.27971355263116826
2025-03-08,-0.05886050838480002,0.006373475603221107,33.694782162168636,0.019690284493527454,0.22299881589064144,0.0,-0.2361877184303378
2025-03-09,-0.05853736007723332,0.0036744368093726996,33.694782162168636,0.018283835601132635,0.22299881589064144,0.0,-0.18662127512546456
2025-03-10,-0.07226642728301329,0.0008366972362198958,29.63128467853379,0.019184704323724672,0.21618137763441272,1.2985159290352901,-0.1998976790723903
2025-03-11,-0.06861397414480709,-0.0018297244686534548,31.567212037099125,0.01978216204141803,0.21499439862371278,1.1130013135267243,-0.17291524320223517
2025-03-12,-0.04803163381778653,-0.0036373867348628605,42.61773528238856,0.01980684597801246,0.23211020036811938,1.2318318226841325,-0.044500386743750786
2025-03-13,-0.06338045278393087,-0.005559188960634844,37.468832300649424,0.02038945397399018,0.21629070438004494,1.3412295378103738,-0.022513011289585272
2025-03-14,-0.053832126576734265,-0.006937803853251871,41.69798946180621,0.019744329876370825,0.2204398905499458,0.862451638058441,0.04398511582512943
2025-03-15,-0.05327544321782683,-0.00846174752132099,41.69798946180621,0.018334020599487192,0.2204398905499458,0.0,0.09459057415691019
2025-03-16,-0.05278555409000047,-0.010057977724243973,41.69798946180621,0.017024447699523822,0.2192873686463321,0.0,0.13236640278817013
2025-03-17,-0.046585779846075044,-0.01147397615997313,44.6657467562907,0.016972617879085255,0.20403200921281336,0.8326893204334581,0.18534606981411783
2025-03-18,-0.055736235748728595,-0.012780016207164676,40.85811196302389,0.018226700179636884,0.2062736345601089,0.5918018881257471,0.17573229154682068
2025-03-19,-0.05163874825962571,-0.014201402691870743,42.86371589209732,0.018369521329587496,0.18260706177733588,0.41332829189369874,0.18697835490308856
2025-03-20,-0.03574560676800047,-0.015064875590291169,50.51025711786933,0.01844634587560997,0.19247010390904684,1.5878390588259024,0.2638898680492492
2025-03-21,-0.03510397114875913,-0.015955822133203585,50.63958184401746,0.018169846039304546,0.19249342345878792,1.0559900729587641,0.3084027321977615
2025-03-22,-0.03496350636298067,-0.01701391876252716,50.63958184401746,0.016871999893639935,0.19249342345878792,0.0,0.32829626167315273
2025-03-23,-0.03490076135592111,-0.01815143372171259,50.63958184401747,0.015666857044094224,0.17903617998357826,0.0,0.330967763855762
2025-03-24,-0.023166392548979925,-0.0191154556789218,56.52863713445579,0.01579938140625531,0.18399915594116623,1.499015721751457,0.3749192237590777
2025-03-25,-0.024812855598171705,-0.020383523526481682,55.582175379141276,0.015895074559309143,0.1486404905108181,1.6294619914532553,0.3815968767388188
2025-03-26,-0.015764001188507345,-0.02138257077857856,59.85904685783576,0.01587312353739814,0.1508196357511152,1.6970847352397644,0.41219380040847137
2025-03-27,-0.012105683928536776,-0.02185178467931481,61.51661302749085,0.015550750750412847,0.14813122379744442,1.424210742176338,0.43098842134572596
2025-03-28,-0.020062844522486804,-0.02224990518452114,56.32177534406954,0.01581294641633495,0.15233894868430706,1.531378830775344,0.3874497417683489
2025-03-29,-0.020312679881206594,-0.022962472049574485,56.32177534406954,0.014683450243739595,0.15233894868430706,0.0,0.3419787861513546
2025-03-30,-0.020454496630415115,-0.023567127256295207,56.32177534406955,0.013634632369186767,0.1390985473673367,0.0,0.29690094114892795
2025-03-31,0.00930662539455825,-0.023604604552576465,68.78534500493791,0.015303060772339103,0.1711566228028309,2.0448347491348606,0.38904947065866036
2025-04-01,0.0051719373458881555,-0.02409658928015719,66.10240500991354,0.015339302979640848,0.1596852329831004,1.7668292114312358,0.4083285551400293
2025-04-02,0.012153311377423178,-0.024761825993654552,68.51150925094638,0.015825707585764168,0.14306790599610786,1.8446500987834045,0.4304096780870269
2025-04-03,-0.05491852158038067,-0.02589268512130002,39.9637212644585,0.021853404305493304,0.2854939466022824,2.713343499651702,0.11578918381073561
2025-04-04,-0.12443438300563762,-0.02796258298189794,27.230798543195945,0.02940578556980283,0.3881198636501175,2.8374374345953224,-0.40640343648520716
2025-04-05,-0.12386514239262371,-0.02980398122607328,27.230798543195945,0.027305372314816913,0.3881198636501175,0.0,-0.713862457689175
2025-04-06,-0.12331251924604551,-0.03166694803532186,27.230798543195945,0.025354988578044274,0.38672490748460336,0.0,-0.8689860721793712
2025-04-07,-0.14087278575812168,-0.03373807055984926,24.676836321735735,0.029869175856128926,0.39081397229843307,2.798714856955131,-1.0008412184827218
2025-04-08,-0.15598781113017743,-0.036055372353625124,22.687311343701637,0.032896663613037315,0.39245662902136624,2.345438108054057,-1.0980698260354433
2025-04-09,-0.11614883741370377,-0.03809489618697528,36.354363899907085,0.03813699714273086,0.42785518191945593,2.339011533133693,-0.9177451525515963
2025-04-10,-0.1477534729395466,-0.040742395511495014,31.42942763075476,0.042203077705658246,0.4425178507003012,1.4906922565806482,-0.8930955602727408
2025-04-11,-0.1269159019965427,-0.04328153568084925,37.17778195265922,0.04111127046504404,0.4547039944800257,1.1009171343532982,-0.7285132455512098
2025-04-12,-0.12629200175533317,-0.04512665216971541,37.17778195265922,0.03817475114611232,0.4547039944800257,0.0,-0.5744503379321972
2025-04-13,-0.12578341590633607,-0.047101073242752194,37.17778195265922,0.0354479832071043,0.45071586089701265,0.0,-0.4337477345650358
2025-04-14,-0.12497512747447183,-0.04920787464902801,37.31546727660792,0.035326162998753664,0.45101073852958895,0.8990770287042771,-0.3058919232020263
2025-04-15,-0.12739428344705164,-0.05141087718956786,36.73738835580731,0.034284134293153266,0.4477489336532786,0.7547723856785797,-0.20677124553790804
2025-04-16,-0.11081312955978384,-0.052864403290148895,42.231012444907904,0.03415856591557157,0.45501905429504325,0.8149320236971471,-0.044870553393991486
2025-04-17,-0.07912701424261533,-0.05375032603654326,51.096868057557614,0.03327426534504744,0.47702012938764043,0.4374281442882312,0.216279483641324
2025-04-18,-0.07889817393210136,-0.05513009778287051,51.096868057557614,0.03089753210611548,0.47702012938764043,0.0,0.38441724750159234
2025-04-19,-0.07856027881035449,-0.05623089100276333,51.096868057557614,0.02869056552710723,0.47702012938764043,0.0,0.48456649640020055
2025-04-20,-0.07820440117937942,-0.05731435572623235,51.096868057557614,0.026641239418028144,0.46050586507138747,0.0,0.5357474470981931
2025-04-21,-0.10032551144000036,-0.05850521603340794,44.45337021184395,0.027890908013868572,0.4660072906664504,0.35992643953596304,0.45022378561678056
2025-04-22,-0.08212363657651019,-0.05898757346596034,49.85134132952,0.0276358445953977,0.4725067691629286,1.293876768408922,0.46307708077492493
2025-04-23,-0.1104711329014212,-0.05988498403819179,42.478243108330204,0.03033379757835845,0.4265808640571739,1.7511370433834925,0.32717860616014205
2025-04-24,-0.10229977866437091,-0.06011259421609268,44.722539013502804,0.02943543327612471,0.33576938515865007,1.246898146230518,0.26779678399675744
2025-04-25,-0.09810116666507705,-0.06011894782603438,45.731110847990905,0.029057965605892255,0.3358976744338912,1.2520125396275616,0.24036946648323543
2025-04-26,-0.09741978936202673,-0.060560374099054695,45.731110847990905,0.02698239663404281,0.3358976744338912,0.0,0.2191825146276627
2025-04-27,-0.09675874293582847,-0.061024674162640326,45.731110847990905,0.025055082588754038,0.32592092561782543,0.0,0.20251799680966187
2025-04-28,-0.10978101245898664,-0.06152696627551598,41.72136693041421,0.026437925658869706,0.3235373559293228,1.5114430023039822,0.127196843307673
2025-04-29,-0.13222386262643862,-0.06211808825173917,36.00786305651296,0.02751708745784723,0.29317762834684,1.85175930857725,-0.023350249461315586
2025-04-30,-0.16292180430045874,-0.06326044288134766,30.007670730988636,0.029613924579685095,0.2931927950436889,2.466832474893577,-0.25011647470503184
2025-05-01,-0.14710923065246792,-0.06459019866304491,35.40980445307635,0.030770406918607753,0.2869586412333953,2.1055960318022375,-0.30542851140896854
2025-05-02,-0.15984674290605483,-0.06592370155039984,32.88847854889002,0.03164828970338004,0.2913010734830895,1.7034901355272543,-0.3760398912242344
2025-05-03,-0.15910195997820958,-0.06766061970279223,32.88847854889002,0.02938769758171003,0.2913010734830895,0.0,-0.3910551374015283
2025-05-04,-0.15836740019530665,-0.06941338507854722,32.88847854889002,0.0272885763258736,0.29123949697909973,0.0,-0.3695453863140401
2025-05-05,-0.17430919187173052,-0.07140786676115851,29.666920553012034,0.029592240808179095,0.29770286126243994,1.687703652138888,-0.39945626284688496
2025-05-06,-0.14535600664667997,-0.07318349613341638,40.306653294047244,0.029963811916460286,0.3176445341427475,1.8170328501815616,-0.260007130444605
2025-05-07,-0.15943092904343364,-0.07499187055287261,37.15647741264079,0.03132586108069755,0.2877515338490252,1.487729574444176,-0.21130057955861514
2025-05-08,-0.13221201280553857,-0.07646847086461955,45.44032355901552,0.0312351920355973,0.3159714313213693,1.322361030914542,-0.03902284444002713
2025-05-09,-0.11552269905974052,-0.07792879466795255,49.74408992726564,0.03030260070493958,0.3254990714262996,1.0675305271232671,0.15517790701600753
2025-05-10,-0.11481252106565637,-0.07929477652051958,49.74408992726564,0.028138129226015326,0.3254990714262996,0.0,0.28174792847192154
2025-05-11,-0.11418608030789841,-0.08075103607519613,49.74408992726564,0.026128262852728516,0.31496816201463235,0.0,0.3586511483962389
2025-05-12,-0.10014727629083708,-0.08203983571066999,53.57614731509942,0.02688401454107974,0.31155218141506663,1.469554982321957,0.4589257937725886
2025-05-13,-0.0746184529371129,-0.08308013437676622,59.69699625649188,0.026813527412168144,0.30700822987285387,1.2048649924554813,0.6179624179184449
2025-05-14,-0.08160013064068679,-0.08420628150304706,57.23987499359242,0.026155213078276653,0.3075679620589298,1.0601350576710915,0.6611333007863919
2025-05-15,-0.10318862902036119,-0.08586655752899003,50.635852453489555,0.027996619162683218,0.3194259954165296,1.221422396210246,0.5634556159411739
2025-05-16,-0.09020295056807405,-0.0877046326935531,53.89336738430805,0.02730376265983843,0.3238721700980724,0.5585245570964956,0.5344957078492606
2025-05-17,-0.08989024218589275,-0.0893921707125196,53.89336738430805,0.025353493898421398,0.3238721700980724,0.0,0.4933851305405432
2025-05-18,-0.08948446096264183,-0.09098816473490734,53.893367384308064,0.023542530048534155,0.31888175513358685,0.0,0.4456893090447789
2025-05-19,-0.08613297274299427,-0.09249751018775601,54.750688545571705,0.02387627092419497,0.30276556846663655,0.4952025151334189,0.40811379976487244
2025-05-20,-0.08756713423719749,-0.09464083907059348,54.04721311351618,0.0233358183942426,0.26709994416222,1.357000027095131,0.3568616434799446
2025-05-21,-0.10148728591190138,-0.09692831396961221,48.89482377948587,0.02539334853579014,0.2703603009896647,1.6681536851514362,0.24402711938493504
2025-05-22,-0.1063462447595267,-0.09945109933811157,47.08808398701645,0.025472793801015806,0.263716057662324,1.4502253312800313,0.1375198720792669
2025-05-23,-0.10087503167993328,-0.10038109635747965,48.90165715911859,0.025685677195849337,0.2637139506364629,1.424276073832173,0.08492045949451507
2025-05-24,-0.10018735088418138,-0.0998275791244782,48.90165715911859,0.023850985967574383,0.2637139506364629,0.0,0.0476135280953964
2025-05-25,-0.09951838509805831,-0.0992929872317591,48.90165715911859,0.02214734411274764,0.2500626629730935,0.0,0.021738797767818216
2025-05-26,-0.09880420847056905,-0.09871337999056715,48.90165715911859,0.020565390961837092,0.2227748937752039,0.0,0.004336398595649747
2025-05-27,-0.10755770091287319,-0.09803087908497395,44.88818203623201,0.021502535605144542,0.2160899494933879,1.830553312618016,-0.04769659444558944
2025-05-28,-0.09306629601354205,-0.09680314494062349,51.2801165528783,0.021611952889471712,0.1936124341275709,1.646788126256244,-0.01712891194753721
2025-05-29,-0.10564645265311767,-0.09659135766575258,45.85422719748185,0.023318348394039172,0.19097246440950943,1.861077828702191,-0.05441491856428772
2025-05-30,-0.10737293338513024,-0.09589903812473156,44.999638732008215,0.02403268956669146,0.19117273935074486,2.134126159091854,-0.08428819498000487
2025-05-31,-0.10689229790844883,-0.09562084621836144,44.99963873200821,0.022316068883356358,0.19117273935074486,0.0,-0.09818469584949438
2025-06-01,-0.10639078438091447,-0.09532174219094523,44.99963873200821,0.02072206396311662,0.18238312092689246,0.0,-0.10111500300714985
2025-06-02,-0.08054225591236343,-0.09461061028973017,56.640335315245636,0.022239769839163755,0.18384039695769577,2.3557979960715296,0.013616689883072547
2025-06-03,-0.06720576099227142,-0.09381709107942007,61.1909948213257,0.022039778964198495,0.18913253153825804,1.668201645864262,0.1424443374498596
2025-06-04,-0.07516001226339829,-0.09309173047738414,57.128216215209044,0.022682182463813774,0.1695626748377957,1.8068163532161454,0.18049337747764313
2025-06-05,-0.06725769959339786,-0.09258317440670456,59.79746122678943,0.022557402795009604,0.16478625241125958,1.2681670551999116,0.2281613642819344
2025-06-06,-0.04912717462455548,-0.09230666030051286,65.22336201829049,0.022743680548202406,0.17711101996568684,1.5601711226503083,0.32287380387740816
2025-06-07,-0.04879034095627597,-0.09201458025867632,65.22336201829049,0.021119131937616522,0.17711101996568684,0.0,0.36415235954409686
2025-06-08,-0.04848972012419884,-0.09175708723456812,65.22336201829049,0.019610622513501055,0.177116960916329,0.0,0.3689457249650931
2025-06-09,-0.03768772601409737,-0.09125532233502119,68.35353935420869,0.019357488130551083,0.17963212838858603,1.220526787432765,0.39508918478614885
2025-06-10,-0.04181475280092853,-0.09027555343373993,65.57813921506421,0.01994026027601538,0.1688725955734527,1.4525296711517304,0.3672496957604474
2025-06-11,0.005158556416562058,-0.08893550962506137,76.21397952404504,0.021606058218910654,0.23154402107138924,1.9106176076603816,0.5282822933217899
2025-06-12,0.003773012007470303,-0.08701799889272831,75.34400421198006,0.02279319634490842,0.2329156026054065,1.865357323105992,0.588728739211094
2025-06-13,0.0763305832657394,-0.08428428734621754,84.11405484077362,0.029108795722219683,0.3328166433615394,2.992205820036246,0.9038985964844315
2025-06-14,0.07599653788672037,-0.08163153563694986,84.11405484077362,0.02702959602777542,0.3328166433615394,0.0,1.0448828456835884
2025-06-15,0.0756587365800875,-0.07898382344682985,84.11405484077362,0.025098910597220032,0.3328166433615394,0.0,1.0669188036060402
2025-06-16,0.05758662584608591,-0.07661203468221225,75.8593193493831,0.03177048074085621,0.3382163562550113,1.5117474538197437,0.9335935901890111
2025-06-17,0.1022699514438826,-0.07330964183916786,80.96378632971451,0.03262405268163068,0.35894307042156315,0.6490781402327549,0.980892293907941
2025-06-18,0.10610690912512884,-0.06946289254146795,81.37816312698827,0.03314820840957061,0.3481083662885001,0.0,0.9599127269193777
2025-06-19,0.10552592665470108,-0.06496987514812616,81.37816312698827,0.03078047923745843,0.3469772248390619,0.0,0.8759041170135164
2025-06-20,0.10188259950024713,-0.0608248571538383,79.96505244123084,0.031788703864545145,0.3482781389342015,2.8581793193350546,0.7413959805967214
2025-06-21,0.10147846496438749,-0.05627712295460144,79.96505244123084,0.029518082159934775,0.3482781389342015,0.0,0.5939987176425463
2025-06-22,0.10096137848564707,-0.0518302551154397,79.96505244123084,0.027409647719939433,0.3436876807875221,0.0,0.44489576473399417
2025-06-23,0.006615540274428314,-0.04884163922765164,48.083656155751676,0.040139568475459624,0.4804726925278013,3.0490541095954877,-0.10818335071759755
2025-06-24,-0.054016679883952395,-0.04651586215380537,37.65722882172628,0.044674210928366674,0.5314055104298087,2.165340476020996,-0.7397228100390651
2025-06-25,-0.045774066240009,-0.044642250449814194,39.5330841315141,0.04295817398998998,0.531450542454345,1.1035602084490288,-1.086342860707472
2025-06-26,-0.0409324049560826,-0.04239654942787861,40.65199256933543,0.04162102046250461,0.527683653882842,0.9405370456834636,-1.2484123449152866
2025-06-27,-0.03661443886948361,-0.040546151890574145,41.669099628066604,0.03988925287765246,0.5277913980857489,0.9075114814889497,-1.286020539952522
2025-06-28,-0.03639695213718493,-0.03900592324644366,41.669099628066604,0.03704002052924871,0.5277913980857489,0.0,-1.2585850934458034
2025-06-29,-0.03605883779216048,-0.037344630403148546,41.669099628066604,0.03439430477715951,0.5265418120824327,0.0,-1.188951193951335
2025-06-30,-0.04174466214163805,-0.03579291945036783,40.40276302936593,0.03358677726029472,0.526776358554741,0.7912498262774162,-1.1199735744313633
2025-07-01,-0.03632663236152924,-0.03434770690584207,41.977509616383436,0.03245537784302033,0.4957403923714085,0.821904402053293,-1.0046078119838802
2025-07-02,-0.006598178722745026,-0.032961207765266905,50.29717835409083,0.03173213679974658,0.5086691149753266,1.1565236086502035,-0.7579872640781267
2025-07-03,-0.01291388678544316,-0.031521197100569415,48.60835265732602,0.0307828634815685,0.430554100382516,0.0,-0.5966524914145697
2025-07-04,-0.019976274376953342,-0.029782406647659573,46.730810741401754,0.030023494610198282,0.43047146531032926,0.0,-0.49906181201748395
2025-07-05,-0.01971767982701772,-0.028344164874347152,46.730810741401754,0.027878959280898407,0.43047146531032926,0.0,-0.41349426529822914
2025-07-06,-0.019422802299107148,-0.0268692919179199,46.73081074140176,0.02588760504654852,0.4282039185284373,0.0,-0.3390057403354287
2025-07-07,0.001809543403699982,-0.025122666071058064,53.18947130228925,0.026602839706869375,0.4037048327275409,1.8085819767569764,-0.1833342017473725
2025-07-08,0.007792609238296102,-0.023377751197749153,54.83892762758799,0.026209678849967635,0.4042857858029466,1.1270910750299674,-0.05025354238242805
2025-07-09,0.008610316878954524,-0.021583054786301237,55.05211418685437,0.02561505319813987,0.40440015850985206,1.0856081359166165,0.03946924961430255
2025-07-10,-0.017877960815004246,-0.019899149641100757,46.4948846791527,0.026792687791006138,0.41183179616879245,1.3958725660641185,-0.021477611855855
2025-07-11,0.009916910790107439,-0.01770268978837335,54.41987280103724,0.026564392792382447,0.42874643888429237,1.1509709379800015,0.06186944224915779
2025-07-12,0.010039854148385617,-0.01554089565680729,54.41987280103725,0.02466693616435513,0.42874643888429237,0.0,0.11116989122780001
2025-07-13,0.010162827443601096,-0.013378575124333481,54.41987280103725,0.022905012152615478,0.30170951493569637,0.0,0.1362927980355015
2025-07-14,-0.011338268071687394,-0.011577441200059227,47.54284529211374,0.02477500902728532,0.21810812408963337,1.8037852030238422,0.05082250983864733
2025-07-15,-0.01783247473382238,-0.00980617629810415,45.6008439233452,0.024141600387533862,0.21890806490528728,1.7429037038876094,-0.03514578847605679
2025-07-16,-0.019594128113821583,-0.007875892449402986,44.998411687911236,0.02417541233855157,0.21878867501947527,1.7041462508350176,-0.09641740543365734
2025-07-17,-0.0022358709763956592,-0.005967531899402628,50.79846369019113,0.023543646817064882,0.2263290125627316,1.3170117682265208,-0.055814749074149225
2025-07-18,-0.004922246723650853,-0.0038080171988868045,49.82291037704053,0.0237937507050122,0.22685284698569708,0.7236091711754413,-0.040153065701273534
2025-07-19,-0.0046001204777314526,-0.0015491284109163206,49.82291037704053,0.02209419708322561,0.22685284698569708,0.0,-0.028089570475092977
2025-07-20,-0.004277785607069472,0.0007112233441295859,49.82291037704053,0.020516040148709495,0.22510734624766526,0.0,-0.018849716411481057
2025-07-21,-0.0059120577445881135,0.003046605405936051,49.000215716243304,0.020472103334064542,0.22511868456576592,0.6083091277835758,-0.02075550601034621
2025-07-22,-0.01999530643213177,0.004714256791914121,43.5267922825958,0.020599421762957038,0.20374557585172343,2.019160980731701,-0.08374487536028732
2025-07-23,-0.03358173843412966,0.00590736203599289,38.97982166418394,0.0210514943063587,0.20855039380673768,1.7212248053220072,-0.17961291876338709
2025-07-24,-0.021454513217229867,0.007440968465455816,44.09028795531842,0.02055010686291439,0.21222360632086906,1.753543375581443,-0.1796111439603161
2025-07-25,-0.033746166398090034,0.008599295353392407,40.06025716834786,0.021244412302160634,0.21709892275013612,1.3614748463362745,-0.22440950310908717
2025-07-26,-0.03309449617840392,0.009451656875981186,40.06025716834786,0.019726954280577736,0.21709892275013612,0.0,-0.2389067837210524
2025-07-27,-0.032508749370609075,0.01023541448877917,40.06025716834787,0.018317886117679323,0.20040605872575812,0.0,-0.2331074470443154
2025-07-28,-0.008964054315293499,0.011409310430259244,50.19099245656206,0.018852080887590314,0.2189669512805283,1.6633040424804646,-0.11544220886548584
2025-07-29,0.028738060888592987,0.013127884629811576,61.49510177080249,0.020206714037712337,0.25836386994399635,2.021584899170142,0.1270603918607
2025-07-30,0.040988938606697896,0.015115893659821937,64.25572549687818,0.020653665070042664,0.23979873283594902,2.066233439097342,0.3256785028472375
2025-07-31,0.03054437716022038,0.01599827658408434,59.92196564087453,0.02129124281227304,0.2238498868864176,1.4689379424843225,0.38799554134544534
2025-08-01,0.0026843249711429136,0.016656046842284323,50.37843119818061,0.023021162275093033,0.24575798819987663,1.9134091468226495,0.2847874499964279
2025-08-02,0.003444195679561423,0.015742424118784376,50.37843119818061,0.021376793541157818,0.24575798819987663,0.0,0.20576077514420962
2025-08-03,0.004395468015019719,0.015019677030170531,50.37843119818061,0.0198498797167894,0.2331940113308174,0.0,0.14556428213375888
2025-08-04,-0.010204038922576241,0.013960755386188106,45.501168604569536,0.021177941294378045,0.2386461572192615,1.5941142342691312,0.033623582693266874
2025-08-05,-0.026151572168135188,0.012948766291363325,40.87120773704325,0.02149709969911241,0.24611541953969998,1.5896097414940098,-0.11070125743042322
2025-08-06,-0.03728413367739265,0.010835219986630146,37.89456449910218,0.023664963206166442,0.23944421623230513,1.9252234541575506,-0.24708464633036073
2025-08-07,-0.043313703083146214,0.00852225687318716,36.24507098139795,0.023712903651387385,0.2400964147852911,1.553631454163638,-0.3490793866306915
2025-08-08,-0.042309717119230955,0.006204439122422759,36.24507098139795,0.024043010389217235,0.2400964147852911,1.540913371189068,-0.3933834963974844
2025-08-09,-0.04144675972003393,0.0037948899608747345,36.24507098139795,0.022325652504273145,0.2400964147852911,0.0,-0.3983091413944815
2025-08-10,-0.04061466591226438,0.0013471562942099665,36.24507098139795,0.020730963039682204,0.24026110319779412,0.0,-0.37738709000850873
2025-08-11,-0.03864365582789918,-0.0011483450849676825,36.87414745002556,0.020811917587923626,0.2360617327559507,1.1523848575843483,-0.3353955437588161
2025-08-12,-0.049697239783096446,-0.0018917388745381927,33.37221498859239,0.02101436994459888,0.23462660326341298,1.475088819252065,-0.3371561776236335
2025-08-13,-0.05666767427820301,-0.001507232903884548,31.26730351154258,0.021317081550573852,0.23015527081791232,1.4422354869563225,-0.3482480460093996
2025-08-14,-0.03616638046180944,-0.0009915697912459072,41.31033972497111,0.021086498710198014,0.24079060361133467,1.2090330118879693,-0.24702741485759583
2025-08-15,-0.05290678232342965,-0.0009463474583607045,36.25815239271609,0.021613970823649027,0.24845502482326862,0.9054059694687511,-0.23778407623449105
2025-08-16,-0.05212269986087078,-0.0009403382216373491,36.258152392716106,0.020070115764816952,0.24845502482326862,0.0,-0.21210443545743984
2025-08-17,-0.05141971134953405,-0.0010210899139455622,36.25815239271609,0.01863653606733003,0.22969517022262925,0.0,-0.17698557920477842
2025-08-18,-0.04138073069917968,-0.0009530324075083558,41.069306727354395,0.018949485241974453,0.18106539732479612,0.49227566671333417,-0.09782112469806903
2025-08-19,-0.05682856275102555,-0.0010188131416272127,36.016797340751495,0.01923827555441563,0.1762878619700631,0.5498837181986892,-0.10282848411032752
2025-08-20,-0.043144785209985506,-0.0009922833122818803,42.17437479341725,0.01897708870114249,0.1881911347964352,1.5370385024960316,-0.03692813419427954
2025-08-21,-0.037795892422324354,-0.001501176588468713,44.25687365454953,0.018828760866140222,0.16920173691808638,1.4108388808305115,0.034945689257305124
2025-08-22,-0.03498081194428004,-0.0017948251352914199,45.21641152483525,0.018141058138672853,0.16987439918338224,1.1840733803013812,0.09586704786932443
2025-08-23,-0.034319142265045316,-0.0019720204983939725,45.21641152483524,0.016845268271624792,0.16987439918338224,0.0,0.13757708104090938
2025-08-24,-0.033779033934654486,-0.0022759213888481522,45.21641152483524,0.01564203482365159,0.16327586173629943,0.0,0.16474575275357206
2025-08-25,-0.01604241097425756,-0.002352088003433759,53.37833560958679,0.015999817195290617,0.16756008687219806,1.0903436874885608,0.2537528065023287
2025-08-26,-0.039013033535497475,-0.003186834700749164,43.81921696721011,0.017107000139710636,0.18291965635217836,1.2276347770969265,0.20460479437370105
2025-08-27,-0.024831432970887742,-0.0039386822418882375,49.476895046635,0.0170874435963078,0.1886428735753579,1.2336630948699392,0.2273275162442192
2025-08-28,-0.017512933025532158,-0.004603701378447013,52.07560658881719,0.017249085325846986,0.19014308177666353,1.3824578955482727,0.26466989294478616
2025-08-29,-0.025870480267371723,-0.004753469367913481,48.54963776982618,0.016968083572905614,0.19328151256361512,0.0,0.24224485884075053
2025-08-30,-0.025179901997403324,-0.0054002708176300335,48.54963776982618,0.015756077603412355,0.19328151256361512,0.0,0.22063438978565386
2025-08-31,-0.024633273305383892,-0.006195659015117603,48.54963776982618,0.014630643488882902,0.19323980582062125,0.0,0.20016446041589891
2025-09-01,-0.024091982947463182,-0.006997995708687575,48.54963776982618,0.013585597525391267,0.18756634673117487,0.0,0.18102625145310802
2025-09-02,0.0003896353352778873,-0.007032013094489846,58.63743797275188,0.01489227815814072,0.20250924397225334,2.557005357671164,0.2641449389304084
2025-09-03,-0.023814811773709834,-0.007297354152303178,48.20189514470256,0.016411931739924442,0.2116444815460067,2.3414577943173973,0.20218116678921194
2025-09-04,-0.030755357185735216,-0.007632724657288429,45.56070861382878,0.016763802909933227,0.20275722245105193,1.9315990647797001,0.12418349261165157
2025-09-05,-0.05469753914647796,-0.008692902031920005,38.161667225037256,0.0183266316507075,0.22277801483609122,2.0309202680726495,-0.03153390837911002
2025-09-06,-0.05397627684577696,-0.009609319161085617,38.161667225037256,0.01701758653279982,0.22277801483609122,0.0,-0.12498321513083382
2025-09-07,-0.053224937501362514,-0.01049685257055582,38.161667225037256,0.015802044637599832,0.21932162115001333,0.0,-0.17422045764061622
2025-09-08,-0.04650474610189857,-0.011271641245318752,41.057703364627535,0.016290836084078573,0.2126066220102047,1.6124227384168783,-0.16787940359870462
2025-09-09,-0.0402672334912224,-0.012083618650248975,43.74924004747554,0.01664592065961065,0.20762607965168683,1.832265821117841,-0.12792886646506701
2025-09-10,-0.023827112084019362,-0.012352792398386301,50.58026021955501,0.016831142237190795,0.21557750479538265,1.7723766942975872,-0.02595777940194166
2025-09-11,-0.043169387000108646,-0.012628105157736188,43.4734188568451,0.01777560727329874,0.22742605498263666,1.5141218119331248,-0.039732842659918444
2025-09-12,-0.037668937192085104,-0.013046498390323642,45.503238301559556,0.019030878891434767,0.22842988223972274,1.9251847274557528,-0.02185813257985586
2025-09-13,-0.03720781766870914,-0.01333226665283446,45.503238301559556,0.017671530399189426,0.22842988223972274,0.0,-0.005454793408913916
2025-09-14,-0.03676919643008804,-0.013641800119151252,45.503238301559556,0.01640927822781875,0.2177076052160255,0.0,0.0091788614143824
2025-09-15,-0.02686948434636333,-0.013679172108899096,49.795462653269546,0.01638802422771246,0.20422774615338476,1.336724349049187,0.06084408540437952
2025-09-16,-0.007714412013831097,-0.013955363651892396,57.0768856937932,0.016999943007676706,0.20956513855170059,1.503360339268478,0.17180149756984203
2025-09-17,-0.014509966952464152,-0.015110077128651924,53.83740690672073,0.016994390845764137,0.2096990353316514,1.0767014834446742,0.20586268602265
2025-09-18,-0.021429423497869585,-0.016620460119587767,50.67412325212794,0.017270479680927694,0.20886706906805894,0.5218167394519913,0.1888332648369172
2025-09-19,-0.03470696209804688,-0.018216287193071674,45.35314450051203,0.01746114051161719,0.21447078162417543,0.5376682352897635,0.11407857152767747
2025-09-20,-0.034292026832929264,-0.019227110670418057,45.35314450051202,0.01621391618935882,0.21447078162417543,0.0,0.06359923423161695
2025-09-21,-0.03402190455317043,-0.020386022635080818,45.353144500512016,0.015055779318690333,0.21447078162417543,0.0,0.030836474547407816
2025-09-22,-0.03436156937064122,-0.02155112804490752,45.087381469897416,0.015357658472383743,0.1919649019522613,1.4226730389920834,0.008272552941111705
2025-09-23,-0.022217907412708647,-0.022165478806586533,51.03543416311725,0.016385483673041237,0.17900547424888347,1.7085701546943792,0.04495744402444499
2025-09-24,0.002304078771710616,-0.022063340596967802,60.492078883806414,0.01682352150726246,0.19779550594785825,1.7984007063303202,0.16844494523047976
2025-09-25,0.0023091568438484184,-0.021713614723397636,60.41259626344279,0.017031269102044593,0.17127360550255788,1.662529428552767,0.238011693527929
2025-09-26,0.013747776750773546,-0.021122575485645556,64.16676246176172,0.017549549182054765,0.17381134837155665,1.6798995325883948,0.317455438800248
2025-09-27,0.013789217241858607,-0.020514887806990862,64.16676246176172,0.01629600995476514,0.17381134837155665,0.0,0.3509768419699551
2025-09-28,0.013942498587457374,-0.019799034655351905,64.16676246176172,0.015132009243710486,0.1737008770723481,0.0,0.35315781620953623
2025-09-29,-0.02084541045273048,-0.01969729023131663,47.06606297274861,0.01763839372695812,0.21773625658364767,1.850069277328083,0.18990984230805835
2025-09-30,-0.0371545515559046,-0.01982424498200628,41.41139810141122,0.018288361503633162,0.21795673809304467,1.701858268170372,0.007042026506840882
2025-10-01,-0.04586506113987358,-0.01984486645048855,38.67757415901758,0.01886692910676155,0.20822261663236769,1.6913317544471291,-0.14728218083496683
2025-10-02,-0.06545883724085726,-0.02000811507748469,33.43934943522743,0.020423262310961525,0.21943808369525863,1.8036625574573752,-0.32060067441998086
2025-10-03,-0.05879077414374744,-0.020452904892962268,36.29812680630631,0.019895798369389272,0.2213656762498302,1.3869984066887293,-0.3875179858459055
2025-10-04,-0.05835258019737637,-0.020590804786816443,36.29812680630631,0.018474669914432893,0.2213656762498302,0.0,-0.408881112615906
2025-10-05,-0.057895025736654254,-0.020709132766332586,36.29812680630631,0.017155050634830544,0.21755536012575605,0.0,-0.39963994580481665
2025-10-06,-0.04487495210488041,-0.020554775173196274,42.53986478157568,0.017156278751191592,0.21079311702502485,1.3842697515292415,-0.3190980257525398
2025-10-07,-0.043770769012965664,-0.02058146757204532,42.83773948970518,0.01752889318205029,0.21011297994504316,1.4740081740010482,-0.2465004133925346
2025-10-08,-0.030638349091790962,-0.020084615804927465,48.70785066932401,0.01742235948172915,0.21546755345351223,1.5543085005351291,-0.13234830180960766
2025-10-09,-0.04625532580388928,-0.020097483485620755,42.716347939136504,0.01833266461022008,0.2178035341954319,1.4051344108320225,-0.11653392257572409
2025-10-10,-0.08600120830564464,-0.02075506540274164,32.05847403103715,0.021961368762244755,0.26299389014958025,1.683721791640899,-0.2631126096423353
2025-10-11,-0.08528439226118543,-0.021465532369017253,32.05847403103715,0.020392699564941556,0.26299389014958025,0.0,-0.33662864267394144
2025-10-12,-0.08452020813135949,-0.022127720160441955,32.05847403103715,0.01893607816744573,0.26307878688148534,0.0,-0.35972934291461733
2025-10-13,-0.07459976847665532,-0.022631781579023697,36.52957106988496,0.018933976450523495,0.2614501217494663,1.7491288605514066,-0.31154738506201474
2025-10-14,-0.08613097521499327,-0.023720115822519604,33.36356726509486,0.020422206074711315,0.24165541459646414,1.345140679296043,-0.3085709806615521
2025-10-15,-0.09204160616519477,-0.024428551959028065,31.750532507036255,0.02059891506552963,0.24110186969236708,1.1774513812290632,-0.3104068758167461
2025-10-16,-0.1038321225040654,-0.02561003282292322,28.91463437874023,0.021696940531038187,0.23447307393006084,1.0903925158464893,-0.33870608680247205
2025-10-17,-0.10160777046883866,-0.026754256602362567,29.583612949169023,0.021509487624171705,0.2350433190264951,0.5652091884174423,-0.3245385950924493
2025-10-18,-0.10064870984170417,-0.02773781240707739,29.583612949169023,0.01997309565101658,0.2350433190264951,0.0,-0.2888623210290182
2025-10-19,-0.09965167609900276,-0.02868471559851933,29.583612949169023,0.018546445961658255,0.21119429200688394,0.0,-0.2409165924590153
2025-10-20,-0.0993001189405875,-0.03000010281409105,29.496936128841256,0.01904072559373202,0.20663203377153733,0.6379792506017963,-0.18852128666445633
2025-10-21,-0.09430676301426233,-0.03162251145840056,32.68290846859681,0.01918254961959013,0.20801096697954535,1.8320386806933255,-0.11523240948477209
2025-10-22,-0.08340468971490461,-0.033579508745560975,39.37080371731715,0.020645612758761013,0.20327825576477423,2.15240750767779,-0.00817635219686097
2025-10-23,-0.03184081238905493,-0.03424751478910389,60.0505911461253,0.022427333339326155,0.28834556708269227,3.6636503599061845,0.28101504105499786
2025-10-24,-0.036445093682964544,-0.03492847388016744,58.16724231355729,0.022526370948342204,0.28901979830615565,1.7038118815604935,0.44009760019791755
2025-10-25,-0.0365899986661116,-0.03518952911098964,58.16724231355729,0.020917344452032045,0.28901979830615565,0.0,0.5267952016071048
2025-10-26,-0.03652585345325505,-0.035241220540715525,58.16724231355729,0.019423248419744042,0.28513357560250735,0.0,0.5623778094874159
2025-10-27,-0.03959570362691051,-0.03551036344051822,56.711809612203126,0.019839325593765892,0.2853290431237661,1.2993840133723542,0.5506501893129727
2025-10-28,-0.05766714271991489,-0.03606949092032689,48.69993428203556,0.020843770651207964,0.28804636754062984,1.4563606278628027,0.44672596100166206
2025-10-29,-0.05242155780511476,-0.036666176788164334,50.82814840184796,0.02080827983554899,0.28360999181286595,1.305554435666875,0.38453256856059354
2025-10-30,-0.05094232529696134,-0.03756745200251003,51.42007901702503,0.02064942973675825,0.23688203722331852,1.1946923444458446,0.3355630054901377
2025-10-31,-0.04447695748882854,-0.03796159040519821,54.12912512292949,0.020673718443094406,0.2375304346026673,1.2580897535621107,0.3171057648746576
2025-11-01,-0.04445075468832379,-0.038471118529543366,54.12912512292949,0.01919702426858766,0.2375304346026673,0.0,0.291852635294768
2025-11-02,-0.04433919014406755,-0.03889482799875324,54.12912512292949,0.017825808249402827,0.2356107229058637,0.0,0.2629985937600634
2025-11-03,-0.04296995613464414,-0.039135550039709095,54.66817542471485,0.017691860293655964,0.2292165100600193,0.0,0.23726793690695194
2025-11-04,-0.050344573706916654,-0.039684489670596436,50.21934325507104,0.01787028804180565,0.22961028789621296,1.1466717629856134,0.17856528305674058
2025-11-05,-0.06502619853163452,-0.040845487780598995,42.86017945528484,0.01874271426629785,0.23150212245963814,1.4948660260857234,0.07187210063693145
2025-11-06,-0.06730896268465264,-0.041900469924555976,41.69498699505957,0.019472910565876272,0.23212199124195065,1.3607223730636069,-0.009055137202442998
2025-11-07,-0.06204181321146765,-0.042849379506259264,44.74036825503972,0.01934796824984265,0.23238069733520955,1.1950251732974428,-0.0382992831838619
2025-11-08,-0.06170598348933925,-0.043426912957220495,44.74036825503972,0.01796597051771103,0.23238069733520955,0.0,-0.05395078313311599
2025-11-09,-0.06152029005484821,-0.044158019012733314,44.74036825503972,0.0166826869093031,0.23233768281343484,0.0,-0.060139233644626616
2025-11-10,-0.05535436284710667,-0.044759514407661155,48.71345902145157,0.016664223352302214,0.23258291822448046,1.0760273613820408,-0.03568416940281614
2025-11-11,-0.040909048047666784,-0.04511372269976386,56.735632430129506,0.01713894366207233,0.23474706409475637,1.312808480353449,0.04060029670637626
2025-11-12,-0.08064872235884177,-0.046320428902853934,38.54237332929622,0.019979112968594684,0.1890174951480788,1.8191549619239318,-0.07553012463496037
2025-11-13,-0.07719112279706244,-0.04797693790988243,40.16303428236159,0.019815396998072363,0.19005761678309815,1.4148971800044219,-0.13050424066561392
2025-11-14,-0.05503266820185156,-0.049368209148464744,50.08575396567219,0.02030116248206411,0.21148438020091465,1.7445174468191753,-0.06738600104124406
2025-11-15,-0.05500814800302978,-0.05111432083969707,50.08575396567219,0.018851079447630956,0.21148438020091465,0.0,-0.022749763536070333
2025-11-16,-0.055147822728782436,-0.053025088235618606,50.08575396567219,0.017504573772800174,0.21137812285327784,0.0,0.008014259081664005
2025-11-17,-0.05802775705769928,-0.054901994817076055,48.786600373528536,0.017638418220647177,0.20067872071764545,1.1024349862281375,0.016965280176306524
2025-11-18,-0.04516144675625028,-0.055936022310578835,54.630476399713814,0.018059795539894105,0.20591088451759598,0.6444264833740109,0.0761924166675261
2025-11-19,-0.06568207063647494,-0.05694246324397134,45.81279877059877,0.019563998488487448,0.21972115958308472,0.5136069857052227,0.027721270445006524
2025-11-20,-0.07045975791611345,-0.05783534960682046,44.046003609112816,0.020034173093682987,0.21828604837842075,2.0614286436248066,-0.021957410460328203
2025-11-21,-0.08750145183621834,-0.0586648813413827,38.31700836525961,0.021114451447404155,0.22617087729430352,1.9764774357019261,-0.11951636666321744
2025-11-22,-0.0874275884540399,-0.05947516457951998,38.31700836525961,0.019606276344018143,0.22617087729430352,0.0,-0.1727761978279129
2025-11-23,-0.08742687139473905,-0.06036090708702239,38.31700836525961,0.018205828033731133,0.2259718274008399,0.0,-0.19508443537409753
2025-11-24,-0.07508926256651373,-0.06092322500053801,44.79413230353501,0.01867218409825908,0.23166647961216397,1.3568966042827444,-0.1466010422323324
2025-11-25,-0.08885938801930907,-0.06187265284819295,39.67481385969395,0.019897359170842004,0.23107649737509828,1.8831389854004674,-0.1625296543129242
2025-11-26,-0.07768152092485484,-0.06266654111250232,44.999020790555846,0.019546555455403257,0.23577777129632208,1.3035620474635117,-0.11615492606649497
2025-11-27,-0.07750961419238217,-0.06371867648834856,44.999020790555846,0.018150372922874452,0.23475136611945607,0.0,-0.07756838379381353
2025-11-28,-0.07883621506169422,-0.06439964847006158,44.35048283001994,0.01855404577912347,0.23475003951383316,0.9053130129840155,-0.05209121432606845
2025-11-29,-0.07846505465220144,-0.06413284689331247,44.35048283001994,0.017228756794900362,0.23475003951383316,0.0,-0.029665662221003364
2025-11-30,-0.0781313348170783,-0.06390415246007795,44.350482830019935,0.015998131309550336,0.2332186821749035,0.0,-0.010260775212091955
2025-12-01,-0.06583854569203523,-0.06360234426161172,51.12466920921587,0.01637243466571685,0.23147355194290953,1.4815470159019508,0.0553965979277653
2025-12-02,-0.07626705108325701,-0.06358618807429885,45.82005116688441,0.017072410577118176,0.1806449778585289,1.6655281248085227,0.05394034404439857
2025-12-03,-0.07112473068032543,-0.06324623818539567,48.446223864228074,0.0173084213844375,0.18120845659219897,1.69360425480965,0.07355156152502751
2025-12-04,-0.05957079132234368,-0.0625967762298652,54.020642570837396,0.017326615945161102,0.1651227057485412,1.7591413039365311,0.13133675958124374
2025-12-05,-0.052914135975986806,-0.06157791566520405,56.87994379820479,0.017263208853551853,0.16707755483804196,1.5611281985685297,0.189937053966371
2025-12-06,-0.05272897252056628,-0.060593490925704846,56.87994379820479,0.01603012250686958,0.16707755483804196,0.0,0.21937792983653392
2025-12-07,-0.05261769043961708,-0.05968208351968128,56.87994379820479,0.014885113756378894,0.16669257343547225,0.0,0.2284989010537979
2025-12-08,-0.07137025634398617,-0.05908737425760844,46.34469338667381,0.01606884255410596,0.17305291875632722,1.625581952331286,0.1473035728274006
2025-12-09,-0.08106867405908907,-0.058613616614838306,41.951524504672534,0.016369999147515996,0.16043462494546085,1.5232496570279344,0.04979644536328748
2025-12-10,-0.07753242185836269,-0.05818362194306468,43.8618049480083,0.016844461976451352,0.16045229153708718,1.5319924089605323,0.0006702340664639928
2025-12-11,-0.09082086637672494,-0.0581756245956554,38.302735003586946,0.01826817300075546,0.15567144867036584,1.743259871890992,-0.08384288750570862
2025-12-12,-0.09305360823788934,-0.0592451982575582,37.35418464467549,0.018303826394413084,0.15590028019286703,1.214894020897529,-0.14124201313429546
2025-12-13,-0.09280651758702897,-0.06027135040878427,37.35418464467549,0.016996410223383576,0.15590028019286703,0.0,-0.1681049187865482
2025-12-14,-0.09249119202326778,-0.061227615561195624,37.35418464467549,0.01578238092171332,0.14702575547797167,0.0,-0.17403697032533605
2025-12-15,-0.10199444030235591,-0.06240127027127028,33.356270060477755,0.01657491952292915,0.14229722703448477,1.451322224736275,-0.20570921800283226
2025-12-16,-0.1261100442463736,-0.06390211405977728,25.89469814392025,0.018200560915241446,0.1617660056656917,1.4603705801092308,-0.3107362042979402
2025-12-17,-0.11517724727373807,-0.06487487615785133,32.883590883785075,0.01897094370952807,0.17016684546410998,0.7639759618352624,-0.3138515526730382
2025-12-18,-0.11152952170558388,-0.06590187933520324,34.95427665968158,0.01901290758272609,0.17152120846986174,0.5324745174905784,-0.2815678413567656
2025-12-19,-0.10304389090367166,-0.06670655818441311,39.81086951596928,0.01885743802442837,0.17592388314903384,1.2203718779814736,-0.2090022936361926
2025-12-20,-0.1025644095872062,-0.06757613843187378,39.810869515969294,0.01751047816554063,0.17592388314903384,0.0,-0.1470634200938178
2025-12-21,-0.1021242567398227,-0.06848798278174498,39.810869515969294,0.016259729725144872,0.16729982812276978,0.0,-0.09469689087141764
2025-12-22,-0.08034062248110922,-0.0690339047083111,51.72701253034644,0.01663086989126129,0.18720313262199725,1.4011360169216882,0.03529432053025572
2025-12-23,-0.07401971764725565,-0.0694231401619227,54.39211507152204,0.016348354375969522,0.1876881567223203,1.1903104362909436,0.14450334400129972
2025-12-24,-0.07403809870807136,-0.06966454999146299,54.13114213188366,0.015947385934215984,0.18166705199379132,0.7622995853330892,0.20910481852445106
2025-12-25,-0.0735801483460415,-0.06960136029869449,54.13114213188366,0.01480828693891484,0.17931268966859432,0.0,0.24379873279371456
2025-12-26,-0.09853011949000481,-0.06982419262423092,41.68411382698393,0.016948014637888587,0.2017963103519449,1.172145844314721,0.1546265545065587
2025-12-27,-0.09793965365606364,-0.07017199165227334,41.68411382698393,0.01573744216375369,0.2017963103519449,0.0,0.09488587108300128
2025-12-28,-0.09712075235376791,-0.07028581870917988,41.684113826983925,0.014613339152056995,0.1914110755686096,0.0,0.0565077197053771
2025-12-29,-0.07506494514261323,-0.07008038696772748,52.93424116248366,0.01517499103919563,0.20822212829057773,1.4291761930408187,0.11891792239514787
2025-12-30,-0.07602944899737585,-0.06966131626531452,51.88839560235478,0.01519503041998887,0.20788924935781566,1.2051308696934753,0.14714558515234405
2025-12-31,-0.08334287345381595,-0.06966163045752313,47.74659638469315,0.015919260585925476,0.20368878358881456,1.3927388995625758,0.126606015921777
2026-01-01,-0.08220296457284623,-0.06884676541905617,47.74659638469315,0.014782170544073655,0.20343897010299172,0.0,0.11011177526462212
2026-01-02,-0.08274204808876638,-0.06820865619295498,46.926951215536285,0.015407612114123495,0.20353977626101502,1.6968809672516112,0.09038508752402807
2026-01-03,-0.08145442119142088,-0.06778840561286001,46.926951215536285,0.014307068391686103,0.20353977626101502,0.0,0.0758421332488649
2026-01-04,-0.0801410318873743,-0.06734452322850765,46.926951215536285,0.013285134935137095,0.19953303359590144,0.0,0.06513774881546713
2026-01-05,-0.06282842379792905,-0.0666529523884789,56.29724056383632,0.014819160429058042,0.17901038416348494,2.9061613612976767,0.12106964882568202
2026-01-06,-0.08063621450925844,-0.0662109254413414,45.90966428454704,0.016585348132565833,0.19310282546325833,2.606293647634974,0.07579930000417831
2026-01-07,-0.09760642933892057,-0.06631681736777234,38.567963690284145,0.017513040429097605,0.2066800828615916,3.018375608643536,-0.027511438716214448
2026-01-08,-0.06778945568439733,-0.06556542103816113,51.52870123382443,0.019189278328980285,0.23361866854775667,2.5089778251005157,0.023986802900961113
2026-01-09,-0.045116331943780674,-0.0648632825743361,58.732962318797405,0.02001841900216649,0.24677580928428502,2.3831410376821873,0.14359703156478398
2026-01-10,-0.04471130836391426,-0.06412407610203402,58.732962318797405,0.018588531930583168,0.24677580928428502,0.0,0.21250901990303223
2026-01-11,-0.044263454471742486,-0.06334260385279604,58.732962318797405,0.017260779649827227,0.23325792275013854,0.0,0.2455475020504716
2026-01-12,-0.037673854268902504,-0.06244202783392247,60.767877694985216,0.01767820366442899,0.23327294285876116,2.1152153787154147,0.27806036166415493
2026-01-13,-0.010637841969167807,-0.06136310300554747,68.11907644493543,0.018343755311140998,0.2515838109433629,2.5478547650287275,0.3889540998825583
2026-01-14,0.003722293187451671,-0.059779899869907324,71.18495355603847,0.020445444443129082,0.2547832744438008,2.2554230405970763,0.49249777292843433
2026-01-15,-0.04158711083175334,-0.05912318059423111,53.24703773701244,0.023682021581043326,0.28937326257648094,0.6339915352127172,0.3487587302187904
2026-01-16,-0.0370970571287735,-0.058435122774616384,54.34160484539278,0.0233880586080835,0.2893213123820847,0.6153084152728899,0.2533263397914765
2026-01-17,-0.03662809037327002,-0.05768805564613589,54.34160484539278,0.02171748299322039,0.2893213123820847,0.0,0.17664254883464303
2026-01-18,-0.03600235084224613,-0.05678731507932687,54.34160484539278,0.02016623420799036,0.27838247313151593,0.0,0.1153273037411795
2026-01-19,-0.03541101887248038,-0.05591987573883077,54.34160484539278,0.01872578890741962,0.27811787138896843,0.0,0.06659615766956578
2026-01-20,-0.02031617810476951,-0.05511655325198105,58.99059570077818,0.019472738731559153,0.2792433728222126,2.6868570180859126,0.08559125697138992
2026-01-21,-0.01530006441988922,-0.05402205211960467,60.34344857870252,0.01996606992264079,0.27914923468563124,1.64399235118222,0.10627789366919771
2026-01-22,-0.0352077547604336,-0.05333988083613554,52.026067152309736,0.02117161775057665,0.29123866283978306,1.5494203807568416,0.02841907947909872
2026-01-23,-0.006861070687268921,-0.05235649155191863,60.06996856009978,0.021448120710880883,0.30629372192597765,1.2680562300942724,0.08234889667563039
2026-01-24,-0.006274452807573154,-0.051474563350219646,60.06996856009979,0.019916112088675105,0.30629372192597765,0.0,0.10673834822860973
2026-01-25,-0.005683094643649418,-0.05058772855818042,60.06996856009979,0.01849353265376974,0.30187444935294855,0.0,0.1110906572495759
2026-01-26,-0.012369391560143403,-0.04994922167222173,56.99857877059444,0.01893475594624377,0.29208041732516715,1.3520250045398297,0.07432303576595078
2026-01-27,0.0168019127098703,-0.04833598787156176,64.76026059554982,0.01993701760929573,0.29246570014485085,1.7423552956968118,0.1539389263515608
2026-01-28,0.030605932808360166,-0.04631205504200245,67.68670570517588,0.01996781360331201,0.2776404055762477,1.707942932843696,0.2419887767351694
2026-01-29,0.0669023489801708,-0.043806280229456415,73.96251587942214,0.021485517816561883,0.2905938067300366,2.571698399574022,0.41886412345847335
2026-01-30,0.06363109244954605,-0.041185739359786054,72.52118579855457,0.022720632771880227,0.29158258938516396,1.8704425329869343,0.48674816685381506
2026-01-31,0.06374473860429528,-0.038548314159259155,72.52118579855457,0.02109773043103164,0.29158258938516396,0.0,0.49505223255136466
2026-02-01,0.06384625993190071,-0.035921335064987535,72.52118579855457,0.01959074968595795,0.29207938237664616,0.0,0.46444908546148334
2026-02-02,0.014208539373922227,-0.033962281302086963,53.48891706204555,0.023481155333095454,0.3320081021204482,1.8413218752549931,0.21408513683538355
2026-02-03,0.03202020404398931,-0.03155001112876432,57.65963016782723,0.024926602014769345,0.33375272545481577,1.7058941214540542,0.10282101309648839
2026-02-04,0.06372206973561348,-0.02815255214673398,63.94065002086777,0.025388103384806647,0.2999062269371818,1.8602020202020202,0.13922349395411437
2026-02-05,0.03385386813170733,-0.025429804597728412,55.44940987907963,0.02707395777219435,0.32249189677131096,1.5352649124987272,0.024724253763419135
2026-02-06,0.03841055656638626,-0.022720854512132956,56.32719659582396,0.02771230968031169,0.3222572194166109,1.6246546345871529,-0.0437563077705001
2026-02-07,0.038636275841977194,-0.02025627438707298,56.32719659582395,0.02573285898886085,0.3222572194166109,0.0,-0.09629614485831395
2026-02-08,0.038780583999363294,-0.01786768686614728,56.32719659582395,0.023894797632513648,0.3222572194166109,0.0,-0.1358709412155119
2026-02-09,0.05216437600511661,-0.015216010148295992,59.437012884337335,0.02441699030009699,0.32122448584173624,1.1193090148123788,-0.11324285230660713
2026-02-10,0.04572768143884878,-0.013173787966328402,57.26831697829428,0.023998487340542104,0.32298625816364074,1.048938000198556,-0.12977485666535404
2026-02-11,0.05672774488967027,-0.011087228099005732,59.90711211661777,0.024120008004172747,0.31145954950723737,1.287667883323574,-0.10140434988246416
2026-02-12,0.027655446931346285,-0.009431083195556194,50.86909634291433,0.026115517518972495,0.3173648499039298,1.3754911297744667,-0.20313707796199143
2026-02-13,0.028794456948295074,-0.007636215829422983,51.09105838338849,0.025502905041918954,0.31732352813761855,0.9093964951013722,-0.263195737215171
2026-02-14,0.029326549600310586,-0.005109813279153036,51.09105838338849,0.023681268967496172,0.31732352813761855,0.0,-0.29657648150630445
2026-02-15,0.02992581219345385,-0.0025162752749304036,51.09105838338849,0.02198974975553216,0.31568020999622665,0.0,-0.3108101939689373
2026-02-16,0.030463297385732266,1.96545278051397e-05,51.09105838338849,0.020419053344422722,0.29912339954733347,0.0,-0.31158836379122223
2026-02-17,0.02170616320614904,0.001822769828300534,47.8354278786506,0.021732260527429506,0.29706198609420864,1.3260072107569199,-0.3389196302398878
2026-02-18,0.06877441727852357,0.004372475201223417,61.373117289775855,0.02306382633014914,0.3162796443276439,0.5112595047767596,-0.1624323532885017
2026-02-19,0.08918424038732516,0.0074011341519422125,65.54781609790876,0.023188647346730228,0.3230472701605689,0.542933351972411,0.029538108880256875
2026-02-20,0.08851946307786486,0.010334288852002332,65.3026277528244,0.02273953140406022,0.32308213789517787,1.5515768100095517,0.13939586763181944
2026-02-21,0.08840971433590511,0.013206327505490773,65.3026277528244,0.02111527916091306,0.32308213789517787,0.0,0.19426310302410466
2026-02-22,0.08822774010034108,0.016010333981007253,65.3026277528244,0.019607044935133558,0.26860593217391676,0.0,0.21134434766801624
2026-02-23,0.08669997231585021,0.018754623516307845,64.69809872428088,0.020275173250608867,0.26400004900129137,1.3504434963032816,0.1982594117995451
2026-02-24,0.0754017984315521,0.02100416602957477,59.64396344996263,0.02076337718621794,0.24567623618038187,1.6131989948387804,0.1282104581461717
2026-02-25,0.07182555679912099,0.02359178801686125,58.13362009669332,0.020958096371725653,0.22146709896486638,1.6203261726409526,0.055831805950857016
2026-02-26,0.06826859234332935,0.02650111334489618,56.59036966360708,0.022930338297890138,0.22195553526767334,2.599102303465638,-0.014340099588016186
2026-02-27,0.09764480947715697,0.029277072470086648,65.17220678586018,0.0238934432069449,0.24073674725248248,2.0454981564667816,0.04949381883517001
2026-02-28,0.09729885981090745,0.03153955774446923,65.17220678586018,0.022186768692163118,0.24073674725248248,0.0,0.07835108997944329
2026-03-01,0.09690644890210813,0.03375662543307135,65.17220678586018,0.020601999499865752,0.23796669961582786,0.0,0.08359435239893354
2026-03-02,0.16511784098431756,0.03710366898190251,77.87754722153764,0.026332906615990234,0.3184138095018131,3.8483058492498823,0.34224421584615383
2026-03-03,0.2184150917866545,0.04102917284367897,83.1222443760893,0.030611980847299013,0.35024797725001106,3.8467462376000188,0.6892251878191724
2026-03-04,0.21886819306272542,0.0444325182848333,83.25067017796655,0.032166375906566944,0.3259853992726152,2.2472685819541813,0.8656798932471332
2026-03-05,0.3205726710135904,0.04907358592770106,88.9830136177015,0.03414044265937893,0.4215631395995366,2.3767060420060764,1.3228888435958195
2026-03-06,0.4784815337106466,0.057044330704512355,93.00082148734302,0.03954449727157494,0.5685153908436543,2.8685958392228867,2.1550009239418952
2026-03-07,0.4750567204376473,0.0648059356474722,93.00082148734302,0.03671989032360531,0.5685153908436543,0.0,2.5424059936149632
2026-03-08,0.4717501945265879,0.07260633562132447,93.00082148734302,0.034097041014776355,0.5685153908436543,0.0,2.6249742529605777
2026-03-09,0.5305367984455277,0.08131127795423226,94.05961060503142,0.05922796374876978,0.5641528403743321,2.8667491759856456,2.75313954073535
2026-03-10,0.3455683647838772,0.08732891516699998,63.70348827825138,0.07789903076927492,0.7461878090269377,1.9060883543495593,1.9275005821787907
2026-03-11,0.4041700249644241,0.09392649534653791,67.49580613477742,0.07507880260975308,0.7546895852616863,1.217904293258641,1.5078470472753533
2026-03-12,0.5366785635996846,0.10238262474689239,74.01938637099336,0.07095710477887408,0.806290870231948,1.21556434448802,1.6598862401326677
2026-03-13,0.5802133029463676,0.11198926862642863,75.85341702818978,0.06916755437188493,0.803776325616874,0.9223271494610342,1.8075003591103513
2026-03-14,0.575740826341422,0.12085920489987254,75.85341702818978,0.06422701477389316,0.803776325616874,0.0,1.7503067270143342
2026-03-15,0.5714061587581761,0.12976000113949607,75.85341702818978,0.0596393708614722,0.8033411720603663,0.0,1.563752445951753
2026-03-16,0.48504983899076054,0.1374687547240681,65.72252912796822,0.06573035240410868,0.8388958013055693,0.9750162965119578,0.9698428217266759
2026-03-17,0.524194859102561,0.14584093502575132,68.10849156539881,0.0629688347834611,0.8352792533025976,0.6601467123495112,0.6549697966952897
2026-03-18,0.5220421136619764,0.15363902138120455,68.20523490751378,0.06477442321970193,0.8337618749333787,0.3492729773965143,0.3640790332750772
2026-03-19,0.5153509211733416,0.16109863208147449,67.84256533815886,0.06670922047980937,0.8372054325601045,0.27340493922434744,0.08413187061540839
2026-03-20,0.5455328557603458,0.1683109129606394,69.92812182567752,0.06511138388422076,0.8340546370666129,1.0099027740756235,-0.023862790233317277
2026-03-21,0.5415672011258656,0.17569585261944126,69.92812182567754,0.06046057074963357,0.8340546370666129,0.0,-0.15748783411826928
2026-03-22,0.5374270914223728,0.18289314835461767,69.92812182567754,0.056141958553231175,0.8216558525501124,0.0,-0.29981371331149376
2026-03-23,0.3754354904472002,0.18777199433663103,50.7229932450172,0.0721810342834011,0.9184138987559453,1.683380808514581,-1.0897509637511913
2026-03-24,0.43787662454424797,0.19436090304573966,56.10013528917449,0.06939213577672053,0.9274103067846364,1.087653617897541,-1.3220921271934172
2026-03-25,0.4031620847566758,0.2001447857920738,53.098503903824756,0.07054182503581355,0.8932819811115766,1.0917465047446122,-1.5886102414944876
2026-03-26,0.46408102586203454,0.20620560444541547,58.05175010614491,0.0671021729132103,0.799150015492983,1.0351816809248309,-1.4639262276050165
2026-03-27,0.5395823564800832,0.21395543523793908,63.237887485672985,0.06564888769638476,0.8195285115809533,1.0484551143087892,-1.033426679726917
2026-03-28,0.5351927943311396,0.2216153379713395,63.237887485672985,0.06095968143235728,0.8195285115809533,0.0,-0.7607588811151933
2026-03-29,0.530950499841395,0.22932989772076198,63.237887485672985,0.05660541847290318,0.808116203327065,0.0,-0.5995767384241502
2026-03-30,0.5758282744930959,0.2375643849107128,66.48719187146952,0.05502397566384355,0.6688132135091074,1.3318974986354348,-0.30858542818010903
2026-03-31,0.5482648831701137,0.2452155001369666,63.68091541228807,0.056950697588165386,0.6620939130868646,1.7773455753999112,-0.25327875341390627
2026-04-01,0.5246646779732886,0.25267980814751145,61.33889598337376,0.05840676592276261,0.5757526125124359,1.591766174716961,-0.33270004608706216
2026-04-02,0.6922781822660736,0.26227200941977064,71.55126019371912,0.059229176465468936,0.6930273090827035,0.0,0.3175629772594384
2026-04-03,0.6861079175297008,0.2723931917676364,71.55126019371912,0.05499852100364972,0.6930273090827035,0.0,0.6615687371545471
2026-04-04,0.680136849083033,0.2825436097281784,71.55126019371912,0.05107005521767474,0.6930273090827035,0.0,0.7940771781576421
2026-04-05,0.6741488704526151,0.2925767964956853,71.55126019371912,0.047422194130697974,0.656996162247201,0.0,0.7852670231116621
2026-04-06,0.6810455620447718,0.3026674483347282,72.30099812881934,0.0478815636701276,0.6530285730723727,1.1994066127980783,0.7420747131568337
2026-04-07,0.6827955877447519,0.3127057378701446,72.7804877500987,0.04957994696834565,0.6526023859717156,1.7876192675037572,0.6568447756767748
2026-04-08,0.40325901760443794,0.31914665711216594,44.37671068343393,0.07164851134647607,0.8964331613391361,2.269298896340817,-0.669402888997638
2026-04-09,0.4508921547279134,0.32539520538381883,48.422234407757514,0.07022899285316421,0.9023329091643626,1.6275576253867918,-1.2984585067774335
2026-04-10,0.4280285130483708,0.330984090651116,47.03796791168174,0.06972222128668741,0.9038331073467074,1.1316659990356641,-1.758364287982225
2026-04-11,0.42453588315774565,0.3366327117006042,47.03796791168174,0.0647420626233526,0.9038331073467074,0.0,-2.001170381977812
2026-04-12,0.4212255148609647,0.34240982623178523,47.03796791168175,0.060117629578827415,0.8156927878450693,0.0,-2.0906132291895663
2026-04-13,0.45451558852477614,0.34864773060329435,50.453597578344535,0.06094084802139782,0.8043704688966886,1.428212058613033,-1.9142948196604221
2026-04-14,0.337500551386655,0.35343979910283924,41.497252041792784,0.06769927441900157,0.8531691305145113,1.3346667844318387,-2.23424268536647
2026-04-15,0.3351459134781805,0.3584147904903575,41.511590128155,0.06781737087482485,0.8371133129815399,1.0401818523645936,-2.344959865783382
2026-04-16,0.38194442069632617,0.36408666874904094,46.327087175479015,0.06442347633377639,0.824161944845692,0.875144231472799,-2.0970448493227325
2026-04-17,0.22192200355580557,0.36749177507843456,36.11721007481788,0.07959227812451325,0.9169132107362312,0.511703017088285,-2.5413265284667013
2026-04-18,0.2200125504510398,0.37025235613530477,36.11721007481788,0.07390711540133374,0.9169132107362312,0.0,-2.6985977803935977
2026-04-19,0.21805685542503664,0.3729454848483203,36.11721007481788,0.0686280357298099,0.9055568632640831,0.0,-2.661581387740659
2026-04-20,0.2989818150578428,0.3765960073176242,44.26861731946126,0.06548853516067325,0.9455614317875971,0.6076053976774647,-2.1310735616275833
2026-04-21,0.3324934664225391,0.37953068618547614,47.429118636741485,0.06433421490606984,0.9519207745976224,2.043985578987865,-1.5209773960183004
2026-04-22,0.3413860638102338,0.38164786154571045,48.46573021669542,0.06388496460834492,0.84898872199161,1.4787494075503438,-0.99736395585143
2026-04-23,0.3796071270862541,0.38427060895584964,52.013787742136074,0.0620714650372034,0.8597882282994312,1.653170893672381,-0.4216674684458581
2026-04-24,0.3555457352756391,0.3848651322021875,50.148248803724144,0.062435036783838015,0.8600518332379086,1.3910693666755325,-0.11951265901676367
2026-04-25,0.35237355391985486,0.38262715839438394,50.14824880372413,0.057975391299278145,0.8600518332379086,0.0,0.08815988294655863
2026-04-26,0.349295252570972,0.38048052986745384,50.14824880372413,0.053834291920758275,0.8587388478297643,0.0,0.2255252980695468
2026-04-27,0.3740300603561997,0.3786096453082658,53.0082170894673,0.051390799433740676,0.8635974276434901,1.026846224322692,0.4368295039679351
2026-04-28,0.4206326585715548,0.3760560934812661,57.72779919296178,0.050029956448172874,0.6433257509497579,1.423878709067565,0.7838744248168437
2026-04-29,0.5142713474749714,0.3780181315541718,65.09761067028865,0.05023886505407138,0.6755000676462236,1.6607595226815839,1.4123615608616658
2026-04-30,0.4837744364232126,0.37855877677643357,62.062937630579285,0.05261382959591393,0.6769553551439166,1.768855189250137,1.6220434485818915
2026-05-01,0.4352713285280156,0.3761877896413351,57.10530896665171,0.055505866442142913,0.6881090160055449,1.2994991956324036,1.470298187332321
2026-05-02,0.4309156170965267,0.3729181637537074,57.10530896665171,0.051541161696275574,0.6881090160055449,0.0,1.2963701339469502
2026-05-03,0.4265433410780005,0.36962711368552226,57.10530896665171,0.0478596501465416,0.6830720103556941,0.0,1.1147012423999278
2026-05-04,0.48415189188228464,0.3671016744028709,62.46528104989885,0.04817473004218587,0.6264570461675183,1.7958206834995882,1.2210661585790006
2026-05-05,0.42184043733746973,0.36528941062754533,55.54166156472429,0.050278541101468045,0.6483685264610776,1.262901006419245,0.9488599403951592
2026-05-06,0.3184387561613855,0.36142249730945075,46.02375301746328,0.06076522981705691,0.6916877471731805,2.092283779984892,0.2574742558097507
2026-05-07,0.31130623327119994,0.3574958936326682,45.70699177235737,0.06271811114171714,0.5413964560626788,1.8137292883296723,-0.21937062344998415
2026-05-08,0.31629313993117675,0.35374861748899444,46.601174005517976,0.06147404917030919,0.5408200182593061,1.0660055195826068,-0.4800886399638511
2026-05-09,0.31288828339016667,0.34944884966102646,46.601174005517976,0.057083045658144246,0.5408200182593061,0.0,-0.6295098514975608
2026-05-10,0.30956210037428056,0.34523403760453736,46.601174005517976,0.05300568525399108,0.4894744607760283,0.0,-0.6999046947433738
2026-05-11,0.3425887567078125,0.3418248526829795,50.98155203496057,0.051494876739705125,0.4892435028937321,1.1852253734832932,-0.5463649964662919
2026-05-12,0.3949707130533596,0.34193506443331473,56.888384176152066,0.04919283485057969,0.5076757492184254,1.0889954585834511,-0.16609726349943
2026-05-13,0.37542382065950586,0.34068563191427614,54.87837306584004,0.048402588826620234,0.5013121815705776,1.0360925573158544,0.0004041545182252859
2026-05-14,0.37375617030740466,0.3400212942631383,55.09930015456647,0.0469684561901818,0.49674653351337883,0.880957357462349,0.10779325774092552
2026-05-15,0.4271914834673932,0.33898235274401195,60.93543301857754,0.04512791360799225,0.5144009116390705,0.4775467416085449,0.4339090346386476
2026-05-16,0.4228314165605824,0.3364519929599572,60.93543301857754,0.041904491207421374,0.5144009116390705,0.0,0.6078088875645122
2026-05-17,0.41852940232872765,0.33396666295753397,60.93543301857755,0.03891131326403413,0.5117460928182372,0.0,0.6758013112091896
2026-05-18,0.4574114108612683,0.3320841769687997,65.23764774771385,0.03953774231372911,0.5070594380608008,0.6440628342260594,0.8790780281900124
2026-05-19,0.4409525897100932,0.32922498724625016,63.17931148421256,0.03866052271655761,0.4466432970946688,1.163525707402633,0.8909208712264247
2026-05-20,0.3105317669263894,0.3250881635448595,46.3507692801459,0.0472462054262969,0.5450645715086412,1.814706920528534,0.23001779687485624
2026-05-21,0.28203335328301493,0.32096673667655634,43.82588807235886,0.049856447320368334,0.5394689070954242,1.9172727247502004,-0.33341435033401434
2026-05-22,0.28232696868056584,0.31388338166980195,44.25393238674988,0.049650761691105084,0.5396912581361721,1.2565856195553244,-0.6676112582507165
