,Datetime,"WTI_('Open', 'CL=F')","WTI_('High', 'CL=F')","WTI_('Low', 'CL=F')","WTI_('Close', 'CL=F')","WTI_('Volume', 'CL=F')","USD_INDEX_('Open', 'DX-Y.NYB')","USD_INDEX_('High', 'DX-Y.NYB')","USD_INDEX_('Low', 'DX-Y.NYB')","USD_INDEX_('Close', 'DX-Y.NYB')","USD_INDEX_('Volume', 'DX-Y.NYB')","BRENT_('Open', 'BZ=F')","BRENT_('High', 'BZ=F')","BRENT_('Low', 'BZ=F')","BRENT_('Close', 'BZ=F')","BRENT_('Volume', 'BZ=F')",timestamp,title,news_count
0,2026-04-23 04:00:00,94.56999969482422,94.66999816894533,94.02999877929688,94.05999755859376,0.0,98.70800018310548,98.71099853515624,98.66999816894533,98.6709976196289,0,103.41999816894533,103.4499969482422,103.0,103.0,0.0,2026-04-23 04:00:00,"WTI climbs as Hormuz tensions escalate, Ghalibaf exit rumors cloud US-Iran talks - bitget.com | Iran fires on 3 ships in the Strait of Hormuz as US maintains blockade - MEXC Exchange | Crude oil falls nearly 2 pc on hopes of easing West Asia tensions - Dailyhunt | Crude Oil Rates Today: April 23, 2026: Brent Crude Crosses $100 Per Barrel- Check Latest Prices of WTI Murban - Oneindia | Oil Prices Up - 22-04-26 - Armenpress | Technical Analysis Report for April 23: Spot Gold, WTI Crude Oil Futures - 富途牛牛",6.0
1,2026-04-23 05:00:00,94.06999969482422,94.4499969482422,93.83000183105467,93.86000061035156,2579.0,98.6709976196289,98.677001953125,98.6269989013672,98.62899780273438,0,102.98999786376952,103.41000366210938,102.83000183105467,102.94000244140624,421.0,2026-04-23 05:00:00,"WTI rises to near $93.00 as supply concerns rise on Hormuz blockade - FXStreet | Oil Price Forecast: Strait of Hormuz Risks Fuel the Next Upside Move - FXEmpire | WTI Crude Oil Surges Above $92 as Escalating Middle East Tensions Threaten Global Supply - MEXC | Crude Oil Prices Today: Why Brent is Rising Amid US-Iran Conflict - Republic World | Iran seizes two ships in Strait of Hormuz, raising oil supply concerns - Crypto Briefing | Chart alert: WTI crude oil at risk of mean reversion decline below $102.25 after 5% spike - marketpulse.com",6.0
2,2026-04-23 06:00:00,93.87000274658205,94.66000366210938,93.6500015258789,94.41000366210938,4153.0,98.62899780273438,98.66300201416016,98.61599731445312,98.65399932861328,0,102.80999755859376,103.62999725341795,102.56999969482422,103.43000030517578,637.0,2026-04-23 06:00:00,"WTI Crude Oil Price Analysis for April 23, 2026 - FXDailyReport.Com | Trump extends Iran ceasefire, WTI crude oil $160 April target dims - Crypto Briefing | Basrah crudes lead regional oil benchmarks - شفق نيوز | | Naphtha falls to $0.925 per kg amid crude oil slump & tensions - Fibre2Fashion",4.0
3,2026-04-23 07:00:00,94.38999938964844,94.73999786376952,93.23999786376952,93.69000244140624,6753.0,98.65299987792967,98.7040023803711,98.59400177001952,98.64900207519533,0,103.37999725341795,103.68000030517578,96.62999725341795,97.0,1997.0,2026-04-23 07:00:00,WTI Price Forecast: Surges Above 20-day EMA as Hormuz Closure Sparks Supply Fears - MEXC Exchange | WTI Price Forecast: Surges Above 20-day EMA as Hormuz Closure Sparks Supply Fears - MEXC Exchange | Oil Rally Surges Past Key Thresholds as Hormuz Blockade Tightens - Dailyhunt | Global stocks rally despite Iran conflict; WTI crude odds remain low - Crypto Briefing | Go oil-heavy as Strait of Hormuz disruption drives opportunity - MSN | WTI Crude Oil unlikely to hit $160 by April amid US-Iran tensions - Crypto Briefing | WTI Crude Oil At Risk Of Mean Reversion Decline Below $102.25 After 5% Spike - Seeking Alpha | WTI Climbs Toward $93 as Hormuz Risks Fuel Supply Fears - TradingPedia,8.0
4,2026-04-23 08:00:00,93.68000030517578,95.0500030517578,93.66000366210938,94.9000015258789,7462.0,98.6500015258789,98.677001953125,98.63099670410156,98.64600372314452,0,97.23999786376952,98.2699966430664,97.0999984741211,98.1999969482422,1092.0,2026-04-23 08:00:00,"Oil Prices Rise for Fourth Day, Brent Returns Above $100 - TradingKey | Natural Gas and Oil Forecast: WTI Battles Descending Channel – Is $100 the Next Stop? - FXEmpire",2.0
5,2026-04-23 09:00:00,94.88999938964844,95.63999938964844,94.2699966430664,94.93000030517578,9526.0,98.64600372314452,98.7229995727539,98.64199829101562,98.7040023803711,0,98.20999908447266,98.91000366210938,97.6999969482422,98.29000091552734,1216.0,2026-04-23 09:00:00,"WTI Price Forecast: Returns above 20-day EMA as Hormuz remains closed - FXStreet | Limited oil price movements with continued tension between Iran and the United States - libyaupdate.com | Oil tops $100 as Iranian boats fire on ships in Strait of Hormuz - Crypto Briefing | US intercepts Iranian oil supertankers, escalating Strait of Hormuz tensions - Crypto Briefing | Iran war boosts European solar demand, pressures silver, oil prices - Crypto Briefing",5.0
6,2026-04-23 10:00:00,94.95999908447266,95.05999755859376,93.73999786376952,93.94000244140624,5069.0,98.70500183105467,98.8010025024414,98.68900299072266,98.78800201416016,0,98.2699966430664,98.33999633789062,97.08000183105467,97.33000183105467,478.0,2026-04-23 10:00:00,"WTI Crude Oil Futures Rise 1.7% to $94.54 Pre-Bell; Brent Futures Climb 1.7% to $103.60 - marketscreener.com | ETF Movement | GlobalX S&P Oil (03097) Surges Over 5% as WTI Crude Oil Reverses Gains; Major Banks Indicate Market Underestimates Supply Disruption Impact - 富途牛牛 | Gov't freezes price caps on fuel products for another 2 weeks - The Korea Herald | Crude Oil Prices: Brent Tops $104, WTI Above $95 on Hormuz - Coinpaper",4.0
7,2026-04-23 11:00:00,93.91999816894533,94.22000122070312,93.02999877929688,93.25,12905.0,98.78800201416016,98.8030014038086,98.64199829101562,98.68900299072266,0,97.30999755859376,97.51000213623048,96.7300033569336,96.86000061035156,922.0,2026-04-23 11:00:00,"Russia urges OPEC+ action on Hormuz blockade as oil volumes decline - Crypto Briefing | Is U.S. Shale Responding to US$90 Crude Oil? - Industrial Info Resources | WTI crude oil markets stagnant despite US-Iran tensions, low trading volume - Crypto Briefing | Oil News: Crude Oil Locks in Geopolitical Floor as Supply Risk Surges - FXEmpire | WTI crude oil unlikely to hit $160 in April amid Strait of Hormuz tensions - Crypto Briefing | American Airlines cites $4B expense hike in Q1 2026 due to fuel prices - Crypto Briefing | Crude Oil Prices: Brent Tops $104, WTI Above $95 on Hormuz - CryptoRank",7.0
8,2026-04-23 12:00:00,93.26000213623048,94.0,92.3000030517578,93.2300033569336,25069.0,98.69000244140624,98.7490005493164,98.6439971923828,98.71499633789062,0,96.87999725341795,102.9499969482422,95.9499969482422,102.22000122070312,4727.0,2026-04-23 12:00:00,"Crude Oil Prices: Brent Tops $104, WTI Above $95 on Hormuz - CryptoRank | Oil Price Forecast: Will Fundamental and Technical Drivers Push Crude to $200? - FXEmpire | Strait of Hormuz closure disrupts oil supply, but traders doubt $160 WTI in April - Crypto Briefing | Current price of oil as of April 23, 2026 - Fortune",4.0
9,2026-04-23 13:00:00,93.22000122070312,94.4499969482422,92.9800033569336,93.98999786376952,22737.0,98.71499633789062,98.77899932861328,98.677001953125,98.72000122070312,0,102.16000366210938,103.22000122070312,102.02999877929688,102.93000030517578,2789.0,2026-04-23 13:00:00,WTI Crude Rises for 4th Session - TradingView | Traders bet $430M on lower oil prices before Trump extends US-Iran ceasefire - Crypto Briefing | Iran blockade fails to move WTI crude oil $160 bet as odds remain low - Crypto Briefing,3.0
10,2026-04-23 14:00:00,93.98999786376952,94.62999725341795,93.02999877929688,93.08000183105467,26004.0,98.72000122070312,98.7480010986328,98.53399658203124,98.572998046875,0,103.0,103.5999984741211,102.3499984741211,102.38999938964844,4074.0,2026-04-23 14:00:00,"Crude Oil Price Analysis – Crude Oil Continues to Move on Headlines, or Lack of - FXEmpire | Iran seizes ships in Strait of Hormuz, impacting Hyundai and oil markets - Crypto Briefing | Oil edges lower amid rise in US inventories, hopes of US.-Iran talks - MSN | Trump authorizes naval engagement with Iran, escalating Gulf tensions - Crypto Briefing",4.0
11,2026-04-23 15:00:00,93.08999633789062,94.6500015258789,92.95999908447266,94.4499969482422,22001.0,98.572998046875,98.66200256347656,98.54100036621094,98.63400268554688,0,102.3499984741211,103.9000015258789,102.31999969482422,103.5999984741211,2400.0,2026-04-23 15:00:00,"4 Energy Stocks Likely to Outperform Q1 Earnings Estimates - TradingView | Crude Oil Prices Underpinned as Iran War Tightens Global Oil Supplies - TradingView | Iranian oil tankers breach US blockade, slight supply relief expected - Crypto Briefing | WTI crude oil hits $115 as strikes target Iran's Kharg Island - MSN | US government charges 14 in large-scale Permian crude oil theft - Quantum Commodity Intelligence | Pentagon: 6 months to clear Strait of Hormuz mines, oil prices may stay high - Crypto Briefing",6.0
12,2026-04-23 16:00:00,94.4499969482422,94.6999969482422,93.93000030517578,94.45999908447266,15881.0,98.63500213623048,98.68099975585938,98.63400268554688,98.65899658203124,0,103.68000030517578,103.8499984741211,103.0199966430664,103.58999633789062,2058.0,2026-04-23 16:00:00,Oil falls amid prospects of US.-Iran talks - MSN | Strait of Hormuz traffic remains restricted amid US-Iran tensions - Crypto Briefing | Phillips 66 uses Jones Act waiver to ship Texas crude to East Coast refiner - Crypto Briefing,3.0
13,2026-04-23 17:00:00,94.44000244140624,98.38999938964844,94.43000030517578,96.19000244140624,76778.0,98.65799713134766,98.93900299072266,98.65299987792967,98.73999786376952,0,103.66000366210938,107.36000061035156,103.66000366210938,105.02999877929688,12384.0,2026-04-23 17:00:00,"Pentagon: Clearing Strait of Hormuz mines to take 6 months, oil at $95/barrel - Crypto Briefing | Oil Prices Surge To 4-year Highs Amid Escalating Persian Gulf Tensions - LEADERSHIP Newspapers | WTI price targets remain low amid Iran conflict uncertainty - Crypto Briefing | US-Israel military action raises WTI crude prices, Bitcoin under pressure - Crypto Briefing",4.0
14,2026-04-23 18:00:00,96.22000122070312,96.8499984741211,95.1999969482422,96.70999908447266,41159.0,98.73999786376952,98.7750015258789,98.68900299072266,98.7699966430664,0,105.0199966430664,105.9000015258789,104.13999938964844,105.69000244140624,6262.0,2026-04-23 18:00:00,"Industry sees US oil production growth despite war, price uncertainty - Quantum Commodity Intelligence | WTI climbs as Hormuz tensions escalate, Ghalibaf exit rumors cloud US-Iran talks - FXStreet | EU proposes jet fuel security measures amid Iran conflict - Crypto Briefing | Go oil-heavy as Strait of Hormuz disruption drives opportunity - MSN | May WTI Crude Oil Contract Closes Up US$2.89; Settles at US$95.85 per Barrel - marketscreener.com | WTI Oil Closes Higher as the Prospects for a Peace Deal in the Iran War Stall - marketscreener.com",6.0
15,2026-04-23 19:00:00,96.69000244140624,96.87999725341795,95.95999908447266,96.4000015258789,9334.0,98.77100372314452,98.84200286865234,98.76399993896484,98.79499816894533,0,105.69000244140624,105.91999816894533,105.1500015258789,105.73999786376952,848.0,2026-04-23 19:00:00,Oil Futures Rise As Middle East Jitters Pick Up - WSJ | Crude Oil Prices Surge on Signs Iran War Will Persist - TradingView,2.0
16,2026-04-23 20:00:00,96.41000366210938,97.41000366210938,96.4000015258789,97.0,6371.0,98.7959976196289,98.84400177001952,98.7959976196289,98.82599639892578,0,105.87999725341795,106.83000183105467,105.80999755859376,106.47000122070312,783.0,2026-04-23 20:00:00,investingLive Americas market news wrap: Oil continues to rise as Iran's unity questioned - TradingView | Strait of Hormuz closure poses largest energy security threat: IEA - Crypto Briefing | Crude Oil Up More Than 4% - TradingView | Pierre Andurand’s oil fund plunges 52% amid market volatility - Crypto Briefing,4.0
17,2026-04-23 22:00:00,96.62000274658205,97.3499984741211,95.87999725341795,97.08000183105467,0.0,98.7959976196289,98.80599975585938,98.79399871826172,98.79900360107422,0,106.27999877929688,106.6500015258789,105.58999633789062,106.4000015258789,0.0,2026-04-23 22:00:00,"WTI Crude Oil Surges as Hormuz Tensions Escalate and Ghalibaf Exit Rumors Cloud US-Iran Talks - MEXC | EU approves €90B loan to Ukraine amid 20th sanctions package against Russia - Crypto Briefing | Discount on Western Canada Select Unchanged - EnergyNow | Iran conflict sends US fuel prices soaring 35%, Myanmar up 101% - Crypto Briefing",4.0
18,2026-04-23 23:00:00,97.08000183105467,97.12999725341795,96.68000030517578,96.80999755859376,1220.0,98.8209991455078,98.83000183105467,98.81800079345705,98.82599639892578,0,106.44000244140624,106.47000122070312,106.0,106.08000183105467,192.0,2026-04-23 23:00:00,"US President Donald Trump says Israel and Lebanon will extend their ceasefire - FXStreet | Crude Oil Prices: Brent Tops $104, WTI Above $95 on Hormuz - CryptoRank | Indian rupee hits record lows amid global shocks, Iran conflict impacts oil prices - Crypto Briefing",3.0
19,2026-04-24 00:00:00,96.79000091552734,97.54000091552734,96.68000030517578,97.16999816894533,6146.0,98.8249969482422,98.83699798583984,98.78399658203124,98.81300354003906,0,106.1500015258789,106.97000122070312,105.98999786376952,106.62999725341795,1199.0,2026-04-24 00:00:00,"Spreads are crucial to oil prices - BusinessLine | [Breaking] Diesel prices hit the 2,000-won range for the first time in 3 years and 9 months... first day of the fourth price cap - 매일경제 | Gold set for weekly loss amid US-Iran tensions, inflation concerns - Crypto Briefing | Panama Canal prices hit record highs as Iran war disrupts shipping routes - Crypto Briefing",4.0
20,2026-04-24 01:00:00,97.18000030517578,97.5999984741211,96.68000030517578,97.01000213623048,4582.0,98.81300354003906,98.83399963378906,98.78800201416016,98.78800201416016,0,106.5999984741211,107.01000213623048,106.05999755859376,106.33000183105467,451.0,2026-04-24 01:00:00,Oil prices end volatile session mixed but up sharply for the week on supply worries - Reuters | Trump claims he rejected Iran’s offer to reopen Strait of Hormuz - Crypto Briefing | Canadian dollar dips as Middle East tensions drive oil prices higher - Crypto Briefing | Crude Oil Prices Jump Over $3 on Escalating Hormuz Tensions - Business Post Nigeria | Oil prices mixed as U.S. and Iran expected to hold talks in Pakistan - CNBC,5.0
21,2026-04-24 02:00:00,97.0,97.08000183105467,96.38999938964844,96.4800033569336,3797.0,98.78700256347656,98.87000274658205,98.78500366210938,98.86399841308594,0,106.3499984741211,106.4000015258789,105.79000091552734,105.87000274658205,465.0,2026-04-24 02:00:00,WTI trades near 95.50 after trimming latest losses - FXStreet | Crude oil prices top $106/bbl amid Israel-Lebanon ceasefire deal extension; Gold down 0.3% - Upstox | Strait of Hormuz closure keeps oil prices elevated amid Iran tensions - Crypto Briefing,3.0
22,2026-04-24 03:00:00,96.4800033569336,96.69000244140624,96.08000183105467,96.62000274658205,2728.0,98.86399841308594,98.91500091552734,98.8560028076172,98.87200164794922,0,105.83000183105467,106.04000091552734,105.33000183105467,105.97000122070312,594.0,2026-04-24 03:00:00,"Israel UN Envoy: Lebanon ceasefire extension ""not 100%"" - FXStreet | WTI June crude oil futures closed down $1.45, a decrease of 1.51%, at $94.40 per barrel. - bitget.com | How Does Crude Oil Inventory Data Move Prices? - MEXC | Crude oil futures rise on fears of prolonged US-Iran tensions - BusinessLine",4.0
23,2026-04-24 04:00:00,96.62000274658205,96.72000122070312,95.9499969482422,96.01000213623048,2034.0,98.8759994506836,98.88800048828124,98.84300231933594,98.86299896240234,0,106.02999877929688,106.18000030517578,105.5,105.5,316.0,2026-04-24 04:00:00,"WTI Oil Falls as a Report Says Peace Talks Between the U.S. and Iran May Resume - 富途牛牛 | Iran conflict seen as more significant than trade wars, says Rogoff - Crypto Briefing | US-sanctioned Iranian oil tanker attempts Strait of Hormuz crossing - Crypto Briefing",3.0
24,2026-04-24 05:00:00,96.01000213623048,96.16999816894533,95.66000366210938,95.94000244140624,3040.0,98.86299896240234,98.88300323486328,98.8290023803711,98.83599853515624,0,105.48999786376952,105.69000244140624,105.11000061035156,105.43000030517578,453.0,2026-04-24 05:00:00,WTI Crude Oil Price Nears 95.50 After Trimming Latest Losses: A Deep Dive into Market Dynamics - MEXC Exchange | WTI Crude Climbs as Hormuz Tensions Revive Risk Premium - TradingPedia,2.0
25,2026-04-24 06:00:00,95.97000122070312,96.55999755859376,95.5500030517578,96.5,4667.0,98.83699798583984,98.87100219726562,98.81400299072266,98.85900115966795,0,105.47000122070312,106.20999908447266,105.01000213623048,106.16999816894533,892.0,2026-04-24 06:00:00,"Crude oil surges up to 2 pc as Middle East tensions escalate, Brent hits 107 USD - Telangana Today | Crude oil prices surge up to 2% above $100 mark as Middle East tensions escalate - MSN | Crude oil prices surge up to 2% above $100 mark as Middle East tensions escalate - Zee News | Crude oil prices jump 2% as US-Iran tensions escalate despite ceasefire - MSN | Crude Oil Prices Jump 2% As US-Iran Tensions Escalate Despite Ceasefire - ABP News",5.0
26,2026-04-24 07:00:00,96.5199966430664,96.77999877929688,96.01000213623048,96.6999969482422,6323.0,98.85700225830078,98.87899780273438,98.7519989013672,98.77400207519533,0,106.12999725341795,106.3000030517578,99.87999725341795,100.37999725341795,4153.0,2026-04-24 07:00:00,"Global markets cautious as Trump confirms Iran talks; oil remains elevated - The News Pakistan | Oil investors exit at record pace with $900M outflows in April - Crypto Briefing | UK Crude Oil Price - Commodities CFD Trading - FOREX.com | Oil (USCrude) Price Forecast for Today, Tomorrow, Next Week, and Next 30 Days - LiteFinance | CRUD.L Technical Analysis | Trend, Signals & Chart Patterns | WT WTI CRUDE OIL (LON:CRUD) - ChartMill | UK Crude Oil Price - Commodities CFD Trading - FOREX.com | US Crude Oil Price & Chart - US Crude Oil Trading - FOREX.com | Oil investors exit at record pace with $900M outflows in April - Crypto Briefing | Global markets cautious as Trump confirms Iran talks; oil remains elevated - The News Pakistan | US Crude Oil Price & Chart - US Crude Oil Trading - FOREX.com | CRUD.L Technical Analysis | Trend, Signals & Chart Patterns | WT WTI CRUDE OIL (LON:CRUD) - ChartMill | Oil (USCrude) Price Forecast for Today, Tomorrow, Next Week, and Next 30 Days - LiteFinance | Hormuz tension in markets! Oil exceeds $100 after 2 weeks - Haberler.com | Crude Oil Prices Surge in International Markets, Brent Crude Hits $107 per Barrel - Hindusthan Samachar English | WTI Oil eases to levels near $94.00, but remains close to two-week highs - FXStreet",15.0
27,2026-04-24 08:00:00,96.70999908447266,97.8499984741211,96.70999908447266,96.9800033569336,10837.0,98.77400207519533,98.81900024414062,98.73300170898438,98.7750015258789,0,100.38999938964844,101.31999969482422,100.38999938964844,100.54000091552734,2681.0,2026-04-24 08:00:00,"Oil Prices Surge To $105 Per barrel as Middle East Tensions Push Crude Higher - Trade Brains | Crude oil prices surge up to 2% above $100 mark as Middle East tensions escalate - MSN | WTI and Brent rising on Strait of Hormuz chaos [Video] - FXStreet | ETF Movement | GlobalX S&P Oil (03097) Rises Nearly 3% as US WTI Crude Rebounds to Around $96 - 富途牛牛 | WTI Oil Price Dips Near $94.00, Yet Holds Near Two-Week Highs Amid Surging Supply Fears - Bitcoin World | Natural Gas and Oil Forecast: Strait of Hormuz Standoff Intensifies – Is $105 the Next Target? - FXEmpire | The stock prices of these 3 oil giants are up roughly 30% in 2026. But are they a buy? - MSN | Iran reactivates supertanker amid storage crisis as US blockade persists - Crypto Briefing",8.0
28,2026-04-24 09:00:00,96.97000122070312,97.79000091552734,96.66000366210938,97.73999786376952,7338.0,98.77400207519533,98.80999755859376,98.76599884033205,98.79499816894533,0,100.48999786376952,101.20999908447266,100.23999786376952,101.08000183105467,1497.0,2026-04-24 09:00:00,Crude oil prices jump 2% as US-Iran tensions escalate despite ceasefire - MSN | Here's why most Trump options on Iran point to higher crude oil prices - Invezz,2.0
29,2026-04-24 10:00:00,97.7300033569336,97.7300033569336,96.83999633789062,96.91999816894533,5863.0,98.7969970703125,98.80799865722656,98.6790008544922,98.68000030517578,0,101.08000183105467,101.11000061035156,100.2300033569336,100.27999877929688,1967.0,2026-04-24 10:00:00,"WTI Crude Oil Futures Rise 1.6% to $97.35 Pre-Bell; Brent Futures Climb 1.9% to $107.07 - marketscreener.com | WTI Oil eases to levels near $94.00, but remains close to two-week highs - TMGM | Iran conflict drives Brent crude above $110, impacting polyester costs in Asia - Crypto Briefing",3.0
30,2026-04-24 11:00:00,96.9499969482422,96.95999908447266,93.62999725341795,94.4800033569336,42502.0,98.68000030517578,98.68599700927734,98.55799865722656,98.59100341796876,0,100.2699966430664,100.2699966430664,97.5500030517578,98.33999633789062,6170.0,2026-04-24 11:00:00,Oil News: Crude Oil Futures Hold Bullish Bias as Supply Tightness Persists - FXEmpire | US Shale Struggles to Expand Production as Physical Crude Gap Exceeds Paper Data: How Much Longer Will High Oil Prices Last? - TradingKey,2.0
31,2026-04-24 12:00:00,94.48999786376952,96.48999786376952,94.1500015258789,95.91999816894533,24015.0,98.59300231933594,98.69000244140624,98.56500244140624,98.63700103759766,0,98.27999877929688,100.04000091552734,98.20999908447266,99.54000091552734,4674.0,2026-04-24 12:00:00,"Understanding The Brent-WTI Price Gap: Key Drivers Behind Crude Oil Benchmark Differences - Dalal Street Investment Journal | Oil Pulls Back on Hopes for Second Round of US-Iran talks - TradingView | Crude oil surges up to 2 pc as Middle East tensions escalate, Brent hits 107 USD - Dailyhunt | WTI Crude Oil: Elliott Wave Analysis and Forecast for 24.04.26–01.05.26 - LiteFinance | 14 Indicted In Crude Oil Theft And Resale Conspiracy In Texas - National Enquirer | US tightens grip on Iran with new sanctions, naval blockade at Hormuz - Crypto Briefing | Current price of oil as of April 24, 2026 - Fortune",7.0
32,2026-04-24 13:00:00,95.91999816894533,95.91999816894533,94.63999938964844,95.1999969482422,23944.0,98.63700103759766,98.7239990234375,98.61000061035156,98.66400146484376,0,99.4499969482422,99.5199966430664,98.43000030517578,99.25,3500.0,2026-04-24 13:00:00,Brent crude oil spot prices surge past futures price in April - U.S. Energy Information Administration (EIA) (.gov) | Core Differences Between West Texas Intermediate (WTI) and Brent Crude and the Affect of the Iran War - EnergyNow.com | Brent Crude On Track For Record Monthly Rise As WTI Settles Above $100/Barrel - LEADERSHIP Newspapers,3.0
33,2026-04-24 14:00:00,95.2300033569336,95.58999633789062,94.66000366210938,95.12000274658205,23654.0,98.66400146484376,98.70500183105467,98.56900024414062,98.64700317382812,0,99.29000091552734,99.58000183105467,98.62999725341795,99.08000183105467,4201.0,2026-04-24 14:00:00,"Crude Oil Prices Slip: WTI Slides Below $95, Brent Weakens Too - Forbes | Crude oil market doubts US capacity to offset supply disruptions - Crypto Briefing | Trump extends Jones Act waiver 90 days amid US-Israeli conflict with Iran - Crypto Briefing | Strait of Hormuz closure pressures oil supply, markets remain steady - Crypto Briefing",4.0
34,2026-04-24 15:00:00,95.12000274658205,95.80999755859376,92.68000030517578,93.52999877929688,48333.0,98.64700317382812,98.677001953125,98.52799987792967,98.54499816894533,0,99.13999938964844,100.01000213623048,97.6500015258789,98.5,9195.0,2026-04-24 15:00:00,Geopolitical Risk in WTI & Brent Crude Oil Markets - Discovery Alert | WTI Crude Oil Higher Path Drives BoC Inflation Forecasts: TD Securities Reveals Surprising Impact - Bitcoin World | How to Interpret Wartime Oil Prices - CSIS | Center for Strategic and International Studies | Crude oil prices surge up to 2 pc above $100 mark as Middle East tensions escalate - Social News XYZ,4.0
35,2026-04-24 16:00:00,93.52999877929688,94.43000030517578,93.12999725341795,93.7699966430664,22857.0,98.54499816894533,98.58200073242188,98.5260009765625,98.5270004272461,0,98.5199966430664,99.16000366210938,98.20999908447266,98.68000030517578,3205.0,2026-04-24 16:00:00,"Oil tanker stocks rise as Iran conflict tightens Strait of Hormuz supply - Crypto Briefing | WTI Oil declines as fragile Iran-US talks, weakening US sentiment temper upside - FXStreet | Crude oil prices top $106/bbl amid Israel-Lebanon ceasefire deal extension; Gold down 0.3% - Dailyhunt | Oil prices fall to $93 as US-Iran tensions ease - Crypto Briefing",4.0
36,2026-04-24 17:00:00,93.76000213623048,94.11000061035156,92.75,93.61000061035156,22182.0,98.52799987792967,98.5770034790039,98.51699829101562,98.56600189208984,0,98.68000030517578,98.93000030517578,97.62999725341795,98.4499969482422,2853.0,2026-04-24 17:00:00,"Bitcoin stays 'stalled' at $78K as oil threatens new risk-asset squeeze - Binance | US wheat prices hit highest since June 2024 amid drought, Hormuz closure - Crypto Briefing | WTI Oil Declines Sharply as Fragile Iran-US Talks and Weakening US Sentiment Temper Upside - Bitcoin World | Oil Price Forecast: WTI Drops to $93.70, Brent at $104 on Iran Talks Hope - TradingNEWS",4.0
37,2026-04-24 18:00:00,93.62000274658205,94.63999938964844,93.5999984741211,94.2300033569336,22586.0,98.56500244140624,98.58699798583984,98.51799774169922,98.53299713134766,0,98.5,99.31999969482422,98.47000122070312,98.98999786376952,2406.0,2026-04-24 18:00:00,"Strait of Hormuz closure lifts energy prices, traders doubt crude oil peak - Crypto Briefing | APA Corporation (APA) Stock Trades Down, Here Is Why - TradingView | Oil Prices Set for Another Weekly Decline as Iran Risks Recede - EnergyNow.com | June WTI Crude Oil Contract Closes Down US$1.45; Settles at US$94.40 per Barrel - Moomoo | Global oil demand crunch looms despite US-Iran tensions: Breakingviews - Crypto Briefing",5.0
38,2026-04-24 19:00:00,94.22000122070312,95.20999908447266,94.08999633789062,94.7699966430664,9346.0,98.52999877929688,98.54299926757812,98.50499725341795,98.52200317382812,0,99.06999969482422,100.02999877929688,98.98999786376952,99.72000122070312,909.0,2026-04-24 19:00:00,"WTI Oil Falls as a Report Says Peace Talks Between the U.S. and Iran May Resume - 富途牛牛 | Rupee weakens 20 paise to open at 94 per US dollar as crude oil prices surge - Dailyhunt | Crude Oil Prices Fall on Hopes Peace Negotiations With Iran Will Materialize - TradingView | WTI Falls as US Heads to Talks, Hormuz Still Blocked - TradingView | WTI Oil Price Dips Near $94.00, Yet Holds Near Two-Week Highs Amid Surging Supply Fears - MEXC Exchange | WTI Oil Price April 24 2026 Hits 106 Amid Hormuz Disruption Volatility - angle360ng.com",6.0
39,2026-04-24 20:00:00,94.79000091552734,95.55999755859376,94.4000015258789,94.4000015258789,7018.0,98.52200317382812,98.53500366210938,98.48899841308594,98.51000213623048,0,99.79000091552734,100.55999755859376,99.12999725341795,99.12999725341795,2442.0,2026-04-24 20:00:00,WTI Crude Oil Pulls Back Off Session Highs to Trade at $93.76 - FXDailyReport.Com | Total US rig count rises despite drop in oil activity and stable Permian - Quantum Commodity Intelligence | WTI Oil Declines Sharply as Fragile Iran-US Talks and Weakening US Sentiment Temper Upside - MEXC | WTI Oil Declines Sharply as Fragile Iran-US Talks and Weakening US Sentiment Temper Upside - CryptoRank | United States CFTC Oil NC Net Positions fell from previous 206.5K to 192.3K - TMGM,5.0
40,2026-04-26 22:00:00,96.3499984741211,96.68000030517578,95.95999908447266,96.01000213623048,3651.0,99.33200073242188,99.34300231933594,98.59200286865234,98.625,0,101.3000030517578,101.54000091552734,101.0,101.0,678.0,2026-04-26 22:00:00,"US oil prices surge past $96 as US-Iran peace talks collapse - Crypto Briefing | Iran-US peace talks collapse, crude oil market remains steady - Crypto Briefing | Trump cancels Iran talks trip, raising Strait of Hormuz disruption fears - Crypto Briefing | US crude oil tanker makes landmark delivery to Japan - Gulf News | Iran says Strait of Hormuz will not return to previous state amid US distrust - Crypto Briefing",5.0
41,2026-04-26 23:00:00,96.0500030517578,96.29000091552734,95.9499969482422,96.12999725341795,1472.0,98.625,98.6439971923828,98.61000061035156,98.64199829101562,0,101.0,101.41000366210938,101.0,101.25,194.0,2026-04-26 23:00:00,"US President Donald Trump: Iran war will end soon, and we will be victorious - FXStreet | Structural gas demand destruction threatens global LNG market - Crypto Briefing",2.0
42,2026-04-27 00:00:00,96.13999938964844,96.52999877929688,95.7699966430664,96.06999969482422,3820.0,98.64099884033205,98.64099884033205,98.55500030517578,98.55899810791016,0,101.2300033569336,101.58000183105467,101.0199966430664,101.18000030517578,770.0,2026-04-27 00:00:00,no_news_available,0.0
43,2026-04-27 01:00:00,96.04000091552734,96.12000274658205,95.4499969482422,95.87000274658205,5535.0,98.55799865722656,98.55899810791016,98.45899963378906,98.4810028076172,0,101.1500015258789,101.1500015258789,100.5,100.93000030517578,1593.0,2026-04-27 01:00:00,"WTI holds gains above $94 as Hormuz standoff fuels supply fears - FXStreet | Oil prices prediction: Goldman Sachs raises Brent crude, WTI rates. Check today's price - The Economic Times | Oil surpasses $107 as US-Iran talks stall, Strait of Hormuz remains closed - Crypto Briefing | WTI sticks to modest gains above $94.00 as Hormuz standoff fuels supply concerns - bitget.com",4.0
44,2026-04-27 02:00:00,95.86000061035156,95.86000061035156,95.2300033569336,95.2300033569336,2969.0,98.4800033569336,98.51200103759766,98.447998046875,98.46199798583984,0,100.86000061035156,100.86000061035156,100.23999786376952,100.23999786376952,1030.0,2026-04-27 02:00:00,"How high will oil prices go in the current conflict with Iran? - MSN | US Crude Oil Spot Live Price Chart | Trade Oil - Crude - Capital.com | Gasoline and oil prices today, April 27: Simultaneous reversal - Laodong.vn | Crude oil prices trade near $100/bbl as US-Iran second round peace talk hopes fade; COMEX gold down 0.6% - Upstox | Brent crude oil price analysis as contentious US-Iran ceasefire continues - Invezz",5.0
45,2026-04-27 03:00:00,95.23999786376952,95.3499984741211,94.98999786376952,95.31999969482422,1953.0,98.46199798583984,98.46399688720705,98.41000366210938,98.43099975585938,0,100.1500015258789,100.36000061035156,99.98999786376952,100.36000061035156,376.0,2026-04-27 03:00:00,Trump’s Iran standoff pressures Europe as crude oil market remains skeptical - Crypto Briefing | Oil prices climb as US-Iran peace talks stall - Crypto Briefing | Hormuz Standoff Drives WTI Crude Oil Above $94.00 - Intellectia AI | Japan secures oil supply through 2027 amid Middle East tensions - MEXC Exchange,4.0
46,2026-04-27 04:00:00,95.3000030517578,95.66999816894533,95.1999969482422,95.5999984741211,1233.0,98.43399810791016,98.46600341796876,98.41400146484376,98.45600128173828,0,100.33000183105467,100.70999908447266,100.29000091552734,100.66999816894533,325.0,2026-04-27 04:00:00,"Oil price today (April 27): Crude oil hovers near $110 as Iran war peace talks lose momentum. What are experts saying? - MSN | Oil Prices Slide 15% On Trump-Iran Ceasefire, Amid Saudi Pipeline Attack - LEADERSHIP Newspapers | WTI drifts higher above $93.50 on Hormuz uncertainty - FXStreet | Factbox-Goldman Sachs lifts oil price forecasts on weaker Middle East output By Reuters - Investing.com | WTI drifts higher above $93.50 on Hormuz uncertainty - TMGM",5.0
47,2026-04-27 05:00:00,95.58000183105467,96.2699966430664,95.5500030517578,96.06999969482422,2989.0,98.45600128173828,98.5009994506836,98.4469985961914,98.5,0,100.68000030517578,101.25,100.68000030517578,101.12000274658205,606.0,2026-04-27 05:00:00,"Technical Analysis Report for April 27: Spot Gold, WTI Crude Oil Futures - 富途牛牛 | Global Oil Prices Surge to $106 as Trump Cancels Iran Peace Talks; Supply Fears Intensify - Republic World | WTI Crude Oil Prices Rebound Toward $100 on Hormuz Risks as Geopolitical Uncertainties Linger - FXLeaders | Crude oil prices rise 2.5% on US-Iran peace talks uncertainty; Goldman Sachs raises Brent Q4 forecast to $90 - Mint | WTI Crude Oil Price Analysis for April 27, 2026 - FXDailyReport.Com",5.0
48,2026-04-27 06:00:00,96.05999755859376,96.41000366210938,96.0199966430664,96.08000183105467,2623.0,98.5009994506836,98.54499816894533,98.44300079345705,98.44300079345705,0,101.0999984741211,101.44000244140624,101.02999877929688,101.08000183105467,902.0,2026-04-27 06:00:00,WTI Crude Oil Holds Above $94.00 as Hormuz Standoff Intensifies Supply Fears - CryptoRank | Goldman Sachs raises crude oil forecast up to $90 as Hormuz closure tightens supply - Social News XYZ,2.0
49,2026-04-27 07:00:00,96.08000183105467,96.88999938964844,96.06999969482422,96.83000183105467,3886.0,98.44300079345705,98.44499969482422,98.33999633789062,98.34600067138672,0,101.0500030517578,101.87000274658205,101.0199966430664,101.83000183105467,856.0,2026-04-27 07:00:00,Crude Oil Futures Rise on Spot Demand - Rediff MoneyWiz | Iran tensions revive oil supply concerns amid Strait of Hormuz closure - Crypto Briefing | WTI Price Forecast: Approaches $100 amid stalled US-Iran peace talks - FXStreet,3.0
50,2026-04-27 08:00:00,96.83999633789062,97.0999984741211,96.38999938964844,96.4800033569336,5292.0,98.3479995727539,98.37100219726562,98.26200103759766,98.28600311279295,0,101.9000015258789,102.16999816894533,101.47000122070312,101.55999755859376,2078.0,2026-04-27 08:00:00,Korea offsets Middle East crude loss but faces deepening jet fuel squeeze - Chosunbiz | Natural Gas and Oil Forecast: WTI Eyes $100 as Geopolitics Heat Up - FXEmpire | WTI Crude Oil Price Today April 27 2026 Near 97 Dollars Amid Supply Fears - angle360ng.com | WTI Crude Surges Above $93.50 on Escalating Hormuz Strait Uncertainty - MEXC,4.0
51,2026-04-27 09:00:00,96.4800033569336,96.69000244140624,96.1500015258789,96.48999786376952,3872.0,98.28500366210938,98.33499908447266,98.26499938964844,98.322998046875,0,101.5199966430664,101.81999969482422,101.33999633789062,101.5500030517578,888.0,2026-04-27 09:00:00,"Core Differences Between West Texas Intermediate (WTI) and Brent Crude and the Affect of the Iran War - EnergyNow | Petrol, diesel prices may rise ₹20 per litre in 3–6 months if crude stays above $100, says Emkay; lists stocks at risk - Mint | Oil Prices Surge Above $106 as Trump Cancels Iran Peace Talks, Strait of Hormuz Blockade Tightens Su - AD HOC NEWS | Goldman Sachs raises oil forecasts to $90 Brent, $83 WTI for Q4 on Middle East supply losses, deepening 2026 deficit - Economy Middle East | FTSE 100 Live: Index Opens Flat amid Rise in Oil Prices and Geopolitical Uncertainty - Analytics Insight | USO, INDO, BATL stocks rise premarket as Trump warning jolts oil — Goldman says $115 scenario is back on table - MSN | Bitcoin erases Hormuz reopening rallies as trader skepticism grows - Crypto Briefing",7.0
52,2026-04-27 10:00:00,96.5,96.51000213623048,95.05999755859376,95.41000366210938,6506.0,98.3219985961914,98.34700012207033,98.2770004272461,98.28500366210938,0,101.51000213623048,101.54000091552734,100.22000122070312,100.48999786376952,1506.0,2026-04-27 10:00:00,"WTI nears $95, Brent at $101 on stalled US-Iran peace talks - Financial Mirror | WTI Crude Oil Futures Rise 2.3% to $96.54 Pre-Bell; Brent Futures Climb 2.5% to $107.94 - marketscreener.com | Oil prices surge past $110 as Hormuz tensions escalate: What’s driving the rally? - MSN | Negotiation node unresolved: Oil prices rise Brent crude oil - KuCoin | WTI Price Forecast Nears $100 As Stalled US-Iran Talks Trigger Supply Shock Fears - Bitcoin World | Iran conflict impacts Gulf currency strategies as Brent crude tops $120 - Crypto Briefing | Crude oil prices rise amid stalled Iran talks, Strait of Hormuz tensions - Crypto Briefing | Oil News: Crude Oil Analysis: Goldman Raises Outlook as Hormuz Inventory Risk Grows - FXEmpire",8.0
53,2026-04-27 11:00:00,95.41999816894533,95.45999908447266,94.58999633789062,95.11000061035156,7267.0,98.28600311279295,98.34200286865234,98.27899932861328,98.31900024414062,0,100.54000091552734,100.54000091552734,99.58999633789062,100.1999969482422,1304.0,2026-04-27 11:00:00,"Goldman Sachs raises crude oil forecast up to $90 as Hormuz closure tightens supply - IBTimes India | Oil Futures: Crude extends gains after US-Iran talks stall - Quantum Commodity Intelligence | Oil Prices Extend Gains on Concern Over Potential US-Iran Conflict - EnergyNow | Discount on Western Canada Select Unchanged - EnergyNow | Oil prices climb amid stalled US-Iran peace talks, traders reassess exposure - Crypto Briefing",5.0
54,2026-04-27 12:00:00,95.0999984741211,96.54000091552734,94.8499984741211,96.31999969482422,15304.0,98.31800079345705,98.3209991455078,98.21399688720705,98.30799865722656,0,100.1500015258789,101.3000030517578,99.97000122070312,101.1500015258789,2416.0,2026-04-27 12:00:00,"Iran asserts control over Strait of Hormuz, oil prices rise - Crypto Briefing | Why Brent crude trades above WTI in global oil markets | Tap to know more | Inshorts - Inshorts | Oil prices continue to rise amid the US-Iran stalemate; Iran awaits US blockade removal - investingLive",3.0
55,2026-04-27 13:00:00,96.31999969482422,96.52999877929688,95.62000274658205,95.70999908447266,17579.0,98.30699920654295,98.3730010986328,98.24199676513672,98.34400177001952,0,101.08999633789062,101.4800033569336,100.66999816894533,101.0999984741211,2520.0,2026-04-27 13:00:00,"Crude oil prices jump as rising US-Iran tensions keeps Strait of Hormuz closed; Brent oil above $95 a barrel - MSN | Iran blocks Strait of Hormuz, oil markets show limited reaction - Crypto Briefing | Iran proposes reopening Strait of Hormuz amid stalled nuclear talks - Crypto Briefing | Crude Oil Hits $107.9, WTI Near $96 Amid Middle East Tensions; FII Selling Weighs on Market Outlook - INVC NEWS",4.0
56,2026-04-27 14:00:00,95.6999969482422,96.79000091552734,95.3000030517578,96.75,25707.0,98.34400177001952,98.3769989013672,98.26499938964844,98.35299682617188,0,101.11000061035156,101.8000030517578,100.87000274658205,101.76000213623048,4406.0,2026-04-27 14:00:00,Brent crude oil price analysis as contentious US-Iran ceasefire continues - Invezz,1.0
57,2026-04-27 15:00:00,96.75,97.5,96.0999984741211,96.16999816894533,25895.0,98.35399627685548,98.41000366210938,98.35399627685548,98.3949966430664,0,101.75,102.38999938964844,101.33000183105467,101.37999725341795,5787.0,2026-04-27 15:00:00,"Iran tanker seizures, Trump order fail to impact oil markets - Crypto Briefing",1.0
58,2026-04-27 16:00:00,96.1500015258789,96.5999984741211,96.05999755859376,96.56999969482422,10075.0,98.39600372314452,98.4489974975586,98.3769989013672,98.44499969482422,0,101.31999969482422,101.79000091552734,101.23999786376952,101.6999969482422,1780.0,,no_news_available,0.0
59,2026-04-27 17:00:00,96.56999969482422,97.66999816894533,96.16000366210938,96.54000091552734,17219.0,98.44499969482422,98.49600219726562,98.41500091552734,98.46399688720705,0,101.6999969482422,102.61000061035156,101.33999633789062,101.91000366210938,3385.0,,no_news_available,0.0
60,2026-04-27 18:00:00,96.56999969482422,97.2300033569336,96.20999908447266,96.5500030517578,16415.0,98.46299743652344,98.50299835205078,98.4540023803711,98.49600219726562,0,101.91999816894533,102.58000183105467,101.4800033569336,101.66000366210938,3817.0,,no_news_available,0.0
61,2026-04-27 19:00:00,96.5500030517578,96.62999725341795,95.9000015258789,96.41000366210938,8833.0,98.49500274658205,98.4990005493164,98.45600128173828,98.49600219726562,0,101.66000366210938,101.91999816894533,101.22000122070312,101.5999984741211,770.0,,no_news_available,0.0
62,2026-04-27 20:00:00,96.4000015258789,96.8000030517578,96.26000213623048,96.68000030517578,3055.0,98.49600219726562,98.49700164794922,98.4739990234375,98.48400115966795,0,101.5999984741211,101.91999816894533,101.48999786376952,101.91000366210938,365.0,,no_news_available,0.0
63,2026-04-27 22:00:00,96.66999816894533,96.77999877929688,96.3000030517578,96.62999725341795,0.0,98.47699737548828,98.49600219726562,98.47599792480467,98.49600219726562,0,101.81999969482422,101.87999725341795,101.5999984741211,101.86000061035156,0.0,,no_news_available,0.0
64,2026-04-27 23:00:00,96.62999725341795,96.8000030517578,96.58999633789062,96.6500015258789,862.0,98.46700286865234,98.4749984741211,98.46299743652344,98.46299743652344,0,101.98999786376952,102.0,101.81999969482422,101.86000061035156,114.0,,no_news_available,0.0
65,2026-04-28 00:00:00,96.6500015258789,97.1999969482422,96.23999786376952,97.02999877929688,4005.0,98.46199798583984,98.51200103759766,98.4260025024414,98.50299835205078,0,101.8499984741211,102.43000030517578,101.66999816894533,102.33999633789062,517.0,,no_news_available,0.0
66,2026-04-28 01:00:00,97.02999877929688,97.41000366210938,96.8499984741211,97.33000183105467,3025.0,98.5019989013672,98.56400299072266,98.5019989013672,98.56300354003906,0,102.31999969482422,102.56999969482422,102.0500030517578,102.52999877929688,715.0,,no_news_available,0.0
67,2026-04-28 02:00:00,97.33000183105467,97.5500030517578,97.2300033569336,97.38999938964844,2237.0,98.56199645996094,98.59400177001952,98.55599975585938,98.59100341796876,0,102.55999755859376,102.7300033569336,102.43000030517578,102.52999877929688,339.0,,no_news_available,0.0
68,2026-04-28 03:00:00,97.37999725341795,97.5999984741211,97.18000030517578,97.56999969482422,1664.0,98.59100341796876,98.59300231933594,98.48200225830078,98.50599670410156,0,102.4800033569336,102.7300033569336,102.37999725341795,102.7300033569336,273.0,,no_news_available,0.0
69,2026-04-28 04:00:00,97.58999633789062,97.80999755859376,97.31999969482422,97.45999908447266,1682.0,98.50900268554688,98.52400207519533,98.48500061035156,98.52200317382812,0,102.76000213623048,102.88999938964844,102.5500030517578,102.6999969482422,401.0,,no_news_available,0.0
70,2026-04-28 05:00:00,97.45999908447266,98.8499984741211,97.4000015258789,98.1999969482422,6576.0,98.52200317382812,98.58599853515624,98.51499938964844,98.58300018310548,0,102.6999969482422,104.11000061035156,102.6500015258789,103.5199966430664,1421.0,,no_news_available,0.0
71,2026-04-28 06:00:00,98.22000122070312,98.4499969482422,97.72000122070312,98.37000274658205,4002.0,98.58200073242188,98.71900177001952,98.56099700927734,98.71700286865234,0,103.47000122070312,103.76000213623048,103.02999877929688,103.66999816894533,1356.0,,no_news_available,0.0
72,2026-04-28 07:00:00,98.37000274658205,99.22000122070312,98.29000091552734,98.88999938964844,7757.0,98.71800231933594,98.72599792480467,98.6240005493164,98.6760025024414,0,103.66000366210938,104.81999969482422,103.62000274658205,104.58999633789062,2366.0,2026-04-28 07:00:00,WTI Oil extends gains as prolonged Hormuz closure reinforces supply shock - TMGM | WTI Price Forecast: Eyes further upside towards $100 amid Hormuz closure - TMGM | Natural Gas and Oil Forecast: WTI Stalls at $98 While Brent Awaits Triangle Breakout - FXEmpire | Basrah crudes lead regional oil benchmarks - شفق نيوز,4.0
73,2026-04-28 08:00:00,98.9000015258789,99.2699966430664,98.22000122070312,98.9499969482422,8421.0,98.6750030517578,98.70500183105467,98.61100006103516,98.64900207519533,0,104.52999877929688,104.66999816894533,103.47000122070312,104.12999725341795,3247.0,2026-04-28 08:00:00,"Goldman raises price forecasts as oil market faces 9.6M bpd deficit - CryptoRank | OCBC Group Research has raised its year-end Brent crude oil forecast to US$80 per barrel from US$70 previously, citing prolonged disruptions in the Strait of Hormuz, uneven supply recovery, and stronger incentives for global strategic stockpiling. In its latest - BusinessToday Malaysia",2.0
74,2026-04-28 09:00:00,98.97000122070312,99.88999938964844,98.95999908447266,99.80999755859376,7077.0,98.64900207519533,98.7689971923828,98.64800262451172,98.72899627685548,0,104.12999725341795,104.66000366210938,104.12999725341795,104.56999969482422,1474.0,2026-04-28 09:00:00,WTI Crude Oil Holds Above $94.00 as Hormuz Standoff Intensifies Supply Fears - Dailyhunt | Interest rates in focus – WTI and Brent over $100 on Strait of Hormuz blockage [Video] - FXStreet,2.0
75,2026-04-28 10:00:00,99.80999755859376,100.11000061035156,99.4499969482422,99.73999786376952,6912.0,98.72899627685548,98.75700378417967,98.71299743652344,98.74299621582033,0,104.55999755859376,104.7699966430664,104.11000061035156,104.33999633789062,1697.0,2026-04-28 10:00:00,"WTI Crude Oil Futures Jump 3.5% to $99.72 Pre-Bell; Brent Futures Rise 2.9% to $111.39 - marketscreener.com | US Treasury yields, dollar rise as Strait of Hormuz tensions boost oil prices - Crypto Briefing | Iran faces oil storage crisis as Strait of Hormuz blockade tightens - Crypto Briefing",3.0
76,2026-04-28 11:00:00,99.7300033569336,101.8499984741211,99.54000091552734,101.26000213623048,19996.0,98.74400329589844,98.85199737548828,98.70800018310548,98.83899688720705,0,104.33999633789062,105.80999755859376,104.26000213623048,105.5199966430664,3416.0,2026-04-28 11:00:00,"WTI Crude Oil Price Today April 28 2026 - Nears 100 as Supply Risks Intensify - angle360ng.com | Oil prices rise amid Iran stand-off, WTI Crude hits $160 prediction - Crypto Briefing | WTI Oil rises to $98.00 with the US-Iran peace process stalled - FXStreet",3.0
77,2026-04-28 12:00:00,101.27999877929688,101.3000030517578,98.0999984741211,99.4000015258789,36717.0,98.83999633789062,98.8740005493164,98.6959991455078,98.71099853515624,0,105.44000244140624,105.55999755859376,103.0,104.04000091552734,6773.0,2026-04-28 12:00:00,"WTI Crude Rises More Than 5% to Hit Highest Since April 13. Citi Raises Brent Forecast to $150 - TradingKey | Crude Oil Price Analysis – Oil Jumps Again on Tuesday - FXEmpire | Oil News: WTI Crude Oil Punches Through $100 as Iran Deadlock Chokes Supply - FXEmpire | Iran conflict disrupts oil markets, boosts electric vehicle sales in March - Crypto Briefing | Pre-market Overview of U.S. Stocks | Mixed performance in the three major futures indices, WTI crude oil futures rise over 4%; OpenAI's growth slowdown shakes the market, related stocks under pressure, CoreWeave falls over 7% pre-market; Corning plunges - 富途牛牛 | WTI crude tops $100 as Trump unhappy with Iran's proposal to open Hormuz; UAE to quit OPEC - Seeking Alpha | WTI crude tops $100 as Trump unhappy with Iran's proposal to open Hormuz; UAE to quit OPEC - MSN | Oil prices jump 3% as US-Iran tensions keep Strait of Hormuz closed - Crypto Briefing | Crude oil prices trade over $102/bbl as Iran submits Hormuz deal to US; gold prices flat - Dailyhunt | US Pre-Market: US-Iran Standoff Persists, WTI Crude Rises Over 5% Pre-Market, Semiconductors Fall Collectively, Arm Drops Over 8% - TradingKey | WTIOIL Climbs to Second Spot on Hyperliquid Amid Global Oil Volatility - The Crypto Times | Current price of oil as of April 28, 2026 - Fortune",12.0
78,2026-04-28 13:00:00,99.41000366210938,100.43000030517578,98.75,99.4000015258789,33382.0,98.70999908447266,98.78299713134766,98.66799926757812,98.70600128173828,0,104.06999969482422,104.93000030517578,103.3499984741211,104.04000091552734,6726.0,2026-04-28 13:00:00,"The United Arab Emirates exits OPEC, shaking global energy market - FXStreet | Oil prices surge as Strait of Hormuz blockade intensifies US-Iran conflict - Crypto Briefing",2.0
79,2026-04-28 14:00:00,99.41999816894533,100.47000122070312,99.22000122070312,99.36000061035156,29250.0,98.70500183105467,98.77400207519533,98.677001953125,98.73300170898438,0,104.12000274658205,104.87999725341795,103.63999938964844,103.66999816894533,4737.0,2026-04-28 14:00:00,"Oil Prices Surge Over 3% as Iran Peace Talks Stall and Strait of Hormuz Disruption Persists - AD HOC NEWS | WTI hovers around $97.00 following reports of US to extend Iran blockade - Bitget | UAE Quits OPEC! Crude Oil Explodes to $100 – WTI Technical Analysis - Action Forex | Oil prices climb amid unresolved Strait of Hormuz standoff - Crypto Briefing | Oil Price Forecast Tomorrow, April 29, 2026: Brent Near $110, WTI Tests $100 - angle360ng.com",5.0
80,2026-04-28 15:00:00,99.37999725341795,100.01000213623048,99.01000213623048,99.79000091552734,21334.0,98.7310028076172,98.7310028076172,98.60900115966795,98.61599731445312,0,103.66000366210938,104.48999786376952,103.44000244140624,104.13999938964844,4195.0,2026-04-28 15:00:00,Crude Oil Futures Top $100 as UAE Announces Shock Exit From OPEC - FXDailyReport.Com | US crude oil tops $100 again as Hormuz closure keeps supply fears elevated - EDNEWS | US crude oil tops US$100 again as Hormuz closure keeps supply fears elevated - The Malaysian Reserve | Bitcoin Drops Below $76K on Strait of Hormuz Oil Fears - Bitbo | Oil prices surge as UAE exits OPEC and OPEC+ - KLSE Screener,5.0
81,2026-04-28 16:00:00,99.8000030517578,100.1999969482422,99.05999755859376,99.20999908447266,14494.0,98.61499786376952,98.68199920654295,98.59600067138672,98.64199829101562,0,104.13999938964844,104.51000213623048,103.44000244140624,103.5500030517578,2892.0,2026-04-28 16:00:00,"Global Oil Prices Rise On Knee-jerk Reaction Following UAE's Exit From OPEC, OPEC+ - Bernama | Bitcoin price hits one-week low as $100 oil sparks fresh Asia crisis fears - TradingView | Dow Jones Industrial Average futures wobble as Iran talks stall, Crude Oil jumps - FXStreet | US confirms partial reopening of Strait of Hormuz, easing oil supply fears - Crypto Briefing | Treasury yields rise as WTI crude jumps above $100. - CME Group",5.0
82,2026-04-28 17:00:00,99.22000122070312,100.45999908447266,99.12999725341795,100.23999786376952,14448.0,98.64099884033205,98.677001953125,98.58899688720705,98.61900329589844,0,103.48999786376952,104.3499984741211,103.44000244140624,104.23999786376952,2264.0,2026-04-28 17:00:00,"Oil Price Forecast: WTI (CL=F) Tops $100, Brent (BZ=F) Hits $111 as UAE Quits OPEC - TradingNEWS | Crude Oil WTI Futures Analysis - Investing.com Canada | Dow Jones Industrial Average futures wobble as Iran talks stall, Crude Oil jumps - Bitget",3.0
83,2026-04-28 18:00:00,100.22000122070312,100.33000183105467,99.3499984741211,100.0,23214.0,98.61799621582033,98.6439971923828,98.60399627685548,98.63999938964844,0,104.2300033569336,104.69000244140624,103.9499969482422,104.37999725341795,3312.0,2026-04-28 18:00:00,no_news_available,0.0
84,2026-04-28 19:00:00,99.98999786376952,100.05999755859376,99.77999877929688,99.91000366210938,4890.0,98.64099884033205,98.6750030517578,98.61100006103516,98.65499877929688,0,104.36000061035156,104.41999816894533,104.23999786376952,104.37000274658205,342.0,2026-04-28 19:00:00,"WTI Breaks $95 Barrier — Bulls Target Explosive Move to $105, 28 April, 2026 - FinanceFeeds | WTI Oil extends gains as prolonged Hormuz closure reinforces supply shock - FXStreet | Tighter Global Oil Supplies Underpin Crude Prices - TradingView | US Crude Oil Tops US$100 Again As Hormuz Closure Keeps Supply Fears Elevated - Bernama",4.0
85,2026-04-28 20:00:00,99.9000015258789,99.94000244140624,99.51000213623048,99.62000274658205,4084.0,98.65499877929688,98.65599822998048,98.61399841308594,98.63300323486328,0,104.37000274658205,104.38999938964844,103.93000030517578,104.3000030517578,0.0,2026-04-28 20:00:00,Gas Prices Climb to Highest Level since the Start of the Iran Conflict - AAA | US natural gas exports maxed out as Strait of Hormuz closure impacts supply - Crypto Briefing | Stocks Fall on AI Jitters and Surging Crude Oil Prices - TradingView | Crude Inventories Continue to Decline Amid Strong Oil Product Draws - Crude Oil Prices Today | OilPrice.com | June WTI Crude Oil futures break 100 on Hormuz closure and UAE exit. - CME Group | Oil Prices Surge: Brent Crude Tops $105 in Stunning Energy Rally - CryptoRank | Crude Oil WTI Futures - Jun 26 (OIL) - Investing.com India,7.0
86,2026-04-28 22:00:00,99.70999908447266,99.75,99.36000061035156,99.61000061035156,0.0,98.625,98.625,98.59300231933594,98.59500122070312,0,104.18000030517578,104.23999786376952,103.88999938964844,104.1500015258789,90.0,2026-04-28 22:00:00,"Tensions push WTI near $100, Brent above $111 as Hormuz risk hangs over global energy markets - Gulf News | Why are oil prices up now, and will Brent, US WTI crude rates continue to rise or drop again? Global marke - The Economic Times | US Stock Indexes Diverge Amid Rising Crude Oil Prices - HarianBasis.co | Oil prices trim gains after UAE exits OPEC, OPEC+ - The Express Tribune | WTI Crude Oil Prices Pop Above $100 Despite the UAE OPEC Exit - FXLeaders | U.S. Stock Market Close | Disruptions from OpenAI's 'Ghost Stories' Trigger Pullback in Major Indices; Philadelphia Semiconductor Index Drops 3.58%; Corning Plummets 9% Post-Earnings, Weighing on Optical Communications Sector; WTI Reclaims $100 Ma - 富途牛牛",6.0
87,2026-04-28 23:00:00,99.62000274658205,99.69000244140624,99.3499984741211,99.41999816894533,1069.0,98.60800170898438,98.60800170898438,98.59300231933594,98.59300231933594,0,104.08000183105467,104.16000366210938,103.81999969482422,103.8499984741211,127.0,2026-04-28 23:00:00,"Wheat futures hit 2-year high as Iran war disrupts fertilizer supply - Crypto Briefing | Brent and WTI top $100 a barrel on UAE’s decision to exit OPEC, U.S.-Iran impasse - Investing.com Australia | International oil prices rose day after day as the end-of-war negotiations between the United States.. - 매일경제",3.0
88,2026-04-29 00:00:00,99.43000030517578,99.43000030517578,98.93000030517578,99.30999755859376,3740.0,98.59300231933594,98.61299896240234,98.56500244140624,98.5979995727539,0,103.91999816894533,104.01000213623048,103.63999938964844,103.88999938964844,666.0,2026-04-29 00:00:00,Middle East tensions push WTI crude price expectations to $160 by April 2026 - Crypto Briefing,1.0
89,2026-04-29 01:00:00,99.3000030517578,100.73999786376952,99.23999786376952,100.38999938964844,8072.0,98.5979995727539,98.6750030517578,98.59600067138672,98.63400268554688,0,103.87999725341795,105.1500015258789,103.83999633789062,104.83000183105467,2021.0,2026-04-29 01:00:00,"Crude oil price near three-week high as UAE leaves OPEC; Strait of Hormuz disruption, US-Iran tension persist - Mint | Gasoline and oil prices today 29. 4: Simultaneously decrease - Laodong.vn | Oil Prices Surge: Brent Crude Tops $105 in Stunning Energy Rally - Dailyhunt",3.0
90,2026-04-29 02:00:00,100.37999725341795,100.38999938964844,98.41999816894533,99.3000030517578,7364.0,98.63400268554688,98.66799926757812,98.59500122070312,98.66300201416016,0,104.80999755859376,104.80999755859376,103.2699966430664,104.12000274658205,829.0,2026-04-29 02:00:00,"Crude oil prices top $111/bbl as Strait of Hormuz risk looms amid UAE’s exit from OPEC+; gold trades flat - Upstox | US President Donald Trump asks aides to prepare for extended blockade of Iran — WSJ - FXStreet | WTI Crude Oil Rebound Approaches Crucial Zone, Breakout Or Pullback? - Action Forex",3.0
91,2026-04-29 03:00:00,99.33000183105467,99.47000122070312,98.79000091552734,99.33999633789062,2835.0,98.66300201416016,98.68199920654295,98.63800048828124,98.6719970703125,0,104.12000274658205,104.20999908447266,103.68000030517578,104.06999969482422,452.0,2026-04-29 03:00:00,"WTI Crude Oil Price Analysis for April 29, 2026 - FXDailyReport.Com | WTI Crude Oil Price Surges To Near $98.00 As Global Supply Risks Intensify - Bitcoin World | US Crude Oil Tops US$100 Again As Hormuz Closure Keeps Supply Fears Elevated - Bernama | Oil prices continue upward trend, gold holds steady - Gulf News",4.0
92,2026-04-29 04:00:00,99.3000030517578,99.62999725341795,99.20999908447266,99.54000091552734,1281.0,98.67400360107422,98.68399810791016,98.66100311279295,98.677001953125,0,104.0,104.38999938964844,103.98999786376952,104.38999938964844,238.0,2026-04-29 04:00:00,"Crude oil prices extend gains for 8th day, brent crude remains above $110/bbl. Where are prices headed? - Mint | Brent Nears $110 on Stalled Diplomacy, Tight Global Supply - Business Post Nigeria | Oil Prices Up - 28-04-26 - Armenpress | Crude Oil Price Today - April 29: Brent Crude Crosses $111 Per Barrel; Check Latest Rates of WTI, Murban - Oneindia | Global Crude Oil Prices Extend Rally; Brent At $111.97, WTI At $100.74 Amid US-Iran Blockade Fears - Free Press Journal | Technical Analysis Report on April 29: Spot Gold, WTI Crude Oil Futures - 富途牛牛",6.0
93,2026-04-29 05:00:00,99.58000183105467,99.86000061035156,99.55999755859376,99.83000183105467,1572.0,98.6760025024414,98.73300170898438,98.6750030517578,98.71900177001952,0,104.4000015258789,104.68000030517578,104.38999938964844,104.68000030517578,340.0,2026-04-29 05:00:00,"WTI hovers around $97.00 following reports of US to extend Iran blockade - FXStreet | Global crude oil prices extend rally amid US blockade fears on Iran - suryaa.com | WTI rises to near $95.50 as Strait of Hormuz remains shut - TMGM | Why are oil prices down now, and will Brent, US WTI crude futures continue to drop or rise again? Oil slip - The Economic Times | Brent oil prices rise, WTI prices fall on global markets - Apa.az | Global crude oil prices extend rally amid US blockade fears on Iran - MorungExpress | Oil up 3% as Hormuz Disruption Outweighs UAE OPEC Exit - Business Post Nigeria | WTI Hovers Around $97.00: US Iran Blockade Extension Sparks Supply Fears - Bitcoin World",8.0
94,2026-04-29 06:00:00,99.8499984741211,100.62999725341795,99.5999984741211,100.58999633789062,4824.0,98.71900177001952,98.75399780273438,98.6959991455078,98.72200012207033,0,104.63999938964844,105.51000213623048,104.45999908447266,105.37000274658205,1090.0,2026-04-29 06:00:00,WTI Crude Oil Price Surges to Near $98.00 as Global Supply Risks Intensify - CryptoRank,1.0
95,2026-04-29 07:00:00,100.5500030517578,101.93000030517578,100.33999633789062,101.6999969482422,9317.0,98.72200012207033,98.72699737548828,98.66100311279295,98.6780014038086,0,105.33999633789062,106.4800033569336,105.12999725341795,106.08000183105467,2082.0,2026-04-29 07:00:00,"US President Donald Trump asks aides to prepare for extended blockade of Iran — WSJ - TMGM | Crude oil prices surge up to 7%, extend gains to 8th day; US WTI tops $106 — what's behind this sharp rally? - MSN | Crude oil prices surge up to 7%, extend gains to 8th day; US WTI tops $106 — what's behind this sharp rally? - MSN | US Crude Oil Tops US$100 Again As Hormuz Closure Keeps Supply Fears Elevated - Bernama | US President Donald Trump asks aides to prepare for extended blockade of Iran — WSJ - TMGM | WTI Hovers Around $97.00: US Iran Blockade Extension Sparks Supply Fears - MEXC",6.0
96,2026-04-29 08:00:00,101.70999908447266,103.77999877929688,101.62000274658205,103.5999984741211,16360.0,98.6790008544922,98.75399780273438,98.60800170898438,98.7239990234375,0,106.08000183105467,107.95999908447266,106.02999877929688,107.54000091552734,3746.0,2026-04-29 08:00:00,WTI Price Forecast: Inches closer to $100 amid fears of US blockade extension on Iran - FXStreet,1.0
97,2026-04-29 09:00:00,103.61000061035156,103.70999908447266,102.8499984741211,103.55999755859376,8688.0,98.7249984741211,98.75800323486328,98.70600128173828,98.75299835205078,0,107.5999984741211,107.77999877929688,107.01000213623048,107.4800033569336,1684.0,2026-04-29 09:00:00,"Brent Tops $114 as Market Braces for Prolonged Disruption - Crude Oil Prices Today | OilPrice.com | Brent oil tops $118 after Trump says he will blockade Iran until it agrees to a nuclear deal - CNBC | Brent crude oil hits $115 amid Iran-Israel conflict, highest since 2022 - Crypto Briefing",3.0
98,2026-04-29 10:00:00,103.56999969482422,103.81999969482422,103.08999633789062,103.13999938964844,5661.0,98.7519989013672,98.76100158691406,98.67400360107422,98.6750030517578,0,107.54000091552734,107.63999938964844,107.12999725341795,107.18000030517578,1128.0,2026-04-29 10:00:00,no_news_available,0.0
99,2026-04-29 11:00:00,103.12999725341795,103.4499969482422,102.73999786376952,103.4000015258789,8528.0,98.6719970703125,98.72100067138672,98.66400146484376,98.71199798583984,0,107.16000366210938,107.63999938964844,107.0999984741211,107.63999938964844,1242.0,2026-04-29 11:00:00,UAE oil stocks plummet 66% to record lows amid US-Iran conflict - Crypto Briefing | Higher oil prices set to give feds a 'windfall' in next budget - CBC | WTI Crude Oil (USOIL) Holds Bullish Channel: $105 Breakout or Pullback to $97? - FXLeaders | PYTH WTI 20 AUGUST 2026 / US DOLLAR Trade Ideas — PYTH:WTIU6 - TradingView | WTI Price Forecast: Inches closer to $100 amid fears of US blockade extension on Iran - MEXC Exchange,5.0
100,2026-04-29 12:00:00,103.41999816894533,104.37000274658205,102.9800033569336,103.81999969482422,16256.0,98.71099853515624,98.77400207519533,98.66400146484376,98.7490005493164,0,107.66999816894533,108.6500015258789,107.2699966430664,108.29000091552734,3148.0,2026-04-29 12:00:00,"Trump plans extended Hormuz blockade, WTI crude oil hits $160 in April - Crypto Briefing | Current price of oil as of April 29, 2026 - Fortune",2.0
101,2026-04-29 13:00:00,103.83000183105467,105.25,103.0500030517578,104.95999908447266,34264.0,98.7490005493164,98.8949966430664,98.71600341796876,98.86199951171876,0,108.27999877929688,109.98999786376952,108.01000213623048,109.62999725341795,6078.0,2026-04-29 13:00:00,"Crypto Markets Rattle As Bitcoin Sinks Under $77K Following Oil Spike - TradingView | Commodity wrap: Brent crude hits 1-month high, gold slips on Iran war - TradingView | Crypto Markets Rattle As Bitcoin Sinks Under $77K Following Oil Spike - CryptoRank | Oil News: Crude Oil Futures Surge as Hormuz Risk Fuels Bullish Outlook - FXEmpire",4.0
102,2026-04-29 14:00:00,104.9800033569336,105.43000030517578,104.38999938964844,105.19000244140624,25111.0,98.86100006103516,98.89800262451172,98.73200225830078,98.75,0,109.63999938964844,109.91999816894533,109.06999969482422,109.66999816894533,4512.0,2026-04-29 14:00:00,"Crude Oil Future (Jun 2026) Trade Ideas — CAPITALCOM:CLM2026 - TradingView | EIA weekly crude oil inventories -6234K vs -231K expected - TradingView | Go oil-heavy as Strait of Hormuz disruption drives opportunity - MSN | Polymarket launches a new prediction for crude oil prices in May, differing from June, using the 1-minute closing price as the benchmark. - Bitget",4.0
103,2026-04-29 15:00:00,105.18000030517578,107.04000091552734,104.93000030517578,106.77999877929688,38266.0,98.75,98.86199951171876,98.73600006103516,98.80699920654295,0,109.63999938964844,111.26000213623048,109.36000061035156,111.06999969482422,9041.0,2026-04-29 15:00:00,WTI surges to $102 amid blockade fears and Oil-producing uncertainty - TMGM | WTI Price Forecast Nears $100 as Iran Blockade Fears Trigger Supply Panic - CryptoRank,2.0
104,2026-04-29 16:00:00,106.8000030517578,107.2699966430664,106.19000244140624,107.13999938964844,26234.0,98.80699920654295,98.88099670410156,98.77200317382812,98.8759994506836,0,111.0500030517578,111.26000213623048,110.20999908447266,110.9800033569336,6668.0,2026-04-29 16:00:00,"WTI crude oil hits $115 as strikes target Iran's Kharg Island - MSN | Crude oil prices surge over 7%, extend gains to 8th day; Brent tops $119 — What's behind this sharp rally? - Mint | Pakistan PM Oil Import Costs Up 167% Since Iran War Began - Crude Oil Prices Today | OilPrice.com",3.0
105,2026-04-29 17:00:00,107.13999938964844,107.68000030517578,106.2699966430664,106.5199966430664,30704.0,98.8769989013672,98.91300201416016,98.81800079345705,98.81800079345705,0,110.91000366210938,111.56999969482422,110.02999877929688,110.41999816894533,6906.0,2026-04-29 17:00:00,"Iowa Gas Prices Jump as Crude Oil Surges - westerniowatoday.com | US-Iran conflict disrupts Strait of Hormuz, crude oil prices soar 30% - Crypto Briefing",2.0
106,2026-04-29 18:00:00,106.56999969482422,107.4499969482422,106.47000122070312,106.8000030517578,26147.0,98.81900024414062,99.0500030517578,98.80699920654295,98.96099853515624,0,110.38999938964844,110.95999908447266,110.25,110.47000122070312,4878.0,2026-04-29 18:00:00,"PYTH WTI 20 AUGUST 2026 / US DOLLAR Trade Ideas — PYTH:WTIU6 - TradingView | DeFi raises $300M for Kelp’s rsETH holders after exploit, no ETH price impact - Crypto Briefing | Gas Price Highest Since Beginning of Iran Conflict - MyCentralOregon.com | WTI Surges 7% - TradingView | Natural Gas, WTI Oil, Brent Oil Forecasts – Oil Soars 7% As Trump Rejects Iran’s Proposal - FXEmpire | June WTI Crude Oil Contract Closes Up US$6.95: Settles at US$106.88 per Barrel - marketscreener.com | Oil prices today: Brent, WTI fall after Trump says talks underway with Iran - MSN",7.0
107,2026-04-29 19:00:00,106.81999969482422,108.48999786376952,106.69000244140624,107.77999877929688,11152.0,98.96099853515624,99.0009994506836,98.9000015258789,98.94000244140624,0,110.41999816894533,111.83000183105467,110.37999725341795,111.47000122070312,1351.0,2026-04-29 19:00:00,"U.S. crude oil exports surpassed 6 million barrels per day, setting a new historical record, while inventories declined more than expected, pushing WTI prices up nearly 7%. - Moomoo | WTI Crude Oil Drops Over 2% Intraday, Brent Crude Falls 1.68% - Bitget | Crude Prices Surge With No End in Sight to US-Iran War - TradingView",3.0
108,2026-04-29 20:00:00,107.7699966430664,108.5999984741211,107.52999877929688,108.48999786376952,5486.0,98.93900299072266,98.98200225830078,98.9280014038086,98.9489974975586,0,111.51000213623048,112.13999938964844,111.22000122070312,111.91000366210938,0.0,2026-04-29 20:00:00,"CME : WTI Crude Oil futures surge past $105 as UAE exits OPEC. - marketscreener.com | Gas prices are pushing higher, expert says more increases coming - Midland Daily News | Oil Prices Surge: Brent Crosses $120 Level - Caspian Post | Here's what's behind oil's 8-day climb back to Iran-war highs - Business Insider | International oil prices plunged in the short term, with WTI crude oil futures extending losses to 3%, quoting at $103.613 per barrel. - Bitget | Oil surges 7% as Trump vows Iran blockade, Strait risks rise - Invezz",6.0
109,2026-04-29 22:00:00,109.06999969482422,109.63999938964844,107.58000183105467,108.41000366210938,0.0,98.9530029296875,98.97699737548828,98.94000244140624,98.9749984741211,0,112.19000244140624,113.16999816894533,110.95999908447266,112.06999969482422,518.0,2026-04-29 22:00:00,"Oil Rallies Toward $120 As Middle East Supply Risks Spiral - Crude Oil Prices Today | OilPrice.com | Gas prices are pushing higher, expert says more increases coming - MSN",2.0
110,2026-04-29 23:00:00,108.4000015258789,108.5,107.83000183105467,107.95999908447266,1554.0,98.85099792480467,98.86100006103516,98.84600067138672,98.85800170898438,0,112.02999877929688,112.05999755859376,111.56999969482422,111.72000122070312,142.0,2026-04-29 23:00:00,"US President Donald Trump vows to maintain Iran blockade, rejects Iran Hormuz offer - FXStreet | Breaking: WTI rises to near $105.00 as Trump maintains Iran naval blockade - FXStreet",2.0
111,2026-04-30 00:00:00,107.98999786376952,108.0999984741211,106.4499969482422,107.41000366210938,7792.0,98.85800170898438,98.9010009765625,98.81099700927734,98.9000015258789,0,111.66999816894533,111.70999908447266,110.26000213623048,111.23999786376952,1590.0,2026-04-30 00:00:00,Concerns are growing that energy supply disruptions will be prolonged as the end-of-war negotiations.. - 매일경제 | Trump reviews US troop levels in Germany amid Iran standoff - Crypto Briefing | Brent oil pulls back after climbing to $126 per barrel on U.S.-Iran escalation fears - CNBC,3.0
112,2026-04-30 01:00:00,107.4000015258789,107.61000061035156,107.0999984741211,107.16999816894533,3420.0,98.9000015258789,98.94000244140624,98.87999725341795,98.91999816894533,0,111.29000091552734,111.41999816894533,110.6999969482422,110.7300033569336,755.0,2026-04-30 01:00:00,"Brent Crude Surges To $126 As US-Iran Standoff Tightens Oil Supply Fears - NDTV Profit | Iran tensions push oil prices above $120, potential for further increases - Crypto Briefing | Crude oil prices jump to $120/bbl after rising concerns over US blockade extension in Strait of Hormuz; Gold up 0.5% - Upstox",3.0
113,2026-04-30 02:00:00,107.19000244140624,109.25,107.18000030517578,108.4000015258789,8141.0,98.9209976196289,99.0189971923828,98.91000366210938,98.98500061035156,0,110.7699966430664,112.66000366210938,110.70999908447266,111.97000122070312,1649.0,2026-04-30 02:00:00,"Trump Enforces Iran Naval Blockade, WTI Crude Oil Prices Surge to $105 - Intellectia AI | WTI Crude Oil futures surge past $105 as UAE exits OPEC. - CME Group",2.0
114,2026-04-30 03:00:00,108.41999816894533,109.58000183105467,108.13999938964844,109.06999969482422,5358.0,98.98400115966795,99.0,98.9540023803711,98.99299621582033,0,112.06999969482422,113.22000122070312,111.7699966430664,112.87999725341795,1438.0,2026-04-30 03:00:00,Oil spikes to highest price since 2022 - malaysiasun.com | WTI advances above $105.50 as Iranian ports' blockade deepens - FXStreet,2.0
115,2026-04-30 04:00:00,109.11000061035156,110.93000030517578,109.06999969482422,109.86000061035156,8273.0,98.99199676513672,99.09300231933594,98.98799896240234,99.05799865722656,0,112.93000030517578,114.66000366210938,112.93000030517578,113.66999816894533,2863.0,2026-04-30 04:00:00,Oil up 3% as Hormuz Disruption Outweighs UAE OPEC Exit - Business Post Nigeria | Brent crude oil prices have exceeded $126 on global markets - Apa.az | Oil Price Forecast: Hormuz Crisis Keeps Brent and WTI in Breakout Mode - FXEmpire,3.0
116,2026-04-30 05:00:00,109.83999633789062,109.86000061035156,108.83999633789062,109.37000274658205,4526.0,99.05799865722656,99.0739974975586,99.01699829101562,99.0709991455078,0,113.61000061035156,113.80999755859376,113.04000091552734,113.52999877929688,740.0,2026-04-30 05:00:00,"Technical Analysis Report for April 30: Spot Gold, WTI Crude Oil Futures - 富途牛牛 | Oil ETFs steal spotlight as WTI tops $100 for first time in 3 years - MSN",2.0
117,2026-04-30 06:00:00,109.37000274658205,110.30999755859376,108.26000213623048,108.33999633789062,9400.0,99.0719985961914,99.08899688720705,98.97599792480467,98.98500061035156,0,113.52999877929688,114.22000122070312,112.33000183105467,112.4000015258789,2044.0,2026-04-30 06:00:00,"WTI Crude Oil Surges Past $105.50 as Iranian Port Blockade Deepens Global Supply Crisis - CryptoRank | Why are oil prices up sharply today, and will Brent and US WTI crude futures continue to rise or drop agai - The Economic Times | Crude oil prices surge on fears of prolonged Hormuz strait closure - nhk.or.jp",3.0
118,2026-04-30 07:00:00,108.3000030517578,108.62000274658205,107.63999938964844,108.26000213623048,8108.0,98.98500061035156,98.98600006103516,98.83999633789062,98.8759994506836,0,112.31999969482422,112.5500030517578,104.26000213623048,104.55999755859376,2790.0,2026-04-30 07:00:00,"Brent crude tops $108 as US-Iran tensions escalate - Crypto Briefing | EU proposes jet fuel security measures amid Iran conflict - Crypto Briefing | First LNG tanker clears Hormuz, easing crude supply fears - Crypto Briefing | Structural gas demand destruction threatens global LNG market - Crypto Briefing | Iran tensions and oil supply issues fail to boost WTI crude price outlook - Crypto Briefing | Crude oil prices rise amid stalled Iran talks, Strait of Hormuz tensions - Crypto Briefing | Trillion Energy warns oil price surge is structural, cites supply route risks - Crypto Briefing | US and Iran near deal to reopen Strait of Hormuz without restrictions - Crypto Briefing | Trump claims Iran in ""state of collapse"" amid ongoing blockades - Crypto Briefing | US business activity rises in April as Iran conflict boosts oil prices - Crypto Briefing | WTI Surges to $102: Devastating Blockade Fears and Oil-Producing Uncertainty Shake Markets - CryptoRank | Empty oil tankers divert to US amid Middle East supply disruptions - Crypto Briefing | Trump’s Iran standoff pressures Europe as crude oil market remains skeptical - Crypto Briefing | Strait of Hormuz remains closed as Trump weighs Iran’s offer - Crypto Briefing | Oil prices climb amid Middle East tensions, potential supply disruptions - Crypto Briefing | Iran and US blockades of Hormuz fail to spike oil price expectations - Crypto Briefing | Trump rejects Iran peace offer, oil prices remain high amid tensions - Crypto Briefing | Trump considers Iranian offer to reopen Strait of Hormuz, easing oil tensions - Crypto Briefing | Iran war termination announcement stabilizes crude oil prices, market reflects - Crypto Briefing | Russia resumes Urals crude shipments after drone strike disruptions - Crypto Briefing | Brent crude tops $106 amid US-Iran tensions in Strait of Hormuz - Crypto Briefing | Canadian dollar dips as Middle East tensions drive oil prices higher - Crypto Briefing | US Treasury yields, dollar rise as Strait of Hormuz tensions boost oil prices - Crypto Briefing | Oil prices jump $3 as US-Iran talks fail, Strait of Hormuz closure impacts supply - Crypto Briefing | Pierre Andurand’s oil fund plunges 52% amid market volatility - Crypto Briefing | Iran tensions revive oil supply concerns amid Strait of Hormuz closure - Crypto Briefing | JPMorgan Chase (JPM) offers WTI-linked buffered notes with 10% payout - Stock Titan | Strait of Hormuz closure raises concerns over global oil supply disruptions - Crypto Briefing | Iran achieves atomic power status amid US-Israeli tensions - Crypto Briefing | Iran war disrupts oil exports, US manufacturing costs surge - Crypto Briefing | Iran ceasefire eases oil supply fears, Strait of Hormuz reopens - Crypto Briefing | Iran tanker seizures, Trump order fail to impact oil markets - Crypto Briefing | US and Iran near deal to reopen Strait of Hormuz without restrictions - Crypto Briefing | Iran war termination announcement stabilizes crude oil prices, market reflects - Crypto Briefing | Trump considers Iranian offer to reopen Strait of Hormuz, easing oil tensions - Crypto Briefing | Russia resumes Urals crude shipments after drone strike disruptions - Crypto Briefing | Canadian dollar dips as Middle East tensions drive oil prices higher - Crypto Briefing | US Treasury yields, dollar rise as Strait of Hormuz tensions boost oil prices - Crypto Briefing | Pierre Andurand’s oil fund plunges 52% amid market volatility - Crypto Briefing | Iran tensions revive oil supply concerns amid Strait of Hormuz closure - Crypto Briefing | Trump rejects Iran peace offer, oil prices remain high amid tensions - Crypto Briefing | JPMorgan Chase (JPM) offers WTI-linked buffered notes with 10% payout - Stock Titan | Iran achieves atomic power status amid US-Israeli tensions - Crypto Briefing | Iran war disrupts oil exports, US manufacturing costs surge - Crypto Briefing | Iran tanker seizures, Trump order fail to impact oil markets - Crypto Briefing | WTI Surges to $102: Devastating Blockade Fears and Oil-Producing Uncertainty Shake Markets - CryptoRank | EU proposes jet fuel security measures amid Iran conflict - Crypto Briefing | CRUDP.PA Technical Analysis | Trend, Signals & Chart Patterns | WT WTI CRUDE OIL (EPA:CRUDP) - ChartMill | Strait of Hormuz closure raises concerns over global oil supply disruptions - Crypto Briefing | First LNG tanker clears Hormuz, easing crude supply fears - Crypto Briefing | Iran and US blockades of Hormuz fail to spike oil price expectations - Crypto Briefing | Empty oil tankers divert to US amid Middle East supply disruptions - Crypto Briefing | Iran tensions and oil supply issues fail to boost WTI crude price outlook - Crypto Briefing | CRUDP.PA Technical Analysis | Trend, Signals & Chart Patterns | WT WTI CRUDE OIL (EPA:CRUDP) - ChartMill | Trillion Energy warns oil price surge is structural, cites supply route risks - Crypto Briefing | Crude oil prices rise amid stalled Iran talks, Strait of Hormuz tensions - Crypto Briefing | US business activity rises in April as Iran conflict boosts oil prices - Crypto Briefing | Brent crude tops $108 as US-Iran tensions escalate - Crypto Briefing | Strait of Hormuz remains closed as Trump weighs Iran’s offer - Crypto Briefing | Trump claims Iran in ""state of collapse"" amid ongoing blockades - Crypto Briefing | Oil prices jump $3 as US-Iran talks fail, Strait of Hormuz closure impacts supply - Crypto Briefing | Brent crude tops $106 amid US-Iran tensions in Strait of Hormuz - Crypto Briefing | Oil prices climb amid Middle East tensions, potential supply disruptions - Crypto Briefing | Trump’s Iran standoff pressures Europe as crude oil market remains skeptical - Crypto Briefing | Iran ceasefire eases oil supply fears, Strait of Hormuz reopens - Crypto Briefing | Structural gas demand destruction threatens global LNG market - Crypto Briefing | Global Crude Oil Prices Surge to Multi-Year High Amid Rising Geopolitical Tensions - Punjab Newsline",67.0
119,2026-04-30 08:00:00,108.26000213623048,108.48999786376952,107.5,107.98999786376952,6615.0,98.875,98.8759994506836,98.7490005493164,98.8219985961914,0,104.3499984741211,104.62000274658205,104.0,104.5199966430664,1580.0,2026-04-30 08:00:00,WTI Price Forecast: Hormuz uncertainty widens scope for further upside towards $113 - FXStreet | 3 oil-linked stocks to buy amid Brent and WTI rally - MSN | Brent crude oil price exceeded $126 - logos-pres.md,3.0
120,2026-04-30 09:00:00,107.98999786376952,108.87000274658205,106.38999938964844,106.9000015258789,12565.0,98.8209991455078,98.84600067138672,98.6750030517578,98.69100189208984,0,104.5199966430664,104.95999908447266,102.81999969482422,103.31999969482422,3847.0,2026-04-30 09:00:00,Global oil price hits 4-year high on concern of US-Iran war escalation - Yahoo Finance | Natural Gas and Oil Forecast: Hormuz Crisis Sends Oil to $107 – Is $115 the Next Stop? - FXEmpire,2.0
121,2026-04-30 10:00:00,106.94000244140624,107.30999755859376,106.1999969482422,106.43000030517578,9629.0,98.69000244140624,98.72599792480467,98.3489990234375,98.35800170898438,0,103.33000183105467,103.86000061035156,102.86000061035156,103.2300033569336,2167.0,2026-04-30 10:00:00,"How the UAE Leaving OPEC Reshapes Oil Prices and US Energy Stocks - Gotrade | Oil Prices Set for Another Weekly Decline as Iran Risks Recede - EnergyNow.com | WTI Crude Oil Futures Rise 0.1% to $106.97 Pre-Bell; Brent Futures Fall 1.2% to $116.59 After Hitting 4-Yr High - marketscreener.com | Brent oil hits four-year high — Reuters - RBC-Ukraine | WTI Crude Oil Drops Over 2% Intraday, Brent Crude Falls 1.68% - Bitget | WEEKLY FUEL REPORT - KBOE Radio",6.0
122,2026-04-30 11:00:00,106.44000244140624,106.4499969482422,103.5,104.52999877929688,26992.0,98.35700225830078,98.45800018310548,98.2020034790039,98.35800170898438,0,103.23999786376952,103.25,100.5999984741211,102.18000030517578,3288.0,2026-04-30 11:00:00,"Gas prices: Oil briefly touches $126, its highest price in four years - ABC7 Los Angeles | Will brent crude oil price hit $150 as WTI crude surges? Is US-Iran tension or UAE’s OPEC exit driving the - The Economic Times | PYTH WTI 20 AUGUST 2026 / US DOLLAR Trade Ideas — PYTH:WTIU6 - TradingView | PYTH WTI 19 MAY 2026 / US DOLLAR Trade Ideas — PYTH:WTIM6 - TradingView",4.0
123,2026-04-30 12:00:00,104.52999877929688,105.83000183105467,104.47000122070312,105.29000091552734,18666.0,98.35800170898438,98.5260009765625,98.3560028076172,98.4739990234375,0,102.12999725341795,109.94000244140624,101.93000030517578,109.29000091552734,3835.0,2026-04-30 12:00:00,"Oil News: Crude Oil Futures Hit Inflection Point as Estimates Keep Rising - FXEmpire | International oil prices plunged in the short term, with WTI crude oil futures extending losses to 3%, quoting at $103.613 per barrel. - Bitget | Oil Prices Surge as Trump Signals Prolonged Iran Blockade: Energy Stocks and Dividends in Focus - Tokenist | Current price of oil as of April 30, 2026 - Fortune | Oil retreats after hitting four-year high on concern of US-Iran war escalation - Reuters",5.0
124,2026-04-30 13:00:00,105.3000030517578,105.9800033569336,103.8499984741211,105.4499969482422,24475.0,98.4739990234375,98.53299713134766,98.3730010986328,98.48400115966795,0,109.02999877929688,109.91000366210938,108.11000061035156,109.6999969482422,4666.0,2026-04-30 13:00:00,Crude Oil Price Analysis – Oil Drops from Overextended Levels - FXEmpire | Breakingviews - Why the oil surge threatens a US recession - Reuters,2.0
125,2026-04-30 14:00:00,105.4499969482422,106.45999908447266,104.69000244140624,105.98999786376952,25895.0,98.48400115966795,98.5009994506836,98.11599731445312,98.16400146484376,0,109.69000244140624,110.94000244140624,109.45999908447266,110.62000274658205,5284.0,2026-04-30 14:00:00,Trump considers plan to deepen the blockade on Iran with allies - report - TradingView | Japan bond yield highest since 1999 as crude oil surges - nhk.or.jp | US President Trump explores options to end Strait of Hormuz shutdown – AP - FXStreet | What to Expect From These 4 Energy Stocks This Earnings Season? - TradingView,4.0
126,2026-04-30 15:00:00,106.0,106.62000274658205,103.5500030517578,104.0999984741211,47691.0,98.16400146484376,98.21299743652344,98.11900329589844,98.16300201416016,0,110.63999938964844,111.11000061035156,109.1500015258789,109.5500030517578,7829.0,2026-04-30 15:00:00,Signs of Weaker Energy Demand Fuel Long Liquidation in Crude Prices - inkl,1.0
127,2026-04-30 16:00:00,104.0999984741211,105.16999816894533,104.0199966430664,104.7699966430664,16337.0,98.16500091552734,98.1989974975586,98.10800170898438,98.17400360107422,0,109.5999984741211,110.2699966430664,109.55999755859376,110.08000183105467,2213.0,2026-04-30 16:00:00,no_news_available,0.0
128,2026-04-30 17:00:00,104.7699966430664,104.86000061035156,103.33999633789062,103.66999816894533,23078.0,98.17400360107422,98.1999969482422,98.11100006103516,98.16100311279295,0,109.97000122070312,109.97000122070312,108.62000274658205,108.88999938964844,2599.0,2026-04-30 17:00:00,WTI Oil eases after three-day advance as Hormuz tensions keep supply risks in focus - TMGM,1.0
129,2026-04-30 18:00:00,103.66999816894533,105.5999984741211,103.43000030517578,105.38999938964844,29564.0,98.16000366210938,98.16100311279295,98.0260009765625,98.05599975585938,0,108.95999908447266,111.06999969482422,108.77999877929688,110.98999786376952,2989.0,2026-04-30 18:00:00,no_news_available,0.0
130,2026-04-30 19:00:00,105.41000366210938,105.44000244140624,104.6999969482422,105.22000122070312,7134.0,98.05599975585938,98.08999633789062,98.00900268554688,98.072998046875,0,110.95999908447266,110.9800033569336,110.4000015258789,110.9800033569336,1489.0,2026-04-30 19:00:00,Oil Futures Pull Back Amid U.S.-Iran Standstill - WSJ | Crude Oil Prices Retreat on Signs of Weaker Global Energy Demand - TradingView | Crude Oil Prices Retreat on Signs of Weaker Global Energy Demand - inkl | June WTI Crude Oil Contract Closes Down US$1.81; Settles at US$105.07 per Barrel - marketscreener.com,4.0
131,2026-04-30 20:00:00,105.20999908447266,106.1500015258789,105.0999984741211,105.41000366210938,7361.0,98.0749969482422,98.10800170898438,98.05500030517578,98.0979995727539,0,110.9800033569336,111.83999633789062,110.86000061035156,111.2300033569336,843.0,2026-04-30 20:00:00,no_news_available,0.0
132,2026-04-30 22:00:00,105.13999938964844,105.97000122070312,105.05999755859376,105.69000244140624,0.0,98.08000183105467,98.09100341796876,98.06999969482422,98.09100341796876,0,111.01000213623048,111.6500015258789,110.9499969482422,111.52999877929688,0.0,2026-04-30 22:00:00,"US warns of sanctions on Iranian airlines amid rising geopolitical tensions - Crypto Briefing | Geopolitical tensions, SPR releases fail to sway oil $90 prediction by June - Crypto Briefing | PBF Shifts WTI Crude to US East Coast via Jones Act Waiver - Discovery Alert | International oil prices extend losses, WTI crude futures fall over 3% - Bitget",4.0
133,2026-04-30 23:00:00,105.69000244140624,105.8499984741211,105.5,105.63999938964844,786.0,98.12799835205078,98.14800262451172,98.1269989013672,98.1439971923828,0,111.51000213623048,111.77999877929688,111.41999816894533,111.41999816894533,142.0,2026-04-30 23:00:00,"Crude oil prices plunge sharply, WTI crude drops from $108/barrel to $103/barrel within 4 hours - Bitget | WTI Oil Eases After Three-Day Rally as Hormuz Tensions Keep Supply Risks in Focus - CryptoRank",2.0
134,2026-05-01 00:00:00,105.63999938964844,106.04000091552734,105.37999725341795,105.62999725341795,2802.0,98.14299774169922,98.18399810791016,98.13500213623048,98.15599822998048,0,111.45999908447266,111.81999969482422,111.0999984741211,111.66000366210938,492.0,2026-05-01 00:00:00,"WTI Midland (Argus) Financial Futures (Sep 2027) Trade Ideas — NYMEX:AXBU2027 - TradingView | ECB holds rates amid Iran conflict, oil prices may hit $150 in May - Crypto Briefing",2.0
135,2026-05-01 01:00:00,105.62999725341795,106.01000213623048,105.13999938964844,105.31999969482422,2199.0,98.15599822998048,98.18299865722656,98.12200164794922,98.1439971923828,0,111.70999908447266,112.01000213623048,111.2699966430664,111.41000366210938,341.0,2026-05-01 01:00:00,WTI Crude Oil Surges Past $105.50 as Iranian Port Blockade Deepens Global Supply Crisis - CryptoRank | Iran threat boosts Brent crude futures to $111.4 amid geopolitical tensions - Crypto Briefing | Iran oil storage nears capacity as US blockade cuts exports - Crypto Briefing | WTI rises to near $102.50 amid rising supply concerns from Middle East - FXStreet,4.0
136,2026-05-01 02:00:00,105.3000030517578,106.37999725341795,105.08000183105467,105.5,3074.0,98.14299774169922,98.16899871826172,98.11599731445312,98.13300323486328,0,111.4000015258789,112.12999725341795,111.19000244140624,111.36000061035156,309.0,2026-05-01 02:00:00,"US stocks rise as S&P 500, NASDAQ see biggest monthly gains in years - Crypto Briefing | WTI rises to near $102.50 amid rising supply concerns from Middle East - TMGM | Oil prices fall after Iran sends updated peace proposal to mediators in Pakistan - CNBC | Oil Price Today (May 1): Crude oil holds above $110/barrel. What lies ahead? - The Economic Times",4.0
137,2026-05-01 03:00:00,105.45999908447266,105.73999786376952,105.37999725341795,105.45999908447266,1273.0,98.13200378417967,98.15399932861328,98.09600067138672,98.14900207519533,0,111.33000183105467,111.58000183105467,111.2699966430664,111.37000274658205,224.0,2026-05-01 03:00:00,US lends 92.5M barrels from reserve amid high crude oil price expectations - Crypto Briefing | Oil prices rise amid US-Iran tensions as War Powers deadline nears - Crypto Briefing,2.0
138,2026-05-01 04:00:00,105.5199966430664,105.5999984741211,104.9800033569336,104.98999786376952,1638.0,98.14800262451172,98.19499969482422,98.13500213623048,98.18699645996094,0,111.41999816894533,111.47000122070312,110.87999725341795,110.87999725341795,255.0,2026-05-01 04:00:00,"Middle East conflict disrupts Strait of Hormuz, oil prices surge 46% in March - Crypto Briefing | CFTC: As of the week ending April 28, WTI crude oil net long positions held by oil speculators decreased by 3,416 contracts to 108,498 contracts. - Bitget | Crude Oil Prices Surge On US-Iran War Stalemate; Brent Over $110 Per Barrel - Republic World",3.0
139,2026-05-01 05:00:00,105.0,105.33000183105467,104.98999786376952,105.12000274658205,1401.0,98.18699645996094,98.2300033569336,98.18499755859376,98.2239990234375,0,111.0,111.16000366210938,110.86000061035156,110.9800033569336,356.0,2026-05-01 05:00:00,"Technical Analysis Report for May 1: Spot Gold, WTI Crude Oil Futures - 富途牛牛 | Oil climbs as UAE’s OPEC exit seen offering little short-term relief - Invezz",2.0
140,2026-05-01 06:00:00,105.11000061035156,106.6500015258789,105.11000061035156,105.93000030517578,4455.0,98.2239990234375,98.23999786376952,97.9000015258789,98.0,0,111.02999877929688,112.43000030517578,111.02999877929688,111.86000061035156,886.0,2026-05-01 06:00:00,"WTI retreats below $102.50 on stronger US Dollar, Iran conflict risks curb further losses - Mitrade | WTI Oil Eases After Three-Day Rally as Hormuz Tensions Keep Supply Risks in Focus - MEXC",2.0
141,2026-05-01 07:00:00,105.94000244140624,106.13999938964844,104.12999725341795,105.5199966430664,8743.0,98.0009994506836,98.10800170898438,98.0009994506836,98.08100128173828,0,111.87000274658205,111.9800033569336,103.91000366210938,104.5199966430664,1780.0,2026-05-01 07:00:00,"Trump Dodges War Powers Deadline—Oil Enters 'Higher-For-Longer' Regime As Brent Croses $111 - Sahm | CRUD.L Technical Analysis | Trend, Signals & Chart Patterns | WT WTI CRUDE OIL (LON:CRUD) - ChartMill | CRUD.L Stock Price, Quote & Chart | WT WTI CRUDE OIL (LON:CRUD) - ChartMill | Oil (USCrude) Price Forecast for Today, Tomorrow, Next Week, and Next 30 Days - LiteFinance | Trump Dodges War Powers Deadline—Oil Enters 'Higher-For-Longer' Regime As Brent Croses $111 - Sahm | Crude Oil WTI Jun '26 Futures Price History - Barchart.com | CRUD.L Technical Analysis | Trend, Signals & Chart Patterns | WT WTI CRUDE OIL (LON:CRUD) - ChartMill | Israeli drone strike in Lebanon raises WTI oil price concerns for May 2026 - Crypto Briefing | Oil Price Forecast: WTI (CL=F) Tops $100, Brent (BZ=F) Hits $111 as UAE Quits OPEC - TradingNEWS | Crude Oil WTI Jun '26 Futures Price History - Barchart.com | CRUD.L Stock Price, Quote & Chart | WT WTI CRUDE OIL (LON:CRUD) - ChartMill | Israeli drone strike in Lebanon raises WTI oil price concerns for May 2026 - Crypto Briefing | Oil (USCrude) Price Forecast for Today, Tomorrow, Next Week, and Next 30 Days - LiteFinance | Crude Oil Blockade Impact: $110 Price Lifts Energy Sector Cash Flow Visibility - Investing.com | Oil Prices Jump Over 6% as US-Iran Talks Stall, Supply Fears Deepen | - Business Post Nigeria | Crude Oil Slips Below $115 After Hitting Four-Year High on US-Iran Fears - Business Post Nigeria | WTI Crude Oil Price Today — May 1, 2026: Trading Near $106 – Hormuz Supply Shock - FXLeaders",17.0
142,2026-05-01 08:00:00,105.5199966430664,105.73999786376952,104.68000030517578,105.52999877929688,6154.0,98.08200073242188,98.0999984741211,97.97200012207033,98.01599884033205,0,104.48999786376952,104.72000122070312,103.9499969482422,104.56999969482422,1094.0,2026-05-01 08:00:00,"UAE exits OPEC, crude oil prices expected to rise amid supply concerns - Crypto Briefing | Trump briefed on Iran military options, impacting Bitcoin, oil markets - Crypto Briefing",2.0
143,2026-05-01 09:00:00,105.54000091552734,106.16999816894533,105.22000122070312,105.41999816894533,4766.0,98.01499938964844,98.11199951171876,98.00499725341795,98.1060028076172,0,104.7300033569336,111.77999877929688,104.66000366210938,111.2699966430664,1174.0,2026-05-01 09:00:00,"White House considers extending Iran blockade, impacting WTI crude prices - Crypto Briefing | Buy This ETF if You Want to Benefit From High Oil Prices Without Wild Swings - 24/7 Wall St. | US-Venezuela oil talks may boost supply, pressure crude prices - Crypto Briefing",3.0
144,2026-05-01 10:00:00,105.44000244140624,105.72000122070312,104.95999908447266,105.01000213623048,3961.0,98.1050033569336,98.11000061035156,98.00499725341795,98.0199966430664,0,111.31999969482422,111.66000366210938,111.05999755859376,111.20999908447266,713.0,2026-05-01 10:00:00,"Russia halts Kazakh oil deliveries, escalating tensions with Ukraine - Crypto Briefing | Brent Shows No Signs of Retreat. Forecast as of 01.05.2026. - LiteFinance | US-Iran conflict fuels WTI crude oil price hike expectations for May 2026 - Crypto Briefing | WTI Price Forecast: Flattens above $102 but looks on track to revisit three-year high - FXStreet | PYTH WTI 19 MAY 2026 / US DOLLAR Trade Ideas — PYTH:WTIM6 - TradingView",5.0
145,2026-05-01 11:00:00,105.0,105.1999969482422,103.9499969482422,104.06999969482422,10499.0,98.0189971923828,98.02100372314452,97.91300201416016,97.96800231933594,0,111.20999908447266,111.37000274658205,110.72000122070312,110.86000061035156,1106.0,2026-05-01 11:00:00,"WTI Price Forecast: Flattens Above $102 but Looks on Track to Revisit Three-Year High Amid Supply Fears - Bitcoin World | Iran Tensions Send WTI Crude Surging Above $105 - Crude Oil Prices Today | OilPrice.com | Iran closes Strait of Hormuz, US maintains blockade amid oil price surge - Crypto Briefing",3.0
146,2026-05-01 12:00:00,104.0999984741211,104.41000366210938,102.20999908447266,103.76000213623048,21862.0,97.96700286865234,97.99299621582033,97.8209991455078,97.9229965209961,0,110.91000366210938,111.22000122070312,109.66000366210938,110.69000244140624,3426.0,2026-05-01 12:00:00,"Oil News: Crude Oil Outlook Hinges on Breakout Buying or Dip Support - FXEmpire | WTI Crude bounces up above $57.00 as geopolitical risks grow - FXStreet | WISDOMTREE MULTI ASSET ISSUER PUBLIC LIMITED COMPANY (a public company incorporated with limited liability in Ireland) WISDOMTREE WTI CRUDE OIL 3X DAILY SHORT SECURITIES ISIN: XS2819844387 - The Manila Times | Iran Tensions Send WTI Crude Surging Above $105 in 2026 - Discovery Alert | Current price of oil as of May 1, 2026 - Fortune",5.0
147,2026-05-01 13:00:00,103.77999877929688,103.87000274658205,100.41999816894533,100.8499984741211,30616.0,97.9219970703125,98.0199966430664,97.87200164794922,97.88600158691406,0,110.7300033569336,110.79000091552734,107.69000244140624,108.1500015258789,4393.0,2026-05-01 13:00:00,no_news_available,0.0
148,2026-05-01 14:00:00,100.80999755859376,101.73999786376952,99.3000030517578,101.61000061035156,34303.0,97.88600158691406,97.89099884033205,97.72000122070312,97.86299896240234,0,108.12000274658205,108.5999984741211,106.2699966430664,108.37999725341795,5879.0,2026-05-01 14:00:00,"Iran sends peace proposal to US, WTI crude futures fall - Crypto Briefing | Israeli airstrikes on Iran threaten oil supply, prices may hit $150 - Crypto Briefing | International oil prices extend losses, WTI crude futures fall over 3% - Bitget | WTI Price Forecast: Flattens Above $102 but Looks on Track to Revisit Three-Year High Amid Supply Fears - CryptoRank | Crude oil prices plunge sharply, WTI crude drops from $108/barrel to $103/barrel within 4 hours - Bitget",5.0
149,2026-05-01 15:00:00,101.58999633789062,102.4800033569336,100.76000213623048,101.05999755859376,23407.0,97.86299896240234,97.96900177001952,97.83999633789062,97.95099639892578,0,108.48999786376952,109.08999633789062,107.45999908447266,107.66999816894533,4088.0,2026-05-01 15:00:00,"WTI Crude Oil: Elliott Wave Analysis and Forecast for 01.05.26–08.05.26 - LiteFinance | Stocks Climb on Strong Earnings and Crude Oil Weakness - TradingView | Crude Prices Tumble on Hopes Negotiations to End Iran War Will Resume - TradingView | Exxon CEO warns Middle East supply constraints may boost WTI oil prices - Crypto Briefing | UAE exits OPEC, plans to boost oil output amid Iran conflict - Crypto Briefing | Iran proposes easing Hormuz blockade, oil prices fall - Crypto Briefing | PYTH WTI 19 MAY 2026 / US DOLLAR Trade Ideas — PYTH:WTIM6 - TradingView",7.0
150,2026-05-01 16:00:00,101.08999633789062,102.58999633789062,100.70999908447266,101.83000183105467,24183.0,97.9489974975586,98.08000183105467,97.9290008544922,98.08000183105467,0,107.66000366210938,108.66000366210938,107.12000274658205,108.27999877929688,3689.0,2026-05-01 16:00:00,"Crude oil prices fall slightly after news of Iran’s new proposal to US for peace talks - India.Com | The UAE’s OPEC Exit Changes the Oil Trade — Here’s the Stock to Buy Now - 24/7 Wall St. | Exxon CEO: Middle East oil production could resume quickly after Hormuz reopening - Crypto Briefing | WTI Crude falls as Iranian proposal raises hopes for renewed US-Iran negotiations - FXStreet | Oil Is Replacing Interest Rates as the Global Economy’s Dominant Force - 24/7 Wall St. | Iran war disrupts oil exports, US manufacturing costs surge - Crypto Briefing",6.0
151,2026-05-01 17:00:00,101.87999725341795,102.12999725341795,101.2300033569336,101.44000244140624,20183.0,98.08100128173828,98.14600372314452,98.06400299072266,98.11399841308594,0,108.29000091552734,108.33000183105467,107.36000061035156,107.62000274658205,1943.0,2026-05-01 17:00:00,"Oil Price Forecast: WTI (CL=F) Cracks $102 as Iran Routes Peace Proposal Through Pakistan - TradingNEWS | WTI Crude Falls Sharply As Iran Proposal Revives Hopes For US-Iran Talks - Bitcoin World | Crude Oil WTI Futures Analysis - Investing.com Canada | Iran conflict closes Strait of Hormuz, risks $160 WTI oil price in April 2026 - Crypto Briefing",4.0
152,2026-05-01 18:00:00,101.4499969482422,102.70999908447266,101.13999938964844,102.18000030517578,25373.0,98.11499786376952,98.22100067138672,98.10900115966795,98.15599822998048,0,107.56999969482422,108.72000122070312,107.45999908447266,108.56999969482422,2662.0,2026-05-01 18:00:00,"US imposes new Iran sanctions, warns against Hormuz toll payments - Crypto Briefing | US intensifies sanctions on Iran, impacting oil price expectations - Crypto Briefing | U.S. oil prices will exceed Iran wartime high to above $125 as conflict drags on, Kalshi traders say - CNBC | WTI Crude Tests $100 as Market Prices Partial Iran Deal Probability - Investing.com UK | June WTI Crude Oil Contract Closes Down US$3.13; Settles at US$101.94 per Barrel - marketscreener.com | Crude oil falls nearly 2 pc on hopes of easing West Asia tensions - Dailyhunt",6.0
153,2026-05-01 19:00:00,102.1999969482422,102.43000030517578,101.81999969482422,102.18000030517578,4631.0,98.15699768066406,98.2310028076172,98.1510009765625,98.22200012207033,0,108.45999908447266,108.6500015258789,108.19000244140624,108.56999969482422,1176.0,2026-05-01 19:00:00,"Crude Prices Fall on Hopes for US-Iran Negotiations - inkl | Crude Prices Fall on Hopes for US-Iran Negotiations - TradingView | Crude oil price retraces from a three-week high as UAE leaves OPEC; Strait of Hormuz disruption, US-Iran tension persist - MSN | Core Differences Between West Texas Intermediate (WTI) and Brent Crude and the Affect of the Iran War - EnergyNow.com | CFTC: As of the week ending April 28, WTI crude oil net long positions held by oil speculators decreased by 3,416 contracts to 108,498 contracts. - Bitget | CME : Strait of Hormuz deadlock keeps WTI Crude Oil futures on edge. - marketscreener.com",6.0
154,2026-05-01 20:00:00,102.19000244140624,102.75,102.02999877929688,102.5,4380.0,98.22200012207033,98.24400329589844,98.2020034790039,98.21099853515624,0,108.5999984741211,109.16000366210938,108.16999816894533,108.16999816894533,1044.0,2026-05-01 20:00:00,"WTI Crude Falls Sharply as Iran Proposal Revives Hopes for US-Iran Talks - MEXC | Crude Oil: WTI Slightly Dips as Market Hopes for Progress in US-Iran Talks - 富途牛牛 | Oil Prices Dip amid News of Iran’s Proposal to US - Sada Elbalad english | Why are oil prices down today while gas rates are witnessing a rise? Oil and natural gas markets move in o - The Economic Times | WTI crude futures drop $3.1 amid easing US-Iran tensions - Crypto Briefing | Venezuela crude exports rise, surpass 1M barrels a day in April - Crypto Briefing | Oil futures: Brent ends lower after paring gains on revised Iran deal - Quantum Commodity Intelligence | US sanctions Iranian exchanges, Chinese terminal amid Hormuz crisis - Crypto Briefing | UAE exits OPEC amid Iran conflict, Strait of Hormuz closure impacts oil prices - Crypto Briefing | Crude Oil WTI Futures Analysis - Investing.com Australia",10.0
155,2026-05-03 22:00:00,100.19000244140624,101.58000183105467,100.02999877929688,101.05999755859376,5552.0,98.052001953125,98.15799713134766,98.04199981689452,98.1050033569336,0,106.62000274658205,107.77999877929688,106.47000122070312,107.45999908447266,617.0,2026-05-03 22:00:00,"Trump rejects Iran peace offer, hints at possible airstrikes amid tensions - Crypto Briefing | In early Asia-Pacific trading on Monday, Brent crude oil futures fell by 2.4%, WTI crude oil futures dropped by 1.6%, and the United States plans to guide ships through the Strait of Hormuz. - Bitget | US plans to guide ships through Hormuz, Brent oil drops 2.4% - Crypto Briefing",3.0
156,2026-05-03 23:00:00,101.04000091552734,101.7699966430664,101.0,101.7300033569336,2177.0,98.1050033569336,98.16500091552734,98.1050033569336,98.16200256347656,0,107.4499969482422,108.20999908447266,107.37000274658205,108.1999969482422,388.0,2026-05-03 23:00:00,WTI likely to face pullback after recent rebound - The Business Times | Quantifying the impact of the Iran war on US inflation - CEPR | WTI Crude Prices Rebound Amid Failed Islamabad Diplomatic Talks - world.infonasional.com,3.0
157,2026-05-04 00:00:00,101.7300033569336,102.33000183105467,101.05999755859376,101.16000366210938,4519.0,98.16300201416016,98.2020034790039,98.13700103759766,98.1510009765625,0,108.25,108.79000091552734,107.5,107.54000091552734,711.0,2026-05-04 00:00:00,"Crude Oil Weekly Outlook: WTI Holds $100 on Persistent Hormuz Risks - City Index UK | A certain newly created address has deposited $1 million into Hyperliquid to 10x long WTI crude oil - Bitget | Oil price today: Why are Brent crude futures, U.S. West Texas Intermediate down? - The Economic Times | Oil prices rise as Trump plans to 'free' ships stranded due to Mideast conflict - CNBC | OPEC+ raises June output amid Strait of Hormuz closure, oil prices stay high - Crypto Briefing",5.0
158,2026-05-04 01:00:00,101.1500015258789,101.98999786376952,101.1500015258789,101.62999725341795,2415.0,98.1510009765625,98.21499633789062,98.12999725341795,98.177001953125,0,107.55999755859376,108.2699966430664,107.5199966430664,108.0199966430664,233.0,2026-05-04 01:00:00,"Oil News: OPEC Production Hike Won’t Move Market Until Strait Opens - FXEmpire | WTI recovers above mid-$98.00s after gap lower as Hormuz risks offset OPEC+ output hike - FXStreet | Iran closes Strait of Hormuz, oil supply disruption impacts Asia - Crypto Briefing | Oil markets show erratic volatility: WTI slides to $101 as Murban crashes 4% — but some crudes are surging double digits - Gulf News",4.0
159,2026-05-04 02:00:00,101.62000274658205,102.0999984741211,101.38999938964844,101.81999969482422,1583.0,98.177001953125,98.20999908447266,98.16000366210938,98.16899871826172,0,108.0,108.5500030517578,107.8499984741211,108.27999877929688,264.0,2026-05-04 02:00:00,"US to guide ships through Strait of Hormuz amid Iran tensions - Crypto Briefing | Tanker attack in Strait of Hormuz raises WTI crude oil price concerns - Crypto Briefing | Crude Oil Price Today: Brent Holds Above $108, WTI Near $102 - Check Petrol Price Today - Oneindia | Iran imposes selective Hormuz blockade amid US tensions - Crypto Briefing | Crude oil price forecast as Trump launches Project Freedom - Invezz",5.0
160,2026-05-04 03:00:00,101.83000183105467,102.1999969482422,101.76000213623048,101.88999938964844,1580.0,98.16999816894533,98.1999969482422,97.97000122070312,98.01000213623048,0,108.30999755859376,108.81999969482422,108.29000091552734,108.41999816894533,588.0,2026-05-04 03:00:00,Core Differences Between West Texas Intermediate (WTI) and Brent Crude and the Affect of the Iran War - EnergyNow | WTI Crude Oil Price Recovers Above $98 As Hormuz Risks Offset OPEC+ Output Hike Surge - Bitcoin World | Crude oil futures rise despite Trump’s decision to free Hormuz vessels - BusinessLine,3.0
161,2026-05-04 04:00:00,101.88999938964844,101.93000030517578,101.12000274658205,101.68000030517578,1637.0,98.02100372314452,98.13800048828124,98.01000213623048,98.1269989013672,0,108.44000244140624,108.44000244140624,107.81999969482422,108.1500015258789,329.0,2026-05-04 04:00:00,"USD/JPY Falls Quickly on Rumored Intervention as WTI Rises Again - Action Forex | WTI Crude Oil Price Analysis for May 4, 2026 - FXDailyReport.Com | Crude Oil Slips Nearly 3%; Brent At $107.51, WTI At $99.11 On Trump’s Hormuz Relief Signal - Free Press Journal",3.0
162,2026-05-04 05:00:00,101.68000030517578,101.76000213623048,100.12000274658205,100.9499969482422,4339.0,98.1259994506836,98.15499877929688,98.0979995727539,98.11599731445312,0,108.1500015258789,108.19000244140624,106.5500030517578,107.23999786376952,1124.0,2026-05-04 05:00:00,"Technical Analysis Report for May 4: Spot Gold, WTI Crude Oil Futures - 富途牛牛 | Good News: Oil Prices Drop Sharply After Trump Announcement - Bloom Pakistan | WTI Stays Above $98 as Tensions Offset OPEC Move Supply - TradingPedia",3.0
163,2026-05-04 06:00:00,100.97000122070312,102.77999877929688,100.83000183105467,102.41999816894533,5685.0,98.11599731445312,98.2030029296875,98.0770034790039,98.16000366210938,0,107.31999969482422,108.94000244140624,107.25,108.72000122070312,732.0,2026-05-04 06:00:00,"Oil Prices Drop Following Trump's Remarks on Hormuz - finway.com.ua | Iranian military warns the US Navy not to approach or enter the Strait of Hormuz - FXStreet | Iranian military warns the US Navy not to approach or enter the Strait of Hormuz - TMGM | Crude Oil Prices Dip Below $100 after the OPEC Hike, Hawkish FED, Middle East Comments - FXLeaders | Gulf proposals stabilize oil prices, WTI Crude unlikely to hit $150 by May 2026 - Crypto Briefing | Brent oil price drops to $108.5 per barrel - Report.az | Iran tensions rise as Strait of Hormuz blockade impacts global oil supply - Crypto Briefing",7.0
164,2026-05-04 07:00:00,102.41000366210938,103.4499969482422,102.37999725341795,103.4499969482422,6263.0,98.16000366210938,98.26699829101562,98.16000366210938,98.24400329589844,0,108.63999938964844,110.08999633789062,108.63999938964844,110.08999633789062,1273.0,2026-05-04 07:00:00,"Oil prices rising: Iran and Hormuz push up Brent, WTI and fuels - The Cryptonomist | Gold Builds Momentum While WTI Crude Oil Faces Renewed Selling Pressure - Action Forex | WTI Crude Tops $104 as Middle East Tensions Sustain Oil Rally - bloomingbit | Iran maintains operational constraints on Strait of Hormuz amid tensions - Crypto Briefing | Middle East tensions may trigger oil market shock, says Bank of France head - Crypto Briefing | Oil futures: Crude edges up as Strait of Hormuz standoff continues - Quantum Commodity Intelligence | WTI and Brent crude oil prices trended higher with volatility, as WTI crude oil surged over 2%. - 富途牛牛 | WTI Oil rises towards $100 after Trump vows to free Hormuz ships - FXStreet",8.0
165,2026-05-04 08:00:00,103.44000244140624,104.54000091552734,103.12000274658205,103.26000213623048,7840.0,98.24299621582033,98.29199981689452,98.21600341796876,98.24600219726562,0,110.0999984741211,110.87000274658205,109.4800033569336,109.5999984741211,2410.0,2026-05-04 08:00:00,"Market Overview: Gold Strengthens as WTI Crude Remains Under Pressure - FinanceFeeds | Crude Oil Weekly Outlook: WTI Holds $100 on Persistent Hormuz Risks - FOREX.com | Iran’s Hormuz closure disrupts global supply chains, SKW boosts fertilizer output - Crypto Briefing",3.0
166,2026-05-04 09:00:00,103.29000091552734,103.33999633789062,102.61000061035156,103.05999755859376,4093.0,98.24600219726562,98.2689971923828,98.20899963378906,98.26200103759766,0,109.63999938964844,109.9000015258789,109.1500015258789,109.81999969482422,626.0,2026-05-04 09:00:00,"Iran conflict drives oil prices to four-year highs, pressures Trump’s approval - Crypto Briefing | Oil Surges 4% as U.S. Launches ""Project Freedom"" Amid Strait of Hormuz Escalation - Trade Brains | Fresh from the Trading Room: Certainly uncertain - CME Group",3.0
167,2026-05-04 10:00:00,103.05999755859376,107.45999908447266,102.9800033569336,105.66999816894533,32005.0,98.26300048828124,98.4810028076172,98.26300048828124,98.35399627685548,0,109.87999725341795,114.3000030517578,109.7699966430664,112.30999755859376,9575.0,2026-05-04 10:00:00,"The US Dollar Index Futures Decline, WTI Crude Oil Surges 5.54% Intraday, Brent Oil Rises by 3.75% - Bitget | Oil futures: Crude spikes as Iran says it hit US warship near Hormuz - Quantum Commodity Intelligence | Iran conflict disrupts oil supply, Endeavour warns of higher costs - Crypto Briefing | Crude Oil prices surge as Iran reportedly hits US warship - FXStreet | WTI Crude Oil Futures Rise 1.9% to $103.91 Early Monday; Brent Futures Climb 2.2% to $110.55 as Iran Ceasefire at Risk - marketscreener.com | Natural Gas and Oil Forecast: UAE OPEC Exit Ignites Crude Volatility – Will $116 Break? - FXEmpire | Oil Holds Above $102 As Hormuz Risk Deepens - VT Markets",7.0
168,2026-05-04 11:00:00,105.66999816894533,106.0500030517578,103.88999938964844,104.12999725341795,13162.0,98.35399627685548,98.43499755859376,98.3280029296875,98.43299865722656,0,112.16000366210938,112.72000122070312,111.01000213623048,111.30999755859376,1920.0,2026-05-04 11:00:00,"Crude Oil WTI Futures Live Chart - Investing.com India | Oil Extends Gains on Protracted Hormuz Closure, Rising Tensions - WSJ | Why are oil and gas prices up today, and will Brent, US WTI crude futures and Dutch natural gas rates cont - The Economic Times | Missile strike near Jask Island raises oil price concerns, impacts S&P 500 - Crypto Briefing | Oil futures: Crude higher amid heightened tensions in Strait of Hormuz - Quantum Commodity Intelligence | Crude oil futures rise amid US-Iran tensions and supply concerns - Telangana Today | Machine gun fire reported near Strait of Hormuz amid US-Iran tensions - Crypto Briefing",7.0
169,2026-05-04 12:00:00,104.13999938964844,104.19000244140624,102.12000274658205,102.83000183105467,18042.0,98.43299865722656,98.43800354003906,98.29900360107422,98.32599639892578,0,111.37000274658205,111.37000274658205,109.83000183105467,110.48999786376952,3763.0,2026-05-04 12:00:00,Russian attacks on Ukrainian ports threaten European energy supplies - Crypto Briefing | Crude Oil WTI Futures Chart - Investing.com | Oil News: Project Freedom Raises Stakes as Crude Oil Futures Stay Elevated - FXEmpire,3.0
170,2026-05-04 13:00:00,102.81999969482422,104.18000030517578,101.83000183105467,102.02999877929688,14297.0,98.32599639892578,98.3730010986328,98.28700256347656,98.31700134277344,0,110.55999755859376,111.98999786376952,109.7300033569336,110.04000091552734,4900.0,2026-05-04 13:00:00,German minister urges Iran to negotiate amid US-Iran tension de-escalation - Crypto Briefing | S&P 500 Faces Oil-Fueled Sell-off Pressure in Possible Return to Merger Monday Deal - 24/7 Wall St. | Oil Prices Climb 1% After Iran Says US Navy Ship Struck; OPEC+ Plans 188k Output Hike - FXDailyReport.Com,3.0
