date_utc,title,review_text,source,subreddit,author,score,num_comments,domain,url
2026-05-17 21:06:14,"As Finland’s economy hit by war on Iran, President Stubb pledges support to US military","The US-Israeli war of aggression against Iran launched on 28 February is deepening. The terror bombing and naval blockade of Iran, and the closure of the Strait of Hormuz have driven up oil prices globally, contributing to inflation, high unemployment and economic stagnation.

The right-wing Finnish government led by Prime Minister Petteri Orpo and President Alexander Stubb—members of the right-wing National Coalition Party (NCP)—has pursued a strategy of subservience to US militarism and support for war crimes, paid for by extensive cuts to social services and living standards at home.",reddit,InternationalNews,DryDeer775,1,1,reddit.com,https://www.reddit.com/r/InternationalNews/comments/1tg1ujm/as_finlands_economy_hit_by_war_on_iran_president/
2026-05-17 21:05:49,Oil filter,Hey everyone hope everyone is having a blessed weekend. Quick question what oil filter do you guys use? I’m in the u.s(if that helps) and where do you guys get it? Also when do you guys change it previous owner told me to change it every 1k to 1.5k what you guys think?,reddit,DRZ400,Mission_Creme_9210,1,0,reddit.com,https://www.reddit.com/r/DRZ400/comments/1tg1u5p/oil_filter/
2026-05-17 21:05:10,"As Finland’s economy hit by war on Iran, President Stubb pledges support to US military","The US-Israeli war of aggression against Iran launched on 28 February is deepening. The terror bombing and naval blockade of Iran, and the closure of the Strait of Hormuz have driven up oil prices globally, contributing to inflation, high unemployment and economic stagnation.

The right-wing Finnish government led by Prime Minister Petteri Orpo and President Alexander Stubb—members of the right-wing National Coalition Party (NCP)—has pursued a strategy of subservience to US militarism and support for war crimes, paid for by extensive cuts to social services and living standards at home.",reddit,IranWarReport,DryDeer775,1,0,reddit.com,https://www.reddit.com/r/IranWarReport/comments/1tg1tjx/as_finlands_economy_hit_by_war_on_iran_president/
2026-05-17 21:04:37,Onefinity CNC Elite Gen 2 Maintenance Guide,"# Onefinity CNC Elite Gen 2 Maintenance Guide

Keeping your Onefinity CNC Elite Gen 2 clean, lubricated, and properly checked is one of the easiest ways to protect your machine, improve performance, and extend the life of your components.



# Watch Here ⬇️

[https://youtu.be/CohIyflX42g](https://youtu.be/CohIyflX42g)



The Elite Gen 2 was designed with upgraded dust protection, including integrated ball screw covers, but regular maintenance is still important. Dust, debris, old oil, and vibration can build up over time, especially in busy shops running daily production.

We recommend performing this maintenance **every 50 hours of machine use**, or sooner if your machine is not performing as expected.



# Recommended Maintenance Interval

For best results, inspect and maintain your Elite Gen 2 at the following intervals:

* **Every 50 hours of use**
* **Sooner if the machine sounds unusual**
* **Sooner if motion feels rough, sticky, or inconsistent**
* **Sooner if cut quality changes unexpectedly**
* **Sooner if your machine is operating in a very dusty environment**
* **Sooner if your machine is not performing as expected**

A few minutes of preventive maintenance can help keep your machine running smoothly and avoid unnecessary downtime.



# Tools Needed:

[Compressed Air](https://amzn.to/3RMkP5t)

[Microfiber Cloth](https://amzn.to/3R5P9YN)

[3 in 1 oil](https://amzn.to/4dfK9JA)

[85W-140 Gear Oil](https://amzn.to/4nBdOAy)

[Metric Hex Key Set](https://amzn.to/4dOIbQz)



# Step 1: Blow Off Dust and Debris

Start by using compressed air to blow loose dust and debris away from the machine.

Focus on:

* HMI screen and surrounding area
* Rails
* Ball screw cover areas
* Table surface
* Around the gantries
* Around the Z slider
* Any areas where dust tends to collect

The goal is to remove loose debris before wiping or oiling anything. This helps prevent dust from being dragged across the rails or ball screws during cleaning.



# Step 2: Wipe Down the Ball Screws and Rails

Next, use a clean rag to wipe down the ball screws and rails.

Thanks to the Elite Gen 2’s integrated dust covers, you may notice there is not much debris on the ball screws or the back sides of the rails. That is normal and means the covers are doing their job. Even so, you still want to remove any old oil, fine dust, or loose debris that may have built up.

Wipe everything down carefully before moving on to lubrication.



# Step 3: Blow Out the Ball Nut Area

After wiping the rails and ball screws, use compressed air again to blow out the area around the ball nut.

Blow from both sides when possible and pay close attention to:

* The ball nut housing
* The ball nut seal area
* The sealed bearing areas along the tubes
* Any pocket where dust may settle

This step helps clear out loose debris before fresh oil is applied.



# Step 4: Oil the Ball Screws

Once the machine is clean, apply a small amount of [**3-in-1 oil**](https://amzn.to/4dfK9JA) directly to the ball screws.

The Elite Gen 2 does not have oil ports on the gantries for the ball screws, so the oil should be applied directly onto the ball screw itself. After applying the oil, jog the machine back and forth to work the oil into the ball bearings inside the ball nut.

After jogging the axis, wipe away any excess oil with a clean rag. Too much oil can attract dust and debris, so only a light amount is needed.



# Step 5: Oil the Linear Bearings

Next, lubricate the linear bearings.

Place a rag underneath the gantry to catch any excess oil. Then remove the magnetic bearing covers to access the small oil holes in the bearing seals.

Apply a small amount of the included oil into the access holes.

For the linear bearings:

* Lubricate both the top and bottom bearings
* Use the top holes so the oil can flow downward into the bearing
* Apply only a small amount of oil
* Replace the magnetic covers after oiling
* Wipe away any excess oil

Repeat this process on the X rail and both Y rails.

If you run out of the included oil, you can use [**85W140 gear oil**](https://amzn.to/4uhAvMD), which is commonly available at most auto parts stores.



# Step 6: Check the Z Slider Bolts

With the rails and bearings maintained, move on to the Z slider.

The Z slider bolts are among the more likely fasteners to loosen over time due to vibration, so they should be checked during regular maintenance.

Use a **4 mm hex key** to make sure the Z slider bolts are snug. They do not need to be overtightened, but they should be secure.



# Step 7: Oil the Z Slider Bearings and Ball Nut

While working on the Z slider, lubricate the Z slider bearings and Z ball nut.

Use the included oil on the Z slider bearings and [**3-in-1 oil**](https://amzn.to/4dfK9JA) on the Z ball nut. Apply a small amount of oil to the top of the bearings and ball nut, then jog the Z axis up and down to work the oil into the moving components.

After jogging the Z axis, wipe away any extra oil with a clean rag.



# Step 8: Check the White Rail-End Bushings

The last item to check is the white bushings located at the ends of the rails.

Inspect each bushing to make sure it is secure. If one is loose, hold it in place with one hand and use a **2 mm hex key** to tighten it down.

This is a simple check, but it helps prevent unnecessary movement or vibration at the end of the ball screw assembly.



# Final Maintenance Checklist

Perform the following every **50 hours of machine use**, or sooner if your machine is not performing as expected:

* Blow off dust from the HMI, rails, table, and gantry areas
* Wipe down the ball screws and rails with a clean rag
* Blow out the ball nut and bearing areas with compressed air
* Apply 3-in-1 oil directly to the ball screws
* Jog the machine to work oil into the ball nuts
* Wipe away excess oil
* Remove magnetic bearing covers
* Oil the linear bearings through the access holes
* Replace magnetic bearing covers
* Check and snug the Z slider bolts with a 4 mm hex key
* Oil the Z slider bearings and Z ball nut
* Check the white rail-end bushings
* Tighten loose bushings with a 2 mm hex key



# Keep Your Elite Gen 2 Running Smoothly

The Onefinity CNC Elite Gen 2 is built for power, rigidity, and long-term reliability. Regular maintenance helps keep it that way.

By cleaning dust buildup, keeping the ball screws and bearings lubricated, and checking key fasteners, you can help ensure smooth motion, better cut quality, and dependable performance in your shop.

A little routine maintenance every 50 hours can go a long way toward keeping your Onefinity CNC ready for the next project.",reddit,OnefinityCNC,benjmyers1,1,0,reddit.com,https://www.reddit.com/r/OnefinityCNC/comments/1tg1t1z/onefinity_cnc_elite_gen_2_maintenance_guide/
2026-05-17 21:04:30,Can i survive china as a very picky eater?,Im planning so go to china with friends and i want to enjoy myself but its gonna be hard to do that if i cant eat properly. Im a very picky eater im muslim so i only eat halal food and i hate HATE sea food and coffee and burgers and fries and anything oiled and unfresh drinks,reddit,chinesefood,Fun-Needleworker6975,1,0,reddit.com,https://www.reddit.com/r/chinesefood/comments/1tg1sxq/can_i_survive_china_as_a_very_picky_eater/
2026-05-17 21:04:26,The ONLY Correct Way To Tighten An Oil Filter,AAAAAAAAAAAAAAAAAAAA,reddit,AAAAAAAAAAAAAAAAA,jbar8742,1,0,reddit.com,https://www.reddit.com/r/AAAAAAAAAAAAAAAAA/comments/1tg1svk/the_only_correct_way_to_tighten_an_oil_filter/
2026-05-17 21:03:51,Spanish Arroz con Pollo 🍗🍚,"Hola Scrum chums! This fragrant Spanish chicken and rice carries me back to a sun-drenched road trip along the Mediterranean coast of Spain, where we joined a lively family gathering and savored steaming plates of saffron-infused arroz con pollo that embodied pure comfort and togetherness.  

Prep Time: 15 minutes  

Cook Time: 40 minutes  

Serves: 6  

Ingredients:  

\- 2 lbs bone-in chicken thighs or drumsticks  

\- 2 cups long-grain rice  

\- 1 large onion, diced  

\- 1 red bell pepper, diced  

\- 4 garlic cloves, minced  

\- 1 (14 oz) can diced tomatoes or tomato sauce  

\- 4 cups chicken broth  

\- 1 tsp saffron threads (or ½ tsp turmeric + extra paprika)  

\- 1 tsp smoked paprika  

\- 1 tsp cumin  

\- 1 cup frozen peas  

\- 1 bay leaf  

\- Salt and black pepper to taste  

\- Olive oil for cooking  

\- Fresh parsley and green olives for garnish (optional)  

Steps:  

1. Season chicken with salt, pepper, and smoked paprika. Brown in olive oil in a large pot or paella pan over medium-high heat; remove and set aside.  

2. In the same pot, sauté onion, bell pepper, and garlic until softened.  

3. Add rice and stir to coat with the oil and vegetables for 1–2 minutes.  

4. Stir in diced tomatoes, chicken broth, saffron, cumin, bay leaf, and additional seasoning. Bring to a boil.  

5. Return chicken to the pot, cover, reduce heat, and simmer 20–25 minutes until rice is tender and chicken is cooked through.  

6. Stir in frozen peas, cover, and cook 5 minutes more.  

7. Fluff rice, remove bay leaf, and garnish with parsley and olives if desired.  

Scrumtrulescent tip: Just like that memorable Spanish family meal by the sea, splurge on a pinch of real saffron when possible — its golden hue and delicate floral aroma transform this comforting dish into something truly special!  

This Spanish classic is perfect for gathering around the table. Which global comfort recipe reminds you of family gatherings? Tag a friend who loves Spanish flavors and share your version! Follow for more and always Eat Scrum! 😉  

\#scrumtrulescent #arrozconpollo #cooking #chickenrecipe #chickenandrice",reddit,u_ikaripress,ikaripress,1,0,reddit.com,https://www.reddit.com/r/u_ikaripress/comments/1tg1sc2/spanish_arroz_con_pollo/
2026-05-17 21:03:48,Exclusive: Hackers have breached tank readers at US gas stations; officials suspect Iran is responsible | CNN Politics,"US officials suspect Iranian hackers are behind a series of breaches of systems that monitor the amount of fuel in storage tanks serving gas stations in multiple states, according to multiple sources briefed on the activity.

The hackers responsible have exploited automatic tank gauge (ATG) systems that were sitting online and unprotected by passwords, allowing them in some cases to tinker with display readings on the tanks but not the actual levels of fuel in them, the sources said.

The cyber intrusions are not known to have caused physical damage or harm, but the breaches have raised safety concerns because gaining access to an ATG could, in theory, allow a hacker to make a gas leak go undetected, according to private experts and US officials.

The sources briefed on the investigation said Iran’s history of targeting the gas tank systems is one reason the country is a top suspect. But, the sources cautioned, the US government may not be able to definitively determine who was responsible because of a lack of forensic evidence left by the hackers.

CNN has requested comment on the ATG hack from the US Cybersecurity and Infrastructure Security Agency. The FBI declined to comment.

If Iran’s involvement is confirmed, it would be the latest case of Tehran threatening critical infrastructure in the US homeland, which remains out of reach of Iranian drones and missiles, amid the US and Israeli war with Iran.

It could also raise a politically sensitive issue for the Trump administration by drawing further attention to higher gas prices caused by the war. Seventy-five percent of US adults surveyed in a recent CNN poll said the Iran war had a negative effect on their finances.

The hacking campaign is also a warning to many US critical infrastructure operators who have struggled to secure their systems despite years of federal exhortations.

Iranian hacking groups have long looked for low-hanging fruit — critical US computer systems sitting online that interact with oil and gas sites and water systems, for example. After Hamas attacked Israel on October 7, 2023, US officials blamed hackers affiliated with Iran’s Islamic Revolutionary Guard Corps for a series of attacks on US water utilities that displayed an anti-Israel message on equipment used to manage water pressure.

Cybersecurity researchers have been warning about internet-facing ATGs for over a decade. In 2015, security firm Trend Micro put mock ATG systems online to see what kind of hackers would target them. A pro-Iran group was quick to surface.

A 2021 report from Sky News cited internal documents from the Islamic Revolutionary Guard Corps that singled out ATGs as a potential target for a disruptive cyberattack on gas stations.

US intelligence agencies have long considered Iran’s cyber capabilities inferior to those of China or Russia. But a string of opportunistic hacks of key US assets during the war suggests Iran is a capable — and unpredictable — adversary.

Since the war began in late February, Tehran-linked hackers have caused disruptions at multiple US oil and gas and water sites, shipping delays at Stryker, a major US medical device maker, and have leaked the private emails of FBI Director Kash Patel.

Israeli organizations and citizens have also been heavily targeted by Tehran’s hackers during the latest war, while the US and Israeli military have used cyber operations to make their kinetic strikes more lethal.

Iran’s cyber activity during the war has shown “a significant increase in the scale, speed, and integration between cyber operations and psychological campaigns,” Yossi Karadi, head of the Israel’s cyber defense agency, the National Cyber Directorate, told CNN.

The Israel Defense Forces in March claimed to have struck a compound housing Iran’s “Cyber Warfare headquarters.” It’s unclear how many Iranian cyber operatives, if any, were killed in that strike.

Karadi would not comment on that matter, citing his agency’s mandate, which is limited to cyber defense.

“That said, from a defensive perspective, in recent month, we are seeing some degradation in parts of the hostile cyber activity,” he said. “The bottom line is that Iranian actors are under pressure and are trying to strike wherever they find an opening in cyberspace.

The last 18 months have shown that Iran’s cyber operations in general “are now accelerating with faster iteration, more layered hacktivist personas, and likely AI-driven scaling for reconnaissance and phishing,” said Allison Wikoff, a director on PwC’s threat intelligence team with over a decade of experience tracking Iran-based threats.

“What’s notably new in their cyber playbook is the swift creation of ‘good-enough’ malware, including the destructive wiping types, complemented by assertive hack-and-leak campaigns against media, dissidents, and ﻿key (US) civilian infrastructure,” Wikoff told CNN.

Part of that Iranian playbook is capitalizing on the wartime footing of an American media quick to pounce on claims made by all sides.

Hackers associated with Iran’s intelligence ministry and paramilitary arm maintain a number of “hacktivist” personas through which they use Telegram to exaggerate their exploits, publish stolen material and release promotional videos spliced to catchy music.

One of the groups, calling itself Handala after a Palestinian cartoon character, taunted Patel while claiming it had breached the FBI’s “impenetrable” computer systems. In reality, the hackers got into Patel’s years-old Gmail emails.

“The fact that every Handala claim leads to people freaking out demonstrates that the operational reality of the threat Iran poses is something that both government agencies and vendors don’t seem to be able to articulate,” said Alex Orleans, a cybersecurity researcher who has tracked Iran-linked hackers for years and leads threat intelligence at security firm Sublime Security.

Despite the string of hacks from Iran during the war, Orleans offered two reasons there haven’t been more.

“The first is that Iran appears to have lacked the lines of access to deliver sustained effects, or we likely would’ve seen more incidents like Stryker,” he told CNN. “The second is that the regime has clearly demonstrated its intention to endure, which further disincentivizes wanton cyber effects operations.”

For some current and former US officials, the aggressive and unpredictable nature of Iranian cyber operations take on added significance ahead of the midterm elections.

In the 2020 election, federal agencies, including the Cybersecurity and Infrastructure Security Agency (CISA), blamed Iran for a scheme that impersonated the far-right Proud Boys to try to intimidate voters. During the 2024 US presidential election, Iranian hackers breached the Trump campaign and sent internal documents from it to news organizations.

Now, for the first election cycle in years, US military and intelligence officials have yet to activate a specialized team dedicated to detecting and thwarting foreign threats to elections — a move that one former Cyber Command official, Jason Kikta, deemed “strategic malpractice.”

“Between what we’ve watched Iran do in this war and what they ran in 2020, I’d be surprised if they sat the midterms out,” said Chris Krebs, who as CISA director in 2020 stood beside then-Director of National Intelligence John Ratcliffe as they warned the American public about Iranian and Russian influence operations.

“My bet is on information operations, not attacks on election systems,” Krebs told CNN. “That’s where the Russians and Chinese have gone, and for good reason. It’s cheap, it’s easy to scale with AI, and nobody’s paying a price for it.”",reddit,WhatTrumpHasDone,John3262005,2,0,reddit.com,https://www.reddit.com/r/WhatTrumpHasDone/comments/1tg1sah/exclusive_hackers_have_breached_tank_readers_at/
2026-05-17 21:03:07,Oil capacity question with Toyota. Can I round up?,"I have a Rav 4 that calls for 4.6 quarts.  How annoying.  Can I just use 5 quarts and call it a day, or do I need to meter out .4 quarts from the jug before I dump it in?  Will the extra .4 quarts cause an issue?

Thanks!",reddit,AskAMechanic,ganjaccount,1,2,reddit.com,https://www.reddit.com/r/AskAMechanic/comments/1tg1rmy/oil_capacity_question_with_toyota_can_i_round_up/
2026-05-17 21:03:06,Found some glitter during oil change but not in oil filter pleats,I have a 2015 WRX with about 150k kms (93k miles). Just did an oil change and saw some glitter in the oil. I cut open the filter with a filter cutter tool and ripped out some of the pleats and didn't see anything in them. 2nd picture is the oil that spilt out of the filter onto the cutter tool. Is this a sign of bearing failure?,reddit,WRX,grindgears,1,0,reddit.com,https://www.reddit.com/r/WRX/comments/1tg1rmu/found_some_glitter_during_oil_change_but_not_in/
2026-05-17 21:01:55,STUDY #8: THREE PEARS,"STUDY #8: THREE PEARS  
  
Three bosc pears  
  
Series: The Juicy Collection  
7¼” x 6” oil on canvas  
  
[https://catcorellipainter.etsy.com/listing/1815234663](https://catcorellipainter.etsy.com/listing/1815234663)",reddit,u_CallaMouah,CallaMouah,1,0,reddit.com,https://www.reddit.com/r/u_CallaMouah/comments/1tg1ql1/study_8_three_pears/
2026-05-17 21:00:57,Maple Cutting Board,"I just completed this project for a friend, and it will be a gift as a congrats on his first kid.

This chonker of a board measures 24” x 15”, is 2-1/4” thick, and weighs in at a healthy 22.5 lbs.

Made entirely of 4/4 Maple, and finished with mineral oil and Walrus Oil Wood Wax for Cutting Boards.",reddit,somethingimade,aborchew,1,1,reddit.com,https://www.reddit.com/r/somethingimade/comments/1tg1ppr/maple_cutting_board/
2026-05-17 21:00:56,"[PS4] H: 5 Leader Per 5k W: any of Concrete, Acid, Oil, Cork, Ceramic, Crystal, Fiberglass, Asbestos, Springs, Screws or Gears",,reddit,Fallout76Marketplace,MD-Pontiac,1,1,reddit.com,https://www.reddit.com/r/Fallout76Marketplace/comments/1tg1por/ps4_h_5_leader_per_5k_w_any_of_concrete_acid_oil/
2026-05-17 21:00:40,Coach empire 40 eval?,"I got the coach empire 40 about 6 months ago and I love it so much, but I have some questions. Does anyone else have issues with the front “flopping” forward? It’s my everyday day bag, so I want to jeep it unzipped/open to make it easier to grab stuff, but I noticed the front flops forward and usually I have to tuck the front handle underneath the back handle to keep them from flopping around as well. I definitely don’t overfill the bag. I’m not putting in a tablet or a laptop or a water bottle. It’s just the standard stuff if anyone would carry in their bag. I’m also curious about cleaning some people say to use the coach cleaner and conditioner and some people say the oils in your hands are enough to keep it cooler. What’s the best way to go for longevity?",reddit,Coach,Jenniyaaah,1,0,reddit.com,https://www.reddit.com/r/Coach/comments/1tg1pf7/coach_empire_40_eval/
2026-05-17 21:00:15,Shadow keepers Feed Back,I'm new to painting. I would love some feedback. I am open to all advise. Also should I use nuln oil? And where should I apply it?,reddit,AdeptusCustodes,Significant_Ratio897,2,0,reddit.com,https://www.reddit.com/r/AdeptusCustodes/comments/1tg1oz3/shadow_keepers_feed_back/
2026-05-17 20:59:44,Was going through old family albums and found some Opryland pictures from the 90s,,reddit,Tennessee,NoAdhesiveness5280,1,0,reddit.com,https://www.reddit.com/r/Tennessee/comments/1tg1of4/was_going_through_old_family_albums_and_found/
2026-05-17 20:59:16,Maple Cutting Board,"I just completed this project (my 9th cutting board) for a friend, and it will be a gift as a congrats on his first kid.

This chonker of a board measures 24” x 15”, is 2-1/4” thick, and weighs in at a healthy 22.5 lbs.

Made entirely of 4/4 Maple, and finished with mineral oil and Walrus Oil Wood Wax for Cutting Boards.",reddit,BeginnerWoodWorking,aborchew,1,0,reddit.com,https://www.reddit.com/r/BeginnerWoodWorking/comments/1tg1nyx/maple_cutting_board/
2026-05-17 20:59:09,organ meats in feline nutrition,"I found a good source for chicken hearts, chicken livers, and chicken gizzards in my local area. I am looking for a cat food OR treat recipe that uses all three plus maybe bone-in chicken thighs, fish oil, supplement powders. I am having the darnedest time finding good info.",reddit,rawpetfood,Upper-Marionberry360,1,0,reddit.com,https://www.reddit.com/r/rawpetfood/comments/1tg1nvd/organ_meats_in_feline_nutrition/
2026-05-17 20:58:44,Im a filmmaker playing with oil pastels.,,reddit,blackartnetwork,IndieBenji,1,0,reddit.com,https://www.reddit.com/r/blackartnetwork/comments/1tg1nhb/im_a_filmmaker_playing_with_oil_pastels/
2026-05-17 20:58:43,It has to be written “Supreme” instead,My new toothpaste. This color idea looks identical to Supreme. Or am I tweaking ,reddit,teenagers4real,seva_999,2,0,reddit.com,https://www.reddit.com/r/teenagers4real/comments/1tg1ngt/it_has_to_be_written_supreme_instead/
2026-05-17 20:58:35,Why Reform's 'drill baby drill' promise 'won't save Brits money',"Reform UK's flagship energy policy of tapping into North Sea oil reserves will not lead to noticeably cheaper prices, experts have claimed.

Nigel Farage's Reform party won in totemic Labour strongholds like Sunderland and Hartlepool, as well as Tameside, in Greater Manchester, in Angela Rayner's back yard in last week's local elections after vowing to cut immigration into the country and transforming Britain's energy policy by reversing its clean power pledges.

But as Reform has gained seats, criticism of its flagship policies has also built - including the promise to ""drill, baby, drill"" and get more oil out of the North Sea. Farage's policy has taken Donald Trump's energy slogan and deployed it in its bid to attract more supporters.

Millions of Brits have struggled to to cover energy bills, which have soared to averages of between £1,641 to £1,758 for duel gas and electricity costs.

While Reform have claimed extracting more oil will drive down energy prices, experts are not as convinced by the pledge. Chris Aylett, a research fellow at the Environment and Society Centre at Chatham House noted that big promises might not lead to big savings for Brits.

""With an estimated 90 per cent of the oil and gas on the UK Continental Shelf having already been extracted and burned, and with new licences unlikely to yield anything for decades, focusing on North Sea drilling misses the point,"" he told The Mirror. ""The UK needs to use less oil and gas, by rolling out electric vehicles and heat pumps, and it needs to deploy more wind, solar and batteries.""

When asked bluntly if drilling in the North Sea would lead to cheaper prices, Aylett's response was simple: ""No, and not in the long-term either. Oil and gas are internationally traded commodities and their prices are decided by global markets.

""Private companies operating in the North Sea aren't likely to invest in new drilling if they are required to sell their product for less than they could get elsewhere. In principle, the sector could be partly or fully nationalized, although this isn't something that Reform or the Conservatives advocate.

(Continued in article) ",reddit,uknews,coffeewalnut08,7,3,reddit.com,https://www.reddit.com/r/uknews/comments/1tg1ncf/why_reforms_drill_baby_drill_promise_wont_save/
2026-05-17 20:58:30,I am fed up of being emotionally and financially exploited by my father,"Background

I'm a middle class son who worked extremely hard, burned midnight oil for years to build a decent career and salary. I have no problem supporting my family's regular needs — I do it willingly.

The problem is my father.

The Pattern

He has no problem with me spending 2 million on a car for him from my savings. But he authoritatively dismisses my personal purchases as wasteful — like buying a laptop/ipad for my own work from my own money. He acts like I am dependent on him when in reality he is completely dependent on me.

He made terrible financial decisions investing in businesses he knew nothing about. If anyone advised him he would say he knows better. He suggests I buy gold or install solar but won't contribute a single rupee — just acts like he is giving great advice while I foot every bill.

When I was unemployed he used to taunt me by comparing me to failures and once publicly abused me in front of 8-10 people at a shop over a 500 rupee purchase.

What I Have Already Given

- Paid my sister's private university fees for years while earning very little and sacrificing my own needs — he considers this my responsibility, no acknowledgment

- Bought him a car worth 2 million from my savings so he could do ride hailing amd earn some money.

- Funded my entire wedding myself, wiping my savings again, because he had to maintain his image without paying a single rupee

- Managing all monthly household expenses including parents and siblings

Current Situation

My wife is pregnant, baby due in August. I have been carefully building an emergency fund and saving for my child.

Now he wants me to withdraw my provident fund and gratuity for my sister's wedding. I have told him I don't have money beyond my emergency fund. His response is not understanding.

He has no understanding of savings or emergency funds as he has never saved a dime.

He also thinks I shouldn't install an AC before putting in a solar system that costs 500,000 rupees I don't have — even though my pregnant wife needs it and I pay every electricity bill myself.

I mean even for a basic thing like AC which I can easily afford, he has issues while he is not even paying a single ruppee.

If I ask him to contribute toward solar he will play victim and say I don't respect him.

What I Need Help With

How do you deal with a father who genuinely believes your money is his resource?

What is my actual Islamic obligation toward my sister's wedding given everything I have already sacrificed?

How do I set firm boundaries without destroying the family completely?

Has anyone successfully navigated this and actually come out the other side?

I am fed up and exhausted. I will not let my emergency fund or PF be touched this time. My wife and child come first. But I need perspective from people who have been through something similar.

Please don't advise me that he is my father and he wants better for me. 😅",reddit,LahoreSocial,Parking-Meeting-1610,1,1,reddit.com,https://www.reddit.com/r/LahoreSocial/comments/1tg1n9a/i_am_fed_up_of_being_emotionally_and_financially/
2026-05-17 20:58:25,2016 640i Coupe Xdrive with 133k km - what to lookout for?,"Hey everyone,

I recently came across a 2016 BMW 640i Coupe (link below) that I’m seriously considering buying, and I’d love to get some opinions.

The car has around 133,000 km on it, which is obviously on the higher side, but I’m currently waiting on the full service history to see how well it has been maintained and what major items have already been addressed (hoping things like the valve cover gasket and oil pan gasket have already been replaced)

This wouldn’t be a daily driver — mostly weekend drives, occasional city use for a supermarket run, and maybe one long trip (\~1000 km in a day) per year.

I’ve never owned a BMW before, so I’d really appreciate any advice on:

* common issues to look out for on the 640i
* whether this mileage should be a major concern if maintenance has been done properly,
* expected ownership/maintenance costs,
* and anything specific I should check before pulling the trigger.

Would you consider this a reasonable buy, or is this the kind of car that can quickly become a money pit?

Thank you!!  
  
[BMW 640i Coupé xDrive FACELIFT For sale](https://www.autoscout24.ch/en/d/20438406)

https://preview.redd.it/qtp5rb5fhr1h1.png?width=948&format=png&auto=webp&s=66d5bfe61862416d61671d1146d92e253374ceb9

",reddit,BMW,_thef1guy,1,0,reddit.com,https://www.reddit.com/r/BMW/comments/1tg1n6s/2016_640i_coupe_xdrive_with_133k_km_what_to/
2026-05-17 20:57:18,"Practical examples with the recipe to the side for basing, for those who usually can't visit an official Warhammer store (at least this was on my local one)",,reddit,Warhammer40k,StormSwitch,1,0,reddit.com,https://www.reddit.com/r/Warhammer40k/comments/1tg1m7k/practical_examples_with_the_recipe_to_the_side/
2026-05-17 20:57:08,Russet potatoes,"We have been having baked potatoes and veggies at least one night a week these days to save $$.  My question - do russet potatoes seem to have thinner skins these days?  I've tried various techniques to get a nice, crispy skin, but nothing has worked thus far! I've baked them for 1 hour at 425, put oil and kosher salt on them first - still didn't crips them up.  Any success stories/advice much appreciated! ",reddit,foodquestions,Ok_Conversation9750,2,6,reddit.com,https://www.reddit.com/r/foodquestions/comments/1tg1m1t/russet_potatoes/
2026-05-17 20:56:59,Why is Seed Oil Scout paid??,"I've been trying to eat cleaner in Indiana (I know, haha) for a while, when I found Seed Oil Scout, but didn't end up paying. I decided I'd like to make a free version!

Currently it's a food scanner, but my goal in the next 2 weeks is a seed oil-free restaurant finder:

* A map of **restaurants**
* You can filter by **seed oils**, additives, and plastic contamination
* Each restaurant will either be **vetted by our company or crowd-sourced**

I care about this issue so much that I don't really go out to eat anymore, and Seed Oil Scout really upset me, why is a simple restaurant finder paid? This should be free, its free to run anyways.

Here is my plan: My current app is paid, and in 2 weeks, or when I get to 50 paying members, I'll make the restaurant map and make that free while keeping the food scanner paid most likely.

My overall goal is to make $4K a month (enough to drop out of college).

I would so, so love everyone's support here. If you guys like the idea, thumbs up the post!

\-Maddox -> (app [https://tallow.app](https://tallow.app) )",reddit,StopEatingSeedOils,Traditional-Cream691,3,0,reddit.com,https://www.reddit.com/r/StopEatingSeedOils/comments/1tg1lx6/why_is_seed_oil_scout_paid/
2026-05-17 20:56:45,"Sportster 1200, 48 , 2020","My bike (sportster 1200, 2020) got a weird problem. 

The clutch is sometimes soft and sometimes stiffer. 

When im in first gear is soft and the  engine wanna die if i hold it too long, when i go to second gear is normal. In 3th gear  the clutch is soft sometimes and sometimes stiffer. 

Any ideeas what could be? 

Is the clutch done or it could be the oil?",reddit,sportster,Lawster9,1,1,reddit.com,https://www.reddit.com/r/sportster/comments/1tg1lpd/sportster_1200_48_2020/
2026-05-17 20:56:37,"Sometimes you don't have the energy (or budget) to make a proper meal prep and just need something to get you through the second half of the work day, a struggle meal, if you wish. I present to you: Pasta with olive oil a la ""I tossed some sausages in too""","You're tired, you haven't rested enough during the weekend, and don't know what the heck to do for the lunch of the next 5 days, well here's my go-to for those Sundays.

Now you may be thinking that saussages aren't healthy, and you'd be wrong. Although store saussages will be less nutritious than your average cut of meat, they still contain a non-negligible amount of proteins and fats. Should you make them your only source of protein? absolutely not, but for lunch it si perfectly fine.

Serving size: 5 servings of \~160g

Utensils required:

* Pot
* Strainer (optional)
* 5 Tupperwarer or similar microwave-safe containers with a lid.

Ingredients:

* Dry Pasta: \~625g
* Olive Oil: a splash on each serving.
* Vienna sausages 160g (roughly 5 sausages)
* Oregano: 10 teaspoons or more.
* Salt
* Black pepper (optioonal)
* Garlic Cloves: 1 (optional)

Note on ingredients: I personally dislike the flavor mixture of oregano and black pepper, but if you enjoy it go for it.  
Secondly, you can use more sausages, and lastly: no more than 1 garlic clove for the entirety of the 5 servings since this is a meal meant to be eaten around your coworkers.

Process:

1. \[Optoional\] Chop garlic clove, separate in 5 rougly equal portions.
2. Add a lot of salt to a pot of water, boil it. Either one big pot for all 5 servings, or smaller batches, your call.
3. While the water boils measure the pasta servings.
4. Once it has boiled pour the appropriate ammount of pasta. Cook it for 8 minutes, or to the point your prefer it.
5. Throw in sliced saussages after a minute or two, 1 per serving minimum.
6. Once cooked to the preferred time, strain the water, either with a strainer or with your preferred lid-related method.
7. Serve into their individual containers.
8. Add to each serving a splash of olive oil, oregano, and one fifth of the garlic clove. Close the lid and shake it a little bit. Put them all in the fridge or freezer",reddit,mealprep,OtakuJuanma,4,1,reddit.com,https://www.reddit.com/r/mealprep/comments/1tg1lko/sometimes_you_dont_have_the_energy_or_budget_to/
2026-05-17 20:56:03,56ml less laundry gel,"same price (for now). oh, and the new design is visibly and tangibly cheaper. the lid doesn't even sit right, it just falls off 👍🏻👍🏻👍🏻👍🏻👍🏻👍🏻👍🏻",reddit,shrinkflation,nairwal,5,3,reddit.com,https://www.reddit.com/r/shrinkflation/comments/1tg1l31/56ml_less_laundry_gel/
2026-05-17 20:55:59,Maple Cutting Board,"I just completed this project for a friend, and it will be a gift as a congrats on his first kid.

This chonker of a board measures 24” x 15”, is 2-1/4” thick, and weighs in at a healthy 22.5 lbs.

Made entirely of 4/4 Maple, and finished with mineral oil and Walrus Oil Wood Wax for Cutting Boards.",reddit,Cuttingboards,aborchew,3,0,reddit.com,https://www.reddit.com/r/Cuttingboards/comments/1tg1l15/maple_cutting_board/
2026-05-17 20:55:38,Can you believe this is the same dog?,"I posted her the other day but i’m just so proud of her! 

This is what she eats for those who are curious: 

For breakfast, she gets 1/3rd cup of homemade food (ground turkey, veggies (from a frozen bag), coconut oil, oats, white rice, salmon- cook and mash it together) then she gets a small cup of “Doctor Marty’s” mixed with warm water. We add in a very small spoon of calcium made from eggshells (from Natures Vitality Farms & only at breakfast), Wonder Paws Collagen, Pet Honesty Omega 3 fish oil and SOMETIMES 1/4th of an apoquel but the omega 3 and collagen should start helping her skin barrier. She also gets a probiotic- Also from Pet Honesty.   
We try to use natural ingredients for her man foods because literally what is in kibble? Her and my senior pit get very very excited to eat! 

When it’s enrichment time, we do a snuffle mat or a puzzle mat with charley bears, minnows, small sweet potatoes (cooked of course), whatever treats that are on hand as long as they’re natural. 

Ziggy LOVES going and sitting in the sun all day so that has to have done its part in helping her heal.

Oh! she gets a medicated bath 2-3x a week and we use “Douxo s3 calm.” ",reddit,Frenchbulldogs,Extension_Highway612,22,1,reddit.com,https://www.reddit.com/r/Frenchbulldogs/comments/1tg1kow/can_you_believe_this_is_the_same_dog/
2026-05-17 20:55:27,Stock clearance sale.,"❤️‍🔥 Minimalist anti dandruff shampoo 3.5% 100ML

• EXPIRY - 10/2028

• SP - 200+S

• CONDITION - SEALED/NEW/UNUSED

 ❤️‍🔥 The  Face Shop Rice Water Bright Light Cleansing Oil 150ML

• EXPIRY - 06/2028

• SP - 600+S

• CONDITION - SEALED/NEW/UNUSED

❤️‍🔥 Innisfree volcanic bha cleanser 

• EXPIRY - 08/2028

• SP - 480+S

• CONDITION - SEALED/NEW/UNUSED

 

❤️‍🔥 Minimalist vitamin B5 moisturizer 100g

• EXPIRY - 11/2027

• SP - 430+S

• CONDITION -  Box open but tube sealed",reddit,smallbusinessindia,RememberMeeeea,1,1,reddit.com,https://www.reddit.com/r/smallbusinessindia/comments/1tg1kiq/stock_clearance_sale/
2026-05-17 20:55:10,For all the Chicken Potato guys,"How do you spice it up?

Drop your recipes

I’ve been doing air-fried chicken-potatoes pretty much every day for the past 3 months but it gets stale fast.  
And it’s suppose to be healthy but it seems like the only way I can make it not Sahara-Levels dry is with like a cup of olive oil. ",reddit,northernlion,hamsterhueys1,3,2,reddit.com,https://www.reddit.com/r/northernlion/comments/1tg1k96/for_all_the_chicken_potato_guys/
2026-05-17 20:54:36,Help with bully birds,"Hello Everyone! 

I am a newer bird feeder in suburban midmissouri. I started a few weeks ago and have gotten a ton of activity with my two feeders. I enjoy watching all the different species come and go throughout the day.

As time has gone on with my feeders, I've noticed more of the common grackles and European starlings start to appear. I didn't mind at first, but then my feeders started emptying super quickly due to them scooping out everything they didn't want, so I figured i needed to do something to deter then. 

The research I've done mentions switching to upside down suet cake feeders, and filling the feeders with safflower for a period of time until the bully birds go away. Having done this, the activity in my yard instantly dropped. Nearly all the birds have stopped coming by except for a few at the small, unchanged feeder, including my favorites the graycat birds and the black capped chickadee.

Ill try to make my set up clear and please see pictures for reference. 

Small green feeder current feed (premix, planning to put my own when this runs out)

Current food- black oil sunflower, cracked corn, millet, milo, safflower seed, peanuts. Bully birds rarely go to this feeder, potentially do to size but can if they really want to.

Custom mix (soon to go in) - sunflower chips, millet, mealworms, chopped peanuts

Hopper feeder - has suet cake holder each side 

Old food (premix, eventually will make my own)- milo, millet, sunflower, safflower seeds,  peanuts, mealworms

Current food - safflower seeds

Planned mix - not sure yet. Suggestions welcome!!!

New upside feeder holding same suet cake as hopper used to - no activity

New Orioles feeder with oranges, nector, and grape jelly (in hopes of seeing Baltimore Orioles and bringing my beloved catbirds back) - no activity

Please be kind with suggestions! Im trying to learn everything I can and see some gorgeous birds. Thank you!!",reddit,birdfeeding,acro183,4,0,reddit.com,https://www.reddit.com/r/birdfeeding/comments/1tg1jqq/help_with_bully_birds/
2026-05-17 20:54:33,Stock clearance sale.,"❤️‍🔥 Minimalist anti dandruff shampoo 3.5% 100ML

• EXPIRY - 10/2028

• SP - 200+S

• CONDITION - SEALED/NEW/UNUSED

 ❤️‍🔥 The  Face Shop Rice Water Bright Light Cleansing Oil 150ML

• EXPIRY - 06/2028

• SP - 600+S

• CONDITION - SEALED/NEW/UNUSED

❤️‍🔥 Innisfree volcanic bha cleanser 

• EXPIRY - 08/2028

• SP - 480+S

• CONDITION - SEALED/NEW/UNUSED

 

❤️‍🔥 Minimalist vitamin B5 moisturizer 100g

• EXPIRY - 11/2027

• SP - 430+S

• CONDITION -  Box open but tube sealed",reddit,indianthriftstore,RememberMeeeea,1,0,reddit.com,https://www.reddit.com/r/indianthriftstore/comments/1tg1jok/stock_clearance_sale/
2026-05-17 20:54:31,"My latest work in oil, ""Golden"" 48x48"" thoughts?",,reddit,painting,Sea-Lack-4678,4,1,reddit.com,https://www.reddit.com/r/painting/comments/1tg1jnd/my_latest_work_in_oil_golden_48x48_thoughts/
2026-05-17 20:53:42,Stock clearance sale.,"❤️‍🔥 Minimalist anti dandruff shampoo 3.5% 100ML

• EXPIRY - 10/2028

• SP - 200+S

• CONDITION - SEALED/NEW/UNUSED

 ❤️‍🔥 The  Face Shop Rice Water Bright Light Cleansing Oil 150ML

• EXPIRY - 06/2028

• SP - 600+S

• CONDITION - SEALED/NEW/UNUSED

❤️‍🔥 Innisfree volcanic bha cleanser 

• EXPIRY - 08/2028

• SP - 480+S

• CONDITION - SEALED/NEW/UNUSED

 

❤️‍🔥 Minimalist vitamin B5 moisturizer 100g

• EXPIRY - 11/2027

• SP - 430+S

• CONDITION -  Box open but tube sealed",reddit,IndianBeautyBees,RememberMeeeea,2,0,reddit.com,https://www.reddit.com/r/IndianBeautyBees/comments/1tg1ivz/stock_clearance_sale/
2026-05-17 20:53:42,Ideas on the background?,"I want the trees and sky in the background to be bright and hazy but I'mnot sure what method to finish it off with. 

The base is green spray paint over paneling. Then misted lighter green to make a mossy look to start. Then I used brown acrylic to paint on the base later of trees. Before returning later with oil pastel sticks. The blue is acrylic. 

The bark and foliage is all real (minus the moss) stuck on with combination of various glues and resin. The mushrooms and fairy door I made out of resin. 
",reddit,somethingimade,Chao5Theory,1,1,reddit.com,https://www.reddit.com/r/somethingimade/comments/1tg1ivi/ideas_on_the_background/
2026-05-17 20:53:32,"ROV Pilot vs CFD Engineer: Two completely different careers, one guarantees extreme financial security and generational wealth while the other I enjoy more but involves more risk and less pay, how do I take a decision without feeling absolutely miserable in this?","TLDR; if you had to choose between very good 2 careers please give an advice because I'm going through something similar. Or if you give good career advices in general.

I'm a 29 mechanical engineer and I've been working as an ROV Pilot/Technician for 2.5 years. It's extremely satisfying financially that a junior ROV Pilot can make more than a senior software engineer where I come from because it's USD based. When you become a senior or supervisor you start making insane amount of money that I never dreamed of.

The job on the other hand involves physical work; oil, grease, maintenance, sometimes working in the cold/hot sun, while another days you just fly the ROV in the control unit and it's chill and enjoying. You have a crew that got your back, you work together and sometimes fool around which is often nice, on some other job assignments you have weirdos or just unpleasant people working with you 24/7 for a whole month. You get to work for a month on/month off but mostly it's on-call and you never know when exactly you're back on the drill ship.

I spent 2 years doing this and I was questioning the career from day 1. I hated it the first year but the second year I started getting better at it, sometimes enjoyed it. But I was always scared that this will lead to a fractured family when I'm always working offshore and leaving my future wife and kids (who do not even exist yet, I'm single). So I started applying abroad for a MSc degree in Computer Simulation (CFD specialization), which is a field I always loved in college and actually worked in for 9 months before doing this ROV thing.

I got accepted in a Computer Simulation MSc program in Germany and I now have a job as a working student (part-time job, it helps you gain experience along studying for your degree). The job is super comfy, on a desk, and sometimes from home, you get to do very interesting engineering analysis that includes fluid mechanics/physics and I've always loved science so it's very close to what I wanted. However, the German market is so tough and I often see people finishing their degree and not finding a job. Also, I do not want to do PhD and academia because I feel like I'm exhausted and I want to settle as fast as I can in a fulltime.

I have no idea how to tackle this. Some days I feel like I'm making progress now that I finished a semester and secured a working student job that will probably last till I finish my MSc, while some other days I miss being financially secure in my home country, having VERY long days off in which I can literally do whatever I want, even travel for a vacation and so on. I'm quite scared that I might regret leaving such money and career but also what if I leave that Germany opportunity and regret it also? Specially that my home country is a third-world and rich people live in gated compounds and they raise their kids in a bubble. I am honestly super confused and I need advice from anyone who can confidently share a similar experience or a genuine opinion on this. I have an opportunity to get back to the ROV and that opportunity won't last for long, I was given a chance from my old company to consider what I'm doing now and I maybe have 1 month to take that decision.",reddit,careeradvice,No_Confusion4948,1,0,reddit.com,https://www.reddit.com/r/careeradvice/comments/1tg1iq1/rov_pilot_vs_cfd_engineer_two_completely/
2026-05-17 20:53:17,Stock clearance sale.,"❤️‍🔥 Minimalist anti dandruff shampoo 3.5% 100ML

• EXPIRY - 10/2028

• SP - 200+S

• CONDITION - SEALED/NEW/UNUSED

 ❤️‍🔥 The  Face Shop Rice Water Bright Light Cleansing Oil 150ML

• EXPIRY - 06/2028

• SP - 600+S

• CONDITION - SEALED/NEW/UNUSED

❤️‍🔥 Innisfree volcanic bha cleanser 

• EXPIRY - 08/2028

• SP - 480+S

• CONDITION - SEALED/NEW/UNUSED

 

❤️‍🔥 Minimalist vitamin B5 moisturizer 100g

• EXPIRY - 11/2027

• SP - 430+S

• CONDITION -  Box open but tube sealed",reddit,ThriftIndia,RememberMeeeea,1,0,reddit.com,https://www.reddit.com/r/ThriftIndia/comments/1tg1igs/stock_clearance_sale/
2026-05-17 20:52:49,Stock clearance sale.,"❤️‍🔥 Minimalist anti dandruff shampoo 3.5% 100ML

• EXPIRY - 10/2028

• SP - 200+S

• CONDITION - SEALED/NEW/UNUSED

 ❤️‍🔥 The  Face Shop Rice Water Bright Light Cleansing Oil 150ML

• EXPIRY - 06/2028

• SP - 600+S

• CONDITION - SEALED/NEW/UNUSED

❤️‍🔥 Innisfree volcanic bha cleanser 

• EXPIRY - 08/2028

• SP - 480+S

• CONDITION - SEALED/NEW/UNUSED

 

❤️‍🔥 Minimalist vitamin B5 moisturizer 100g

• EXPIRY - 11/2027

• SP - 430+S

• CONDITION -  Box open but tube sealed",reddit,indiandecluttersub,RememberMeeeea,1,0,reddit.com,https://www.reddit.com/r/indiandecluttersub/comments/1tg1i1n/stock_clearance_sale/
2026-05-17 20:52:41,Beginner painter questions,"Ok so I just started oil painting(like today) and I feel like I'm doing something wrong.

(I have Heaton Artists' Oil paints, assorted brushes, wooden canvases, and a coil water jar. also some linseed oil that I haven't tried yet)

1. I heard to start with big shapes to block out value and then add details, but how am I supposed to do that if it dried so slowly and just mixes instead of adding more definition?

2. I saw others with water jars to wash off their brushes during painting, but what's actually in those jars? water doesn't work at all

2.5. also, I have a Silicoil coil jar. will this work with oil paint if I use the proper liquid in it?

3. how should I clean my brushes? I goturphy oil wood soap which worked, but it took a while",reddit,oilpainting,FewZookeepergame22,1,3,reddit.com,https://www.reddit.com/r/oilpainting/comments/1tg1hwl/beginner_painter_questions/
2026-05-17 20:52:19,Stock clearance sale.,"❤️‍🔥 Minimalist anti dandruff shampoo 3.5% 100ML

• EXPIRY - 10/2028

• SP - 200+S

• CONDITION - SEALED/NEW/UNUSED

 ❤️‍🔥 The  Face Shop Rice Water Bright Light Cleansing Oil 150ML

• EXPIRY - 06/2028

• SP - 600+S

• CONDITION - SEALED/NEW/UNUSED

❤️‍🔥 Innisfree volcanic bha cleanser 

• EXPIRY - 08/2028

• SP - 480+S

• CONDITION - SEALED/NEW/UNUSED

 

❤️‍🔥 Minimalist vitamin B5 moisturizer 100g

• EXPIRY - 11/2027

• SP - 430+S

• CONDITION -  Box open but tube sealed",reddit,makeupmadnessindia,RememberMeeeea,2,0,reddit.com,https://www.reddit.com/r/makeupmadnessindia/comments/1tg1hjm/stock_clearance_sale/
2026-05-17 20:51:11,Oil leak at exhaust 1996 dakota,I just got done changing the valve cover gaskets and found this on the driver's side. I noticed after I shut this video that there is a bolt missing on the backside of that middle portion on top. I have no idea what this is. It's new territory for me. Can anyone help direct me on what this part is and what I need to do to fix the leak?,reddit,DodgeDakota,PastorDC,1,0,reddit.com,https://www.reddit.com/r/DodgeDakota/comments/1tg1gi4/oil_leak_at_exhaust_1996_dakota/
2026-05-17 20:51:07,Mercedes sprinter oil cooler replacement,,reddit,SprinterVans,Mrwhostheman89,1,0,reddit.com,https://www.reddit.com/r/SprinterVans/comments/1tg1gfh/mercedes_sprinter_oil_cooler_replacement/
2026-05-17 20:50:35,ISO cold pressed black seed oil,"A recommendation from a specialist, ive tried Whole foods at the solo district which was the recommended spot, they dont seem to carry it. Im wanting to avoid driving all over the city to find a spot (with the gas prices) lol

Any leads would be greatly appreciated, thank you!! ",reddit,burnaby,executedflash,1,0,reddit.com,https://www.reddit.com/r/burnaby/comments/1tg1fx9/iso_cold_pressed_black_seed_oil/
2026-05-17 20:47:17,What about this one?,"What do you guys think of this olive oil? 

It smells fantastic to me.",reddit,oliveoil,peev22,1,0,reddit.com,https://www.reddit.com/r/oliveoil/comments/1tg1cny/what_about_this_one/
2026-05-17 20:47:00,Mercedes sprinter oil cooler replacement,,reddit,SprinterVans,Mrwhostheman89,1,0,reddit.com,https://www.reddit.com/r/SprinterVans/comments/1tg1cei/mercedes_sprinter_oil_cooler_replacement/
2026-05-17 20:46:56,The Top of this Jar of Coconut Oil hardened in a Hexagonal pattern,,reddit,u_ParamedicSavings4031,ParamedicSavings4031,1,0,reddit.com,https://www.reddit.com/r/u_ParamedicSavings4031/comments/1tg1cc6/the_top_of_this_jar_of_coconut_oil_hardened_in_a/
2026-05-17 20:45:49,Percentile for BLACKI ?,"GEM (9/8/8)

3 YOE \[

2 years in Consulting ( 2024 onwards)

1 year in Maintenance in Oil & Gas 

\]

Percentile for BLACKI. Also, please share any tips to improve VARC ( really weak 😕)",reddit,CATpreparation,Spirited_Comedian_72,1,1,reddit.com,https://www.reddit.com/r/CATpreparation/comments/1tg1b7u/percentile_for_blacki/
2026-05-17 20:45:00,Screechy sound when going over potholes or rough roads.,"I got my hunter in january. From last month or so, whenever I go over potholes or rough roads, i hear a screechy sound from somewhere near the front brake or suspension of bike. If I go very slow then there is no sound. There is no oil leak or anything from the suspensions. As far as I remember, I think the sound started coming after I took the bike for washing. 

What might be the problem? my 2nd service is due in july so I am thinking of mentioning the problem there, or should I take it to a nearby mechanic? ",reddit,RoyalEnfieldHunter350,HotStrawberry8264,1,0,reddit.com,https://www.reddit.com/r/RoyalEnfieldHunter350/comments/1tg1acn/screechy_sound_when_going_over_potholes_or_rough/
2026-05-17 20:44:30,"The American epoch of oil is collapsing. What comes next could be ugly. China is dominating the energy transition with astonishing result, while fossil fuel fascists in the US try to turn back the clock.",,reddit,u_Roaming-R,Roaming-R,1,0,reddit.com,https://www.reddit.com/r/u_Roaming-R/comments/1tg19v2/the_american_epoch_of_oil_is_collapsing_what/
2026-05-17 20:44:26,These say patent they don’t look shiny to me are these leather oil leather it’s yellow writing are these older style?,,reddit,Birkenstocks,Strict_Flight_7225,0,2,reddit.com,https://www.reddit.com/r/Birkenstocks/comments/1tg19sr/these_say_patent_they_dont_look_shiny_to_me_are/
2026-05-17 20:44:17,Panko crumbed miso butter and chilli oil Chinese cabbage with sexy Korean pork belly,,reddit,drunkencookery,davidjosephk,3,0,reddit.com,https://www.reddit.com/r/drunkencookery/comments/1tg19nq/panko_crumbed_miso_butter_and_chilli_oil_chinese/
2026-05-17 20:43:47,Grey engine oil filter on a 3500 hr machine,"Is there any explanation other than no one replaced this filter since it came from the factory? It was a pain to remove but it was also in a difficult spot which could have been part of the difficulty. The machine was an RTV X100C. The filter was grey matching the engine block which as far as I know means it was the original. No markings on it and the grey paint chipped off during removal from the tool I ended up using.

Just crazy to think it was the original.",reddit,kubota,packet_weaver,1,0,reddit.com,https://www.reddit.com/r/kubota/comments/1tg196g/grey_engine_oil_filter_on_a_3500_hr_machine/
2026-05-17 20:43:35,Using mineral spirits,"Hi there everyone,  
I’m refinishing my kitchen table and decided to use mineral spirits after sanding to remove dust, then apply shellac. I applied a liberal amount of spirits and rubbed down the whole surface, but an hour later it’s color is still what it was when I applied the spirits, and it smells. Is this normal or is there another step before shellac? Should it dry out and go back to the raw wood color? Is this all okay? The original wood is red oak",reddit,woodworking,ProudCellist5292,4,0,reddit.com,https://www.reddit.com/r/woodworking/comments/1tg18z2/using_mineral_spirits/
2026-05-17 20:43:34,Ghost isn’t trolling Landon,,reddit,fishtankdotlive,AustinNothdurft,16,2,reddit.com,https://www.reddit.com/r/fishtankdotlive/comments/1tg18yp/ghost_isnt_trolling_landon/
2026-05-17 20:43:19,[Thank you] Whimsy & more!,"u/rare\_cranberry\_7861 - Thank you so much for the postcard with the Emily Dickinson quote! I also feel like I am sending kindness into the world with every postcard! 

u/naokokoro - Thank you so much for the lovely Le Petit Prince postcard with the lovely matching stamp! 

u/ToniBee (x2) - Thank you for the adorable snake and mouse chalk art postcard! It is lovely! And thank you for the oil painting postcard! I love the button pin stamp you used on it! 

u/sergeant\_bean45 - Thank you so much for the beautiful multi-view postcard and for telling me all about how you keep your whimsy in a career that doesn’t have much. 

u/mrpostman414 - Thank you for the adorable frog postcard! I love your username stamp sticker! I am honored to receive a card from your second offer ever on RAOC! 

u/Ok\_Theme7072 - Thank you for the beautiful earth tone sticker collage card you made me and for sharing that scrapbooking brings you whimsy! I enjoy junk journaling and collaging a lot too! 

u/rennbrig (x2) - Thank you so much for the adorable Miffy fruit card! It’s so cute! I hope you have fun and safe travels! And thank you for the handmade dog card and sharing your beloved furry friend. 

u/Mental-Muscle2533 - Thank you so much for sharing Charles with me! It’s beautiful that you got to spend 16 years with him. I also found kittens in a woodpile once, and one of my current cats was found at a bonfire! I totally understand the feeling of a cat helping me through mental health struggles as well. My girl Panda was the only thing that kept me going some days. My boy Ham likes to demand forehead kisses like your Charles did. I know that Charles was absolutely blessed to be loved by you during his lifetime and I can’t imagine how much you miss him. He knew he was so loved, especially in those final moments. Sending love and healing for your loss. 

u/awriterpossibly - Thank you so much for your long message about how your keep whimsy alive in your life. Your home sounds like a beautiful & whimsical oasis! I, too, like to decorate my walls with commissioned art, unique art prints, and fanart from media that I love. My upbringing was similar to yours and I have been going through a similar period of self acceptance, self discovery, and celebration of all parts of me.  Your cryptids/ghosts/aliens gallery wall sounds awesome! Thank you for sharing the list of whimsical things you do to feel in touch with yourself! 

u/aepeyc - Thank you for the adorable pug shaped card! I also love rocks so much! I have a huge crystal collection but I haven’t been able to find and unpack it since moving in with my wife. I really need to prioritize doing that, because it makes me sad that I don’t have them displayed after spending so much time and money on collecting them. I can’t believe you got hit by a bus trying to pick up a rock… and didn’t even get the rock! I loved reading about your rock collection! Thanks for sharing! 

u/GatsyGalaktoboureko - Thank you so much for the lovely sticker card sharing your whimsy and for the stamp and ticket stickers you enclosed! I love that you made Santa hats for your son’s kaiju and that you enjoy decorating with eyes! I think making your own envelopes out of random papers is very whimsical, and I loved the envelope your card came in! ",reddit,RandomActsofCards,rebelraf,3,4,reddit.com,https://www.reddit.com/r/RandomActsofCards/comments/1tg18pt/thank_you_whimsy_more/
2026-05-17 20:43:11,Advice,"I recently bought a 2003 ford ranger xlt Supercab, I don’t know much about trucks as it’s only my second vehicle, the truck has close to 300k miles on it, I’ve already done my oil change, my buddy changed 4 of the spark plugs but didn’t have time to get to the other 2, I noticed a jerk or hesitatation around 37-40mph, I don’t think it’s the transmission, I’ve not checked the diff fluid yet would it be worth checking before either daily driving or selling? I spent 2k on it. The only visible problems is some body rust and the cross members are rusted out. I just got offered 2,000 for the truck. I’d honestly sell it for close to what I got out of it if 300k miles is close to the ending point of the engine lol. I need opinions 

Also brake fluid and power steering fluid are both gross. Just worries me not knowing the history of the truck.",reddit,fordranger,Rtrout34,1,0,reddit.com,https://www.reddit.com/r/fordranger/comments/1tg18ls/advice/
2026-05-17 20:42:29,Advice,"I recently bought a 2003 ford ranger xlt Supercab 4.0 v6, I don’t know much about trucks as it’s only my second vehicle, the truck has close to 300k miles on it, I’ve already done my oil change, my buddy changed 4 of the spark plugs but didn’t have time to get to the other 2, I noticed a jerk or hesitatation around 37-40mph, I don’t think it’s the transmission, I’ve not checked the diff fluid yet would it be worth checking before either daily driving or selling? I spent 2k on it. I just got offered 2,000 for the truck. I’d honestly sell it for close to what I got out of it if 300k miles is close to the ending point of the engine lol. I need opinions 

Also brake fluid and power steering fluid are both gross. Just worries me not knowing the history of the truck. Kinda looking for “What would you do in this situation” from people with experience in this field. ",reddit,MechanicAdvice,Rtrout34,1,1,reddit.com,https://www.reddit.com/r/MechanicAdvice/comments/1tg17z3/advice/
2026-05-17 20:41:55,Benefit vs risk of canned sardines and DHA supplementation,"I have a question regarding DHA supplements. We try to eat fatty fish three times a week. Once or twice a month we have salmon for dinner, but other than that, we usually eat canned sardines (in so flower oil). This is currently the only affordable option for our family, as fatty fish tends to be a lot expensive. The days when we don't eat fish, my child gets the DHA supplement drops.

We eat this way on the (maybe completely unfounded) premise that eating fish is better source of DHA than taking supplement drops. But, I stumbled upon some articles about BPA in canned food. Does this make it better option to supplement than to eat sardines? Does having canned food three times a week make a big problem with BPA? Also, is it better to have fish than supplements?",reddit,ScienceBasedParenting,TheBoredAyeAye,3,1,reddit.com,https://www.reddit.com/r/ScienceBasedParenting/comments/1tg17f0/benefit_vs_risk_of_canned_sardines_and_dha/
2026-05-17 20:41:53,MicroCorp Report #1 - Arasaka,"Howdy! I've been writing some corporate dossiers for my RED campaign and thought I'd share one of them to see if there's any interest in this sort of content. I wrote them in the vein of the original Corp Reports, albeit without the considerable character profiles or the corresponding NPC statblocks. Some of them feature small product catalogs, too!

# Arasaka

Unlike its now-nationalized rival, Militech, Arasaka managed to survive the FCW as an independent corporate entity. This feat required considerable political maneuvering on Saburo Arasaka's part, maneuvering that nearly destroyed the Japanese government due to the schism it caused. Nevertheless, the Arasaka family maintains its 51% stake in the company and exercises control over an additional 15% stake via the holdings of its board.

Arasaka's activities were confined to the Japanese archipelago and the country's small neocolonial holdings in the Pacific Ocean for a decade upon the war's conclusion. As of 2035, Arasaka made its long-dreaded return to the world stage. It's an open secret, of course, that Arasaka continued to operate internationally via clandestine subsidiaries and security sector clients throughout the period from 2025-2035. This open defiance of international sanctions could theoretically be weaponized against the company if enough of the right evidence was amassed, but SpecOps units operating under the banner of Arasaka Security Services work diligently to neutralize those bold or foolish enough to pursue the matter.

As of 2040, Arasaka partnered with Night Corp, Militech, BioTechnica, Orbital Air, EBM, Petrochem, and others to jointly finance the reconstruction of Night City. They engage in limited operations in the city at present, but few are aware full scope of their plans for the pro-corporate enclave.

As of 2045, Arasaka consists of three divisions:

* **Arasaka Security Contracting** functions as the the world's largest private military force (this title would belong to Militech were they not officially part of the NUSA). They are responsible for military and security contracting the world over.
   * During the first decade of the post-war period, they operated indirectly as a security personnel management firm. In reality, they simply used intermediaries (officially, security clients) to launder the deployment of Arasaka personnel (officially, third party mercenary contractors) in various military conflicts around the world. Due to their reliance on these intermediaries, however, the division remains somewhat disorganized and diffuse to this day.
   * There have been a handful of incidents where, due to mismanagement, Arasaka personnel on one side of a conflict have fought and killed Arasaka personnel contracted out to the other side of the conflict. These incidents have become rarer and rarer with each passing year, however. Rumors among the executive board suggest that a sweeping restructuring is imminent.
   * Primary base of power for the Taka faction.
* **Arasaka Manufacturing Consolidated** is the largest and most profitable division of the company. Its international holdings span dozens of industries, from mineral extraction and construction to advanced materials fabrication and weapons manufacturing.
   * Although the division was initially dependent upon various third-party extraction outfits to feed its Japanese factories during the immediate post-war period, it has since reclaimed much of the extraction sector it was previously forced to relinquish. 
   * Arasaka's strategy of amassing a diverse portfolio of subsidiary companies appears most evident within AMC, where aggressive buyouts and clandestine corporate warfare enabled the MegaCorp to regain considerable ground during Arasaka's long recovery.
   * AMC is responsible for the lion's share of Arasaka's R&D, and its weapons manufacturers work hand-in-glove with ASC. The division represents the single most complex private logistical apparatus in world history.
   * Primary base of power for the Hato faction.
* **Arasaka Banking Solutions** manages both Arasaka's sprawling investment portfolio and Arasaka Banking. Additionally, it's responsible for the development and maintenance of *Omoikane*, the Arasaka CorpoNet, itself distributed across several international and orbital dataforts.
   * ABS deals just as much in intelligence brokering and databank security as it does in financial brokering and investment banking, and it oversees what remains of the Reliquary Database Project.
   * Primary base of power for the Kiji faction.

Arasaka's current holdings are estimated at €$430 billion (€$80 billion in ASC, €$230 billion in AMC, and €$120 billion in ABS), and they personally employ 1 million personnel worldwide (600k in ASC, 368k in AMC, and 32k in ABS). They employ an additional 2.2 million personnel across all of their subsidiaries, (300k via the ASC Partner Program, 1.9 million via the AMC Co-prosperity League, and 100k via the ABS Group).

Of the active MegaCorps, Arasaka has outstanding agreements with the following megacorporate subdivisions: BioTechnica WetLabs, Orbital Air Transportation & Logistics, and SovOil Transneft.",reddit,cyberpunkred,treowtheordurren,1,0,reddit.com,https://www.reddit.com/r/cyberpunkred/comments/1tg17dq/microcorp_report_1_arasaka/
2026-05-17 20:41:40,I am fed up of being emotionally and financially exploited by my father,"Background

I'm a middle class son who worked extremely hard, burned midnight oil for years to build a decent career and salary. I have no problem supporting my family's regular needs — I do it willingly.

The problem is my father.

The Pattern

He has no problem with me spending 2 million on a car for him from my savings. But he authoritatively dismisses my personal purchases as wasteful — like buying a laptop/ipad for my own work from my own money. He acts like I am dependent on him when in reality he is completely dependent on me.

He made terrible financial decisions investing in businesses he knew nothing about. If anyone advised him he would say he knows better. He suggests I buy gold or install solar but won't contribute a single rupee — just acts like he is giving great advice while I foot every bill.

When I was unemployed he used to taunt me by comparing me to failures and once publicly abused me in front of 8-10 people at a shop over a 500 rupee purchase.

What I Have Already Given

\- Paid my sister's private university fees for years while earning very little and sacrificing my own needs — he considers this my responsibility, no acknowledgment

\- Bought him a car worth 2 million from my savings so he could do ride hailing amd earn some money.

\- Funded my entire wedding myself, wiping my savings again, because he had to maintain his image without paying a single rupee

\- Managing all monthly household expenses including parents and siblings

Current Situation

My wife is pregnant, baby due in August. I have been carefully building an emergency fund and saving for my child.

Now he wants me to withdraw my provident fund and gratuity for my sister's wedding. I have told him I don't have money beyond my emergency fund. His response is not understanding. 

He has no understanding of savings or emergency funds as he has never saved a dime.

He also thinks I shouldn't install an AC before putting in a solar system that costs 500,000 rupees I don't have — even though my pregnant wife needs it and I pay every electricity bill myself.

I mean even for a basic thing like AC which I can easily afford, he has issues while he is not even paying a single ruppee.

If I ask him to contribute toward solar he will play victim and say I don't respect him.

What I Need Help With

1. How do you deal with a father who genuinely believes your money is his resource?

2. What is my actual Islamic obligation toward my sister's wedding given everything I have already sacrificed?

3. How do I set firm boundaries without destroying the family completely?

4. Has anyone successfully navigated this and actually come out the other side?

I am fed up and exhausted. I will not let my emergency fund or PF be touched this time. My wife and child come first. But I need perspective from people who have been through something similar.

Please don't advise me that he is my father and he wants better for me. 😅",reddit,pakistan,Parking-Meeting-1610,2,2,reddit.com,https://www.reddit.com/r/pakistan/comments/1tg175t/i_am_fed_up_of_being_emotionally_and_financially/
2026-05-17 20:41:35,Oily eyelids,"bobby brown eyeshadow sticks are amazing. i,ve tried mattifying primers on my eyelids. I’ve tried eyeshadow primers, nothing worked. if those tricks work for you then congrats you get to save money lolll. personally i’ve spent tons of money trying to figure out how to live my life with these lids (that are also creased and have lines everywhere). 

the price is sooooo worth it for never having to worry about looking like a fiend ever again. i’m at the point where i think ill use the bobby brown eyeshadow sticks as an eyeshadow base for powder because NO OILS COME THROUGH. for background i do my makeup and before im done they’re oily and creased. please try these products if you’re like me. 

ALSO THEY HAVE MATTE STICKS. i was so tired of glitter sticks when i was looking up product recommendations. the matte sticks are my hg everyday product. little learning curve since they dry fast, but they will not budge. ",reddit,makeuptips,sneakerme3,2,1,reddit.com,https://www.reddit.com/r/makeuptips/comments/1tg1733/oily_eyelids/
2026-05-17 20:41:27,Oil pan leak i hope.,I just did the rear main and oil pan on my 92 about 500 miles ago. Yesterday when I was driving around it started pouring smoke out from underneath and the entire underside was coated in fresh oil. I lost about 1/2 quart of oil. Crawled under there and I'm hoping this is the source. It looks like the back part of the gasket isn't in the right place. Note\* This is after i took the two bolts and strap that goes across the back side of the pan. I'm really hoping I dont have to do a rear main again. ,reddit,CherokeeXJ,Phineas_T_Birch,1,0,reddit.com,https://www.reddit.com/r/CherokeeXJ/comments/1tg16yo/oil_pan_leak_i_hope/
2026-05-17 20:41:12,$39 DIY Fixed P0017 - Shop wanted $800-$1500 to replace sensors without a confirmed diagnosis,"2018 Hyundai Elantra 

A couple weeks ago I went in to get an oil change with my go-to shop and they had mentioned that the car was burning oil. Later that day I had a CEL P0017. Car was accelerating slow and up until recently the mileage was getting worse.

The next day after the CEL, I went into a different shop because my go-to was booked and I paid a $170 diagnostics fee. Later they told me they would charge me $800 to change the cam/crankshaft sensors. Mind you they “did not” know the exact cause. If it wasn’t the sensors they were going to replace the timing belt. 

Anyways after getting paid friday I picked up a new VVT Solenoid, spark plugs and a Camshaft position sensor and replaced them. 

Replaced the plugs and Solenoid first but CEL was still there. Then replaced the sensor. CEL gone and didn’t come back after test drive. Proud of myself. ",reddit,MechanicAdvice,DePlayaConSal,1,3,reddit.com,https://www.reddit.com/r/MechanicAdvice/comments/1tg16q6/39_diy_fixed_p0017_shop_wanted_8001500_to_replace/
2026-05-17 20:40:49,Oil pan leak i hope.,I just did the rear main and oil pan on my 92 about 500 miles ago. Yesterday when I was driving around it started pouring smoke out from underneath and the entire underside was coated in fresh oil. I lost about 1/2 quart of oil. Crawled under there and I'm hoping this is the source. It looks like the back part of the gasket isn't in the right place. Note\* This is after i took the two bolts and strap that goes across the back side of the pan. I'm really hoping I dont have to do a rear main again. ,reddit,CherokeeXJ,Phineas_T_Birch,1,0,reddit.com,https://www.reddit.com/r/CherokeeXJ/comments/1tg16cq/oil_pan_leak_i_hope/
2026-05-17 20:40:19,Oil pan leak i hope.,I just did the rear main and oil pan on my 92 about 500 miles ago. Yesterday when I was driving around it started pouring smoke out from underneath and the entire underside was coated in fresh oil. I lost about 1/2 quart of oil. Crawled under there and I'm hoping this is the source. It looks like the back part of the gasket isn't in the right place. Note\* This is after i took the two bolts and strap that goes across the back side of the pan. I'm really hoping I dont have to do a rear main again. ,reddit,CherokeeXJ,Phineas_T_Birch,1,0,reddit.com,https://www.reddit.com/r/CherokeeXJ/comments/1tg15va/oil_pan_leak_i_hope/
2026-05-17 20:40:02,Oil pastel doddling.,,reddit,Oilpastel,Aggravating_Pair_496,3,0,reddit.com,https://www.reddit.com/r/Oilpastel/comments/1tg15md/oil_pastel_doddling/
2026-05-17 20:38:52,Oil change woes,I got fuel in my oil when my o ring blew so I changed the oil. I found this in my pan does anyone recognize these plastic pieces or have an idea of what they could belong to 😂,reddit,mk6gti,stolenMk6,1,0,reddit.com,https://www.reddit.com/r/mk6gti/comments/1tg14iu/oil_change_woes/
2026-05-17 20:38:12,Rear Differential Oil Seal Leak?,"2008 Toyota Rav4 3.5L V6 4wd (realtime 4wd) 

Looking to replace my “rear differential side gear shaft oil seal”. From what I found that should solve the leak in the first photo. 

My main question past correct diagnosis is that in the manual I found it has you remove the exhaust and differential sub assembly. 

However 

https://m.youtube.com/watch?v=j-VcUUp9cQY&ra=m

I found a youtube video and he seems to remove it by removing the axle from the hub and then tapping out the driveshaft. 

If possible I’d like to avoid taking off the exhaust and dissembling the differential. Which would be easier? I also have some suspension work I want to do (upper control arm, coil spring, shock absorber). 

Also is a seal puller needed for this job? I found some cheaper ones on amazon. For instillation of the seal i have seen videos where they just use that sized socket. 

 ",reddit,MechanicAdvice,Lopsided_Comfort4058,1,1,reddit.com,https://www.reddit.com/r/MechanicAdvice/comments/1tg13wp/rear_differential_oil_seal_leak/
2026-05-17 20:37:54,Trump’s Hormuz Bluff Just Collapsed,"Right, so China-linked ships are now moving through the Strait of Hormuz after dealing with Iran, and Donald Trump’s whole control act has taken another punch to the face. He went to China talking about reopening the world’s most important oil lane, talking as though Washington and Beijing were going to put Iran back in its box, and then the ships that actually moved did not move because Trump pulled a King Canute and shouted at the sea. They moved after Tehran agreed to their passage under Iranian management rules. That is the bit that cuts through all the noise, because Trump can call it freedom of navigation, he can name another operation, he can stick a bit of bunting on a naval escort plan and call it strength if he likes, but cargo does not move through Hormuz because of a slogan. It moves when the people controlling the water allow it to move. China understood that quickly enough. Trump is still trying to sell the opposite with the confidence of a man trying to pull rank on a locked door.

Donald Trump’s claim of leverage has run straight into the one thing he cannot spin: the traffic. The White House line after his meeting with Xi Jinping was that both leaders agreed the Strait of Hormuz had to remain open for the free flow of energy, and of course it did, because there is no leader on Earth who is going to stand in front of cameras and say, actually, let’s keep one-fifth of the world’s oil and gas traffic under extreme pressure for fun. But the Chinese readout did not hand Trump the clean victory lap he wanted, and that is where the smile starts to slide off the orange balloon. China did not need Trump to explain that oil lanes matter. China needed its ships to move, and the report from Iran’s side says those ships moved after requests from China’s foreign minister and China’s ambassador to Iran. So Trump gets the statement. Tehran gets the request. China gets the passage. The balance of embarrassment there is not difficult therefore, unless your job is to pretend a photo-op can steer a tanker.

Abbas Araghchi, Iran’s foreign minister, has now put the Iranian position in language even Trump should be able to understand if someone writes it in felt tip. Iran says the Strait is not simply closed, because friendly and commercial vessels can pass if they coordinate with Iranian naval forces. Iran says restrictions apply to enemies and those aligned with the war being waged against it. The key phrase there is coordination, because that is the word polite officials use when they do not want to say the word permission too loudly. A ship owner does not coordinate with an authority it can ignore. A state does not ask for managed passage from the force it thinks has lost control. China-linked vessels have moved because Tehran has allowed a route of passage under Iranian rules, and that leaves Washington trying to argue about freedom while somebody else is operating the gate.

Benjamin Netanyahu’s place in this mess is not secondary either. Netanyahu wanted Iran isolated, weakened, boxed in, and forced back from the regional levers Israel has spent years obsessing over. What he has helped produce instead is a situation where the Strait of Hormuz, that narrow waterway between Iran and Oman through which about a fifth of global oil and gas transit passes, is no longer being treated as a neutral lane that Washington can simply order open. Iran sits on the northern side of that waterway. Iran has naval forces there. Iran has now turned that geography into a set of conditions other states have to factor in before shipping moves. We all know this by now surely don’t we? Netanyahu wanted pressure to remove that Iranian leverage, but his pressure on this score is worth about as much as a Eurovision vote from an Israeli bot farm.

Ebrahim Azizi, the chairman of Iran’s parliament National Security and Foreign Policy Committee, has now taken this beyond rhetoric and into administration. He says Iran has prepared a professional mechanism to manage traffic through a designated route in Hormuz, with fees for specialised services under that system. He says only commercial vessels and parties cooperating with Iran will benefit from it. And he says the route will remain closed to operators of Trump’s so-called freedom project. That is not Iran throwing a tantrum at sea. That is a route, a fee, a cooperation test, and an exclusion list. It is the sort of dry, bureaucratic wording that makes officials look very serious while they are quietly kicking Washington in the shins under the table.

Trump’s problem is that his own counter-system has started looking like the thing being countered. The United States has enforced a blockade targeting Iranian maritime traffic since April, after the Pakistan-brokered ceasefire failed to produce a lasting settlement, and its military has boasted about redirecting dozens of commercial vessels and disabling others to enforce compliance. That is supposed to look like command, because Washington always wants you to mistake disruption for control. But disruption and control are not the same thing. If all you can do is stop ships, divert ships, threaten ships, and make everyone else nervous about ships, while Tehran is the side saying which ships can move under which conditions, then you are not running the route. You are making a very expensive mess beside it.

So where’s the proof of concept in all of this then? Let’s have an example shall we? Well let’s take the Yuan Hua Hu. This is a Chinese supertanker carrying around two million barrels of Iraqi crude, and shipping data showed it leaving the Strait of Hormuz after being stranded inside the Gulf for more than two months. It was reported as the third known Chinese oil tanker passage through the Strait since the US-Israeli war with Iran began on February the twenty-eighth. It is the material answer to Trump’s bluff. A tanker does not care who looked confident in Beijing. A tanker cares whether there is a route, whether the route can be insured, whether the cargo can pass, whether the authorities on the water will interfere, and whether the people claiming control can actually make the movement happen. All roads lead to Iran.

Iranian officials have described ships as needing to submit details in advance, including ownership, cargo, route, destination, and timing, before waiting for their approval. That turns the Strait into a practical permissions desk, not a debate club. A ship becomes a file. A file gets checked. The route gets approved or blocked. That is the boring part of power, but it is also the part that matters, because power is not always the explosion or the press conference or the aircraft carrier shot to bits at sunset for people who think geopolitics is a movie trailer. Power is the form you have to fill in before your cargo gets to move.

Washington is trying to fight that paperwork war therefore with paperwork of its own. A Bahrain-led resolution backed by the United States has gathered 112 co-sponsors at the United Nations, calling for freedom of navigation, protection of commercial shipping, and safety of seafarers. On paper, that sounds like the world lining up behind Washington. On the water, that paper still does not move cargo. The earlier version was vetoed by China and Russia, both have voiced reservations about the new draft, and Iran is demanding that any settlement recognise its authority over the Strait as part of a wider deal, because the Strait of Hormuz is not international water. So Washington can gather signatures, Qatar, Saudi Arabia, Kuwait, India, Japan, South Korea, Kenya, Argentina and most European Union member states can all appear in the diplomatic column, but the ship owner still has to ask Iran whether their vessel gets to move.

The European angle, if Iranian state television reporting is borne out, makes the humiliation even clearer. This report says unnamed European governments have opened direct channels with Tehran to discuss safe passage, focusing on approval from the Revolutionary Guard Navy commanders enforcing the route. A caveat is needed here because the governments have not been named, and anonymous European capitals could equally be non existent, but equally if they’ve signed Washington’s begging letter, they might not be very keen to have their names published on this. But the political direction is hard to miss. Publicly, Europe can stand in the freedom-of-navigation queue. Practically, if ships need approval from the force actually controlling the water, then the conversation moves to the force controlling the water. You can issue a statement from New York and still have to make a call to Tehran.

South Korea’s position adds another useful bit of real-world pressure because it shows how legal objection and practical exposure can sit in the same chair. Seoul has objected to Iran’s reported fee plan and described it as effectively blocking the waterway, while the shipping problem itself leaves vessels, crews, oil, insurance, and route planning stuck inside the consequences of Trump and Netanyahu’s war. That is the difference between saying a rule should not exist and being able to ignore it. A government can reject the principle and still have ships caught in the practical conditions created by that principle. Trump’s allies can object all they like, and many of them will, because nobody wants to admit a rival state has turned a handy bit of geography into leverage. Their vessels still need a way through the narrow strip of water where the leverage operates.

The seizure reports add the enforcement side of the same system. Iranian state television has reported a foreign tanker carrying 450,000 barrels of oil was seized after allegedly violating Iranian economic regulations, disrupting the country’s economic order, altering visual markings, and concealing its true name. The ship still needs careful identification before anyone should build a whole separate story around its flag, ownership, or political alignment. But as a control signal, the report fits the same pattern: approved ships move, unapproved ships wait, and ships accused of hiding who they are risk being taken into Iranian hands. All of this we are seeing being borne out.

And then there is the trust issue Iran has with Washington just hardening the picture. Abbas Araghchi’s line about the lack of trust with Washington sits underneath all of this because the sea lane is now tied to the negotiations. Iran says it has no trust in the United States, says contradictory American messaging has made diplomacy harder, and says the end of the war and the lifting of the blockade are the conditions around which the wider settlement has to move. Washington wants Iran to surrender the very leverage that the Strait is now proving in public. Tehran is saying the war must end, the blockade must be lifted, and its authority over Hormuz must be recognised. Trump wants a deal that looks like submission. Iran is offering a route that looks like management. Those two positions do not meet basically because Trump is throwing a paddy and wants a big fat lovely headline.

Netanyahu’s political burden is that this is not the crisis Israel promised its supporters would emerge from. Israel’s argument has always relied on making Iran look surrounded, brittle, penetrated, overmatched, and one more shove away from strategic humiliation. Instead, Iran is sitting on the waterway through which a fifth of global oil and gas flows and using the crisis to make other states deal with it more directly than they ever had to before. That does not make Iran invincible, but it makes the Israeli war aim look stupid in exactly the way failed overreach always looks stupid: the thing they wanted to destroy has become the thing everyone has to talk about and negotiate with and pay up to.

China’s role here is not sentimental, because Beijing is not doing this out of some heroic anti-imperial kindness, and anyone trying to sell it like that should probably be made to sit down with a cold flannel. China wants energy security, stable routes, and influence over a crisis that affects its own supply. The same as every other state. It is a state acting in its own interests, as states tend to do when they are not being written into fairy tales by people with flags in their usernames. But that is exactly why the humiliation lands on Trump. China did not need to be Iran’s best friend for this to matter. It only needed to decide that the practical route ran through Tehran rather than through Trump’s ego, more humiliating for Trump due to his state visit to China coinciding and that decision now sits on the water in the shape of whose ships are moving.

Trump’s freedom project now looks like one of those expensive American ideas that sound much better before reality starts asking for proof of purchase. The plan was to escort ships through the Strait as if the United States could muscle the lane open, but Iran’s response has been to name a rival system with its own route and its own cooperation test. Operators of that American project are explicitly excluded under the Iranian mechanism described by Azizi. So the word freedom is doing its usual amount of heavy lifting, which in Washington’s case is often somewhere between a fig leaf and a warning label. Freedom for whom? Freedom under whose escort? Freedom through whose water? Freedom until whose navy says no? Those are not philosophical questions when the tanker is insured, crewed, loaded, and waiting.

The insurance, shipping, and finance layers are where the rhetoric gets stripped down to cost. A vessel moving through Hormuz is not just a ship with a flag on it. It is cargo, credit, contracts, crew, fuel, port schedules, insurance cover, and risk assessments. If Iran’s cooperation becomes part of that chain, Washington cannot simply argue it away by saying the words international waterway in a very serious voice. The US Treasury can threaten sanctions exposure around tolls and payments, banks can refuse to process, insurers can hesitate, and shipping firms can reroute, but every one of those actions accepts the same underlying fact: Iranian permission has become a commercial variable. Once permission becomes a variable, it sits in their spreadsheets and nothing anyone says in protest, including the orange man baby can change that.

The opening claim from Trump and Netanyahu was that pressure would put Iran in a weaker position. The practical result is that states and shippers are now having to calculate Iran’s position before they act. It has been strengthened enormously. The United States can still bomb, blockade, sanction, and threaten. Israel can still push for escalation, issue another warning, and pretend every new fire is part of an immaculate strategy rather than a crisis being kept alive because Netanyahu has nowhere safe to land politically. But China-linked vessels have moved through the route under Iranian management rules. Iran has announced a designated mechanism. Friendly states are being told they can coordinate. Hostile ones are being told the doors are closed. That leaves Washington and Tel Aviv with fewer options and more visible costs, all passed on to the great American taxpayer, all thanks to Israel and the idiot in the White House who can’t say no to them.

The old American performance depended on everyone accepting that the US navy was the answer to every maritime question. Hormuz has just made the question much nastier for them: what happens when the biggest navy can disrupt the lane, but the state on the shore can decide which commercial traffic gets the safer route? Trump wanted the Strait to be a stage for American command. Netanyahu wanted the war to grind Iran down until its regional leverage looked finished. China’s movement through Iranian-approved passage has done the opposite. It has shown the world that the power to shout “open” and the power to grant passage are not the same thing. Trump did not lose Hormuz because one tanker moved. He lost it because the tanker showed who had to be asked, and the answer was not him.

The US isn’t the only nation right now that Israeli actions are causing a massive headache for, as Netanyahu’s big mouth has just dropped the UAE into a whopping great war crimes shaped hole it was hoping wouldn’t get out, so find out more about that story right here.

Please do also hit like, share and subscribe if you haven’t done so already so as to ensure you don’t miss out on all new daily content as well as spreading the word and helping to support the channel at the same time which is very much appreciated, holding power to account for ordinary working class people and I will hopefully catch you on the next one. Cheers folks.",reddit,u_KernowDamo,KernowDamo,1,0,reddit.com,https://www.reddit.com/r/u_KernowDamo/comments/1tg13me/trumps_hormuz_bluff_just_collapsed/
2026-05-17 20:37:24,Etsy Shop,"Hey guys, I would be grateful if you guys took a peak at my new Etsy shop. I sell handmade jewelry, soaps, oils and a few cool crystals. 

https://www.etsy.com/shop/ZoesCelestialWonders 

Thanks everyone for looking ",reddit,Crystals,Ileikfrogs98,2,0,reddit.com,https://www.reddit.com/r/Crystals/comments/1tg136n/etsy_shop/
2026-05-17 20:37:05,Anyone running their oil fired central heating boiler using Tapo?,"Hi, I'm very new to this and looking at options for adding some smart features to my place. I really like the variety of things Tapo offers and in particular I hope to buy motion and door sensors, as well as a door camera. 

But right now what I really need is something to smart-ify my heating controls and I can't see any nice option from Tapo. Can anyone share what they have done? (preferably using only this platform and not using an integration with Home Automation or any others) 

Currently the heating is controlled by a very simple and old analogue APT clock timer.",reddit,Tapo,Adept_Razzmatazz1145,1,0,reddit.com,https://www.reddit.com/r/Tapo/comments/1tg12w0/anyone_running_their_oil_fired_central_heating/
2026-05-17 20:36:48,Forgot to order the OEM Toyota filter I usually use for my more recent oil change.,Had to settle for Carquest brand instead. Be honest is it crap or no? 2016 BRZ.,reddit,ft86,gray_burger,2,1,reddit.com,https://www.reddit.com/r/ft86/comments/1tg12lw/forgot_to_order_the_oem_toyota_filter_i_usually/
2026-05-17 20:36:33,Are there any discounts on scented novelty candles right now?,"I've sold candles for over a decade on Etsy, and I’ve tried hundreds of scents. The WORST was ""Fresh cut grass!"" Smelled like a lawn mower! Popular sellers are ""Tomato vine"" and ""Leather + tobacco."" Years ago a customer wanted a ""rain on asphalt"" scent so I made a batch with ozone and petrichor oils and it sold right out! (I buy plain unscented wax melts off Alibaba.com... and mix oils into batches to test!) I have so many questions!! Have any of you made wood wick candles? Do they crackle like a fireplace? What dye is safest with soy? I heard that stearic acid can help with fragrance throw so is that true? How to avoid ‘sinkholes’ for a smooth top?",reddit,scented_novelty,AutoModerator,1,0,reddit.com,https://www.reddit.com/r/scented_novelty/comments/1tg12dh/are_there_any_discounts_on_scented_novelty/
2026-05-17 20:36:16,dog bone pizza,"YUMMY YUMMY YUMMY YUMMY!!!!

it actually was Very Yummy :3  it didn’t look circular it was like a rectangle so i just made it into a dog bone :3 no sauce, just dough and olive oil with mozzarella and pepperoni + oregano",reddit,traaaaansbiansCooking,slushanddusk,8,2,reddit.com,https://www.reddit.com/r/traaaaansbiansCooking/comments/1tg123w/dog_bone_pizza/
2026-05-17 20:35:30,"Random Madness - Breakfast May 17, 2026","Hey Fit People!

So today for breakfast, I tried something different.  I saw this recipe on TikTok called Tomato Egg Stirfry.  It's super easy!  I had to make some changes (OFC) because I didn't have everything that I needed.

Actual recipe video at the bottom.

**Ingredients:**

* 2 cups of chopped tomatoes
* 1 large egg (I used an Omega 3 egg)
* 2/3 cups egg white
* 1 cup cooked white rice (I had some left over from last night)
* 1tsp Hoisin or Oyster sauce (I used Hoisin)
* 1 tsp Soy sauce (I use low sodium)
* 1 tsp sugar (actual recipe calls for 2 tsp)
* 2 tbsp ketchup
* 1/4 tsp white pepper
* 1/4 tsp MSG

Now the actual recipe uses green onions (spring onions) but I didn't have any, so I used:

* 5 tbsp green pepper
* 5 tbsp red onions

That was it!

The actual method I used is identical to what's shown in the video... oh, one more exception.  I did not scramble the eggs.  I made a rose egg and had it with that.  I will share that video with you as well (something I found on RedNote).

When all is said and done, this recipe works out to 747 calories -- a little high for breakfast, but it is very filling.

Carbs are high from the tomatoes and rice, coming in at 133g with 2.5g of fibre and 15.8g of sugar.  I feel you could not add the sugar to the recipe as the ketchup is sweet enough, but I always like to try a recipe the way its intended the first time.

The ketchup adds about 7.5g of carbs (and 6.8g of sugar) and the actual sugar adds only 4.2g of carbs (of which 100% is sugar, LOL).  So combined they don't add a lot but it sweetens the dish more that I actually liked.

The tomatoes are naturally sweet and came in at 56.5g, and the rice came in at 53.2g.  

Now you may think this isn't bad -- and honestly, for most it's probably OK however I am Type 2 Diabetic so I really need to watch my carbs.

Anyway onto pictures, video and recipe from the creator!

**My Pictures**

[Cooking the red onions and bell pepper](https://preview.redd.it/esn9uq1qcr1h1.png?width=878&format=png&auto=webp&s=71cb75816228103edad7b93fa8252322e5ba2bc1)

[Added tomatoes when it was time](https://preview.redd.it/fe33msjvcr1h1.png?width=896&format=png&auto=webp&s=f84ecfee4400adae96ad9064d1674e30b7367716)

[Added the sauce](https://preview.redd.it/gfwhl9izcr1h1.png?width=894&format=png&auto=webp&s=3bd1aa335652c54adfb2e6eb6c19a0bef3e5820d)

[Rose Egg](https://preview.redd.it/tvy2v2s1dr1h1.png?width=893&format=png&auto=webp&s=f5603f9b0dc26fe06188200b1e4cb9a20154c9ab)

The egg is a bit raw still, so I did turn it over to cook it a little more.  I added Persian chives to the egg (absolutely LOVE the taste of Persian chives, they are also much larger than regular chives).

[Done and dusted!](https://preview.redd.it/915h6no8dr1h1.png?width=896&format=png&auto=webp&s=f5f9530034211e621258b721b16bc617b4c415c9)

Finally done, and dusted!  It was really good!!!

**Original Recipe**

Find the full written recipe on [https://provecho.co/platform/recipe/XRLd2IvmF6UMPc5dplBN](https://provecho.co/platform/recipe/XRLd2IvmF6UMPc5dplBN)  
  
Ingredients  
\* 4 eggs  
\* Salt to taste  
\* Neutral oil  
\* 2 scallions(sliced)  
\* 3 tomatoes(cut into chunks)  
\* 4 tbsp water  
\* 1 tsp soy sauce  
\* 2 tsp oyster sauce  
\* 2 tsp sugar  
\* 2 tbsp ketchup  
\* 1/4 tsp white pepper  
\* 1/4 tsp msg  
\* 1 tsp sesame oil

https://reddit.com/link/1tg11bt/video/sievb9ghcr1h1/player

",reddit,selfaccountable,throwawayaccount931A,1,0,reddit.com,https://www.reddit.com/r/selfaccountable/comments/1tg11bt/random_madness_breakfast_may_17_2026/
2026-05-17 20:34:43,Profile review,"Profile:

GEM

10th : 92%

12th : 89%

BTech : 81% (8.64 CGPA)

Work-ex:

11 months as Maintenance Engineer in a Oil & Gas company

1 yr 10 months ( current ) in Consulting firm - Might get laid off in 3-4 months due to project end

How much percentile for BLACKI ?",reddit,CATPreparationChannel,Spirited_Comedian_72,1,1,reddit.com,https://www.reddit.com/r/CATPreparationChannel/comments/1tg10lz/profile_review/
2026-05-17 20:34:23,What am I missing?,"Southland edger. Was given this by family and looks in great shape but I can’t get it to start for the life of me. Drained the old gas and filled up with fresh gas. Oil level looks good after draining and re-filling. Air filter looks good and spark plug does as well.

Any ideas what to troubleshoot next? Any help would be GREATLY appreciated, I’m lost 🙏🏼 ",reddit,smallenginerepair,MoistAbuelita,1,2,reddit.com,https://www.reddit.com/r/smallenginerepair/comments/1tg10a4/what_am_i_missing/
2026-05-17 20:34:13,Am I cooked?,Went to get some new tires put on and while the car was on the lift i wanted to have a good look at the undercarriage and found this… Looks like the upper oil pan is JB welded? I also did the valve cover a month ago so maybe so old oil residue form that or did my replacement fail idk,reddit,G37,FormalRaspberry8301,1,0,reddit.com,https://www.reddit.com/r/G37/comments/1tg104k/am_i_cooked/
2026-05-17 20:32:51,Is the Wacom intuos small ($40-50 version) good enough for Blender asset creation for UE5?,"So I'm an artist that traditionally makes 2d art. Typically on canvas with oil paints, but I took a deep dive into UE5 and it's pretty damn cool (although a bit frustrating) . Now, since I've made professional artwork before and know a lot about painting in 2d, I figured I'd dive into blender to make characters and other assets. I also have a blender mcp for my command line claude code interface, so I can just use the mcp to create simple stuff fast and then fix it  with my Wacom intuos pad or mouse and keyboard.

Do you guys ever find yourself needing a Wacom intuos pro or even the ultra expensive Wacom Cintiq pro?? I'm specifically using it for asset creation. Maybe some animations that I can't do in UE5",reddit,gamedev,KnightofAmethyst2,0,5,reddit.com,https://www.reddit.com/r/gamedev/comments/1tg0yuy/is_the_wacom_intuos_small_4050_version_good/
2026-05-17 20:32:38,Why LNP Premier David Crisafulli is claiming Stafford byelection a victory despite Labor holding the seat,"You would be mistaken for thinking Queensland’s Liberal National Party had won the state byelection that took place on Saturday, given the ebullient mood Premier David Crisafulli was in the next morning.

Crisafulli declared it a “glorious morning in Brisbane, a fresh start even”, when he addressed journalists on Sunday.

Queensland Premier David Crisafulli, pictured with a voter at a polling booth in Stafford, where the LNP made surprise gains. AAP

The pep in his step came from a bigger-than-expected swing towards the LNP at the weekend’s state byelection in Stafford, an electorate in the northern suburbs of Brisbane that had previously been safe Labor territory.

After a 4 per cent swing to the LNP on a two-party preferred count, and a surge in the party’s primary vote, on Sunday Labor candidate Luke Richmond was on track to win the seat by less than 800 votes.

Little wonder that Crisafulli was chalking it up as a win. The result has given the LNP a boost of confidence that they’re making inroads in south-east Queensland and with voters they failed to win over at the [2024 election](https://archive.md/o/bVDSO/https://www.afr.com/politics/labor-s-loss-in-queensland-reveals-a-problem-for-albanese-20241025-p5klg3).

It is also a welcome slice of good news for the Coalition brand after the [party’s thrashing at the byelection in the federal seat of Farrer](https://archive.md/o/bVDSO/https://www.afr.com/politics/federal/one-nation-surges-to-victory-in-farrer-byelection-20260509-p5zvb9) a week ago and its [poor showing at a byelection in the Victorian state seat of Nepean](https://archive.md/o/bVDSO/https://www.afr.com/politics/bitter-victory-why-the-victorian-libs-have-little-to-celebrate-20260503-p5zt7p) in early May.

Against the backdrop of a “massively underperforming” federal Coalition, the LNP’s success in Stafford was an encouraging result, said Tony Barry, a director at polling firm RedBridge and a former Liberal adviser.

The Queensland byelection was prompted by the death of Stafford MP Jimmy Sullivan in April, following a series of personal hardships. Sullivan was elected as a Labor MP in 2020 but was ousted from the party in 2025 and continued representing Stafford as an independent until his death.

Given the electorate – which skews heavily towards high-paid, university-educated professionals – has voted Labor in all but one election since 2001, the LNP had gone into Saturday’s contest saying they weren’t expecting a win.

But as polling got underway, the mood on the ground shifted. Volunteers and party members began feeling optimistic, encouraged by the reception they were getting across the polling booths.

With more than three-quarters of votes counted by Sunday afternoon, Richmond was leading with 51 per cent of the preference vote, prompting Labor to claim the win.

But Labor appears to have lost a large chunk of the primary vote, securing just 31 per cent of first preferences, down from 39 per cent at the 2024 state election. Meanwhile, the LNP secured nearly 41 per cent of the primary vote, representing a 2 per cent swing towards it.

“The result on Saturday night showed that Crisafulli and \[Treasurer David\] Janetzki might be changing that structural problem with the Coalition vote, insofar as being far more competitive in urban seats,” Barry said.

It bodes well for the LNP’s strategy to use its state 2024 election win, when it gained double-digit swings to secure regional seats, as a beachhead to make gains in urban seats at the next election.

It also proved that Crisafulli’s simple mantra to just “be normal” – something he is said to have repeatedly told his cabinet – was working.

“Him and Janetzki are focused on bread and butter issues, they don’t get distracted by the latest cultural war or litmus test issue. They focus on kitchen table economics and communicating shared values to the electorate,” Barry said.

The absence of One Nation – which chose not to run in Stafford because it was contesting byelections elsewhere [such as in Farrer](https://archive.md/o/bVDSO/https://www.afr.com/politics/federal/repeat-of-farrer-by-election-in-2028-could-equal-zero-coalition-mps-20260510-p5zvd3) – likely put the LNP in a stronger position.

“It’s hard to not conclude that they would have performed fairly well in Stafford, but also Crisafulli would have been a far tougher opponent for them to have tapped into grievance and frustration with the political process,” Barry said.

Queensland Labor opposition leader Steven Miles and Stafford candidate Luke Richmond, after their narrow byelection win. Matt Dennien

Both major parties put significant resources behind their campaigns but their approaches were markedly different.

The LNP campaigned on state issues, primarily a push to return to [onshore oil drilling and refining](https://archive.md/o/bVDSO/https://www.afr.com/politics/federal/the-numbers-on-getting-back-into-fuel-refining-don-t-add-up-experts-20260505-p5ztrw) in response to the Iran war. Labor focused on electorate-specific issues and a claim that the LNP government had cut 93 beds at the local Prince Charles hospital – something it denies.

On Sunday, Crisafulli said his party had been “driven by delivery, not ideology” and said other conservative parties could follow the same path.

“I’m confident that the same formula that we are conducting ourselves with can be a formula that centre-right governments across the globe can do,” Crisafulli said.

As for Labor opposition leader Steven Miles, the byelection result showed he had “passed his use-by date”, Barry said.

Miles on Sunday denied his leadership was untenable, saying the byelection was “a win for Labor and a win for Luke Richmond”.",reddit,AusNewsWire,Nyarlathotep-1,1,0,reddit.com,https://www.reddit.com/r/AusNewsWire/comments/1tg0yn7/why_lnp_premier_david_crisafulli_is_claiming/
2026-05-17 20:32:27,Coolant leak?,"Hi guys, I went with my girlfriend to get her oil changed today, and they told her about a coolant leak.    
Her bronco only has 8,000 miles on it and she’s had it for about 3 years.  
I took some photos of where it’s spraying and where I suspect the leak to be. If anyone has had any similar experience please let me know what you did.   
I’d like to think I’m mechanically handy but I don’t know anything about these fords. (I’m a Toyota guy hehe ) so I’m asking the professionals.   
Thank you ",reddit,FordBronco,Silent-Beautiful-761,2,0,reddit.com,https://www.reddit.com/r/FordBronco/comments/1tg0yg7/coolant_leak/
2026-05-17 20:32:15,Subaru 2018 Legacy 2.5L Transmission Fluid,"My buddy mentioned that Subaru and many other brands get their oils from Idemitsu, he recommended I buy Idemitsu CVTF Type SB2, which is about half the price of the local subaru fluid, claims it's the same stuff at half the price. 

[https://www.amazon.com/Idemitsu-Transmission-Fluid-Type-SB2-5qt](https://www.amazon.com/Idemitsu-Transmission-Fluid-Type-SB2-5qt)

What do you all think? Also on a side note what's the best place to buy the Subaru CVTF-II?

",reddit,subaru,Lost_Now_Found,2,1,reddit.com,https://www.reddit.com/r/subaru/comments/1tg0y9k/subaru_2018_legacy_25l_transmission_fluid/
2026-05-17 20:31:40,CPAP nasal pillow air leaking,"Just started using my CPAP a couple months ago with nasal pillows. For the first couple of weeks I was able to wear it for 6-8 hours a night and felt well rested for the first in a long time. 

But for the past few weeks my nasal pillows have been leaking without fail after 2-3 hours. It’ll wake me up at night and how matter how much I try to adjust it stays leaking.  

I’m not sure what’s changed, (headband got loose, mask worn in?) I have a deviated septum so it seems to only leak out my left nostril. Wondering if I should try a different type of mask but trying to get the nasal pillows to work first since they worked when I first got them. 

I wash face at night for oils and clean my mask every night, not sure what else to try. Looking for advice. ",reddit,CPAP,hsn407,2,4,reddit.com,https://www.reddit.com/r/CPAP/comments/1tg0xq2/cpap_nasal_pillow_air_leaking/
2026-05-17 20:31:36,"ROV Pilot vs CFD Engineer: Two completely different careers, one guarantees extreme financial security and generational wealth while the other I enjoy more but involves more risk and less pay, how do I take a decision without feeling absolutely miserable in this?","TLDR; if you had to choose between very good 2 careers please give an advice because I'm going through something similar. Or if you give good career advices in general.  
  
I'm a 29 mechanical engineer and I've been working as an ROV Pilot/Technician for 2.5 years. It's extremely satisfying financially that a junior ROV Pilot can make more than a senior software engineer where I come from because it's USD based. When you become a senior or supervisor you start making insane amount of money that I never dreamed of.  
  
The job on the other hand involves physical work; oil, grease, maintenance, sometimes working in the cold/hot sun, while another days you just fly the ROV in the control unit and it's chill and enjoying. You have a crew that got your back, you work together and sometimes fool around which is often nice, on some other job assignments you have weirdos or just unpleasant people working with you 24/7 for a whole month. You get to work for a month on/month off but mostly it's on-call and you never know when exactly you're back on the drill ship. 

I spent 2 years doing this and I was questioning the career from day 1. I hated it the first year but the second year I started getting better at it, sometimes enjoyed it. But I was always scared that this will lead to a fractured family when I'm always working offshore and leaving my future wife and kids (who do not even exist yet, I'm single). So I started applying abroad for a MSc degree in Computer Simulation (CFD specialization), which is a field I always loved in college and actually worked in for 9 months before doing this ROV thing.

  
I got accepted in a Computer Simulation MSc program in Germany and I now have a job as a working student (part-time job, it helps you gain experience along studying for your degree). The job is super comfy, on a desk, and sometimes from home, you get to do very interesting engineering analysis that includes fluid mechanics/physics and I've always loved science so it's very close to what I wanted. However, the German market is so tough and I often see people finishing their degree and not finding a job. Also, I do not want to do PhD and academia because I feel like I'm exhausted and I want to settle as fast as I can in a fulltime.

I have no idea how to tackle this. Some days I feel like I'm making progress now that I finished a semester and secured a working student job that will probably last till I finish my MSc, while some other days I miss being financially secure in my home country, having VERY long days off in which I can literally do whatever I want, even travel for a vacation and so on. I'm quite scared that I might regret leaving such money and career but also what if I leave that Germany opportunity and regret it also? Specially that my home country is a third-world and rich people live in gated compounds and they raise their kids in a bubble. I am honestly super confused and I need advice from anyone who can confidently share a similar experience or a genuine opinion on this. I have an opportunity to get back to the ROV and that opportunity won't last for long, I was given a chance from my old company to consider what I'm doing now and I maybe have 1 month to take that decision. ",reddit,careerguidance,No_Confusion4948,1,0,reddit.com,https://www.reddit.com/r/careerguidance/comments/1tg0xoa/rov_pilot_vs_cfd_engineer_two_completely/
2026-05-17 20:31:18,Where to mount rodent repellers in engine bay?,"Unfortunately, rats have decided to make my 2019 Accord 1.5T engine bay their home. I've tried essential oil sprays, but they only work so well, and I still occasionally find their droppings and food they bring on and around my engine.

I've purchased a pair of small battery powered ultrasonic noise rodent repellers (and they have flashing lights too). It's two of [these](https://i.imgur.com/C6NPJQm.jpeg).

Does anyone know a good place to zip tie them in place inside the engine bay? I'm trying to figure out they can be

* (1) securely mounted
* (2) effectively pointed to inside the engine area
* (3) away from any part that may get hot when the engine is in use.

Thanks in advance!",reddit,MechanicAdvice,TrainFan,1,2,reddit.com,https://www.reddit.com/r/MechanicAdvice/comments/1tg0xda/where_to_mount_rodent_repellers_in_engine_bay/
2026-05-17 20:31:04,[In Progress] [5.4k] [Horror/Romance] A Summer of Oil and Bone,"Knox, a young man leaving his life in Atlanta behind, flees to rural Minnesota to work at a wildlife rehabilitation center. As he bonds with the staff and begins building a new sense of family, a grotesque creature of oil and bone emerges from the surrounding wilderness. While the creature terrorizes the local community, Knox and his friends must discover what created the creature before it destroys them all. 

LGBTQ+, Found Family, Supernatural, 18+ 

This is my first novel! I'm finished through act 2, and would like feedback as I revise before plunging into the final two acts. I would love to swap, or just receive feedback. I'm looking for advice with pacing, tone, and overall quality. I don't really have a timeline. ",reddit,BetaReaders,Dull-Web9211,1,1,reddit.com,https://www.reddit.com/r/BetaReaders/comments/1tg0x42/in_progress_54k_horrorromance_a_summer_of_oil_and/
2026-05-17 20:30:47,Stretch the meme so thin that it would liquify in a pan with a little bit of oil,,reddit,okbuddycinephile,ThySlyGuy,3,2,reddit.com,https://www.reddit.com/r/okbuddycinephile/comments/1tg0wua/stretch_the_meme_so_thin_that_it_would_liquify_in/
2026-05-17 20:30:45,"""eyebrows"" used to be just thin patch of fur: but now one is swollen and red: ringworm or stress?","Hi folks; 47M, hailing from Rwanda, where we don't have fancy medicines but do have some human creams like Candiderm and head cones. TLDR: swollen red patch above the eye, with hair loss. Male cat about 4 years old. 

The vet has said it could be ""pruritus"", which could be caused by food, environment, allergies, parasites, and recommended a cone to keep from licking, and then Candiderm to lower inflamation and prevent infection. We've heard that's not proven and the risk of the zinc and oils to a cat that licks it. 

The cat has always had what seems like thin hair for eybrows, but there's definitely a difference today, red irritation. Picture attached. I can afford to take this guy to the hospital or vet. 

  
Wondering, could it be excessive rubbing, stress, or maybe an fungal/bacterial infection, or injury from another cat? He lives with two brothers, and these guys do like to fight. Has been reintegrating for a few weeks after hospital visit for something else.

https://preview.redd.it/scvfnl89cr1h1.jpg?width=864&format=pjpg&auto=webp&s=bd9f7415994300294c084a4a50775f26049ce2ff

https://preview.redd.it/6u2bgl89cr1h1.jpg?width=1152&format=pjpg&auto=webp&s=6df35d1bd7a6977bb4eda7777dc03999d10b14b6

https://preview.redd.it/trk7rm69cr1h1.jpg?width=864&format=pjpg&auto=webp&s=e3feaa5b311cf83ff01d8c95f7ba6cfa9b81152e

  
",reddit,CATHELP,lets_go_2358,2,1,reddit.com,https://www.reddit.com/r/CATHELP/comments/1tg0wth/eyebrows_used_to_be_just_thin_patch_of_fur_but/
2026-05-17 20:30:24,Hydration is a game changer.,"For years I’ve assumed my hair is wavy. I knew my hair had a pattern, it wasn’t straight, but it definitely didn’t appear curly. Since I’ve started taking better care of my hair and emphasizing hydration, my pattern has come to life!

Routine:

Olaplex no. 4 curl & no. 5 curl shampoo and conditioner  
Olaplex no. 6 styling cream & olaplex no. 7 bonding oil  
I air dry my hair

Nizoral once a week, silicone scalp scrubber

And last but not least, a silk pillowcase. 

My mom and sisters always had beautiful curls, though most of them don’t embrace it, so I will",reddit,curlyhair,Remarkable-Cold-8581,12,1,reddit.com,https://www.reddit.com/r/curlyhair/comments/1tg0wgy/hydration_is_a_game_changer/
2026-05-17 20:30:22,Bottles from a privy in Australia,"Hi everyone,  
I wanted to share these bottles. These are from my late husband's collection. He told me they came from a privy discovered when he was building his house in Australia. My favorite thing about these is that there is a bit of opalescent oxidation on all of them.

I think my favorite is the long neck castor oil bottle. ",reddit,BottleDigging,MelissaYael,6,0,reddit.com,https://www.reddit.com/r/BottleDigging/comments/1tg0wf2/bottles_from_a_privy_in_australia/
2026-05-17 20:29:47,"My hair needs help, please","To be honest, I'm completely lost. I just want hair that doesn't look like this no matter what I try. The way the ends just go off in every direction. The slightest breeze makes it look like I just rolled out of bed, but any products I've tried all seem to be the same. They don't seem to do anything at all so I use a tiny bit more and then all of a sudden my hair is plastered to my head and greasy. There doesn't seem to be any in between. 

I always ask for advice whenever I go get me hair cut but everyone just says oh use this or that which I try (I've spent a ridiculous amount of money on products recommended by hair stylists) but to no avail. I'm assuming it's a skill issue on my part and I'm doing something wrong. I've watched so many YouTube videos trying to figure it out 

I'm trans with an unsupportive family, so I didn't have mom to teach me any of this stuff growing up, and I don't have any girly friends I can get to teach me. I don't even know what my own hair type is. I would describe it as fine, but I've had people comment about my hair being thick so I don't even know

In these pictures my hair was washed the night before and air dried. Only product is a small amount of hair oil. 

I'm not trying to have super glamorous hair or anything, I just want to not cry when I spend an hour trying to do my hair and something like this is the end result. I guess this is kinda more ranting/venting than anything, but I would really appreciate any advice. I'm even open to a completely different hairstyle as long as it's something that I can actually replicate on my own.",reddit,HairStyleAdvice,Maddies_Syn,2,3,reddit.com,https://www.reddit.com/r/HairStyleAdvice/comments/1tg0vu7/my_hair_needs_help_please/
2026-05-17 20:29:39,Air Fryer Potato Peels are a crispy and flavorful 3-ingredient,"I don’t mean to start drama, but you might never throw away potato peels again after this 😄🥔 I had a pile sitting on the counter and instead of tossing them, I seasoned them and threw them in the air fryer… They came out crispy, golden, and honestly taste like chips — maybe even better.

2 cups Potato Peels Peels from 2 pounds of Russet or Gold potatoes. About 4-5 medium sized potatoes

1 Tablespoon Olive oil Extra Virgin olive oil or Avocado oil

1/2 teaspoon salt

1/2 teaspoon pepper

1 teaspoon Seasoning I use a mix of 1/2 teaspoon garlic powder, and 1/2 paprika. Feel free to use your favorite spices and herbs.

Optional

1 Teaspoon Dried Rosemary or dried Thyme

Instructions

Scrub the potatoes thoroughly under cold running water. Use a vegetable brush if needed. Once cleaned, use a peeler to remove the skins. Try to get even peels for consistent cooking. Remember, thinner peels will become crispier. Rinse the peels under cool running water. This helps to eliminate the extra potato starch. Pat them dry with a cotton kitchen towel or paper towel.

Season. Toss the peels in a bowl with olive oil, salt, pepper, garlic powder, and any other seasonings of your choice. The beauty of making your own air fryer potato peels lies in the ability to customize the flavors. You can go simple with just salt and pepper. Or you can add spices like paprika, garlic powder, and rosemary.

Preheat and arrange the peels. Set your air fryer to 375°F (190°C) and allow it to preheat for 3 minutes. This step is crucial for achieving the perfect crunch. Spread the seasoned potato peels in a single layer in the air fryer basket. Avoid overcrowding to ensure even cooking. If you have a large batch, cook them in multiple batches for the best results. Overlapping peels can lead to uneven cooking and soggy spots.

Air fry. Cook the potato peels at 375°F (190°C) for 10-12 minutes. Shake the basket halfway through to ensure even cooking. Keep an eye on them during the last few minutes to prevent burning. The peels should be golden brown and crispy when done.

Oven Baked Potato Peels. Line your baking sheet with parchment paper to prevent sticking and to make cleanup easier. Spread the seasoned potato peels in a single layer on the baking sheet. Avoid overcrowding; give each piece space to crisp up properly.

Preheat your oven to 400°F (200°C). Once the oven is hot, place the baking sheet with potato peels on the middle rack. Bake for 15-20 minutes, checking halfway through to toss them around for even cooking. Keep an eye on them as baking times can vary depending on your oven and the thickness of the peels. You'll know they're ready when they turn a beautiful golden brown and are crispy to the touch.",reddit,airfryer,BobbyMarley1,70,8,reddit.com,https://www.reddit.com/r/airfryer/comments/1tg0vph/air_fryer_potato_peels_are_a_crispy_and_flavorful/
2026-05-17 20:29:30,"2014 accord EXL -165,000 miles - very bumpy/rattle when driving and wondering why 80% of the dashboard lights stay on all the time?","First time posting here- I have a 2014 accord exl 165,000 ish miles as my daily driver. I drive ALOT I live 2 hrs north ATL and have to drive to the city 2x a week. The car is driving okay, has lots of rattling/vibration but I think it’s due to the fact that I have lost a significant amount of the plastic under lining from hitting pot holes, curbs etc so I have had to cut or pull a lot of that off the car & im sure that makes the drive louder… I’m more concerned about the lights on the dashboard which came on randomly a few months ago. The lane & FWD collision assistants are no longer working. I got a new battery to see if that would fix it and no luck. The only lights that are not always on are the oil and check engine light (the gas light is always on but that my fault) tire pressure, steering wheel, the little wrench one, etc always on. I have gotten in a few minor accidents with curbs and trash cans but nothing major. Anyone know a cheap way to diagnose and fix this? I worry that the ABS breaks aren’t working bc the lights and I also miss the FWD collision warning system. I had an 09 accord EXL V6 and that was a great car except for the burning of oil. This one does not seem to burn oil like the 09 did. I am worried that something is very wrong with it and I can’t afford to not have a car right now. ",reddit,askcarguys,No_Session7694,1,1,reddit.com,https://www.reddit.com/r/askcarguys/comments/1tg0vkh/2014_accord_exl_165000_miles_very_bumpyrattle/
2026-05-17 20:29:14,America tore up its streetcar system to enrich oil & auto lobbyists T_T,,reddit,CostOfNormal,superspartan999,1,0,reddit.com,https://www.reddit.com/r/CostOfNormal/comments/1tg0vci/america_tore_up_its_streetcar_system_to_enrich/
2026-05-17 20:29:01,Where to mount rodent repellers in engine bay?,"Unfortunately, rats have decided to make my 2019 Accord 1.5T engine bay their home. I've tried essential oil sprays, but they only work so well, and I still occasionally find their droppings and food they bring on and around my engine.

I've purchased a pair of small battery powered ultrasonic noise rodent repellers (and they have flashing lights too). It's two of [these](https://i.imgur.com/C6NPJQm.jpeg).

Does anyone know a good place to zip tie them in place inside the engine bay? I'm trying to figure out they can be

* (1) securely mounted
* (2) effectively pointed to inside the engine area
* (3) away from any part that may get hot when the engine is in use.

Thanks in advance!",reddit,AutoMechanics,TrainFan,1,0,reddit.com,https://www.reddit.com/r/AutoMechanics/comments/1tg0v5u/where_to_mount_rodent_repellers_in_engine_bay/
2026-05-17 20:28:04,America destroyed its streetcar systems for oil & auto lobbyists T_T,,reddit,fuckcars,superspartan999,78,1,reddit.com,https://www.reddit.com/r/fuckcars/comments/1tg0u9u/america_destroyed_its_streetcar_systems_for_oil/
2026-05-17 20:28:00,Missing persons spell. 2 week turnaround,"One of my best friends went missing almost 4 years ago and the case was pretty stagnant, although they had a strong POI. Just not enough evidence I guess.

Anyway, I’m still somewhat new to magick and didn’t really know spells for missing persons were a thing until I bought a spell book. The one in the book didn’t seem to be very realistic or effective so I made my own.

I use a regular side table for my altar. I usually cover it, or at least part of it in aluminum foil for easy cleanup. I pulled about 3 or 4 cards relating to the spell and put them on the altar. One of them seemed to represent my friend pretty well and one definitely represented the guilty party (seven of swords)… I can’t exactly remember what herbs I used to scatter over the altar, but I know rosemary was one of them. I think I also used chamomile.

I took 3 white tea lights and on one of them I carved her name and DOB. On another one I carved the date that she went missing. On the last one I just carved “FIND HER.” I found an object of hers and propped my phone on it behind the candles with a photo of her (I didn’t have any physical photos). I put a few drops of peppermint oil on each candle.

I scattered some salt water around the altar and did some grounding. I like to listen to white noise on my headphones to help because I live in a city and have loud neighbors. Once I felt like I was ready, I lit the candles and took a few deep breaths. 

I read the incantation a few times- it was super long. You could probably find something shorter and just as effective by doing a google search. I visualized an energetic light around the image of her and spent the rest of the time thinking about her- memories or just wanting justice. The reflection of the candle flames in the foil sort of reminded me of a candlelight vigil at times… I did the visualizations until the candles burned down.

I did the spell on April 30, the night leading up to the Scorpio full moon. I have a Scorpio stellium including my moon so I’d like to imagine that gave my spell some extra oomph. I was honestly exhausted during the spell and I guess I didn’t fully feel locked in so I had no idea what to expect.

The other night a friend called me and told me her remains had been found and they arrested the man who did it. He is going to trial tomorrow from what I understand. HOWEVER I don’t think I’m THAT powerful because it turned out they found the remains back in September, but we’re doing DNA testing on them. Either way, I’m just happy that she’s been found and can’t wait for her to get justice.

Thanks for reading and I hope this can help someone out there!",reddit,Spells,jayynedd,1,0,reddit.com,https://www.reddit.com/r/Spells/comments/1tg0u83/missing_persons_spell_2_week_turnaround/
2026-05-17 20:27:30,Is this Off my Car?,I did my first oil change yesterday after getting my VB WRX about 4k miles ago. It went very smooth once I got the over torqued drain plug loose 🙄. After finishing and lowering my car and picking up tools and stuff I found this rubber thing on the ground under the front of the car. I don’t think it’s off the wrx but maybe it is?? Anyone know?,reddit,wrx_vb,MTBJUNKY65,8,13,reddit.com,https://www.reddit.com/r/wrx_vb/comments/1tg0tpm/is_this_off_my_car/
2026-05-17 20:27:16,Looking for help making Iron Warrior armor more grimdark,"https://preview.redd.it/rag7f3lpbr1h1.jpg?width=1080&format=pjpg&auto=webp&s=bde14319a4ae23787c1dc9f264e4d025fe1ac122

I used Vallejo Plate Mail Metal airbrush primer and am worried it's a little too glittery. On the left is a primer model with some metals picked out in Leadbelcher. On the right is a model I painted details and used an oil wash to finish as a test of this scheme.

I'd like a more grimy, grimdark look so thinking about adding dirty down rust but still unsure about the model. Should I maybe apply a contrast paint filter with an airbrush? Maybe darken it with an acrylic wash and dry brush before the oil wash?

Looking for ideas since I can't quite put my finger on why the test model doesn't spark joy.",reddit,minipainting,Bokou,1,0,reddit.com,https://www.reddit.com/r/minipainting/comments/1tg0thr/looking_for_help_making_iron_warrior_armor_more/
2026-05-17 20:26:04,Hoopty S4 Issues,"Need some serious DL501 / B8 S4 DSG help here. Car is a 2012 Audi S4 and I’m running out of ideas.

Original issue  
P17D400 Mechanical Malfunction. 

Symptoms:  
\- Car drives and moves under its own power  
\- Feels like clutch slip/confused engagement at times  
\- Decel feels odd/ heavy decel  
\- Main pressure adaptation and clutch valve adaptation both abort with “Exited due to reasons of safety”  
\- Clutch engagement point adaptation completed successfully  
\- Distance sensor calibration completed successfully  
\- Unable to get security access code to work  
\- No trans fault codes currently/Ecu Faults  
\- Only module code is fuel level sensor open circuit in dashboard module.   
\- Had AC pressure sensor and fan related faults previously but are now fixed. 

What has been done so far:  
\- Mechatronic unit removed and rebuilt  
\- New solenoids installed (N435 and N436)  
\- DSG fluid serviced  
\- New board and ribbon connector  
\- Attempted all basic settings/adaptations with:  
  \- vehicle level  
  \- correct temp range  
  \- parking brake on  
  \- seatbelt on  
  \- hood open  
  \- doors closed  
  \- brake pedal applied  
\- Reset start point adaptation attempted  
\- New fluid, filters and filter housing as well as O-Rings for oil cooler hard lines  
\- K1/K2 pressures observed around 0 bar in Park and \~3 bar in gear  
\- Battery voltage around 13V during procedures

Questions:  
1. Why wont the basic settings run? 

2. Does this sound more like:  
   \- bad rebuild,  
   \- pressure issue,  
   \- mech spacing issue,  
   \- or adaptation/software issue?

3. Is there a definitive security access code for DL501/0B5 programming mode? None of the ones i have will give me security access

4. Has anyone had main pressure/clutch valve adaptations fail while all other adaptations complete successfully?

Trying to avoid pulling the mech unit again unless I absolutely have to. Any insight from people experienced with DL501s would be hugely appreciated.",reddit,AudiS4,Immediate-Pop-5267,1,0,reddit.com,https://www.reddit.com/r/AudiS4/comments/1tg0sab/hoopty_s4_issues/
2026-05-17 20:25:50,50p tesco white pita bread with m&s red pepper hummus,"tesco 50p white pita bread with some oregano

£2 m&s red pepper hummus, added some za'atar, pine nuts, paprika and olive oil",reddit,UKfood,poetofcuisine,5,2,reddit.com,https://www.reddit.com/r/UKfood/comments/1tg0s10/50p_tesco_white_pita_bread_with_ms_red_pepper/
2026-05-17 20:25:29,25 years old. Should I let it go?,"I’ve been taking aunt Jackie’s hair and scalp oil which has biotin, rosemary, and mint. I have been getting some hairs in the front but I don’t think any is growing in the receding part. Should I not give up or give in to the baldness. I don’t have a bald spot up top. You can tell by my face, I think I’m cooked.",reddit,Balding,Moosemanhero,1,2,reddit.com,https://www.reddit.com/r/Balding/comments/1tg0roc/25_years_old_should_i_let_it_go/
2026-05-17 20:25:25,[Windows PC][Likely Pre-2017] Game about making fish factories,"Platform(s): Windows PC, Independent Launcher

Genre: 2d, top-down, tower defense(?)

Estimated year of release: Probably pre-2017, and likely after 2000

Graphics/art style: It was not realistic - pixel art but not super pixelated. I think there was a weather system as I remember some really dark and stormy seasonally but not all the time? I think the style of imagery made everything look like an industrial revolution era port.

Notable characters: I don't think any characters were super important, but I think there were some.

Notable gameplay mechanics: You consistently upgraded your little fishing port thing - I remember going from more fish to making a fish oil factory and also a fish stick factory. In addition to upgrading production, tower defense was a huge part because pirates would constantly try and raid you. I remember distinctly tesla towers that would shoot out electricity and zap the little pirate ship sprites.

Other details: I might be completely wrong about the dates but those are my best guess.",reddit,tipofmyjoystick,UndeadTrollNerd,2,0,reddit.com,https://www.reddit.com/r/tipofmyjoystick/comments/1tg0rmc/windows_pclikely_pre2017_game_about_making_fish/
2026-05-17 20:24:31,Any advice to reduce slipping of xreal one pro on my nose,"My glasses slide down eventually due to skin oil. I assume it's normal for a lot of people but I just figured I'd still ask anyway in case there are some people who found ""hacks"" to reduce if not totally eliminate this.

  
Using the Oakley jawbreaker is a no go for me as my nose bridge is really small.

  
Thank you Xreal community.",reddit,Xreal,Wyl_Younghusband,1,1,reddit.com,https://www.reddit.com/r/Xreal/comments/1tg0qqc/any_advice_to_reduce_slipping_of_xreal_one_pro_on/
2026-05-17 20:24:21,FF 'oil painting' 😌🎨,"(it's a photo through freshly misted somewhat dirty acrylic glass)

FF was out and about after misting. Very rarely ever seen just roaming around 😊 ",reddit,isopods,NeonPearl2025,5,0,reddit.com,https://www.reddit.com/r/isopods/comments/1tg0qkf/ff_oil_painting/
2026-05-17 20:24:03,Is my bulk fermentation about to be done? ***Detailed Steps***,"This recipe makes 1 sandwich bread loaf, but I doubled it for 2 loaves.

**Recipe:**   
\- Active Starter @ 100% hydration (50g)  
\- Water (320g)  
\- Oil (25g)  
\- Butter (85g)  
\- Flour (500g)  
\- Sugar (12g)  
\- Salt (10g)

**Inclusions:**   
\- Cheddar Cheese (100g)  
\- Fresh green onion (25g)  
\- Chili Oil (25g)

**Timeline:**   
\* Stiff Starter Feeding 1:2:3 @ 80F, 5/16 10:30 AM - 5/17 12 AM. Starter age 266 days old.   
\* Starter Feeding 1:4:4 @ 74F, 5/17 12 AM - 10 AM  
\* Initial Dough Mix, 10 AM - 10:30 AM  
\* Rest, 10:30 AM - 11 AM  
\* Stretch & Folds Round 1, 11 AM - 11:07 AM  
\* Rest, 11:07 AM - 11:37 AM  
\* Stretch & Folds Round 2, 11:37 AM - 11:48 AM \*added all inclusions in this round\*  
\* Rest, 11:48 AM - 12:18 PM  
\* Stretch & Fold Round 3, 12:18 PM - 12:25 PM  
\* Bulk Fermentation at 73F, 12:25 PM - TBD (dough temp: 74-75F at this time). 

I tempted the dough twice: 1 time at around 2 pm and it read 77F. I figured it was a higher temp because we was cooking around that time also, but then i temped the dough again around 4 pm and it was around 78F even though we’ve been stopped cooking. I use the brod and Taylor proofer. Didn’t think it would increase in temp like that, I removed the lid completely off the container and lowered the temp of the proofer. Also, my house is around 70F. Do you think bulk is about done? The changes in the dough temp is catching me off guard.",reddit,Sourdough,NotSoSpicyRanch,2,1,reddit.com,https://www.reddit.com/r/Sourdough/comments/1tg0q9x/is_my_bulk_fermentation_about_to_be_done_detailed/
2026-05-17 20:24:00,Just got word Mobil and Shell have informed Costco and Walmart they have no packaged product to send them and to expect bare shelves in the motor oil section in a few weeks,"Get your oil now, Raleighites!",reddit,raleigh,JoeStyles,18,19,reddit.com,https://www.reddit.com/r/raleigh/comments/1tg0q89/just_got_word_mobil_and_shell_have_informed/
2026-05-17 20:23:49,Why it no longer makes sense to call Rajasthan one of the BIMARU?,"Hey everyone!! I know it is late night and i will forget about this by the time i wake up. First and foremost, this is not a party particular post and please don't make it one in the comments. We all are very proud of our home state and we can't let any politics play with that feeling of ours. By that said, let me begin.

I have been looking at some recent economic data, and it honestly frustrates me how frequently the national media and internet commentators still mention Rajasthan into the ""BIMARU"" category. If you are not aware of this concept, search it up before reading firther.

The primary reason Rajasthan was called BIMARU was its uncontrolled population growth. That is no longer true.

1) TFR has reduced to 2, below population replacement level.

2) As per NITI Aayog’s National Multidimensional Poverty Index, Rajasthan pulls out 13.56% people out of Multidimensional Poverty between 2015-16 and 2019-21. 

Other significant facts:- 

1. Mustard: More than 50% of Indian Households use mustard oil for cooking, and guess what? Rajasthan is the leading producer of mustard in our country.  
2. Renewable Energy: Your so called ""BIMARU"" tagged state leads in renewable energy infrastructure.  
3. GDP ranking- 7th, despite having 61% area under desert, using all it could to be one of the leading economies.   
4. Milk production: ALWAYS, either #1 or #2.  
5. MMR: 318 in 2000s to 86 in 2021-23  
These were few points that I thought of mentioning, there are many I did not mention. 

Future potentials: With major cities like Jaipur (will surely get benefit under GCC policy), Jodhpur(solar energy powerhouse for sure), Kota (agro-processing corner of Rajasthan and one of the major cities on Delhi Mumbai Industrial corridor, don’t forget the new airport in construction) don't forget that approximately 40% of Delhi-Mumbai Industrial Corridor lies in Mhari Dhara equipped with the largest renewable energy potential. Please comment if you think I should have mentioned something noteworthy. ",reddit,Rajasthan,No-Payment-2104,0,2,reddit.com,https://www.reddit.com/r/Rajasthan/comments/1tg0q23/why_it_no_longer_makes_sense_to_call_rajasthan/
2026-05-17 20:23:41,Maintence on HRV,"Can you go to any Honda dealership for maintenance and is it part of your warranty? I believe I can get a free oil change because I bought my HRV ‘25 less than a year ago, but I’m not sure if this is true for every dealership. Has anyone gone in for maintenance and what was it like? ",reddit,HRV,NaiveBus1279,2,5,reddit.com,https://www.reddit.com/r/HRV/comments/1tg0py3/maintence_on_hrv/
2026-05-17 20:22:59,Desperate help plea,"I’m looking for any help I can get with finding another one of this exact shirt. As is visible in the pictures; this is a shirt I wear nearly every day. 

It is heavily faded, fraying, and covered in blood, engine oil, tar, etc. I’m desperately hoping to find the exact same shirt for sale- size XL. I’m aware that it doesn’t look special and looks like it would be easy to replace with literally anything else; but I just need to find it. It’s a men’s size XL. I’ve tired everything I can think of to find it- Etsy, Ebay, poshmark, reverse image search, google lens, etc. 

I’ve seen lots of visually similar results- but none have the exact breast pockets that this one has. This shirt helps me survive 14+ hour workdays- I’m not sure what I’ll do if I can’t find it again. Hindsight is always 20/20; but I 100% wish that I would’ve bought them in bulk. 

If anyone knows how to get into contact with the manufacturer themselves I would also be open to that- 

Thanks for reading ",reddit,findfashion,Rekillkos13,1,0,reddit.com,https://www.reddit.com/r/findfashion/comments/1tg0pas/desperate_help_plea/
2026-05-17 20:22:07,Trump Says US Fighting Iran War ‘To Help Israel... Saudi Arabia... Qatar... UAE... Kuwait’—China Too | Common Dreams,"During his campaign for reelection, one of President Donald Trump’s central pitches was that the US needed to stay out of foreign wars in order to prioritize “America first.”

But his decision to join Israel and launch a massive war with Iran, which has caused turmoil across the American economy, has left many voters rather skeptical of these motivations, believing the war benefits other nations—particularly Israel—more than the US.

That perception has not been assuaged by statements from officials like Secretary of State Marco Rubio, who acknowledged in the early days of the war that a so-called “imminent threat” to the US only existed because Israel had planned to attack, or by the president’s recent comment that he doesn’t “think about Americans’ financial situation” regarding the war.

In an interview with Sean Hannity on Fox News on Thursday, Trump appeared to further affirm that the Iran invasion’s impact on his own country is far from top-of-mind.

Trump was asked by Hannity about his weekslong effort to reopen the Strait of Hormuz, which Iran closed in response to the war’s launch, causing a spike in global oil prices that has hit the US. Reopening the strait has become one of Trump’s main demands as he pushes for a deal with Iran, even though it was open before the war began.

But Trump said on Thursday that other countries “need the strait more than we need it open.” He cited his administration’s aggressive expansion of oil drilling, which he has claimed would make the US more resilient to the oil shock, although it hasn’t been enough to stop gas prices from soaring above $4.50/gallon on average.

“We don’t need it at all,” Trump said, to which Hannity responded incredulously, “We don’t need it at all?”

“We don’t need it at all,” Trump reiterated. “I mean, you could make the case, you know, like why are we even, we’re doing it to help Israel, and to help Saudi Arabia, and to help Qatar and \[the United Arab Emirates\] and, you know, Kuwait and other countries, Bahrain—”

Hannity interjected: “It also helps China.”

Speaking of his summit this week with Chinese leaders, including President Xi Jinping, Trump said: “Actually, I told him today, I said, ‘You know, we’re helping you, and we’re helping you in another way,’ because I don’t think they want, I don’t think China wants Iran to have a nuclear weapon either.’”

Trump’s director of national intelligence, Tulsi Gabbard, testified in a written statement to Congress in March that Iran had not tried to rebuild its nuclear enrichment capability after earlier US and Israeli attacks last June, which undercut one of the administration’s primary rationales for war.

Trump’s former National Counterterrorism Center director, Joe Kent, said last week that the US intelligence community agreed in the days leading up to the war that “Iran wasn’t developing a nuclear weapon,” but said that these assessments were undermined by persuasion from “a foreign government—Israel,” which “won the argument and forced us into this war.”

Many of the US’s Persian Gulf allies have publicly tried to distance themselves from the war, especially in the face of retaliation from Iran. But The Associated Press has reported that countries like the UAE, Saudi Arabia, Kuwait, and Bahrain have pushed Trump behind the scenes to continue escalating the war in an effort to weaken Iran militarily and force more permanent changes to the regime.

Some have noted the Trump family’s close personal ties to the Gulf regimes—from his family’s cryptocurrency venture which is buoyed by a $500 million investment from a powerful member of Abu Dhabi’s ruling family; to his son in law Jared Kushner’s private equity firm, which has received $2 billion from Saudi Arabia’s public investment fund; to his real estate empire which has lucrative Trump-branded properties popping up across the region.

Independent journalist Borzou Daragahi said that with his latest comments, “Trump again says the quiet part out loud—America entered the Iran war to support a genocidal ethno-state and brutal absolute autocracies, all of whom are his political and commercial financiers.”",reddit,WhatTrumpHasDone,John3262005,2,0,reddit.com,https://www.reddit.com/r/WhatTrumpHasDone/comments/1tg0ogv/trump_says_us_fighting_iran_war_to_help_israel/
2026-05-17 20:21:40,Weed Eater Grey Smoke,Got a weed eater (PA) off of a bid at an auction. It is a craftsman 4 stroke **CMXGTAMDSS30. There is no oil change yet (oil is in it) and just ran it for the first time just to make sure it runs. Grey smoke is coming out after I throttle from where the engine is and want to make sure what’s wrong with it and what I should do ? Thank you I am new at this btw and a first time home owner who has never needed to do my own lawn care** ,reddit,lawncare,TeaRevolutionary3181,1,0,reddit.com,https://www.reddit.com/r/lawncare/comments/1tg0o15/weed_eater_grey_smoke/
2026-05-17 20:21:26,What the actual fuck is that?,"I'm going to build an oil refinery, I'm all sleepy, and then this thing suddenly appears. I'm really scared. Pay me 10 sloops as compensation please /s",reddit,SatisfactoryGame,Glittering_Truck_655,3,1,reddit.com,https://www.reddit.com/r/SatisfactoryGame/comments/1tg0ns2/what_the_actual_fuck_is_that/
2026-05-17 20:20:12,not sure why I’m posting this,,reddit,30PlusSkinCare,canyouimagine191,0,8,reddit.com,https://www.reddit.com/r/30PlusSkinCare/comments/1tg0mnl/not_sure_why_im_posting_this/
2026-05-17 20:19:10,Keewaydin Park Sketch,"Hi all! 

Trying to keep my momentum of finishing sketches; weekends are a little trickier, alas I ended up doing things different today. 

This drawing/sketch/piece was actually started last summer. I had to put it down since it just wasn’t working for me — so I decided I’d see if I could use it as a starting point for today. 

My youngest was very excited to present the drawing to another dad with two girls at the park :) - so joy has been spread, and mission accomplished! 

Bonus— I added a mid-process image for contest where it came from. Final drawing is ink, posca marker, sharpie creative markers (acrylic inc), and posca oil pencils on paper. ",reddit,Minneapolis,chips-icecream,1,0,reddit.com,https://www.reddit.com/r/Minneapolis/comments/1tg0lme/keewaydin_park_sketch/
2026-05-17 20:18:44,Saving the forgotten,"Found this one in a garage. Forgotten and left to rust. The owner just wanted it gone and gave it away for free. 7k miles on the clock, rebuilt engine back in 2001 and hasn’t been driven a mile since. Been standing in the garage for 25 years. I gave it some new fuel, checked the oil/ if anything was broken, gave it some starter gas, then I drove it out from that garage.. took me just a couple of hours .. Remarkable piece of machinery. Imagine in 25 years if someone was to find a forgotten Tesla or other kind of new car, I can’t imagine it would be possible to revive a car like that just as easy as this was. Extremely impressed by this car! Only needs a paint job and accessories like the lights and bumpers, And some love ofc :)   
Just wanted to share this story! :) ",reddit,Volvo240,Simple_Pea1251,25,5,reddit.com,https://www.reddit.com/r/Volvo240/comments/1tg0l6u/saving_the_forgotten/
2026-05-17 20:18:35,Oil paint on canvas of the loading screen of kino der toten,"Made by my girlfriend

The canvas is 30x40 

Hope y'all enjoy! :)",reddit,CODZombies,Real-Ad-4942,18,3,reddit.com,https://www.reddit.com/r/CODZombies/comments/1tg0l1m/oil_paint_on_canvas_of_the_loading_screen_of_kino/
2026-05-17 20:17:40,Oil and gas,,reddit,35mm,FlyersShire,2,0,reddit.com,https://www.reddit.com/r/35mm/comments/1tg0k68/oil_and_gas/
2026-05-17 20:17:28,W.i.P. sci fi Oil painting on Aluminium,"Moin

Ein weiteres Ölgemälde ist in der mache, bis jetzt ist nur die Umgebung gemalt jedoch habe ich das Raumschiff sowie eine art Plattform auf hoher See mittels Infinite Paint dazu skizziert. Ich denke dieser brutalistische Ansatz für das Raumschiff dürfte recht interessant sein. Dieses Turmartige design erzeugt bei beschleinigung und Bremsung eine Schwerkraft für die Crew. Was haltet ihr von dem Ansatz?",reddit,ImaginaryTechnology,Greg0sh,33,2,reddit.com,https://www.reddit.com/r/ImaginaryTechnology/comments/1tg0k0g/wip_sci_fi_oil_painting_on_aluminium/
2026-05-17 20:17:20,Oil and gas,Canonet QL17 III | E100,reddit,analog,FlyersShire,5,0,reddit.com,https://www.reddit.com/r/analog/comments/1tg0jvi/oil_and_gas/
2026-05-17 20:16:58,Massage routine app for hair growth — is consistency the real problem?,"I’m working on an app idea called HeyGoldieLocks and I wanted to get honest feedback before building too much.

The idea came from noticing that a lot of people (including myself) start hair/scalp care routines, including scalp massage, but struggle to stay consistent. They forget, lose motivation, or are not sure what technique to follow.

The first version would focus on:

\- Guided scalp massage sessions

\- Session timers

\- Daily reminders

\- Progress/streak tracking

\- A simple routine based on your hair loss concern

Later, I’m considering adding derma roller tracking, oil application reminders, and more adaptive routines.

I’m not trying to claim this “guarantees hair regrowth” as the truth is depending on genetics and other factors scalp massage may not help The main goal is to help people build a consistent scalp care routine.

My questions:

1. Would this be useful to you?
2. What would make you actually use it daily?
3. Would guided massage sessions be more helpful than just a timer?
4. Would derma roller tracking be useful later?

I also made a simple early access page for anyone who wants to follow the project or try the beta when it’s ready:

Early access page: [https://hey-goldie-locks.lovable.app/](https://hey-goldie-locks.lovable.app/)

Open to honest feedback, even if you think the idea needs work.",reddit,u_YogurtclosetHot1083,YogurtclosetHot1083,1,1,reddit.com,https://www.reddit.com/r/u_YogurtclosetHot1083/comments/1tg0jiw/massage_routine_app_for_hair_growth_is/
2026-05-17 20:16:41,"Should there be a hose here? (2001 Toyota Camry V6 LE, Automatic)","For some context, I bought this car used about two years ago. Had about 250,000 miles on it and since then put on about 20,000. About this time last year it had a serious oil leak and I didn't go about it the right way and the engine ended up seizing and the motor became junk. Put a new motor(1mz-FE) with 96k miles on it and its been back on the road ever since. I recently have been doing some work on the car and noticed a few open connections where it looks like a hose should be? I remember before the motor swap a hose connecting to the airbox where the purple circle is. Should I do something about this? Another missing connection seems to be some pump? where the red circle is. 

What concerns me is the fact that I haven't been able to put fuel in my car properly (possibly a block in fuel system or the tank not being able to breathe). I have an idea that maybe these missing connections could have something to do with it, I could very well be wrong though.

It would be a great help even just to know what these hoses are or what it should be connecting to, I could then go forward and get some work done to possibly resolve the issue.",reddit,AskMechanics,Dry_Vermicelli_3777,1,1,reddit.com,https://www.reddit.com/r/AskMechanics/comments/1tg0j89/should_there_be_a_hose_here_2001_toyota_camry_v6/
2026-05-17 20:15:31,I sent an email to OSHA this morning before route,"I was going to wait until I quit but I am fed up. More than 3/4 of our fleet has something wrong with it and when we report issues in the inspection at the end of the night or in the morning it grounds the vehicle which our DSP told us not to ground the vans and just report the issues to them directly. Thing is they don’t do anything about it. For example a ton of our vans have transmission issues and people have been stranded because of this, all of our vans say on the dash they need oil or need an oil change, 90% of our vans lost AC and it’s gonna be in the 80s all week. Today for example is 80 and the AC doesn’t work in the van I’m in and the windows don’t go down, when I say it’s like a sauna in the cab of this van that isn’t an exaggeration. All our dispatchers say is “we know the AC doesn’t work.” If ya know about it fix it. They only care about numbers than their drivers. Their excuse for not fixing the vans is “the drivers haven’t been able to hit fantastic plus so we are not getting the extra funding to be able to fix the vans.” Yet the owner had 3 of the vans repoed. The drivers are not hitting fantastic plus because none of us care enough anymore because our safety isn’t being taken into account. I emailed osha and told them I wanted to remain anonymous because I have no clue what my DSP will do. And don’t even get me started about uniform compliance with Amazon and a couple of our dispatchers. ",reddit,AmazonDSPDrivers,Dry_Information5742,4,3,reddit.com,https://www.reddit.com/r/AmazonDSPDrivers/comments/1tg0i1q/i_sent_an_email_to_osha_this_morning_before_route/
2026-05-17 20:15:24,He restricted a popular mod in the group?!?!,What the heck? Why did they restrict one of their mods that is so popular and actually CAN cook? ,reddit,TomHabeltSnark,iluvtupperware,1,1,reddit.com,https://www.reddit.com/r/TomHabeltSnark/comments/1tg0hxp/he_restricted_a_popular_mod_in_the_group/
2026-05-17 20:15:01,How to get frizzless during humidity?,"Mind you, this is the day after a wash. I wash my hair 2x times a day then apply a detangler/leave in, curl Custard, mousse, and oil. One of those washes I use a detox shampoo and a hair mask instead of shampoo and conditioner.

Despite the products, my hair is still frizzy. I tried mixing a gel with water in a mister, and idk if I did it quite right (first day doing it and I scrunched my hair), but it didn't seem to help. Does anyone have advice? And no, I don't dry comb.",reddit,Haircare,ILoveBigCockroaches,1,1,reddit.com,https://www.reddit.com/r/Haircare/comments/1tg0hld/how_to_get_frizzless_during_humidity/
2026-05-17 20:14:54,Gunner Duty (by me),,reddit,ImaginaryRobotics,BKO2,1,0,reddit.com,https://www.reddit.com/r/ImaginaryRobotics/comments/1tg0hi0/gunner_duty_by_me/
2026-05-17 20:14:45,Please help!,"Hi everyone! I’m a new gardener, I’m giving my first full garden a go, but I wanted to try to do it organically. I noticed these all over a bunch of my brassicas, but I also found them on my nasturtiums as well. Are these from leaf miners, if so, how do I treat or get rid of them? I’ve been reading about neem oil diluted with water and dish soap, is that the best way to go? What works for you all? Also, please don’t mind the weeds, I’m trying to catch up😂. If you have any tips, how do you guys help keep your pests and weeds at bay? Please help me!😅 Happy gardening!",reddit,OrganicGardening,Fix_Bugs1,0,3,reddit.com,https://www.reddit.com/r/OrganicGardening/comments/1tg0hbp/please_help/
2026-05-17 20:14:37,1 New Remote Legal Jobs in Last 24Hrs - May 17,"**gpac** is hiring a **Oil & Gas Title Attorney - National Energy Law Firm - Remote**

Location: Remote in Denver, CO

Salary: USD 115k–200k /yr

[Apply / View Details](https://findremotelawjobs.com/jobs/oil-gas-title-attorney-national-energy-law-firm-re-7jo8pb07)",reddit,ZeroTaxJobs,samotsar,1,0,reddit.com,https://www.reddit.com/r/ZeroTaxJobs/comments/1tg0h7m/1_new_remote_legal_jobs_in_last_24hrs_may_17/
2026-05-17 20:13:06,Better Times 2,"Chapter 2: KANAKO!!!

The wood planks of Kanako Ketsukane's room creaked back and forth as she ran back and forth in front of her bed, giggling and waving crayons here and there to get the shy little human to come out from underneath the bed.

""Oh c'mon, I just wana color!"" Kanako yelled in jubilation.

Cole said nothing, hoping the rather active and rambunctious little fox child would simply go away long enough for him to escape his rather narrow prison filled with random ""lost"" stuffed animals and assorted books.  Kanako huffed and puffed, crossing her arms and sitting on the ground in annoyance.  Some friend!!

""Oh c'mon, you know I didn't mean to throw that book(s) at you! I said ""thank fast!"" didn't I?!"" Kanako asked.

""...Too many times!!"" Cole quickly yelled, rubbing his throbbing head.

""Aww c'mon Cole, I'm sorry!"" Kanako got on her knees, looking underneath the bed.

""Go away!"" Cole warned her.

""B-but I..."" Kanako began.

""I don't wanna get hurt again!"" Cole covered his face, shaking uncontrollably.

""C-Cole?"" Kanako asked gently, realizing she went a little too far like her Mommy warned her about earlier.

""Please, just go!!"" Cole cried, Kanako stopping her prancing.

So THAT'S what Mommy meant.

""What is all the racket?!"" Chujin walked in, covered in black oil and wearing his standard work apron. ""Honey, where is your new...friend?""

""Um...I scared him under the bed?"" Kanako grinned, knowing she was in a LOT of trouble.

""You...did?"" Chujin said, bending down and looking into the underside seeing a cowering human shivering uncontrollably. Chujin sighed, he knew the human had some baggage but he didn't realize it was quite this bad.  Still, the human had to come out.

""H-Hey there...it's me, Cole...Mr. Ketsukane!""

""M-Mister Castsuploonie?"" Cole sniffed, looking back.

""Kanako is sorry for whatever she did...RIGHT, honey?"" Chujin looked back with a glare.

Kanako gave a quick thumbs up, sweat rolling her forehead.

""Right...anyway, come on out now, ok son?"" Chujin grinned, reaching out with a ""friendly"" hand.

""NO!"" Cole shouted, too terrified to face him.

""Son, come now...let's be reasonable...""

""I don't wanna get hurt!"" Cole backed up, terrified.

""C-Cole, I promise you, I'm not going to hurt you."" Chujin said. ""So please, just come on out and we'll all have a Nice Cream...""

""nonnono!"" Cole cried, grabbing one of Kanako's stuffed animals and forming into a ball.

""You're coming out of there, young man!!"" Chujin tried to reach in and grab one of Cole's legs.

""nooo!!"" Cole cried, beginning to kick in panic. ""P-Please, don't...""

""Stop kicking!!"" Chujin said, trying to get a solid grip.

""I-I'll be good, I promise...just don't...""

""W-What?"" Chujin stopped himself.

""I'll be good...I'll trim the hedges, do the dishes...please just don't hit me!!!"" Cole cried uncontrollably.

""H-Honey...I-I think we better leave your room."" Chujin backed off, Kanako frowning in response.

""D-Did I...really hurt Cole?"" Kanako began to cry herself.

""N-No sweetie."" Chujin picked up his little girl.""It's just you unintentionally reminded Cole of a bad time.  He needs some space.""

Quickly closing the door behind him, Chujin placed his little girl down on the ground and whisked her away down the stairs telling her to get some nice cream out.  Chujin stayed by the door, putting his ear against the door hearing some sobbing within the room.

""(Oh geez, you really did it this time Chujin Ketsukane.)"" Chujin hit his head, opening his eyes as soon as he heard the door opening.

""Momma Momma...come quick!"" Kanako said excitedly.

""Kanako NO!"" Chujin yelled down the stairs.

""I leave you with him for an HOUR."" Ceroba marched up the stairs with an equally annoyed looking Martlet. ""Put him in the room with Kanako and now you're both outside the room...where is he?""

Chujin stood there in silence as Ceroba gently put her ear to the room, hearing the child she welcomed into her home just hours ago quietly crying in her daughter's room.  A look of distaste crossing her face, Ceroba walked up to Chujin demanding answers.

""(Look, look...it started with our daughter throwing one too many coloring books at him. He retreated under the bed because he had some sort of panic...)""

""Oh no...""Martlet gasped. ""His old parents used to beat him senselessly.  I--I don't know if I can....""

""Martlet, calm down."" Ceroba came to her side, reassuring her. ""You're going to be a fine mother but first, let Mom#2 back you up...again.""

""Oh Ceroba, thank you...thank you so much!!"" Martlet hugged her tight with her wings, Ceroba gladly hugging her back.

""As for you, you're with me."" Ceroba grabbed his apron pulling him along.

""B-but honey--I--kinda contributed to his panic.""

""..."" Ceroba let go. ""What did you do?""

""I...got impatient with him, tried to grab his legs and drag out from underneath the bed.  He only got more frightened of me and Kanako.""

Ceroba closed her eyes and grimaced, slapping her husband's face with her right hand and quickly walked into the room, quietly slamming the door in Chujin's face.

He quietly admitted to himself that he deserved that.

In the room, Ceroba quietly approached the bed, bending down on two knees and looking underneath the bed to see the frightened human.

""Y'know, I've heard of humans under the bed from my distant friend Mr. Holiday but this is kinda ridiculous!"" Ceroba started gently.

""h-huh?""

""It's Mom#2."" Ceroba sang.

""\*sniff\*"" Cole wiped his tears away. ""I-I'm sorry missus catsup...""

""shhhh."" Ceroba gently whispered. ""I'm sorry about my daughter.  She gets a little too excited sometimes when it comes to new playmates.  Kanako doesn't want to hurt you--""

""I-I know, I just got scared and I--I don't wanna get in trouble....""

""Honey, your old parents can't hurt you anymore.  You have a new family with Martlet, me, Kanako and Chujin...people who love you!""

""M-Mister Catsupcoonie?"" Cole whispered. ""H-He...""

""He what honey?""

""I-I heard him downstairs...I didn't wanna make trouble..."" Cole tried to hold back his tears. ""W-Why...what did i...""

""Oh honey."" Ceroba shook her head. ""I-It's hard to explain.  My husband had a bad experience with humans but that doesn't mean you're bad honey.  Far from it.""

""R-Really?"" Cole inched closer to the light.

""Of course! Why, didn't you pay attention when I called you cute like 50 times?"" Ceroba giggled.

""U-Um...yeah, I guess you did hehe."" Cole giggled a bit.

""My husband forgets that it doesn't matter whether or not you're a human or monster...you have feelings and they were hurt today, huh?"" Ceroba closed her eyes in dissapointment.

""Y-yeah..."" Cole hucked, crawling out slowly from underneath the bed and standing before the kneeling Ceroba, who looked at him with nothing but compassion in her eyes.

""C'mere."" A tear ran down Ceroba's face, Cole leaping into Mom#2's arms and them embracing tightly as if she were hugging her own daughter.  Ceroba felt as if she were adopting this child part time.  Cole cried into her kimono heavily, Martlet opening the door and coming to Ceroba's side and joining the hug.

""I-I'm so sorry Cole, I should've been here too!!"" Martlet joined the cryfest.

""M-Momma, n-no...I---""

""Shh, you two.  Just enjoy the hug, ok?"" Ceroba smiled, tightening her grip.  After a few minutes of family bonding (literally), Kanako peeked her head in the room looking directly at Cole who shook a little in response.

""U-Um...can I come in, Cole?""

""S-Sure."" Cole hugged Ceroba's leg tight almost out of instinct.

""C-Cole...\*huck\*, I-I'm sorry!! I didn't wana hurt you, I just...just want to be a good friend!"" Kanako got teary eyed. ""I didn't mean it, honest!!""

""I--I know. I believe you."" Cole smiled, Kanako running to Cole and hugging him tight, Cole returning the hug, finding it nice.

""Aww."" Martlet forgot she wanted to get a picture when she noted Ceroba was already ten steps ahead of her, taking the perfect shot with her handy ""kimono kamera!""...name pending trademark.

""You smell like crayons!"" Cole remarked at Kanako, reeling back and sniffling his nose.

""Well, you smell like dusty old bed!"" Kanako argued, the two of them breaking the embrace.

""Hehe, now they're arguing like friends!"" Ceroba laughed, letting her hair down after a long day. ""At least we're making progress.""

\*creak\*

Cole looked up, seeing the smiling grin of Chujin Ketsukane holding a nice cream bar and holding it out to Cole.  Backing up in panic, Cole looked around and noted Ceroba's hair which he jumped into out of panic.

""H-Honey?"" Ceroba was confused.

""I-I'm sorry, please!!..."" Cole cried from his hair hideaway.

Sighing in contempt, Ceroba glared at her husband who got the hint and walked out of the room, the door slamming behind him.

""Hey, you're in my favorite hiding spot!!"" Kanako stamped her feet.

""Not now Kanako!!"" Martlet and Ceroba hissed, Kanako silencing herself.  Ceroba picked up her rather long volume of furry extensions, bringing Cole into her arms.

""Hey there."" Ceroba booped his nose.

""S-Sorry."" Cole said, fresh tears on his face.

""It's ok Cole.  You don't have to apologize."" Ceroba cooed him, letting him get comfortable in her head fur. ""You like Kanako's hiding place, huh?""

""Y-Yeah...smells like flowers."" Cole blushed.

""Thank you!"" Ceroba smirked. ""Only use all natural herbs and spices.""

""(Guess I better grow out my hair...)"" Martlet took notes, getting out a little notepad with ""Cole Tips N' Tricks"" on it.

""You wanna spend the night with me, your Mom#2?"" Ceroba sang, gently rocking her favorite little human back and forth.

""S-Sure...what about Mister Catsupconnie?"" Cole got nervous.

""Don't worry honey, I have an answer to that."" Ceroba sang. ""Why don't you just get comfortable in my arms and hair, ok? It'll be like a slumber party!""

""A-All right."" Cole sniffed, Kanako crying a little bit at the sight herself.

""D-Does that mean I have to sleep in a sleeping bag?"" Kanako mused.

""Yep! Martlet too!""

""Yayy!!"" Martlet threw her wings in the air.

""But the floor is too hard!!"" Kanako complained.

""Sleeping bags WOOOOO!"" Martlet got too excited, Ceroba and Cole looking at one another in confusion and then giggling.

While Kanako and Martlet got excited, Ceroba took Cole aside holding the hapless human in her arms and gently whispered into his ear.

""(If you ever feel out of sorts and the world is falling out of place, I'll be right here.  You can hide in my hair anytime you want, for however long you want.  We all need to cry sometimes Cole...some more than others.)"" Ceroba smiled, gently kissing his cheeks and licking it.

A wave of warmth passed through Cole's body as his eyes finally allowed him to fall unconscious in Ceroba's grip, Ceroba properly wrapping him in her orange fur so it wouldn't tug when she went to sleep.

""Why don't you two get things ready? I'm going to talk to my husband for a minute.""

Martlet and Kanako nodded, running down the stairs while Chujin stood there holding the melting Nice Cream in his paws.

""H-Honey, this isn't fair--I just wanted to make up."" Chujin whispered.

""You shouldn't have resorted to pulling at his legs to begin with!"" Ceroba hissed. ""You know his background...you've read through the files enough before me and Martlet left!""

""It IS not fair, I was trying and the human got scared and I...""

""Not fair....Chujin Ketsukane, I've put up with a lot today but your continued denial of this child's well-being has gone on long enough.  You know I was considering adopting him myself but I KNEW you would make a scene and make his life miserable.  I can settle for being Mom#2 and Martlet giving her honest to goodness effort.  At least she's TRYING...but walking in after you just scared the child half to death was moronic!"" Ceroba continued, Cole shifting his weight in her arms in an effort to get comfortable.

""M-Moronic...the only moronic choice was the one my apprentice knowingly made bringing that...."" Chujin stopped himself, cowering as soon as Ceroba raised another hand threatening another slap.

""Sleep in the kitchen...for the next THREE WEEKS or whenever I feel like tolerating you again...love."" Ceroba walked away.  Chujin sat on the ground, feeling isolated in his own home.

That human.  The only thing that could come into Chujin's head despite his better nature was hatred.  This...human...only brought trouble.  Why did she show so much love to this...thing?  This bastard of people who were even worse than this child?  He was no better, Chujin thought.  He just had to prove it somehow...make Martlet reconsider somehow.  How would he possibly do it?...",reddit,DeltaruneYellow_,ARTS1984,2,0,reddit.com,https://www.reddit.com/r/DeltaruneYellow_/comments/1tg0fpq/better_times_2/
2026-05-17 20:12:14,"11 years in an ""eternal hell"": How I finally found peace from Seborrheic Dermatitis","Hey everyone. I’m writing this because for over a decade, I was the person scrolling through this sub late at night, desperate, scratching my face, and looking for any shred of hope. I promised myself if I ever got through it, I’d share my story.

I’ve had dandruff for as long as I can remember. Like literally since my eyes were open to this world. When I was a kid, my parents didn't really get it. They just grabbed whatever standard shampoo was on the supermarket shelf and called it a day. It didn't fix anything, but it was what it was.

Then life got heavy. A couple years later, I found myself completely alone, living in a country torn apart by a brutal civil war. On top of just trying to survive the daily reality of war, I was studying for one of the most stressful careers on earth: dentistry.

In 2014, the dam broke. The absolute chaos of the war, the deep depression, the terrible food, and the relentless academic pressure just broke my body down. The dandruff didn’t just get worse; it crawled down my face. It took over my eyebrows, my beard, and the skin under my nose.

The cycles were brutal. First the heavy flaking, then the raw redness, then the burning, insufferable itching. It just kept looping, over and over. I felt trapped in an eternal hell, completely uncomfortable in my own skin. After countless hours of researching, I finally put a name to it: Seborrheic Dermatitis. I tried every cream, medication, and specialty shampoo I could get my hands on. Nothing touched it. Eventually, the mental exhaustion took over and I just gave up and accepted it. Whenever someone would ask me about my face, I’d just sigh and say, ""Look, it’s a long story. Short version is it’s just eczema and I can’t do shit about it.""

Fast forward 11 painful years. Somehow, against all odds, I pushed through and finished my Master’s and a PhD. I finally got the life-changing chance to leave my country and move to a better, safe, and stable place.

Once the dust settled from the move, I started a dead-simple routine:

 Vichy Dercos anti-dandruff shampoo for my scalp.

 MCT oil on my face and beard.

As I write this, I have been 6 months completely free of any dandruff or seborrheic dermatitis. No flakes, no redness, no itching.

To be completely honest with you all, I still don't know the real answer. Is it the Vichy and coconut oil? Or did finally escaping that war zone, leaving the trauma behind, and dropping my stress levels just flip the switch off? It’s probably a bit of both.

I know how lonely and draining this condition is. It messes with your confidence and your peace of mind. If you’re in the thick of it right now, please hang in there. Sometimes, a change of environment, a drop in cortisol, or a simple routine tweak can finally give your skin the break it deserves.

Stay strong, guys.

TL;DR: Suffered from severe dandruff since childhood, which mutated into full-face Seborrheic Dermatitis in 2014 under the extreme stress of surviving a civil war while finishing dental school. After 11 years of endless flares and failed treatments, I finished my PhD and relocated to a safe country. Started using Vichy Dercos shampoo and coconut oil on my face, and I've been 100% clear for 6 months. Not sure if it's the products or finally escaping the chronic stress, but there is light at the end of the tunnel.",reddit,SebDerm,area51sy,8,2,reddit.com,https://www.reddit.com/r/SebDerm/comments/1tg0ewb/11_years_in_an_eternal_hell_how_i_finally_found/
2026-05-17 20:11:40,Detailed plot of Digimon World Digital Card Battle,"I played this game,and watched Japanese streamers play it and reading lines ,and with help of my knowledge of Japanese,and some translating,I managed to get the main story of this game almost completely right. I did something similar many years ago,but it was much shorter,and more innacurate. This is only for main story(it's quite long):

At the beggining,you(player) are greeted by Babamon,standing in empty black background (similar to Jijimon in Digimon World). She asks for your real full name,and date/year of birth (very personal). She goes on about choosing you to save a Digimon world, File Island,in which matters are settled through Card Battle,from an extreme danger. You are also given a matrix of a certain 'Legendary Hero'(Digimon World protagonist) for you to appear in a Digital World (She says even if you're a woman,or the old man,you will look like that boy). After you choose your name for digital world (seriously,what was the point of asking my real name and birth date),Babamon lets you choose one of three legendary ancient Hero decks, carved in stone,to be your starter deck. She then transports you to File Island,where Babamon resides.

You find yourself in the Village of Begginings (File City),center of File Island,and go meet Babamon,who presides over it. She welcomes you as 'Legendary Hero' and explains the Island danger to you. Recently,a certain Bug card,has been excavated in Ancient Dino Region,and that started to cause 'bugs' all over File Island.From small glitches,to serious life threatening illnesess. Such cards appeared before,but never of such magnitude. Card Leader of that region Brachiomon contacted Babamon about it,but before she could act,Bug card incapacitated Babamon to leave File City. Therefore,it is your mission to travel the File Island,and collect seven most powerful cards, 'Sevens Cards' each held by it's respective Card Leader of a certain region:

Angemon – Freezeland  
Brachiomon – Ancient Dino Region  
Hououmon(Phoenixmon) – Great Canyon  
Jyureimon(Cherrymon) – Misty Trees  
Panjyamon – Gear Savannah  
Scumon Daiou(King Sukamon) – Dust Kingdom  
Vamdemon(Myotismon) – Overdeel

When collected,those cards grant access to Mugen Mountain(Mt. Infinity),where main control system of the island is located,and where effects of Bug card can be fixed. There is also another big problem. Bug card has been stolen. Babamon has given the task to Andromon to conduct a search for it. Since she's old,Babamon takes several breaks when speakin for so long. She sends you to Green Gym,where you meet her lively and cute friend Betamon,who teaches you basics of Card Battle,and tells you about surrounding areas to start your jorney. He also tells you how he and Babamon (which doesn't like to be reffered to as old) recently travelled to Ancient Dino Region,where he picked up an unusual rare card,but incoming storm blew it away from him. Betamon promises his new friend (you),that if he ever finds rare card he will give it to you. Babamon also gives a Digivice(Adventure model),so called 'proof of Legendary Hero' to show it to Digimon to trust you.(which has no real gameplay purpose,other than for story,and viewing some player stats),and some money for your travel and Card Shops,and your embark to your journey. In which,if your lost,you can come to Babamon which will predict where you need to go,as well as your progress on Sevens cards.

When you exit the City,and enter Unwavering(Native) Forest,you,are startled by a wild (because of Bug Card) Agumon,who wants to fight you. After defeating him,he regains his senses,and tells you about a now closed DigiBridge,which leads to Tropical Jungle. On the bridge,you fight Kunemon guarding it,who tell that his friend Gabumon,who manages the bridge is missing. You see weird Gabumon's note,which says (Don't search for me,dori). You go to Coela Point,where residing Palmon fights you,and tells you she saw Gabumon going away with some weird Digimon with drills on their heads. You also see a sign for 'Ferry Digimon giving tours to see Digi-Corals'. But that's for another time. Anyway,you come to Drill Tunnel,and find out a suspicious Drimogemon couple kidnapped Gabumon. You fight them,and rescue Gabumon,and they admit to have kidnapped Gabumon,because they lost their business in Tunnel,since people(Digimon) stopped passing through it,becuse of Miharashi Mountain(Mt.Infinity) has been closed,and Drimogemon suspected it was fault of their travelling competition, Gabumon of Digibridge. Gabumon returns and reopens the bridge.

Deeper in Drill Tunnel,in Lava Cave,you find Meramon,severely weakened because rocks have blocked flow of lava,which Meramon suspect is the fault of Unimon from Mt. Miharashi. Meramon the clears a path to Miharashi for you to go but on the way,you are blocked by a weird Goburimon Trio,which demand money from you. After beating them,you arrive at Unimon,which doesn't trust you,and after a battle she denies culpability,blaming Meramon instead,while showing the trees of Mountain withered. She also said that Meramon was seen returning from Ancient Dino Region recently,where all the Bug trouble has begun. You later go to Tunnel's underground lake,where you find a Tankmon taking a bath in oil. He says he came all the way from Misty Trees,when a certain group of Agumon attacked him. Also,they're suspect of destroying toilets around island. Tankmon hid,and found a toilet there,and blocked lava flow with a rock,to make himself fell less hot. He removes the rock,you give him some money for travel,and he gives you bottle of oil which Meramon asked you to bring him. You find a collapsed Meramon,and spill oil on him to regain his strenght. After he thanks you,he gets angry at you for asking about his trip to Dino region,and fights you. After that,he explains that he was actually in the Overdell to visit his old friend Vamdemon(Card Leader). He says Vamdemon is good guy,but started acting strangely,and even said 'Something horrible will happen on this island',which worried Meramon. You go to Unimon to explain it,and she reopens a path to Gear Savanah.

After coming to Tropical Jungle via DigiBridge,you go to mangrove woods,where Vegiemon,asks to give it a Rare type card to pass,after giving it,she points you to Amida Forest,which leads to Ancient Dino Region. Guardian of forest,Centarumon fights you,and after win,and showing him Digivice he lets you into severely emporished Ancient Dino Region. There, underlings of Brachiomon fight you,even with you showing Digivice. First, you fight Monochromon,who tells you about Vamdemon's bodyguard Vermillimon,who was seen spying in the area. In Bone tunnel,you fight Tyrannomon,who lets you see Leader,huge Brachiomon. He doesn't really trust you,calling you'fake hero'. He also says it is Vamdemon's fault for whole Bug situation,especially in ADR. He tells you he'll give you his Sevens card,if you find and bring him Bug card. You then go to Overdell,where SkullGreymon,new bodyguard of Vamdemon,informs you Vermillimon was seen in Great Canyon,although you don't find him there(although there is a tense looking Monochromon in card shop). In Overdell Cemetery you fight Bakemon who guards it,but key to Vamdemon's Mansion is gone, You go Dragon's Eye Lake in Native Forest,where Bakemon was playing,and lost it. There,Igamon(Ninjamon) found it,and won't give it without a fight. He says that he came here from Gear Savannah to train,and run away from annoying Patamon who challenges everyone to fight. After entering Grey Lord's Mansion,Vamdemon's ally(not servant he said) Devimon challenges to card fight,and after it,you're granted audition to Vamdemon himself. He appears normal,and denies his connection with Bug incident,and blames Brachiomon instead. He also says he'll give you his Sevens card,if you find,and bring him Bug card. Just like Brachiomon. What to do?

In Gear Savannah, aformentioned lively Patamon pesters you into battle, and later tells you about Agumon 'Yattarude' gang being stationed in Savannah. You come to Card Leader Panjyamon,who always trains,and asks you to bring him 100 rolls of toilet paper,because toilets are being destroyed,and paper is missing. He suspects it's the work of Agumon gang. When you bring him toilet paper,he'll give his Sevens card.When come to base of naughty Agumon's (all with numbers on their heads),they won't let you to see their leader without membership card. You find one dropped by Goburimon gang,in place you fought them. Then,you meet the leader,the notorious Führer (総統) Agumon(Yes,that's literal translation),who you fight. He denies being involved in toilet breaking incident,and 'predicts',that File Island will soon perish because of recent incident,and he gathered 'chosen group' of his kind stand a top of Island. He also predicts something important happening in Factorial Town,which is our next destination.In card shop,you talk to Elecmon,who tells you that gate to FT,is closed,and can only be reached by the ocean. Also,Piyomon tells you about fake battle cards circuling around recently. You return to Coela Point where you talk to Palmon about Coelamon,fish Digimon who likes taking people on his back to travel sees,being inspired by Whamon.But,he had a certain bizzare accident when a huge frog Digimon Coelamon was carrying,injured him because of weight,which Palmon finds kinda funny. You found Coelamon recovering at the Naked Beach, which is reluctant to take you,but after a fight, he agrees. He takes you(with great effort) from Coela Point to Factorial Town's square,where you open a town's gates. You enter a factory where Fugamon ambushes you for breaking and entering. After beating him,you meet his 'Great Teacher' Etemon,who appears polite(albeit slightly arrogant),and denies his accusations of producing counterfeit cards in factory.In File City,Betamon is super happy for finding a rare card,which he gives you,as promised. Turns out,it's fake MetalGreymon card made by Etemon (with signature). You face him with evidence,before he attacks you,After winning,he is more than willing to cooperate. He was making fake cards from toilet paper,but he didn't steal it.It was given to him by KingSukamon,Card Leader,also responsible for breaking toilets with his Sukamon minions,something even Etemon dissaproves. When you confront KingSukamon,he won't stop,saying he'll give you his Sevens card,if you join him in toilet destruction. You obviously refuse,and he asks you to bring him 100 rolls of toilet paper. With Panjyamon's,it's total of 200 rolls. You ask Etemon to give 200 rolls,but only has 3 left. So, he points you to Misty Trees,beyond Geko Swamp,to get Paper Tree,necessary to make toilet paper.You also ask him to make you two fake Bug cards,for respective Vamdemon and Brachiomon. He agrees (and almost signs it).

With a dose of fear of being caught you go to give them 'Bug cards'. Brachiomon believes it and gives you his Grand Sevens card. Vamdemon as well,and gives you Dark Sevens card. He's really euphoric about finding Bug card,goes away,and tells you to 'be careful on the way out'. It quickly becomes clear when his bodyguard SkullGreymon ambushes you. After winning,he reveals Vamdemon put him to keep you from reaching him. He reveals Vermillimon is actually in Great Canyon and is in fact camouflaged as Monochromon in Card Shop. When confronted,he desperately fights you. After defeat,he tells you whole story. When Bug card first appeared,Vamdemon sent him to Ancient Dino Region to scout the area,as he suspected Brachiomon.He was spotted by resident Monochromon,but let him go since they're similar species. On the way back,he overheard Vamdemon and Meramon talking in Overdell. He was saying he will destroy File City,and reign terror over whole File Island. Vermillimon wanted no part in it,and got away.He thought you were Vamdemon's assassin,who was out for his head.After that,you hurry to File City,where Vamdemon awaits. He says Babamon took away 'his darling(honey)' from him,and in his desperation,he will wipe out entire File City with Bug card you gave him. When he fails,because card is fake,he angrilily turns at you for a Card Battle. After winning,he lost a will to live without his love,but then, a mysterious flowerhead-woman like Digimon suddenly appears. It is Vamdemon's darling. He is overjoyed.She whispered something to him,and he suddenly becomes friendly,and leaves city. Flowerhead Digimon dissapears,and Babamon returns. She says that's a Digimon she knows from before,and now that problem's settled,send you to retrieve rest of Sevens cards.

In Great Canyon,on Gre Bridge, you encounter Igamon,who trained,and wants a rematch with you. After that,he points you to Upper Area,where Card Leader Hououmon(Phoenixmon) resides,and says entrance to Freezeland is blocked by ice pillars made by Icemon on behalf of Card Leader Angemon. Hououmon is weakened by cold from ice,and says Angemon captured her underling,Birdramon,which is Hououmon's messenger.Since bridge is blocked,Hououmon takes you to Freezeland on her back. There,in Ice Sanctuary,Angemon says his Great Angel Statue ,made of ice,and passed on by generations,was stolen,and Birdramon was kept as a suspect. Angemon then lifts ice pillars for you to pass. You promise to find statue,and hear from Whamon at Iceberg Beach,that he heard suspicious characters,carrying some statue,and bringing it to their fort. That turns out to be notorious gang of Ogremon and his lackey Agumons hiding in their Great Canyon base. Ogremon denies it at first,but Agumon slipped a word about a statue. After a fight,statue is returned,and Birdramon released,which was also injured,and Angemon took care of her. You fight Angemon to get his Sevens card,Holy Sevens. In Upper Area Birdramon thanks you,and let's you see Hououmon,which recovered,and you fight her for Speed Sevens card.

Sometime during your search for Sevens cards,Betamon invites you to File City,for a big news. Babamon says that Andromon finished his search for Bug card. He said it is located on the last floor of Mt. Infinity. Babamon says that super poweful Digimon,Mugendramon(Machinedramon) lives there,and is probably main culprit. She say that 'game balance' of that world is pretty bad,and Mugendramon will be very powerful,and send you back to Sevens cards hunting.

While searching Factorial Town,you enter Trash Mountain,where you sense a horrible smell. Numemon residing there is insulted by that statement,and think smell is lovely. He fights you,and says that smell comes from Geko Swamp,area behind this one,and shows you the [way. In](http://way.In) Geko Swamp,Otamamon asks for help,because the smell of is unbearable,and also, trees of the Misty Trees closed up,not allowing smell to leave the area,which might be work of forest elder,and Card Leader Jyureimon.Otamamon points you further in area,where you see a Gekomon drunk on alcoholic sake,which smell spreads around. You enter Daion palace(Volume Villa),where a sole Gekomon guards the palace,and his master's treasure,thinking you're a thief. After you fight him and win, Gekomon,after failing his master,wants to do a sepukku (ritualistic suicide,they're really serious in this game),but you talk him out of it,and prove you mean well. He said since their lord,TonosamaGekomon dissapeared soon after Bug illness appeared,his people went desperate and lost,and started getting massively drunk on sake. You ask for photo,to recognise him when found,and after seeing picture from his young days(looks the same a now),you recognise him as huge frog like Digimon lounging at beach in Tropica Jungle. You go there,but lord won't move,so you Cardfight some sense into him. He agrees to return,after a quick pun (Kaeru ga kaeru-Frog is going back). Back in Villa,Gekomon is really greatful to you,and shows you to his lord. They show you a Tonosama's personal secret passage to Misty Trees,which you use.

In Misty Trees,fog is intense,and you trip on sleeping Shellmon,who gets angry and fights you,before calming down and point you to location of Paper Tree,Foot of Tree. There,asking for help finding it,you awake a Kokatorimon,which screws with you,saying he uses Paper Tree for a pillow,and refuse to give to you for the kicks. You then kick some sense to him by card battle.He gives you Paper Tree,and points you to Card Leader Jyureimon. In front of 1000-year old tree,you sneeze 3 times,and shall meet him. You do just that and he appears. He greets you,and knows all about you,Babamon (which most of the islanders don't recognise for some reason),and situation on island. He also says that forest is safe from Bug card effects,because forest itself is capable filtering out bad influence from outside,like it's a Digimon itself. He also pulled back tree barrier from Geko Swamp since problems there are [resolved. As](http://resolved.As) for his card,he promised he'll give you it,only after you collect all other Seven cards.

You return to Factory and Etemon manages to make 100 rolls of toilet paper from it(200 is to much). So you go to KingSukamon,who refuses to give you Sevens Card,and promises to rise Sukamon to new heights. Angered to bones,naturally you fight him and get Reverse Sevens card from him,your toilet paper back,and a promise Sukamon will stop wrecking toilets on island. Then you go to Panjyamon to give him the returned paper,but he's not around. So you go to Drill Tunnel's toilet in underground lake,but there is no toilet paper. Did KingSukamon break his promise? You then return to Panjyamon's Woods area,and he's back. Relieved,seems like went to that toilet,and took some toilet paper from it,which he tries to hide it. He thanks you for bringing him toilet paper and fights you for his Wild Sevens card. Now with six cards,you return to Jyureimon who gives you final,Misty Sevens card,and wishes you good luck in saving the world.

This is it. All Sevens cards are finally assembled,and you return to File City,where Babamon awaits.She decides to go with you on Mt. Infinity, to deal with effects of Bug card once and for all. Betamon also wants to go there,which Babamon dissaproves because of danger,but you are glad to have him on your side. And so,you go to mountain,whose entrance is in back of File City. In the entrance,you meet guardian Airdramon,who doesn't want to fight you,but lets you in and wishes you all the luck in your brave endevaour,and warns about strong Digimon under effect of Bug, which await you. In 1F you encounter WaruSeadramon who guards the floor,and won't let you without a fight. After winning a fight WaruSeadramon reluctantly let you through to 2F. Betamon is tired and decides to slow down,letting you and Babamon forward. On the 2F, guardian Gigadramon awaits. His mind is heavily damaged by Bug card, and attack immideatly when he recognises you as Legendary Hero. After winning,he falls down in critical contition. Babamon remains on 2F,because the system to fix the effect of Bug card is on this floor,and to help Gigadramon and other Digimon. The only thing left to do for you,Legendary Hero, is go top floor,and defeat Mugendramon,to destroy Bug card once and for all.

When you arrive at top floor of mountain,you see Mugendramon who [awakens. You](http://awakens.You) confront him for supposed evil-doings,but he denies being involved in it. He's not even familiar with Bug card. Not being able to talk it out, you are in for one final battle. Which you,of course manage to win. But Mugendramon still denies accusations,even pointing out that Bug was not part of his deck.(I'm not sure that's ultimate proof,but okay...) Then,a mysterious flowerhead-woman (Vamdemon's darling) Digimon reappears. Her name is revealed to be Rosemon. She is also revealed to be Babamon's true form. She forces Mugendramon to confess,and give away Bug card. She said she destroyed the power reactor of the Mt. Infinity,and whole mountain will blow up soon. But he still is quiet on matter. Then,Betamon manages to catch up to them. He then sees a card on a floor that he recognises as the one wind blew away from him in Ancient Dino Region. You take a look. It's a Bug card. Everybody is in a state of shock. It was Betamon,who picked a card,lost it in a storm,and card was blown to main system area of the Island. Betamon starts crying because of feeling guilty. You try to calm him down, but there is no time for emotion processing,as reactor starts exploding ,and with it,the Mugendramon's home. They all run away from massive explosion, but somehow manage to escape. They are back in the File City. Rosemon is mad at Betamon at first,but still forgives him. She then quickly deletes Bug card from existence. Rosemon then explains than when Bug card appeared,it corrupted her body(matrix) and she was forced to assume a form of Babamon,form which uses less data. She calls the process 'Exchange of souls',and didn't want to tell anyone about it is because of her 'lady pride'. Mugendramon's home is destroyed,but Rosemon gladly lets him stay in a city,where he works in Card shop,under watchful eye of Tanemon. Since your mission as Legendary Hero is now finished,Rosemon gives you a Downloader card (Download Digivolve) which you can use return back to your own world,and return whenever you want. You bid a tearful farewell to Betamon and Rosemon,promising to return,and become the ultimate Card Master.

And that's it. You return to File Island later,where you can fight Rosemon,Mugendramon,and other Digimon who may appear to challenge you. You can also get Insect Flute from Mojyamon,and play it at Dragon's Eye Lake,which will cause Seadramon to fight you,because it is annoyed by flute. Later,when you're friends,it will take you to Beetle Land,where you can fight in a Bug Card Tournament,where you fight Kabuterimon,or Kuwagamon,and in finals,you fight HerculesKabuterimon.

You can also use TonosamaGekomon's treasure pot,to summon strong cards by passwords (Like Wizardmon in Arena) Also,Fugamon gets tired of Etemon's attitude,and opens Casino in Gear Savannah. Also,ToyAgumon from Toy Town unlocks shortcut to Freezeland,and says Angemon obtained rare 'pakkun' card. It turns out Angemon paid huge amount of money for a fake Bug card Brachiomon lost.  
Also,Vamdemon from this game,is the same as one Digital Card Arena,which searches for his darling,as well as his subordinates. Also Picollomon from this game(chance encounter) is appereantly the same as one from Arena,where he says he meets you again,and says 'Little Boy'. And many more funny surprises.  
I believe i got it right.",reddit,DigimonWorld,Difficult_Shame_1186,5,1,reddit.com,https://www.reddit.com/r/DigimonWorld/comments/1tg0eco/detailed_plot_of_digimon_world_digital_card_battle/
2026-05-17 20:10:25,"I made a red wine vinegar, EVOO, oregano, and hot pepper marinade for these [Spiedie Chicken Breasts] and then sauteed them in dry pan with high heat.","I got this recipe from NYT some time ago and have been making it for years called - Spiedie Chicken Breasts.

I modified it just a bit for the garlic.  
Yield: 4 servings  
1tablespoon dried oregano  
5 tablespoons olive oil  
2+ a little TBS red wine vinegar  
1 teaspoon fine sea salt  
3-4 peeled garlic crushed  
½ teaspoon crushed red pepper  
1½ pounds boneless skinless chicken breasts

Before you put the chicken into the marinade rip chicken into uneven pieces. Marinate several hours or overnight. Cook on high heat dry pan. Watch what's going on. Don't burn the chicken, because the heat is high. once you' have one side done you can turn the heat to med-high.

Serve with Pita bread and Mint salad!",reddit,dinner,ThoughtLabWork,4,1,reddit.com,https://www.reddit.com/r/dinner/comments/1tg0d3t/i_made_a_red_wine_vinegar_evoo_oregano_and_hot/
2026-05-17 20:10:23,Can my tree be saved?,Someone on my neighbors side poured some type of oil on our tree about a year ago now its splitting right where that oil was poured. What can i do to save or should i just cut it down? I appreciate any help .,reddit,arborists,PatientMorning4624,1,1,reddit.com,https://www.reddit.com/r/arborists/comments/1tg0d27/can_my_tree_be_saved/
2026-05-17 20:10:19,will linear ai chatbots survive?,"i've thought about this so much since literally every company in the world has just slapped on a chatbot as their MAIN PAGE and it's exhausting. and like, is it even the best way to interact with ai? what if u wanna branch off a new convo at a certain point? or u wanna organize what context u drop into the ai, like videos or images?",reddit,ChatGPTcomplaints,lru_cache0,2,2,reddit.com,https://www.reddit.com/r/ChatGPTcomplaints/comments/1tg0czu/will_linear_ai_chatbots_survive/
2026-05-17 20:09:55,Is it beneficial to use a leave in conditioner WITHOUT silicones after using a wash out conditioner WITH silicones?,"Hello! This is my first time posting here, so hi everyone! 👋 I had a question and I was hoping you lovely people could help me answer it. I‘m wondering, is it beneficial to use a leave in conditioner WITHOUT silicones after using a wash out conditioner WITH silicones?

I’m currently using a Pantene shampoo and conditioner in the shower. The Pantene shampoo does NOT contain sulfates, but the conditioner DOES contain silicones. The specific silicone it contains is Bis-Aminopropyl Dimethicone, which is supposedly not water soluble. After I wash the conditioner out in the shower, I spray Briogeo Farewell Frizz leave in conditioner into my hair and apply the accompanying Briogeo Farewell Frizz oil. Both the Briogeo leave in conditioner and the oil DO NOT contain silicones.

Now, I‘ve heard a lot about conditioners with silicones. I’ve heard that while silicones can be beneficial for some hair types, they can be detrimental for others. I’ve heard that silicones form a barrier on the hair that keeps beneficial ingredients from entering the hair shaft. If this is true, does that mean that what I’m doing right now is pointless? Are the silicones in my wash out conditioner keeping me from getting the benefits of the silicone free leave in? Is it pointless to apply a silicone free leave in after using a conditioner with silicones? Does the conditioner with silicones keep my leave in and my oil from penetrating my hair shaft?

I’ve tried googling this to find answers but I didn‘t see anyone asking this specific question and the google ai wasn’t very helpful. I’m curious to know what you guys think. Thank you for taking the time to read my super long post lol :D",reddit,Hair,feralfinalgirl,1,0,reddit.com,https://www.reddit.com/r/Hair/comments/1tg0cli/is_it_beneficial_to_use_a_leave_in_conditioner/
2026-05-17 20:09:26,"Anyone else struggling with being influenced by TikTok/IG skincare, even when you already have a solid routine?","I swear skincare social media is like: *“your routine is trash unless you add THIS serum right now.”* 😭  
I’ve finally built a plan that actually makes sense (tret + a weekly AHA + hydration + sunscreen), and my skin does better when I just stick to it. But every time I open TikTok/IG, I see a new “holy grail” product and suddenly I’m questioning everything.  
The annoying part is I *know* consistency is the real secret. Being influenced is real! The marketing, the before/after clips, the “derm-approved” captions, the “glass skin in 7 days” promises… it gets in your head.  
**And I’m in a dry climate with dry-normal skin, so hydration is non-negotiable.** If I don’t hydrate enough, my skin looks textured and feels tight. If I hydrate *too much* or layer too many “barrier” products, I start getting clogged pores and breakouts. Add sensitive skin on top of that. 🫠

Right now I’m trying to stay consistent with this plan:

**PM:**  
Mon/Wed/Fri = tret nights  
Sun = AHA night  
Thu = device night (hydration only)  
Tue/Sat = recovery nights  
**AM:**  
Cleanse + vitamin C most days + moisturizer + SPF  
1 day/week = niacinamide/TXA (buffered) instead of vitamin C

It’s structured and intentional. How do you guys stop yourself from “routine hopping” every time you see a new trending product?",reddit,koreanskincare,Historical-Crew100,1,1,reddit.com,https://www.reddit.com/r/koreanskincare/comments/1tg0c47/anyone_else_struggling_with_being_influenced_by/
2026-05-17 20:08:50,Lashes fell out,Okay so I recently got my lashes done for the first time with this lash tech I found on insta and they were applied v poorly and felt rlly sore all day for almost 2 weeks so i got rlly overstimulated and when I was drunk I proceeded to rip out each one with coconut oil. I'm not proud of it but it happened so now I'm trynna nurse them back to health and am wondering if they will ever grow back? I used to have very thick long lashes but the length is still there just not the thickness :( do you guys have any tips for getting my thickness back? more specifically naturally and not with lash serums with prostaglandins or peptides that do more harm than help. I'll show pictures of what they look like now,reddit,beauty,Quinnykinz,1,0,reddit.com,https://www.reddit.com/r/beauty/comments/1tg0bj5/lashes_fell_out/
2026-05-17 20:08:27,"[Energy Transition] As the US starves it of oil, Cuba is pulling off one of the fastest solar revolutions on the planet — with China’s help",,reddit,Greenspo,presque-veux,1,0,reddit.com,https://www.reddit.com/r/Greenspo/comments/1tg0b71/energy_transition_as_the_us_starves_it_of_oil/
2026-05-17 20:07:55,"FOR U.S. ONLY: Were you taught in public school system about the USA ,oil blockade of Imperial Japan ,that predated Pearl Harbour Attack?","

[View Poll](https://www.reddit.com/poll/1tg0aob)",reddit,GlobalNews,DeepState_Auditor,0,1,reddit.com,https://www.reddit.com/r/GlobalNews/comments/1tg0aob/for_us_only_were_you_taught_in_public_school/
2026-05-17 20:07:54,Do you think i should sell my 2003 Hyundai Sonata?,"It has less than 90 k miles on it but it does need 

\-power steering pump  
\- oil pan  
\- alternator   
\- refrigerant for the ac 

I dont want to sell my car but im tired of arguing with my dad  about my car . He thinks its a waste of money to pour into the car because its old but i feel like it's either fix the car until i can afford to get a new car or  not have a car",reddit,askcarguys,QuickTemporary714,2,6,reddit.com,https://www.reddit.com/r/askcarguys/comments/1tg0anc/do_you_think_i_should_sell_my_2003_hyundai_sonata/
2026-05-17 20:07:10,Red Bean Peach Corn and Cabbage Salad 🫘🍑🌽🌱,"This is my favorite warm weather picnic salad of all time because it's refreshing, seasonal, satisfying, and wilt-proof In this version I used scarlet runner beans but any red bean🫘works (other colors too but I like the red bean aesthetic). The citrusy dressing is oil free and super easy 😊

Recipe [here](https://maximalistvegan.com/savory/peach-corn-cabbage-and-red-bean-salad-oil-free-vegan-wfpb-no/)",reddit,Beans,MaximalistVegan,10,1,reddit.com,https://www.reddit.com/r/Beans/comments/1tg09wx/red_bean_peach_corn_and_cabbage_salad/
2026-05-17 20:07:06,Question About Silicones,"Hello! This is my first time posting here, so hi everyone! 👋 I had a question and I was hoping you lovely people could help me answer it. I‘m wondering, is it beneficial to use a leave in conditioner WITHOUT silicones after using a wash out conditioner WITH silicones?

I’m currently using a Pantene shampoo and conditioner in the shower. The Pantene shampoo does NOT contain sulfates, but the conditioner DOES contain silicones. The specific silicone it contains is Bis-Aminopropyl Dimethicone, which is supposedly not water soluble. After I wash the conditioner out in the shower, I spray Briogeo Farewell Frizz leave in conditioner into my hair and apply the accompanying Briogeo Farewell Frizz oil. Both the Briogeo leave in conditioner and the oil DO NOT contain silicones.

Now, I‘ve heard a lot about conditioners with silicones. I’ve heard that while silicones can be beneficial for some hair types, they can be detrimental for others. I’ve heard that silicones form a barrier on the hair that keeps beneficial ingredients from entering the hair shaft. If this is true, does that mean that what I’m doing right now is pointless? Are the silicones in my wash out conditioner keeping me from getting the benefits of the silicone free leave in? Is it pointless to apply a silicone free leave in after using a conditioner with silicones? Does the conditioner with silicones keep my leave in and my oil from penetrating my hair shaft?

I’ve tried googling this to find answers but I didn‘t see anyone asking this specific question and the google ai wasn’t very helpful. I’m curious to know what you guys think. Thank you for taking the time to read my super long post lol :D",reddit,femalehairadvice,feralfinalgirl,1,0,reddit.com,https://www.reddit.com/r/femalehairadvice/comments/1tg09ut/question_about_silicones/
2026-05-17 20:06:26,First Time Brisket? Let's do 3 packers.,"This was forsure a journey never smoked a brisket before but have experience doing ribs, pork shoulders, tritip, and others. My family wanted me to smoke brisket for their wedding and ended up showing up with 3 packers of prime brisket. Did plenty of studying before trying to do this and ended up with decent first time results. Was a fun doing the trimming, making my own tallow, learning to wrap, amd feeling that buttery probe tenderness. Biggest things I learned for next time is to trim more, wrap better, season heavier with black pepper. Overall everyone loved it but I know what to improve for the next one. Any tips and tricks of the trade for a newbie is welcomed. ",reddit,brisket,Alarmed-Opinion-4356,9,2,reddit.com,https://www.reddit.com/r/brisket/comments/1tg098h/first_time_brisket_lets_do_3_packers/
2026-05-17 20:06:22,Anybody know?,"Anybody know? Recently just purchased a used 2016 BMW X5 anyone know a reputable mechanic in the NW Burbs? (Schaumburg; Arlington Heights; Mount Prospect etc.) Made this purchase solely b/c my trans on my 2016 Jeep went out; Jeep wanted almost $18k between Trans and other related issues from a “coolant leak and oil valve gasket leak. Plus suspension and a belt that was replaced not long ago. For reference Jeep  was a 2016 with 185k original one owner (me) X5 is 2016 with 64k one owner. So long story short got rid of the Jeep (CVT) for German Luxury; yah will prob be paying out of my ass, but also the Jeep was getting too small for my growing family. ",reddit,ChicagoSuburbs,RabbitNotSo,0,1,reddit.com,https://www.reddit.com/r/ChicagoSuburbs/comments/1tg0968/anybody_know/
2026-05-17 20:06:19,Code P0155c after cams and dyno,"Hey everyone, looking for some insight on my 2023 Harley-Davidson Harley-Davidson Low Rider S.  
I recently had Star 3030 cams installed along with an S&S cam chest kit. The bike was dyno tuned by the same shop afterward.  
Since getting it back, I’ve repeatedly gotten a P0155C engine code. I took it back the first time and they cleared it. It came back. Took it back again, they said it was fixed, and now it’s back again for a third time.  
At this point I’m getting pretty frustrated because it feels like this issue isn’t being taken seriously. I would’ve expected some basic troubleshooting by now, like swapping O2 sensors side to side to rule out a faulty sensor.

Current setup:  
Star 3030 cams  
S&S cam chest/oil pump/plate  
2-1 exhaust  
HD SE Extreme Ventilator intake

Bike ran fine before the cam work. Has anyone run into this code after cam/chest installs or dyno tuning? Could this be an O2 sensor issue, wiring problem, tune-related, exhaust leak, etc.?

Appreciate any input.",reddit,FXLRS,flyinryan420,1,0,reddit.com,https://www.reddit.com/r/FXLRS/comments/1tg094h/code_p0155c_after_cams_and_dyno/
2026-05-17 20:06:11,2017 Hyundai Elantra Limited SE Pls HELP!!!,I'm having issues with a loud clicking noise and stalling while making sharp turns also it sometimes gets louder during acceleration I have had an oil change and also replaced all spark plugs and ignition coil cylinder 1 engine light is off. Has anyone else had this problem or know what could be causing it ,reddit,Hyundai,Sorry_Ocelot_9969,1,0,reddit.com,https://www.reddit.com/r/Hyundai/comments/1tg08zh/2017_hyundai_elantra_limited_se_pls_help/
2026-05-17 20:05:28,Insignia 2011 CDTI,"'Oil Pressure Low Stop Engine' message for 3 seconds when starting car.

  
Oil pick up seal replaced last year which is the usual culprit so assume sensor or oil pump itself.

  
135k

  
Any thoughts?

  
No EML",reddit,CarTalkUK,ReleaseFlimsy7379,1,1,reddit.com,https://www.reddit.com/r/CarTalkUK/comments/1tg089z/insignia_2011_cdti/
2026-05-17 20:05:27,[DIPLOMACY][RETRO] The Treaty of Eternal Friendship between Syria and the USSR,"**January, 1967**

After much negotiation and the decision by the Ba'ath Government to extend their hand in friendship to the Union of Soviet Socialist Republics, a Non-Aggression Pact of Twenty Years and a The Treaty of Eternal Friendship between Syria and the USSR has been signed.

This follows with a number of aid programs to Syria, firstly the expansion of the SCTIC into Syria for clinic, school and other projects. The hope is to eventually have five Soviet run hospitals in Syria and a large number of clinics alongside them while beginning to establish a more devout Ba'athist Youth by ideological instruction starting in kindergarten and Russian Language programs with the goal of inviting hundreds of Syrians to study within the Soviet Union. Alongside this is a massive infrastructure deal, with Soviet Engineers building a six-lane highway across Syria connecting Damascus to Aleppo and Hasakah and two natural gas power plants with a massive investment in updating the electrical infrastructure with them.

>!Currently the SCTIC is also preparing a Cyrilic education package for training the Syrians so that future aircraft, tanks, and more can be sent with Arabic marking and begin a soft form of Cyrillisation of Arab Officers in the middle east. This is expected to be more helpful against incursions against Syrian neighbors as well, even if for a short period.!<

This isn't just the end as a joint owned company named the **Red Crescent Mineral Combine,** with the Soviet Union taking a 40% ownership share, having been established to begin large scale surveys and mappings of the nation over the next twenty months. The intention is to begin large scale mineral development once reports slowly accumulate and particularly to help find oil for the Syrian-French oil venture in the hope of warming Soviet-French Relations on the international field. Apart from this however, the Red Crescent Mineral Combine will have full surveying and extraction rights to deposits found. 

*Another piece of this which hasn't been put in writing is the Soviet reequiping of the Syrian Armed Forces. While meager in its current state, already hope has been cast with* [Ali Haydar](https://en.wikipedia.org/wiki/Ali_Haydar_(Syrian_army_officer)#) *being open to establishing a 'Syrian Spetznaz' and* [Hafez al-Assad's](https://en.wikipedia.org/wiki/Hafez_al-Assad) *interest in the Soviet Air Force something our government hopes to explore after the Junior Neo-Ba'athist cadets finish training in the Soviet Union.*

>!Of course certain deals are more insular between Syria and the Soviet Union. A large scale deployment of early-warning systems and ground-controlled interception sites are to be set up covering the Iraqi, Turkish and Israel borders is beginning to be deployed on each border of the Syrian Republic with operators being given on the ground training and specialized training in Belarus. These are just the beginning of direct military aid as four Syrian air fields are being modernized and given reinforced concrete aircraft hangars to contain the future [Vozdushnik ](https://www.reddit.com/r/ColdWarPowers/comments/1swz3u0/rd_vozdushnik_line/)aircraft that will overwhelm the current fledgling Syrian air force.!<

>!One major request was the establishment of a large airfield north of Tiyas which is to be a major joint base shared by the Syrians and Soviets. Within it a bunker complex is to be established, a strong anti-air net with S-75s, ASP S-60s and ZSU-23-4 Shilkas to be maintained there. Once the air base is in operation, expected to be sometime in 1968, the first foreign deployment of the Soviet [Tupolev Tu-126](https://www.reddit.com/r/ColdWarPowers/comments/1rm6vun/rd_the_soviet_air_force_of_the_future/) will occur, intended to help Syrian air efforts in the Levant. This all comes with the benefit of the Soviet Union being granted full radar telemetry, access to raw intercepts, the ability to station intelligence officers and to conduct strategic monitoring of Syrian neighbors.!<

>!In the naval front, the first major Mediterranean bases has been granted to the USSR in the form of Tartus and Lakaia. Both these sites are to have millions of dollars worth of naval development expended on them to ensure that they can help allow Soviet operations easily occur within the Eastern Mediterranean and act as drydocks, repair complexes and major replenishment ports. !<",reddit,ColdWarPowers,BarnabusOwling,3,0,reddit.com,https://www.reddit.com/r/ColdWarPowers/comments/1tg0890/diplomacyretro_the_treaty_of_eternal_friendship/
2026-05-17 20:05:02,Running after RD?,"Hello friends, hope you're all well. 

I had a retinal detachment on the 23rd of April. 24th I was in surgery for a gas bubble. I followed the recovery request to the dot and on the 7th of this month, yet another detachment happened. On the 8th I went in for a silicon oil surgery. 

So far so good, doctors appointment tomorrow to confirm again if its still attached. But honestly, since it detached again already I feel like I've lost trust in this process. And after reading quite a lot of other posts, it's quite a downer. Super sorry for those that had it happen to them 3 or even 4 times. I just feel like even if it stays attached until the oil gets removed, I'll need a lot to trust it. 

Which brings me to the subject. I picked up running a little over a year ago. And I took it extremely seriously. I had me a coach, and never skipped or rescheduled a single session in that one year period. It's because I love it, and I prioritized it over absolutely anything in my life. And since my SO was onboard, I had absolutely nothing to worry about. I increased my mileage and got to above average levels. It was just the best thing to happen to me. I know I won't run anytime soon, but my doctor strongly believes that within the next few weeks (or maybe I misunderstood, but will clarify tomorrow), I should be able to do ""light jogging"" sessions. 

Has anyone restarted running after RD? Any tips? Things that I need to consider? Am I ever gonna be able to run again?",reddit,RetinalDetachment,filter_zero4040,1,1,reddit.com,https://www.reddit.com/r/RetinalDetachment/comments/1tg07un/running_after_rd/
2026-05-17 20:05:00,Senior Dog with Dry Ears. Best products to use?,"Hey all! We have a female 10 year old Boston terrier. Spayed when she was a puppy, up to date on shots and flea and tick meds. She lives with my parents and I visit often.

I noticed within the last couple years her skin has gotten drier. It started just as some flakey skin when I would give her some good booty scritches, and then within the past 6-8 months her nose was really dry and cracked. I think it just resolved itself on its own. My parents would occasionally use one of those lip balm looking tubes to rub a nose balm on it but not super often which is why I think it mostly resolved on its own. 

She’s also grown a few “old lady bumps” as my mom calls them. The vet looked at them and said that a lot of senior dogs grow them and that if we’re really concerned we can get them looked at or remove them. They really don’t seem to be bothering her but we’ve been keeping an eye on them nonetheless. 

Within the last month or so I noticed the tips and edges of her ears are really dry. I gave her a good bath yesterday after we played a bunch in the water for her birthday. I noticed a small patch of her fur skin which I guess had just been hanging on fell off. I wish I had gotten a picture of it before. I’ll attach some photos of her ears now if I can figure out how. 

When she first started showing dry flakey skin I ordered oatmeal sensitive skin shampoo and conditioner for dogs. Now it had been a long while since she’d had a bath. I’m not sure how long but probably at least 8 months? My parents have been dealing with health and family issues and I had no idea they were struggling with grooming care or I would’ve offered to help much sooner. We have a plan going forward now on that front.

My questions are:   
\- Is there a specific diagnosis I need to know about or look into or is it just general dry skin?   
\- What kind of products would you recommend to help with this issue? I’ve seen oils to add to food, supplements, and different cream/oils/balm to apply topically. Could be specific products or just “products with xyz in it are great”  
\- Is there anything else we should keep an eye out for related to these skin conditions?",reddit,AskVet,ir0n_lace,1,1,reddit.com,https://www.reddit.com/r/AskVet/comments/1tg07tv/senior_dog_with_dry_ears_best_products_to_use/
2026-05-17 20:04:12,Oil Reserves in the North Sea including the Islands of Caproney,,reddit,u_Spare-Bat-729,Spare-Bat-729,1,0,reddit.com,https://www.reddit.com/r/u_Spare-Bat-729/comments/1tg074d/oil_reserves_in_the_north_sea_including_the/
2026-05-17 20:04:02,Infographic Map: Oil and Gas Infrastructure in Kuyeh,,reddit,u_Spare-Bat-729,Spare-Bat-729,1,0,reddit.com,https://www.reddit.com/r/u_Spare-Bat-729/comments/1tg06yk/infographic_map_oil_and_gas_infrastructure_in/
2026-05-17 20:04:00,Sluggish acceleration and deep low grumbling noise with it,"To keep it short i was having issues with my car, check engine light was already on. Decided to take it for an oil change, after the oil change car was accelerating super slow at high rpms any ideas what could it be? P0300 along with P0130 code popped up ",reddit,q50,UnderstandingFit3969,1,0,reddit.com,https://www.reddit.com/r/q50/comments/1tg06x4/sluggish_acceleration_and_deep_low_grumbling/
2026-05-17 20:03:36,struggle with a lot of dead skin build up,"I shower with an african net sponge and although i dont sweat a lot when im scrubbing in the shower the soap coming off is slightly brown which i think is dead skin, i shower everyday, but im starting to think it might also be build up?

I usually use oil or shea butter and then cream after i shower because my skin absorbs cream very fast, but i’ve started noticing that so much brown gunk comes out of me while im showering. im so disgusted. i dont go around rolling in mud, i dont know why this is. i think product build up?

Should i just start using only creams and skip the oil, or whats the issue? I dont sweat a lot",reddit,Blackskincare,BigMamaOclock,2,2,reddit.com,https://www.reddit.com/r/Blackskincare/comments/1tg06jm/struggle_with_a_lot_of_dead_skin_build_up/
2026-05-17 20:02:00,keto fixed my hypoglycemia but then got hypoglycemia again even on keto?,"I got diagnosed with hypoglycemia on April 13th of this year and since then went slowly on keto keeping carbs under 30g-50g. my meals consisted of avocado, butter, coconut oil, mct oil in coffee, broccoli, spinach, eggs, sardines, steak, chicken, pork, liver, nutritional yeast, pumpkin seeds, peanut butter, fatty nuts, and then like 1/4 of a  sweet potato each meal. i did eat 40-50g of quinoa in the beginning but cut that out. Started out with 3 meals to 2 meals a day/16:8 IF. My first meal is around 12 noon and my dinner is at 6pm. and i'll usually eat peanut butter or fatty nuts after to prevent nighttime lows. also starting to add raspberries into my diet recently, not sure if this has anything to effect it. i'll have around 5-10 raspberries, it shouldnt.

was doing really well with my blood sugars, keto and IF. my daily average read 91-93. but suddenly got a reading on my blood pricking device of 68 at 12 noon today. and 80 last night 3 hours after eating dinner, which i know is not a low but i was feeling low symptoms. i took magnesium and drank salt water and felt calm an hour later, slept through the night. normally my post meal blood sugars are around 95. thats why i am concerned

i am just wondering what is suddenly causing this? i should mention i have also been weightlifting but nothing crazy about 4-5 times a week since being diagnosed. i am 26 yr old female, my weight is 120lbs, height is 5'5. my blood test results says i have elevated liver enzymes but it went up after doing keto. my AST was 32 / ALT 20 on April 13th, now my AST is 82 / ALT 53. Doctors say i dont have insulin issues. i am just not sure if i should keep pushing through because it seemed to be working but now i am not so sure. anyone ever had a similar experience or go through the same thing ? What did you do?

My latest blood work says i do not have hypoglycemia anymore and this test was taken on the 11th this month of May. So my endocrinologist took me off my dexcom prescription. so i can't see my consistant blood sugars.",reddit,keto,tiffanyyyylamp,5,8,reddit.com,https://www.reddit.com/r/keto/comments/1tg050d/keto_fixed_my_hypoglycemia_but_then_got/
2026-05-17 20:01:58,My Neighbor Bill's Ficus,"CWs: Body horror, gore, violence

Part 1 of 3

It's a beautiful plant and it helps relax me when I have trouble sleeping. It came into my life at a good time because I stopped sleeping well the night I got it.

  
A faint beeping woke me up that night. Or honestly, it was probably the light. I've always been sensitive to light when I'm trying to sleep. The beeping was the first thing my mind registered as wrong. The time on the clock seemed wrong as well because it said 2:30 AM, but light was streaming through my bedroom curtains. I picked up the alarm as I moved towards the curtains to let in some morning light.

  
The display wasn't blinking like it typically did after an outage, and it wasn't the source of the beeping. I dropped the alarm clock as I pulled the curtains to the side. My neighbor’s house was a pillar of fire.

  
As I watched, the front door opened. A wild bulky figure stood in the doorway. It limped and lumbered its misshapen awkward form past the threshold and finally the figure became recognizable as my neighbor and friend, Bill, carrying some cumbersome load through the flames. I ran from the window not even throwing on a shirt or shoes. I met Bill in his front walkway; me in my underwear and him still smoldering. He grinned at me like an idiot. His hair was totally gone, and all the skin he still had glistened golden red with busted puffy black patches that wept juicily at their warping. In many places the skin had just sloughed right off and I could see the clockwork of his body - muscles, tendons, bubbling cooked fat. His lips, forcing their edges upward, pushed the jelly of his cheeks against gravity and on each side of his face slivers of his smiling skull behind his skin began peeking through the sliding jelly. His eyes ran like tears out of their sockets, yet he seemed to sense me standing there.

""Eric, protect this. I saved it. I saved it. I saved it. I was so scared, the flames were everywhere, and I was SO close... close to..."" and he held out the flower pot to me.

It was huge. The thing probably weighed over sixty pounds. Steam, not smoke, curled off the plant. The whole plant had been soaked in water, and it was virtually undamaged by the flames. The very edges of some of the lower leaves were blackened and curled, but it looked like the thing would be totally fine. I reached out to touch it in awe of how pretty it was and how weird the situation was. That's when Bill started to fall forward, and - I don't know why, but I grabbed the pot out of his hands instead of catching or steadying him. Maybe I was scared of how his flesh would feel, or how his body might come apart in my hands like well cooked bbq. Either way, I took the plant and Bill fell to his knees and then onto his face. He made a nasty little squish both times and I saw him spread a bit as he splatted softly onto the pavement of his driveway.

  
I carried the plant back to my own house and put it on the kitchen table being careful not to scratch the wood. The planter was thick ceramic, or maybe even stone. It was nicer (and much heavier) than the basic terracotta planters that I usually bought.

  
I stared at the plant for just a moment making sure it was okay, then I went to my bedroom to find my cellphone and call the fire department. One of the other neighbors had probably already seen the blaze, but even with the recent rain it was usually damned dry out here. I didn't want to join Bill's bbq anytime soon. I placed the call and after confirming some basic information like my name and a good number to reach me in case they needed to follow up, they let me know that they were aware of the incident and that emergency services would be arriving shortly. I hung up and went to the bathroom, getting a towel, before returning to the kitchen.

  
I hadn't turned on the lights except in my bedroom, but I could see something moving by the plant.

  
""CLIPPER - CUT IT OUT,"" I growled at him in my fuck-off voice.

His head swiveled towards me, and he jumped forward over the planter and off the table sending a bit of dirt flying as his front paws left the pot's soil. He flew like a whirlwind out of the kitchen, pausing to look back at me in the patch of light from my open room.

""Clipper, my dude, show some respect. His dad just died,"" and I felt a weird wet/dry laugh come tickling up my throat. It was unstoppable in its push upwards like a bubbling geyser, but it kept catching roughly and feeling more like the tearing of a sob than the relief of a laugh. When I got myself under control my face was wet with tears.

  
In the dim light of the kitchen, most of it coming through the windows, I stared at the ficus and thought about my friend Bill. He was a funny guy, a little neurotic. Always a bit awkward, but often surprisingly social. Everyone seemed to agree he was a bit odd, but in a way that anyone worth talking to could appreciate. I was always surprised by how many people he would be greeted by when we drove into town, or the number of random people I would see coming to visit the guy. He was a collector.

  
""Eric, everything has a place and a purpose. Nothing ends up having exactly the same place and purpose. I like to hold a thing that has shaped the world, given it that bend I balance on. It's fun to hold an object and realize that someone important or something important to me touched that thing, and that that thing touched that person or event,"" Bill tried explaining to me one time.

  
""I'm glad it makes you happy, but I'm just not sentimental. I don't like the clutter. I'm happy enough knowing a thing happened. If it affects me, then the effect is enough. I'll appreciate that,"" I had argued back, gesturing to all the shit on his shelves and floor.

  
Bill had so much random stuff. He definitely fell into some gradation of hoarding. He at least used to have a system; he used to keep things clean. It always significantly impacted his life. I guess I was still surprised when I saw his place go up in flames. The place *was* a hazard. I was especially surprised that he saved a house plant; however, I knew that whatever he had given me meant more to him than any other thing or collection of things he could have carried out of that house. For a guy like Bill, that meant a hell of a lot.

  
The ficus held my attention in a weird way. I hardly noticed the sirens or the change in the color of the lights reflecting off the ficus until I heard the knock at my front door. I came out of my reverie and stood up abruptly out of the chair I'd settled into.

  
I stumbled to the door feeling numb and twisted. The hour of the night and the events felt like they were catching up to me and sitting on my shoulders dragging downward. A pretty older woman in uniform greeted me at the door. A bit down my front walkway I saw a younger man staring at the fire but still showing an attentiveness to the scene at his back. The way one of his ears held my direction as I opened the door and began speaking told me he wasn't mindlessly watching the spectacle.

  
""Hello officer, how are you doing tonight?"" I asked.

  
""Looks like it's going to be a busy one. Sorry to keep you up at this hour, but do you mind if we ask you a few questions?"" she responded.

A firetruck had plugged into the hydrant a couple houses away and was pumping liberal amounts of water over the column of fire. It was slow work at first, but you could see the blaze starting to weaken under the assault.

  
""Not at all, would you like to come inside?"" I opened the door and gestured inside.

  
Clipper watched us from the kitchen. I didn't want to explain the plant to the police. What if they took the plant into evidence and let it die? My heart squeezed painfully at the idea. Bill wouldn't want that. He wanted ME to have the plant. It was his final wish, and I intended to respect it.

  
I steered the cops towards the living room and they sat on the couch facing the television. I went to the kitchen and grabbed a chair from the table bringing it back to the living room. I placed it on the other side of the coffee table, facing the cops and feeling an unwarranted guilty sweat start to percolate.

  
""So what alerted you to the fire?"" her partner started, taking out a pad and pen for notes.

  
""The beeping... or maybe the light. I'm a very light sleeper. I woke up and wanted to go back to sleep, but I couldn't. That's when I noticed the beeping. It wasn't my alarm, but my room was too bright. Normally my alarm would wake me up before sunrise, but my clock read 2:30 exactly. A.M. I realized later that the beeping was Bill's smoke alarms,"" I looked up at the two cops.

  
The younger one finally met my eyes. His eyes were sympathetic. I looked towards the woman and met her cool steely gaze.

  
""Go on,"" she urged.

  
I gathered myself and continued.

  
""The room was so bright that I assumed it must be morning, but when I went to the window to let in some light I saw Bill's house,"" I paused.

  
Both cops nodded almost in unison.

  
""I ran outside, nearly naked, because I saw Bill. He had walked outside and was in his front yard,"" I was hesitating a bit.

  
For some reason, I just couldn't bring myself to mention the plant. I shouldn't care about the plant itself, but Bill was a good guy who had helped me and I felt like I couldn't betray something he had sacrificed his life to protect. His last act had cracked me and planted the sentimental streak he had spent so long trying to coax out.

""Did Bill say anything to you when you got to him?"" the older cop prodded.

  
I hesitated but only for a moment.

  
""I don't think so. He was already so burnt up,"" I looked at them and shrugged before immediately feeling vulgar for such an off-handed gesture given the gravity of the circumstances.

  
""It's okay. You're doing great. We just want to get a full picture of what happened tonight,"" she said, reaching over the coffee table to put her hand on my knee.

  
The younger cop tensed for just a moment, but his faith in his partner reflected in how quickly he reestablished his comforting and cool demeanor. His big brown eyes traced my face and his mustache twitched.

  
""Had you noticed anything strange about how..."" he paused for a moment and his partner jumped in with oiled practice.

""Bill,"" as she sat back against the couch.

  
""Had you noticed anything strange about how Bill had been acting recently? Any unusual activity or people you maybe didn't recognize around the house in the last few days?""

I looked between the two of them before speaking.

  
""It's not unusual for Bill to have people I don't know over. He's a collector. He trades all sorts of stuff. He has some real characters around sometimes. I don't know of anyone specific recently though. I don't usually talk to or meet most of the people he deals with as part of his hobby. I was trying to encourage him to scale back. His place was starting to worry me, it looked a bit like a maze,"" I was starting to ramble.

  
The younger man was taking notes with clean movements and nodding gently, his eyes only leaving mine for moments as he checked his writing. The woman was staring at me intently at first, but now her gaze was locked on the kitchen. I tried to ignore her focus but quickly crumbled. In the entry to the kitchen I saw Clipper rolling on his back and looking absolutely adorable. If you approached and tried to pet him then he'd invariably turn into a ball of razorblades, but I'd be damned if he wasn't the cutest little jerk.

“Can they tell what might have caused it? Was there a gas leak or something?” I resumed.



“Gas or something…” the younger cop started jokingly before his partner shot him a look.



“Smells like someone dumped a gas station on that house. You didn’t notice when you went outside?” she finished.



Now that it had been said to me, I felt like I remembered struggling to breathe on the lawn. When I tried to cast my mind back I immediately saw Bill and my stomach clenched, but then in my mind’s eye the ficus saved me. Its calm serenity, its defiant beauty, and its strength against the inferno. Bill may have been lost, but look at what he saved.



“You didn’t notice a smell when you went outside?” she repeated.



“I’m sorry, I was just trying to remember,” I reply, noticing her mildly apologetic but equally concerned expression. I realize I’ve got on a big dopey smile. I sit up and continue, straightening out my face as well.



“The air was hard to breathe because we were so close to the fire, and I was running and out of breath. I really don’t recall noticing a gasoline smell but I don’t doubt it was there. It’s 3:00 AM and I just saw my neighbor served well-done. Sorry, if I’m a little fuzzy,” I replied defensively.



“It’s no problem, we just want to make sure we understand how everything unfolded tonight and what might have caused it,” the woman met my gaze with confidence. I didn’t look away. Clipper meowed from the kitchen and sprinted wildly down the hall back to my room.



“That’s pretty much it from tonight,” I finished lamely. 



We all stood up and I led them towards the front door. I looked back to make sure they were following me, and the female cop was standing at the entrance to the kitchen. She bent down and Clipper walked out from the hallway to rub against her leg as she scratched his side. He let out a prolonged meow and purred loudly. She straightened up and glanced into the kitchen for a moment.



“Beautiful plant, what type of potter is that?”



“I don’t know, my sister just gave me the thing the other day. Said she was sure she was killing it,” I started lying. I didn’t even hesitate.



“I’d be careful leaving it on the wood like that. You’re liable to either scratch it or warp it or both,” she said, putting back on her cap and walking toward the door I was holding open for her.



“Thanks, officer. I meant to put a towel under it at least, and it’ll be my first priority before I try to go back to sleep,” I promised.



Both cops stood outside the threshold with their caps back on and the lights from the sirens painting them red and blue. 



“If you think of anything else, give us a call. Here’s my card,” the woman said, holding out a card to me. As I took it I felt compelled to toss them a bit more information so they wouldn’t seem suspicious if other people blabbed about Bill. He could be a funny guy.



“Bill had a lot of idiosyncrasies. Like sometimes he wouldn’t leave his apartment during the day. I think he was mildly agoraphobic. He told me that all his stuff was like a telescope, and he didn’t need to go outside because he could touch a thing and see the world through it. He was a bit of an oddball. If someone said something critical to him he might stew on it too much. He didn’t make friends easily unless you were interesting to him, so he came off rude to a lot of people. Mostly he was just a little awkward at dealing with other people, he might say something and not realize he’d upset someone,” I searched for other examples.



“In the last month I’ve only seen him go out at night, but that isn’t too far off his normal behavior. It has been getting more pronounced recently, and he actually asked me to pick him up some groceries last week which isn’t typical but didn’t feel totally out of character. I don’t know. Should I have been more worried? Tried to reach out more? I didn’t even go into his house last time I talked to him, I just left the groceries on his porch and spoke with him through the door to be sure he knew they were there,” I said, beginning to feel guilty.



“So the last time before tonight that you spoke to him was when?” The male cop retrieved his notepad with fluid efficiency from his shirt pocket and had his pen poised for my response.



“Exactly a week ago, last Wednesday evening. Or maybe not exactly a week because it's Thursday now,” I said, looking towards the horizon where the sun would come up soon.



“Okay, well it’s late and we thank you for your time. You have my number,” she offered, noting the way I was already allowing the door to drift towards closed.



I glanced at the card, noting her name Mallory Laws in big bold letters. Some people find their place I guess. They turned and walked to meet another pair of cops under the spinning lights. The flames were still going, but a second truck had joined the first and they were making great headway. Bill had a lot of stuff, but his house was small and not very tall and it had burned hard and fast though itself.



I allowed the door to shut and pretended I was leaving the incident outside. As I walked back towards the hall to the bedroom Clipper darted towards my feet, and I wobbled off balance falling onto the couch. Clipper hopped on my chest and started purring. Something was dangling out of his mouth. He tossed his head back and the thing flapped backwards down his gullet. He proceeded to lick his mouth in big satisfied swipes of his tongue, really savoring whatever he must have caught or stolen from the kitchen.



“What are you eating, my dude? If you throw up a leaf do it outside,” I warned him while scratching behind his ear. I wondered if ficuses were poisonous to cats, and I started to get paranoid. I pushed him off me and went to investigate the kitchen. I hadn't noticed any loose leaves when I brought it in, and they were pretty high for Clipper to make an easy snack of. I really never saw him eat plants, so I let myself relax.



I shrugged and decided to honor my promise to the cop. I placed the towel I had brought out earlier next to the pot and put one arm around the planter. I hefted it and pulled the towel underneath, but a crinkly slimy texture against my forearm caused the planter to slip a bit as I set it back down on the towel. It bumped the table hard with its bottom edge then leveled out with a fat smack onto its flat bottom. The ficus swayed in its pot. The crash at the base echoed into wild motion that shook its leaves. They shook so ferociously that I saw a kaleidoscope of light and color. A wicked pain flashed though my head and I fell onto the kitchen floor.



All the stress, the wild light from the cruisers and the fire, and the lack of sleep had given me an intense migraine. Complete with visuals. It was my first experience with one and it was scary, but my dad had ocular migraines. I didn’t panic. Clipper licking at my forearm got me moving again so I didn’t just let myself pass out on the floor. 



“Stop it dude, that tickles,” I pushed him away and went to wipe his slimy spit off my forearm. It wasn’t just his spit making my arm slimy. A portion of a handprint in greasy leather strips was clinging to my forearm. Two fingers, part of the top of the palm, and most of the thumb were quite clear. They’d rubbed off the planter, greased by Bill’s fats. Just like good bbq, you can pull the crispy bits off the foil when you’re done.



I walked leadenly with my head down to the bathroom and scrubbed my arm. I fought the feeling for a bit but decided to try puking. Once I was over the toilet bowl I couldn’t actually do it. I just went back to the sink and rinsed my face. I shut all the curtains. I turned off all the lights and put some white noise on my bedroom speaker. Clipper, knowing my routine, came sprinting out to trip me so I had to toss myself over him into bed or risk punting the idiot. Then he self-satisfiedly leapt right onto my chest and began to purr. 



I repositioned myself for a bit until I was comfortable, then as I drifted off I fell into a sea of fire. I sat up sending Clipper off my chest and onto the foot of the bed which he whirlwinded off of and out of the room.



I was sweating heavily. My head hurt again. My stomach growled, and I could not resist fortifying myself before trying to tackle sleep again. The image of stacks of lunch meat squirming their way out from the fridge to come slither down my throat tortured me. 



In the kitchen I stuffed my face in the mostly dark. Still some light came through the curtains, but I didn’t bother checking the status outside. They’d handle it, and I had my own things to tackle. Half the package of ham disappeared. My head started to pound, so I grabbed a huge glass and filled it with cool water. After pounding the first glass, I filled another and brought it back to bed.



This time Clipper didn’t join me. I got comfortable more quickly, and I started to drift. I dreamt I was in a huge black forest. The ground was nothing but spider-webbing tree roots crisscrossing together into cavernous catacombs. The massive black tunnels between the trees were lined with skulls and descended into pure dark. The skulls smiled, looking like happy teeth in a hungry mouth. I looked away from them and saw above me were the bodies, hanging from the trees. Headless bodies looped and tangled and shot through with vines and leaves. Bodies like the near boundless fruit of the trees. Bodies by such count that they dragged at their supports and the trees were all bent and bowed by their bounty. Bodies so plentiful that the trees turned from the light and lived off the blood, the flesh, and the bone instead.

",reddit,TalesFromTheCreeps,Optimal_Constant4318,2,1,reddit.com,https://www.reddit.com/r/TalesFromTheCreeps/comments/1tg04z4/my_neighbor_bills_ficus/
2026-05-17 20:01:46,High Compression Ratio,"Odd readings on my 10-speed 2024 GT. My compression ratio floats right around 14:1. My first thought would be, oh s\*\*\* I’m only running 93. And yet, no detonations, no diesel, no knock or ring at all.  Cylinder head temp consistently 190 or below, normal oil temps and all that. OTHER THAN the CR gauge showing generally 14:1, there is no other sign at all of it having too high of a ratio. 

No OBD errors, the temp and CR gauges change as expected, ie nothing is “stuck” at a static value. I’m thinking of handing my local tuner check her out (retired Ford Racing advisor) but it’s run octanes from 87 to 93 to zero issues whatsoever.",reddit,Mustang,DaddyColeman,0,3,reddit.com,https://www.reddit.com/r/Mustang/comments/1tg04ri/high_compression_ratio/
2026-05-17 20:01:36,"Asleep, oil pastels, by me",,reddit,Paintings,canvaseclipse,2,1,reddit.com,https://www.reddit.com/r/Paintings/comments/1tg04lp/asleep_oil_pastels_by_me/
2026-05-17 20:01:36,Forgot crush washer & stripped the drain plug on my 2020 WRX. How cooked am I?,"Hey everyone, total newbie here. I attempted my very first DIY oil change on my 2020 WRX today, and it turned into a complete disaster.

Long story short, two things went wrong:

* I realized later that crush washer feel off the drain plug before I screwed it back in..
* To make matters worse, I ended up stripping the bolt while tightening it.

How cooked am I right now? Since I butchered the plug, is it highly likely that I weakened or damaged the oil pan itself? Am I looking at a guaranteed leak in my near future, or is this fixable?

Appreciate any advice you guys have.",reddit,WRX,No-Yogurtcloset-7403,2,4,reddit.com,https://www.reddit.com/r/WRX/comments/1tg04lo/forgot_crush_washer_stripped_the_drain_plug_on_my/
2026-05-17 20:00:37,IMO: The most profound and innovative evolution of the Ancient Magic Cliche',"In every single video game, in every single fantasy book that I never read or heard of because I have had really bad ADHD so I have only read like maybe a total of like ten books my entire life at fourty one, and out of every last story ever told, there exists the Cliche' of Ancient equals the most powerful bad ass feared awsome magical thing to ever exist. 

Narnia- The Old Magic   
Harry Potter ( Game ) - Ancient Magic   
D&D - Ancient Relics, Spells, Magic are all the best.   
Zelda - Master Sword, Triforce.   
Religion - All of the Polytheist religions have older gods and newer gods and the most ancient and oldest are the most powerful. The Norse religion puts their most ancient beings just as powerful as the gods. In that made up scifi religion H.P Lovecraft stuff, the most ancient beings are The Old Ones. In those stories the most ancient beings are asleep and if any of them woke up from sleeping we all cease to exist. 

But, in frieren, we had the same thing. Zoltraak. The most feared, Bad ass, Ancient ( exaggerating a little bit ) and most powerful scourge to ever quake humanity to it's most core of their very souls. A fearsome spell that can never be countered by anyone or anything. No one can defend, deflect and dodging it is difficult as well. The most legendary feared magical power to ever be known to exist.....became......ordinary. 

Qual fired his spell for the first time in 80 years and when it met Fern's ordinary defensive shield, a shield that many mages learns how to cast in the beginning before ever learning anything else blocks it with ease. Qual, not having any idea how this was possible simply just came to the conclusion that this must be some brand new kind of VERY advanced defensive spell. Which he wasn't exactly wrong. But then fern says the one line that is basically the whole point I am making. She, a mixture of utter confusion and a little horror at just how confused she was by the spell she just blocked.

I don't understand frieren, That spell, That was just an....Ordinary magical attack. 

Then, just then, Frieren just called The most feared, aad ass, ancient ( again, exaggerating a little bit ) and most powerful scourge to ever quake humanity to it's most core of their very souls.......ordinary. 

This show, took the idea of ancient magic being powerful and destroyed it, and I hope that future anime also take this story path as well. A spear found in a cave that was made by some caveman fifty thousand years ago, just because that caveman was legendary at his time with his six person tribe, does not mean his spear found today is going to be more powerful than a nuclear bomb just because it's fucking old or someone use the word ancient in it's name. 

They took that old magic, studied it, expanded on it, and what use to be rare then now because ordinary. Just like in real life. Computers found in a forgotten lab that was making experimental components during the nineteen eighties is not going to have any value or use in our world today. That tech, even if it was widespread is now decrepit and useless. Same with the magic in Frieren. Time moves forward, people learned new things. 

Even if we somehow had a one hundred percent reliable and trustworthy text that told us how to make real greek fire with the exact true one hundred percent accurate historical recipe for greek fire, that greek fire would at best serve as a fun way to burn down the forest somewhere in oregon with your buddies while you are tailgating in a campsite cracking down your seventh beer. It's basically just oil in my opinion. We absolutely already have much much better was of making fire and fire that can go on water. But that doesn't change the fact that during its time it was one of the most feared weapons to ever exist since then or afterwords for at least a little while. 

So, as time goes on, magic and the study of magic improves. No matter how powerful an ancient magical reserve or spell could be, At the very best it could ever accomplish when the old meets the new is that now it is just ordinary. ",reddit,Frieren,Vasarto,10,1,reddit.com,https://www.reddit.com/r/Frieren/comments/1tg03k0/imo_the_most_profound_and_innovative_evolution_of/
2026-05-17 20:00:32,Advice needed. Is this normal/ ok? Looking for a Corolla,"Thinking about buying this Toyota Corolla (2023 with 30k mileage) and wanted some honest opinions before I commit.

What I know so far:

Registered: May 2022  
First service: March 2024 at \~12k miles, completed by a Toyota main dealer  
Second service: October 2025, but only an oil + filter change  
Since 2024 it’s done about 18k miles  
Dealer says they do a “149-point inspection”

The service history feels a bit light to me for a relatively new car, especially with the mileage since the last proper service. I’m trying to work out whether this is normal, acceptable, or a red flag.

Main questions:

Would the delayed/limited servicing put you off?  
Is an oil + filter change enough for the 2025 service interval?  
Does the “149-point check” actually mean anything in practice?  
Anything specific I should check on this model before buying?

Listing:  
https://www.autotrader.co.uk/car-details/202511127828063

Would appreciate advice from anyone familiar with these cars or buying used cars in general.",reddit,CarTalkUK,Top-Sock-3514,1,0,reddit.com,https://www.reddit.com/r/CarTalkUK/comments/1tg03gv/advice_needed_is_this_normal_ok_looking_for_a/
2026-05-17 20:00:20,"Asleep, canvaseclipse, oil pastels, 2026 [OC]",,reddit,Art,canvaseclipse,3,0,reddit.com,https://www.reddit.com/r/Art/comments/1tg038j/asleep_canvaseclipse_oil_pastels_2026_oc/
2026-05-17 20:00:16,Little Sunday haul,Found a few things when I only went in for some epsom salt. I’m a little unimpressed with the scent of the hemp seed oil lotion. Besides that I’m happy with all the lotions I’ve acquired.  ,reddit,dollartreebeauty,Jumpy_Fennel_7554,7,0,reddit.com,https://www.reddit.com/r/dollartreebeauty/comments/1tg0351/little_sunday_haul/
2026-05-17 19:58:53,I bought this end grain cutting board and it’s still dry as a bone almost 2 years later despite oiling regularly,"I’ve gone through bottles of cutting board oil and mineral oil and my board is still like this at the end of at most 2 days. 

Based on my research boards require regular oiling in the beginning but it tapers off as it ages. I never thought I’d have to oil every day even after 2 years. I’m super frustrated.

Any thoughts from the expert as to why this could be? ",reddit,Cuttingboards,Wild-Coast2312,4,27,reddit.com,https://www.reddit.com/r/Cuttingboards/comments/1tg01nz/i_bought_this_end_grain_cutting_board_and_its/
2026-05-17 19:58:38,New to oils. Pretty happy with this little guy.,"Mostly a practice session, but it turned out better than I thought it would! I know proportions aren’t perfect, as I used a very quick sketch. Ideas on how to make painting more vibrant and less muddy?",reddit,oilpainting,lik3r_of_things,17,1,reddit.com,https://www.reddit.com/r/oilpainting/comments/1tg01g0/new_to_oils_pretty_happy_with_this_little_guy/
2026-05-17 19:57:08,5/17 Week's progress & what’s coming up.,"If you don't want to obsess over daily EVTOL activities like me and prefer just a weekly snapshot, you may find this useful and healthy for your mental life.  I'm no stock guru, so don’t invest just on my advice. When it comes to speculative stocks, you probably have to look at a 1 year basis or even longer. And let’s remember *THESE ARE SPECULATIVE*. IMO some may be 30 or 50 times bigger in three or four years. And personally I will get back in with up to 10% of my investments after this war is over.  
\_\_\_\_\_\_\_\_\_\_\_\_\_\_\_\_\_\_\_\_\_\_\_\_\_\_\_\_

OVERALL: Most non-big-tech/non-Oil stocks were down this week, and so were the EVTOLs.  I dread the upcoming quiet 2-3 months, if the war drags on and probably causing a worldwide recession, which is never good for these types of stocks. Details by company below.

JOBY:  Joby dropped 4.7%, but still up 20% from the month’s low.  Certification is moving along, but slowly, IMO first half of 2027.

Ignore the Archer lawsuit - bogus. For the entire counter suit by Archer, the judge, at the initial April 14 hearing, issued Archer a ""Fair Notice"" warning that the outlandish claims were not supported by any solid evidence.

Archer: Still can’t transition, so IMO certification won’t until 2029 at the earliest.  Q1 ER included a lot of mealy-mouthed future claims, but nothing specific.  The Q&A questions were so timid as to be laughable.   No stock pop like Joby got from the ER. I’m surprised the stock only dropped 6.6% for the week.

Beta: Q1 ER did lay out their accomplishments, which are impressive.  However, they are presently only eCTOL (IMO certified for CTOL in 2027, eVTOL 2028/9), and to a nasty 9.3% hit for the week.  Here is what they touted:

**Advanced Certification:** Completed the first company-conforming CTOL aircraft and surpassed 85,000 hours of flight and ground testing on H500A engines, including the completion of high-risk test conditions in lightning, icing and durability.

**Reached Key Technical Milestones:** Successfully completed the preliminary design review of BETA’s hybrid-electric turbogenerator system in partnership with GE Aerospace, advancing next-generation propulsion capabilities and enhanced VTOL blade efficiency, while reducing noise and demonstrating lower transition energy in routine testing.

**Led eVTOL Integration Pilot Program (eIPP) Selections:** Selected for 7 of 8 programs by the Federal Aviation Administration and U.S. Department of Transportation, the most of any electric aircraft developer.. BETA was selected in programs that extend across 26 states, a testament to its technical progress and operational readiness.

**Grew Nationwide Charging Network:** Expanded global charging network to 123 sites, signed agreement with the Florida Department of Transportation to provide 34 chargers and thermal management systems, supporting early market adoption and foundation for eIPP success.

**Drove Commercial Momentum:** Added more than $375 million to our backlog, including a new partnership with Surf Air Mobility. Total commercial aircraft backlog grew to $3.9 billion across 991 aircraft.

Vertical: With full transition completed with their prototype, now comes the heavy lifting, building their Valo and getting it certified, IMO in 2029/30 unless they run out of money.  Ignore the Archer lawsuit.

EVE:  Eve reached 50 eVTOL flights but their aircraft has logged just over two hours in the air and is flying in a limited area with no pilot on board.  I won’t even guess at a certification date right now.

CHINA / Autoflight: They have a 5-person aircraft in development, and have demonstrated their 5 ton, 10 passenger “Matrix”.  Demonstrated cargo delivery of 75 miles, 37 minutes.

CHINA / EHang / Aerofugia: May 1 - demonstrated human-carrying pilotless eVTOL flights in Mexico\*\*.\*\*  Their AE200 is a six-seater eVTOL (one pilot and five passengers)**.** The company will be going public soon.

CHINA / Volant:  Nothing new. The VE25-100 is a six-seat eVTOL

\_\_\_\_\_\_\_\_\_\_\_\_\_\_\_\_\_\_\_\_\_\_\_\_\_\_\_\_

Last week’s post:  https://www.reddit.com/r/JobyvsArcher/s/GUbtWpq7rL

Anyway, those are my observations and opinions, and I welcome your comments, predictions and corrections.",reddit,JobyvsArcher,Investinginevtol,2,0,reddit.com,https://www.reddit.com/r/JobyvsArcher/comments/1tg0010/517_weeks_progress_whats_coming_up/
2026-05-17 19:56:55,Rod knock?,I can only assume this is rod knock and not lifter tick or anything less severe? Hit the red line a lil too much. Checked the dipstick for any metal shavings and there weren’t any but I’m gonna drain the oil tomorrow to actually find out. Video is about 1500 rpms. Just want you guys to confirm the bad news,reddit,ft86,YT_Lonelyz,8,11,reddit.com,https://www.reddit.com/r/ft86/comments/1tfzzsz/rod_knock/
2026-05-17 19:56:53,Is my oven safe to use? (GE J BP66E0H2BB),"Last time I used my oven, there was a faint smell of burning oil. So I turned it off and cleaned it with baking soda. I thought I got some in between the glass in the door. 

I thought this might be dangerous to leave in, so I watched some videos on how to open the glass to clean it. It looked easy in the videos, but it seemed too complicated to get into the second layer of glass where I thought the baking soda fell. 

I also noticed that the baking soda couldn’t have fallen through where I thought it did because there’s a fabric seal covering the gap. There was also something else between the glass that looked like either corrosion or something already baked in (see images). So I’m not sure if it was already there or if it got in somewhere else.

When I opened the top layer of the door, I saw one of two loose metal pieces fall (See images). I put the metal piece that moved back the way I found the other metal piece that I didn’t see move. Then I screwed the top part of the door back on, but when I closed the door, I heard the metal pieces falling.

My landlord thinks it fine, and it might be, but what is the function of those metal pieces? And is it safe to have baking soda in between the glass of that’s what it is?",reddit,Appliances,somethingsneedforums,1,0,reddit.com,https://www.reddit.com/r/Appliances/comments/1tfzzru/is_my_oven_safe_to_use_ge_j_bp66e0h2bb/
2026-05-17 19:56:47,"I bought tortillas in my local supermarket in Ireland - are these normal ingredients for a ""tortilla de harina"" in Mexico?","I bought some ""Mexican tortillas"" from my local supermarket in Ireland. It's just a piece of bread but it has 12 million ingredients. It tastes like chemicals and plastic.

Is this the same in Mexico? I can't imagine Mexican grannies making tortillas in the village with all this shit. 

But I have no idea. Do you guys eat this too?

Spanish version after this:

  
Wheat Flour (**Wheat** Flour, Calcium Carbonate, Niacin, Iron, Thiamin), Water, Rapeseed Oil, Humectant (Glycerol), Sugar, Raising Agents (Disodium Diphosphate, Sodium Hydrogen Carbonate), Acidity Regulator (Malic Acid), Emulsifier (Mono- and Diglycerides Of Fatty Acids), Preservatives (Potassium Sorbate, Calcium Propionate), Salt, Spirit Vinegar, Stabiliser (Carboxy Methyl Cellulose), **Wheat** Starch, Flour Treatment Agent (L-Cysteine)

  
In Spanish (from Chat GPT):

  
Harina de trigo (harina de trigo, carbonato de calcio, niacina, hierro, tiamina), agua, aceite de colza, humectante (glicerol), azúcar, agentes leudantes (difosfato disódico, bicarbonato de sodio), regulador de acidez (ácido málico), emulsionante (mono y diglicéridos de ácidos grasos), conservadores (sorbato de potasio, propionato de calcio), sal, vinagre de alcohol, estabilizante (carboximetilcelulosa), almidón de trigo, mejorador de harina (L‑cisteína).",reddit,AskMexico,fodacao,6,26,reddit.com,https://www.reddit.com/r/AskMexico/comments/1tfzznv/i_bought_tortillas_in_my_local_supermarket_in/
2026-05-17 19:56:34,I was knighted by the Lord and Lady of Abbeystowe!,"On Saturday I was knighted by the Lord and Lady of Abbeystowe! Now I am Lady Jesse, Knight of Abbeystowe. 

This was an event as part of the Abbey Museum supporters program, wherein a limited number of donors get early tickets to the Abbey Medieval Festival and a “knighthood”. All titles mentioned in this post are for fun, and aren’t actual legal titles (as far as I’m aware at least). 

The ceremony was a recreation of actual knighting ceremonies. It was performed in the Abbey Church, with the Lord and Lady of Abbeystowe and the Knight Commanders of Abbeystowe, and the Abbey Church priest.

We all had our hands washed with rose water before we entered the church, as a symbolic representation of the 24 hours of prayer and contemplation that the real knight candidates would have performed. Then we entered the church and were seated according to our years of knighthood (years of donating to the museum). 

Before the knighting ceremonies, there was a new ceremony, to appoint a Herald of the Knights of Abbeystowe! The new Herald was not told in advance of her new role so she was very surprised and pleased. She received a red mantle and a white staff, to symbolise her neutral role on the battlefield as messenger, observer, and judge, and also a dagger and a pendant, to symbolise the promise of the Knights Commanders to protect her whenever she may need them. 

Then the knighting ceremony began for the new knights. We were each dubbed a knight by the Lady with a sword blessed by the priest. She tapped us on the shoulders and head with the sword, invoking a saint with each tap. 

Then we were dubbed a knight for a second time with a gauntlet wielded by the Knight Commander. He tapped each of us on the shoulder with the gauntlet, saying “May this be the last blow that you receive without returning”. 

The balance of power between the church and the secular world was precarious at times, so they decided who was in charge of making new knights by just having both groups do it at the same time. 

Then we received the charter of our order, and a pendant and a red belt pouch, and were seated again. 

The returning knights were then reaffirmed in their knighthoods, in a much shorter ceremony. The priest marked each of them with a cross on their foreheads with oil blessed by the Holy Sepulchre. Then the priest said a general blessing over the group. Then they received a badge to mark the years of their service and a new belt pouch. And the ceremonies were finally over! 

We all went back to the “tavern” (the church hall) for a feast of medieval-appropriate foods, and endless wine and mead and beer. It was all very fun and delicious. 

I’ll write about our clothes in a comment as I think I’m probably near the character limit by now. ",reddit,HistoricalCostuming,JesseIrwinArt,73,2,reddit.com,https://www.reddit.com/r/HistoricalCostuming/comments/1tfzzfk/i_was_knighted_by_the_lord_and_lady_of_abbeystowe/
2026-05-17 19:55:49,Feeling Hopeless,"I’m getting so frustrated with my skin. It ebbs and flows. Living in it, it feels like it’s in a constant state of redness, whiteheads, and inflammation. I couldn’t even tell you the last time I had clear skin. Like clear, clear. 

I’ve tried spironolactone in the past. I think it worked but I built a tolerance for it (this is a theory) so it stopped being as effective. I’ve tried benzoyl peroxide (it bleaches so I try not to use it). I think it helps but it’s drying and too strong for my skin. I’ve tried salicylic acid face washes and just about everything in between. 

Recently, I started VI peels. I’ve done two so far, spaced 5 weeks apart. I was also prescribed tretinoin .025% cream. I just restarted it a few weeks ago. I couldn’t use it while I was doing the peels. I feel like the peels have helped renew my skin barrier so my skin isn’t so dry and dull but it’s hasn’t helped with the acne. I’m contemplating getting a hydrafacial…

My acne definitely gets worse closer to my period, I’m supposed to get it at the end of the week. I used to get rashes, like eczema type rashes, before my period. It hasn’t happened in a while but I need to get bloodwork done. I’ve done allergy testing on my skin before. I don’t have any food allergies but I’m allergic to basically all things outdoors 😫 dust mites in particular. I did some research and possibly I have an allergy to progesterone?? Again, need bloodwork done 😅. 

Dropping my current routine below. Any suggestions and help is greatly appreciated 🫶🏽

AM:   
\- IS clinical cleansing complex  
\- Rosewater spray (Hertiage Store) or Prequel (Hypochlorous acid spray)  
\- MISSHA Artemisia calming essence   
\- Anua 3+ ceramide moisture barrier  
\- Tony moly green tea Korean sunscreen 50+

PM:  
\- Iunik calendula cleansing oil  
\- IS clinical cleansing complex or cerave acne control cleanser (2% salicylic acid)  
\- Rosewater spray (Hertiage Store) or Prequel (Hypochlorous acid spray)  
\- MISSHA Artemisia calming essence or Peach slices snail rescue toner  
\- Anua 3+ ceramide moisture barrier  
\- tretinoin (every other night)",reddit,30PlusSkinCare,Aggravating_Ad8696,2,3,reddit.com,https://www.reddit.com/r/30PlusSkinCare/comments/1tfzynp/feeling_hopeless/
2026-05-17 19:55:48,just a reminder,"make sure to lube your rifles.

was rocking at the range today, its new so i havent had the opportunity to lube it up any further than some basic CLP.

put about 3 mags down range(90 rounds for my non freedom states) then remembered i had my “gun oil” in the car. grabbed it and dropped some in/on the BCG and it was buttery smooth.",reddit,ar15,RodPerson3661,0,1,reddit.com,https://www.reddit.com/r/ar15/comments/1tfzynj/just_a_reminder/
2026-05-17 19:55:26,"Mmmmmm Pork belly, yum!","5kg slab of pork belly, got butcher to remove the silver skin from underneath and to score the hell out of the rind, few bones in it still which just really enhanced the experience for me.

Just sea salt and oil worked into the cracks and gaps and all over the top. Silver mixing bowl in middle of a baking tray then slab on top.

Half an hour at 200, hour and a half at 160 and then last blast at 220 for ten mins to finish the crackling off. Cheated because I used a 6:5kw twin fan commercial oven and also was under a time pressure or would have gone longer and slower but man did it work out. Was so so so good! I can still hear the crunch!",reddit,UK_Food,archaic_ent,35,5,reddit.com,https://www.reddit.com/r/UK_Food/comments/1tfzy95/mmmmmm_pork_belly_yum/
2026-05-17 19:55:16,Help checking dipstick non mechanic,"This is the top of the dipstick, is it too full. I get contradicting oil readings, but that might be because my mom parks slight on a incline, very slight if at all. I got multiple readings that it was in the middle between the dots, but then I check it again, and now this. The solid line only went just above the h. I have only put 2 quarts in it since its last oil change, so thats the max it could be overfilled if so. Is it being exaggerated by the angle? It is a car that is known to leak, and burn oil, so the half reading seemed believable to me. Thank you for your time. The real level is where the solid line stops? 2007 pathfinder v6",reddit,MechanicAdvice,Quirky_Judge_6932,1,2,reddit.com,https://www.reddit.com/r/MechanicAdvice/comments/1tfzy35/help_checking_dipstick_non_mechanic/
2026-05-17 19:54:31,And ye shall not go out from the door,"And ye shall not go out from the door of the tabernacle of the congregation, lest ye die: for the anointing oil of the LORD is upon you. And they did according to the word of Moses.And the LORD spake unto Aaron, saying",reddit,u_Informal-Way-1728,Informal-Way-1728,1,0,reddit.com,https://www.reddit.com/r/u_Informal-Way-1728/comments/1tfzxds/and_ye_shall_not_go_out_from_the_door/
2026-05-17 19:53:24,Clown,My first painting. Oil pastels. What do you think about it?,reddit,painting,Matimusho,2,1,reddit.com,https://www.reddit.com/r/painting/comments/1tfzwaj/clown/
2026-05-17 19:53:17,Slab grabber alternatives,"Any alternatives to slab grabber for slab saws?  I'm using a Rhino 18inch slab saw wit mineral oil.

What adhesives, fasteners, materials work best?",reddit,Lapidary,creamyspuppet,2,2,reddit.com,https://www.reddit.com/r/Lapidary/comments/1tfzw5y/slab_grabber_alternatives/
2026-05-17 19:52:28,Identify knock sound,"I've got this 1.9 BXE Octavia 2007 that goes in limp mode due to underboost, but while looking for vacuum/boost leaks I heard this knocking sound. It sounds to me like it's coming from the oil pan, but the sound itself I would guess be an alternator pulley or something, but it feels solid and I can't see any vibrations from it while running

Any tips are greatly appreciated! I have VCDS, but am far from an expert with it.",reddit,tdi,Jvinsnes,1,0,reddit.com,https://www.reddit.com/r/tdi/comments/1tfzvel/identify_knock_sound/
2026-05-17 19:52:25,Car won’t start after running perfectly day before,"2 days ago, i dropped the engine out of my 72 SB to do a generator to alternator conversion. i took apart the carb (34-pict3), changed the fuel pump, and put new gaskets on everything including a new o-ring seal on my electric distributor and new seals on my oil cooler.

put everything back in and she was running like a dream, maybe a bit hotter than before but still would start up right away. had some rough idling at first but a few adjustments to the carb got it sounding good. drove it around a lot when everything was done

i woke up this morning and now for whatever reason, the car cranks but just won’t start at all. even worse, it’s making a popping noise after a few seconds of cranking and it’s never done that before.

i tested my spark wires and there’s a spark at the distributor when cranking. i tried pushing the pedal to the floor to see if the carb was just flooded, nothing. everything is getting power to the coil. i tested it with a volt meter. i’m frustrated because this has never happened ever with this car and i don’t know what it could be. it’s either fuel or electric related.",reddit,beetle,DistanceIcy4800,6,3,reddit.com,https://www.reddit.com/r/beetle/comments/1tfzvcx/car_wont_start_after_running_perfectly_day_before/
2026-05-17 19:52:22,Do these look shiny says patent but they don’t look shiny and the writing Is yellow are these older style?,,reddit,Birkenstocks,Strict_Flight_7225,0,2,reddit.com,https://www.reddit.com/r/Birkenstocks/comments/1tfzvb0/do_these_look_shiny_says_patent_but_they_dont/
2026-05-17 19:51:46,"Missed Sunset, Ecstatic-Purpose-981, Oil on Canvas, 2026",,reddit,Art,Ecstatic-Purpose-981,1,0,reddit.com,https://www.reddit.com/r/Art/comments/1tfzuqw/missed_sunset_ecstaticpurpose981_oil_on_canvas/
2026-05-17 19:51:07,2003 530i (Details in description.) Power steering leak?,"I'm replacing all the coolant hoses in the car, belts, radiator, etc. And I noticed after a few days of sitting that this little spot here formed and is leaking from what looks like the hoses above the ones all greasey in the video near the bottom. I'm not a car guy or mechanic, learning as I go here, but assuming it's coming from the power steering? The spot on the ground isn't wet, but when I drag my fingers through it, it is sort of black-ish and is greasy. I can't tell if somehow it's an oil leak, or if it's power steering fluid? Or something else idk, but it's a consistent slow leak so.

Any help would be appreciated, sorry again for the ignorance here lol.

(P.s. yeah the oil hose to the CCV is disconnected, part of my tear down, no leak from that or any other hoses you may see unhooked.)",reddit,e39,Admirable-Penalty777,1,0,reddit.com,https://www.reddit.com/r/e39/comments/1tfzu5g/2003_530i_details_in_description_power_steering/
2026-05-17 19:50:15,Castor oil from Temu,I bought this oil from temu .. is it good ? Is there anyone here tried ..,reddit,TemuThings,Ok_Scratch1191,1,1,reddit.com,https://www.reddit.com/r/TemuThings/comments/1tfztbs/castor_oil_from_temu/
2026-05-17 19:49:59,Fresh mouth equals mint!,"I would appreciate feedback on below if there is something here. It is a bit unstructured, the recognition might be too vague. And the punch-lines are a bit weak.   


The entire dental industry has agreed: fresh mouth equals mint.

  
Toothpaste, mouthwash, chewing gum, all mint.  
  
But then you go to the dentist for fluoride varnish and suddenly the hygienist goes:  
  
“Would you like banana, bubble gum, or strawberry?”  
  
Why?  
  
Who decided that after a professional dental cleaning, what my mouth really needs is the flavor profile of an ice cream parlor?  
  
I asked for mint once.  
  
The dentist looked at me like I’d asked for a beer.

My dentist only offers banana flouride varnish.  
  
Who decided banana was an acceptable flavor of dental freshness?

Banana never feels clean.  
  
Nobody has ever eaten a banana and thought:  
  
“Ah, the freshness of banana breath.”  
  
Is there a secret deal between the Dental Association and Chiquita?  
  
It honestly makes me question the whole appointment.  
  
It’s like taking your car in for a full service, new oil, new filters, everything, and then the mechanic hands you the keys and says:  
  
“All done.”  
  
Then he opens the gas cap, squirts in some ketchup, and goes:  
  
“That’s for the finish.”  
",reddit,u_Expensive_Pie_831,Expensive_Pie_831,1,0,reddit.com,https://www.reddit.com/r/u_Expensive_Pie_831/comments/1tfzt2q/fresh_mouth_equals_mint/
2026-05-17 19:49:45,"$3 Gas Then, $5 Gas Now",,reddit,inflation,bookym,29,7,reddit.com,https://www.reddit.com/r/inflation/comments/1tfzsu5/3_gas_then_5_gas_now/
2026-05-17 19:49:37,Caramelized onion and chilli oil garlic butter spaghetti,,reddit,muslimcooking,snowflake0-0,1,0,reddit.com,https://www.reddit.com/r/muslimcooking/comments/1tfzsql/caramelized_onion_and_chilli_oil_garlic_butter/
2026-05-17 19:49:23,Is this oil in my coolant?,My brother has been working on cars his whole life and thinks someone had put some kind of sealant in here at some point. There’s a ton of it and it’s super gunky and has the consistency of mud. My sister and her husband who has also worked on cars for years say that it’s oil and that my head gasket is about to blow. We just put a new coolant reservoir on because there was so much of the stuff in it that it had made a line blow. He said the stuff in the new one is just the sealant that was in the lines getting into the new reservoir. 2017 Ford Fiesta SE with a 4 cylinder motor. ,reddit,MechanicAdvice,killahazy92,1,3,reddit.com,https://www.reddit.com/r/MechanicAdvice/comments/1tfzsil/is_this_oil_in_my_coolant/
2026-05-17 19:49:03,"Wondercide - Flea, Tick & Mosquito Spray for Pets and Home with Natural Essential Oils - Killer, Control, Prevention, Treatment - Lemongrass 16 oz","See specs, reviews & more on Amazon:   [https://www.amazon.com/dp/B01M8GFPXG/?tag=redditsatis-20](https://www.amazon.com/dp/B01M8GFPXG/?tag=redditsatis-20)",reddit,BestBudgetFindss,kodyzyrym,1,0,reddit.com,https://www.reddit.com/r/BestBudgetFindss/comments/1tfzs7u/wondercide_flea_tick_mosquito_spray_for_pets_and/
2026-05-17 19:49:00,What to do with Silicone Mat during the cook?,"Every time I pull my silicone mat off it’s covered in oil and wherever I seem to set it on picks up what other dirt grime, etc. is on the surface. I have started using an old large kitchen towel and setting it on that. Do you guys have a better way to deal with the oily silicone mat between cooks?",reddit,blackstonegriddle,moosecock69420,3,3,reddit.com,https://www.reddit.com/r/blackstonegriddle/comments/1tfzs61/what_to_do_with_silicone_mat_during_the_cook/
2026-05-17 19:48:42,Paint thoughts?,"I used Vallejo Plate Mail Metal airbrush primer and am worried it's a little too glittery. On the left is a primer model with some metals picked out in Leadbelcher. On the right is a model I painted details and used an oil wash to finish as a test of this scheme. 

I'd like a more grimy, grimdark look so thinking about adding dirty down rust but still unsure about the model. Should I maybe apply a contrast paint filter with an airbrush? Maybe darken it with an acrylic wash and dry brush before the oil wash?

Looking for ideas since I can't quite put my finger on why the test model doesn't spark joy.",reddit,IronWarriors,Bokou,6,0,reddit.com,https://www.reddit.com/r/IronWarriors/comments/1tfzrw4/paint_thoughts/
2026-05-17 19:48:42,Nedelja na berzi,"Dragi berzanci, da vidimo sta je bilo u nedelji za nama:  


QQQ -0.32%  
SPY +0.21%  
IWM -2.31%  
IBIT -1.39%

  
Sva tri indeksa su korigovala solidno u petak, ali SPY i QQQ su i dalje u izuzetno jakom uptrendu, i iznad 10-day MA, dok je IWM na granici testiranja 21-day EMA po prvi put od kraja marta i pocetka ovog ultra jakog uptrenda.

Nakon 6 nedelja rasta, bilo bi normalno za ocekivati da bi sledece nedelje/a moglo da dodje do korekcije ili pravljenja baze i u okviru vodecih sektora iz QQQ/SPY jer je ovoliko jak rast, u ovoliko kratkom vremenskom periodu dugorocno neodrziv.

Pominjao sam pre dve nedelje i da se oil&gas akcije opet “bude”, a uz njih su prosle nedelje XLE (energy), UFO (space), XTL (telecom) imali najbolji ucinak.

Jedan od korisnih nacina da pratite trziste je da posmatrate kretanje sektorskih ETF-ova i njihovih pojedinacnih komponenti na mesecnom i nedeljnom nivou, sto ce vam pomoci da uocite u kom pravcu se krece kapital i da li dolazi do rotacije, i koje teme su trenutno “hot”.

Sto se ove nedelje tice, svakako najznačajniji događaj ce biti ER Nvidia u sredu, koji ce imati posledice i na semiconductor sektor, ali i na ostala tech imena, makar u kontekstu kratkorocne reakcije nakon izvestaja i percepcije investitora.

https://preview.redd.it/yrr63eb25r1h1.png?width=989&format=png&auto=webp&s=c41640e791ff811ceacb11e4db5456daccb8ac03

",reddit,finansije,Playful-Professor558,2,2,reddit.com,https://www.reddit.com/r/finansije/comments/1tfzrvx/nedelja_na_berzi/
2026-05-17 19:48:21,Another flare up…castor oil?,"So I’m currently in the middle of a really painful flare up from my right lower back side down to my calf. I’m on 300mg of gabapentin 3x a day, 600mg of ibuprofen 3 x a day, 500 mg of robaxin as needed and added Tylenol. Nothing is helping. I can’t stretch, sit, stand or really lay down. To also add, it is my time of month so I know that is contributing.

I read a little on castor oil and am wondering if anyone here has tried it with some relief? I have a doctors appointment this week.

Thanks in advance for the advice! ",reddit,Sciatica,shortgirlmidwest25,1,2,reddit.com,https://www.reddit.com/r/Sciatica/comments/1tfzrkc/another_flare_upcastor_oil/
2026-05-17 19:47:54,Replacing power steering and transmission fluid,"i have a 2012 subaru forester. around 2 months ago i took my car in for an oil change and inspection, and under the list of “immediate action” was replacing power steering fluid because it’s contaminated, but i was told it’ll be fine for awhile. 

it also said under “future action” that my transmission fluid needs exchanging because of the age and mileage of the car. 

i have to go in in a few weeks to fix some other stuff, but i was wondering if a) these are things i should get done or if they’re not necessary, and b) if i could do them myself if they are needed. i dont know how to do much on a vehicle, but if they’re fairly simple to do im sure i could! thanks for the help!",reddit,MechanicAdvice,frogsintinyhats,1,2,reddit.com,https://www.reddit.com/r/MechanicAdvice/comments/1tfzr4r/replacing_power_steering_and_transmission_fluid/
2026-05-17 19:47:48,Fragrances to survive the summer: my 10 freshest and most luminous scents of 2026,"Alright, there may be no such thing as a “summer” or “winter” fragrance, but you’ll have to admit that summer gives us far more opportunities to enjoy scents that feel like a linen shirt and create a refreshing breeze around us whenever they envelop us. These are my top ten for the summer of 2026.

The list is arranged in strictly alphabetical order and does not imply any ranking or preference.

A Day Fragrance — Zara  
Jérôme Epinette takes us back to the classics — the great classics — with this luminous cologne that blends vibrant citrus, green herbs, and a clean vetiver base to evoke the feeling of a day in the Mediterranean; a full day, because the longevity of this marvel allows us to return home in the evening still enjoying its scent.

Bogoss Vibrant Leather Coco Suede — Zara  
A tropical and addictive fragrance where juicy pineapple, sea salt, and creamy suede evoke the relaxed luxury of a sunset by the ocean.

Bvlgari Pour Homme — Bvlgari  
A refined, clean, and sophisticated fragrance that blends tea, musk, and soft woods to evoke the quiet elegance of a perfectly pressed white shirt.

Eau Sauvage Cologne — Dior  
A luminous and elegantly classic cologne that blends vibrant citrus, green herbs, and a clean vetiver base to evoke the feeling of a Mediterranean morning just after a fresh shave.

Le Sel D’Issey Eau de Parfum — Issey Miyake  
A marine and mineral fragrance blending salt, seaweed, and ambery woods to recreate the feeling of walking by the ocean at sunset, your skin still covered in sea salt.

Light Blue Eau Intense Pour Homme — Dolce&Gabbana  
A burst of citrus, sea salt, and aromatic woods so perfectly summery that, now that D&G has decided to discontinue it, I’ll have to ration the two remaining 200 ml bottles I own to make them last for many summers to come.

L’Homme Idéal Cologne Forte — Guerlain  
A vibrant and addictive cologne that blends luminous citrus with creamy almond and soft spices, creating a fresh elegance with a warm, sensual undertone.

Mare Luminis — Liora Labs  
This perfumer from the Basque Country offers to create a fragrance through an AI agent based on a description or an image. I asked for a scent that smells like golden light over clean linen, an aromatic garden, and warm woods, with a modern and elegant execution. (I know, I asked for a lot.) My bottle of Mare Luminis arrived only a couple of days ago, so it is still resting in its box… macerating… I promise I’ll share the details once I wake it from its slumber.

Nautilus Intense Parfum — Constança BCN  
This limited-edition creation by an artisanal perfume house from Barcelona is easy to define: the best marine fragrance you’ve ever smelled (and people will remind you of it several times a day when you wear it).

Vibrant Leather Summer Breeze — Zara  
A fresh and luminous fragrance where lemon, tea, and neroli create the feeling of a clean breeze drifting through the window on a summer morning by the Mediterranean.",reddit,ScentHeads,KaviBilhana,4,0,reddit.com,https://www.reddit.com/r/ScentHeads/comments/1tfzr17/fragrances_to_survive_the_summer_my_10_freshest/
2026-05-17 19:47:30,Old Soap from c. 2000/2010s,It was in an American Eagle shoe box… thinking about giving it away as gifts this year. Found a whole shoebox of it.,reddit,GrandmasPantry,sparklrebel,5,4,reddit.com,https://www.reddit.com/r/GrandmasPantry/comments/1tfzqs8/old_soap_from_c_20002010s/
2026-05-17 19:46:22,The wonderful world of Vanilla perfumes,"I have a collection of about 85 perfume bottles (mostly $15-25 each) and I love to learn how to layer the various notes for something special. I knew I was always a gourmand girl but thought vanilla scents were boring… well since January I have embraced the wonderful world of complex vanilla… think floral, fruity, smokey, sugary… I have several bottles and none of them smell the same! I am obsessed! I can bring another perfume to the next level just by picking the right vanilla to match with.  
Any other vanilla obsessed gals out there?

Some of my fav:  
Noted Vanilla Fleur - a mix of vanilla and tiare  
Vanilla Dusk - a beautiful smokey vanilla  
Vanilla blush - a flowery vanilla with orchid  
Dulce leche - a milky vanilla cream  
Vanille Solinote - the purest form of vanilla",reddit,FemFragLab,Various-Tree9142,11,0,reddit.com,https://www.reddit.com/r/FemFragLab/comments/1tfzpnu/the_wonderful_world_of_vanilla_perfumes/
2026-05-17 19:45:41,Oil Leak,"Good afternoon, everyone. I have a 2009 Suzuki Boulevard S40. It seems to have an oil leak. I was wondering if anyone recognizes where the leak may be coming from. Any advice is greatly appreciated. Thank you! ",reddit,SuzukiBoulevard,CampbellKneeCapSoup,1,1,reddit.com,https://www.reddit.com/r/SuzukiBoulevard/comments/1tfzp0h/oil_leak/
2026-05-17 19:45:11,Peppermint oil in the aviary? How to deal with a rat problem?,"I have a small flock of four birds that I keep outdoors in an aviary. Unfortunately, I am dealing with a serious rat problem and they seem to be making themselves at home in unused nest boxes. I have a few different traps that I’m using or have ordered (nothing that the pigeons can get into) but I am also looking at repellants and it seems like peppermint oil is a good deterrent for rats.

Problem is, I know the oil is toxic to the birds and is bad for their lungs. I guess I’m wondering how toxic it is to them? The only way the rats can get in is through the floor of the loft (they chewed through 3/4in subfloor!!) so I would be putting it near the hole, and in the nest boxes that they are not using. They hang out in their flight pen for a lot of the day and there is good air circulation, so they wouldn’t be exposed to it all the time. 

Of course I would rather not use it at all, but I figure that limited exposure is better in the long run than dealing with the rats. But I wanted to check and see what the consensus or advice here would be before doing something that could potentially harm my birds. I would love to know how y’all have handled the rats!",reddit,pigeon,SingularRoozilla,3,8,reddit.com,https://www.reddit.com/r/pigeon/comments/1tfzoi8/peppermint_oil_in_the_aviary_how_to_deal_with_a/
2026-05-17 19:44:51,First timer,"We got a cabela’s dual side grill/griddle combo. I’m new to the griddle cooking world, I have washed it, burnt off the factory oils and then seasoned it about 8 times. The corners aren’t looking as black as the rest, google has told me it’s normal and it will happen over time. Does this look ok? ",reddit,griddling,reesespieces-9147,4,0,reddit.com,https://www.reddit.com/r/griddling/comments/1tfzo89/first_timer/
2026-05-17 19:44:44,First timer,"We got a cabela’s dual side grill/griddle combo. I’m new to the griddle cooking world, I have washed it, burnt off the factory oils and then seasoned it about 8 times. The corners aren’t looking as black as the rest, google has told me it’s normal and it will happen over time. Does this look ok? ",reddit,griddling,reesespieces-9147,3,2,reddit.com,https://www.reddit.com/r/griddling/comments/1tfzo49/first_timer/
2026-05-17 19:44:40,Oil Painting Youtube Channel,"I've always liked to have something playing while I paint, the only thing that helps with my painting stamina. 

I am having trouble finding my go-to channel for this. I'm looking for personality and oil painting. 

Any recommendations? ",reddit,oilpainting,DefinitionNormal6944,3,5,reddit.com,https://www.reddit.com/r/oilpainting/comments/1tfzo2e/oil_painting_youtube_channel/
2026-05-17 19:44:28,Weber BMW E30 116,"Hi everyone, I have a BMW E30 316 with a Pierburg carburetor and I’m looking for some advice from people who have experience with it.  
The issue is this: sometimes, especially when the engine is warm, the idle drops below 1000 rpm and the oil warning light comes on due to low pressure at idle. The car has never actually stalled, but it happens quite often in certain conditions. On other days, everything is perfectly fine and the idle stays stable above 1000 rpm.  
At this point I’m considering two options:  
\-Repair/overhaul the Pierburg and try to get it running properly  
\-Swap it for a Weber 32/34 carburetor  
My questions are:  
Is the Pierburg actually reliable once properly rebuilt, or is it known to always cause issues over time?  
Is it worth investing time/money in fixing it, or is a Weber swap the more sensible long-term solution?

——-

Ciao a tutti, ho una BMW E30 316 a carburatore (Pierburg) e sto cercando un consiglio da chi ci ha già messo le mani.  
Il problema è questo: a volte, soprattutto a caldo, il minimo scende sotto i 1000 giri e mi si accende la spia dell’olio (pressione bassa). Non si è mai spenta del tutto, però capita abbastanza spesso in certe condizioni. Altri giorni invece va tutto perfetto e resta stabile sopra i 1000.  
A questo punto sto valutando due strade:  
\-Sistemare il Pierburg e cercare di farlo andare bene davvero  
\-Passare direttamente a un Weber 32/34  
Le mie domande sono:  
Il Pierburg è davvero sistemabile in modo definitivo o è un carburatore che continuerà a dare rogne col tempo?  
Vale la pena investire per revisionarlo oppure è più sensato fare il passaggio a Weber?  
Se passo al Weber: quanto può costare in media tra carburatore + adattamento + montaggio e carburazione fatta bene?  
Conviene comprarlo usato e portarlo dal meccanico oppure è meglio far fare tutto direttamente a lui?",reddit,E30,AdSlow8728,1,1,reddit.com,https://www.reddit.com/r/E30/comments/1tfznvq/weber_bmw_e30_116/
2026-05-17 19:44:23,"[2010 Wrangler Sport] No Crank, No Start. Computer issue? Wiring issue? Help me save it from being scrapped.","Please give me any advice or best guesses as to what's going on. I'm desperate. I haven't even paid this damn car off yet and I'm worried I'll have to scrap it. Only 126k miles.

It started with cranking but not starting when the weather was cold. Replaced the battery, solved the problem. Until the next winter. It started doing it again. Replaced the battery again, this time it didn't help. Started just fine during warm weather. Eventually got to the point where ""cold weather"" was anything under 45 degrees. Replaced the battery yet again, no improvement. When it cranked but didn't start I could reset the battery (unhook both wires from the battery terminals for 10 seconds and rehook them) and it would start after that.

One day I was stopped in construction traffic and the jeep just died. No crank, no start. Tried to turn on the hazards but they wouldn't flash. No electronics worked at all. Popped the hood, reset the battery, and it started fine and drove home. 

The next day it cranked but didn't start, resetting the battery did nothing. Jumped it with my other car and it took a lot of trying but got it to start. Figured it was the starter, drove it to my more mechanically inclined friend's garage to replace that. Shut it off and it hasn't started since.

New starter didn't help. It was throwing a code for the security system and needed a pin code, said the keys needed reprogrammed. I got the pin code, tried reprograming the keys but it wouldn't take. Would still only crank but not start. Figured it must be the TIPM at this point.

Bought a remanufactured TIPM that was supposed to be pre-programmed. Plugged it in, nothing. Codes say it wasn't programmed. Returned it to the company I bought it from, they say it is programmed and everything is reading fine, sent it back to me. No crank, no start at this point.

Towed it in to the local Jeep dealership. I hate this dealership because everyone that works there are complete morons. (I once took the Jeep there to get the ball joints replaced, they tried to tell me the transmission was toast and I had a massive oil leak, I drove it somewhere else and they confirmed the transmission was fine and there was no oil leak, it just needed ball joints.) They supposedly programed the TIPM, but still could not get it to crank and start. They claimed it was the ECM that was the problem.

So I bought a remanufactured pre-programmed ECM and gave it to them to hook up. They claimed that once plugged in the ECM became burning hot and something internal must be broken. I returned it to the place I bought it from, they tested and confirmed there was nothing wrong with the unit.

Dealership threw their hands up and declared they can't figure out whats wrong with it. Charged me over $700 and had it for 8 months, I towed it home still with no crank no start. Battery was so dead when towing it home that it had to be jumped just to get it into neutral.

So that's where I'm at. I figure it's got to be an issue with a wire somewhere involving the TIPM/ECM. I've already decided to sell the Jeep, I'd much rather sell it starting and running instead of for parts if possible. I'll certainly never buy another JK, my TJ and 2 XJs have been much more reliable dispite all being older and high mileage. Any ideas or guesses will be welcomed, thanks for reading this whole wall of text.",reddit,Jeep,SimilarTourist,1,0,reddit.com,https://www.reddit.com/r/Jeep/comments/1tfzntc/2010_wrangler_sport_no_crank_no_start_computer/
2026-05-17 19:43:56,My skin care routine. Am I doing too much?,"Ive made a skincare routine using various websites and even Ai. But now Im not sure if im doing too much? I love the products, just dont wanna trigger PIH. Ive been using for a week and all good so far. I have orange peel skin on my cheeks which i really wanna get rid of.

Routine below

\*\*Night A (Monday/Wednesday/Friday)\*\*

1. Wash with Anua Oil Cleanser on dry skin, rinse, then use La Roche-Posay Dermo-Cleanser and rinse. Leave skin slightly damp.
2. Apply Haruharu NAD+ Essence.
3. Wait 10 minutes until skin is completely dry.
4. Put a small amount of Curél Cream around the corners of your nose, mouth, and eyes.
5. Apply a pea-sized amount of G&G A-Game 5 Retinal to your face and jaw (avoid eyes and neck).
6. Apply Curél Intensive Moisture Cream over everything.

\*\*Night B (Tuesday/Saturday)\*\*

1. Wash with Anua Oil Cleanser, rinse, then use La Roche-Posay Dermo-Cleanser and rinse. Pat completely dry.
2. Apply G&G Porefectly Clear (BHA) only to your nose and inner cheeks.
3. Wait 4 minutes (do not rinse).
4. Spray BYOMA Mist over the face, then pat in Haruharu NAD+ Essence and Mixsoon Bean Essence while skin is wet.
5. Apply Curél Cream.

\*\*Night C (Thursday)\*\*

1. Wash with La Roche-Posay Dermo-Cleanser only. Leave skin slightly damp.
2. Spray face with BYOMA Balancing Face Mist.
3. Mix 1 pump of Haruharu NAD+ Essence with 2 drops of COSRX Propolis and press into wet skin.
4. Apply a thick layer of Curél Cream.

\*\*Sunday\*\*

1. Wash with Anua Oil Cleanser, rinse, then use La Roche-Posay Dermo-Cleanser and rinse. Pat completely dry.
2. Apply 3 pumps of Mixsoon Bean Essence to dry skin and massage gently for 3 to 5 minutes until dead skin rolls off.
3. Rinse thoroughly with water only and pat completely dry.
4. Spray BYOMA Mist, then apply 1 pump of Haruharu NAD+ Essence.
5. Apply cold Medicube PDRN Mask from the fridge.
6. Leave the mask on for 20 minutes.
7. Remove mask, rub in the remaining serum, and apply Curél Cream.

\*AM Routine (Daily)\*\*
 1. Splash your face with lukewarm water and pat completely dry.
 2. Apply 3 drops of Geek & Gorgeous C-Glow to dry skin. Wait 60 seconds.
 3. Spray face with BYOMA Balancing Face Mist.
 4. While skin is wet, apply 1 pump of Haruharu NAD+ Essence mixed with 1 pump of Mixsoon Bean Essence. Wait 2 minutes.
 5. Tap a small dot of Haruharu Eye Cream around your eye area.
 6. Apply a generous amount of Beauty of Joseon Sunscreen to your face and neck.
",reddit,Blackskincare,Decent_Meringue6878,1,1,reddit.com,https://www.reddit.com/r/Blackskincare/comments/1tfzncm/my_skin_care_routine_am_i_doing_too_much/
2026-05-17 19:43:53,2017 Outback 3.6R Buying Advice,"Hi everyone, I came across a 2017 Outback 3.6R Limited at a used car dealership. It has 143000 miles, and the asking price is $12,400. The dealership is also offering a 6-month/6000-mile warranty. 

I never owned a Subaru, so I have a few questions:

1. I heard this engine is pretty reliable. But how reliable is the CVT at this mileage? I'm a little concerned because while the CarFax is clean and shows regular maintenance history (like oil and differential fluid changes), there was no record of a CVT fluid change. Is something like this not reported on CarFax? If the CVT fluid change was never done, should I skip this?  
  
2. Is this price reasonable for this wagon? Initially, it was priced at $14500, but after a few weeks, they dropped the price. 

I live in Western NY, and one of the reasons I'm considering this wagon is that it will be excellent in snow. But I also found a 2016 Acura RDX-SH AWD at a similar price. I'm leaning towards the Outback, but I'm concerned about its CVT. 

  
Thank you.

",reddit,Subaru_Outback,rad8139,1,2,reddit.com,https://www.reddit.com/r/Subaru_Outback/comments/1tfznb9/2017_outback_36r_buying_advice/
2026-05-17 19:43:51,Advice,"So, I just bought the new (I think) Soap and Glory scented moisturiser and body wash, but I usually use a body oil after moisturiser. The problem is, all of my body oils are vanilla or cocoa butter scented, and do not go together at all! Does anyone have any recommendations for good body oils that will go with what I have? Thanks in advance!",reddit,beauty,ProfessionalCup1787,0,0,reddit.com,https://www.reddit.com/r/beauty/comments/1tfzn9t/advice/
2026-05-17 19:43:11,Oil Slick Island,Oil Slick Island ,reddit,magicproxies,Version-Sufficient,6,4,reddit.com,https://www.reddit.com/r/magicproxies/comments/1tfzmnf/oil_slick_island/
2026-05-17 19:42:58,Need advice on cleaning heels shoes,"Hi dear community, after dancing for some time my shoes got awful odor (I never cleaned them as on brands site (joheela) it is written no washing machine recommended). Did anyone got rid of bad smell on their shoes? They are still good and stable so I would like to avoid throwing them away yet, just putting essential oil inside didnt help me. Thank you in advance ",reddit,HeelsDance,Fine-Hippo1476,1,0,reddit.com,https://www.reddit.com/r/HeelsDance/comments/1tfzmgg/need_advice_on_cleaning_heels_shoes/
2026-05-17 19:42:45,Rebuilding the alternator,"So, you all have helped me realize my transmission issue is likely because of oil leaking onto my alternator.  My battery has charge, when I start up the car it starts dropping. 

Brings me to my next question, after repairing the oil leak, Has anybody tried rebuilding their alternator? 

Looking like $500 for one at the auto parts store right now, or $50 for a rebuild kit. 

What actually happens inside these things when oil ruins it, and is that fixed by the rebuild kit?

Any other alternator rebuilding specific advice?",reddit,HondaOdyssey,Eisenman_Guitars,1,3,reddit.com,https://www.reddit.com/r/HondaOdyssey/comments/1tfzm9b/rebuilding_the_alternator/
2026-05-17 19:41:26,New battery,"Just got a new battery for my 06 Prius , 205k miles, oil change will be done this week. What are some other things I should focus on to help ensure longevity? ",reddit,prius,TurbulentMeringue799,1,2,reddit.com,https://www.reddit.com/r/prius/comments/1tfzkym/new_battery/
2026-05-17 19:41:10,"Between Tides and Stars, oils on canvas by me",,reddit,OceansAreFuckingLit,sheldonboadita,7,1,reddit.com,https://www.reddit.com/r/OceansAreFuckingLit/comments/1tfzkpk/between_tides_and_stars_oils_on_canvas_by_me/
2026-05-17 19:40:33,An Introduction to Wenwan: Meaning and Historical Roots,"I’m absolutely thrilled to see more and more friends from all over the world discovering and falling in love with Wenwan (文玩). Today, I’ve finally found some quiet time to sit down and share my personal perspective on this craft. For the very first chronicle of this series, let’s tackle the most fundamental question: What exactly is Wenwan?  
""Wenwan"" is the phonetic transliteration of the Chinese characters 文玩. Many western collectors translate it literally as ""Cultural Toys.""  
The second character, ""Wan (玩)"", is straightforward—as a noun, it refers to exquisite, pocket-sized objects meant to be held, appreciated, and fiddled with. In modern collecting, almost any micro-collectible can be considered a ""Wan.""  
The real complexity lies in the first character, ""Wen (文)"". In Chinese philosophy, ""Wen"" is a multi-layered concept: it means Script/Writing, it means Culture/Civilization, and historically, it shares roots with the word for Natural Textures (纹).  
So, which definition applies when paired with ""Wan""? To answer that, we must trace two completely conflicting historical origins.  
Theory 1: The Scholar's Studio Fantasy  
The first theory, which is widely celebrated, suggests that ""Wen"" stands for ""Wen Fang"" (文房)—the scholar’s private studio in ancient China. In this context, it refers to the elegant utensils of the literati. The most iconic examples are the ""Four Treasures of the Study"" (brush, ink, paper, and inkstone). Over centuries, they evolved from mere writing tools into spiritual anchors, reflecting the scholar's aesthetic taste and moral philosophy. This was historically known as \*\*""Wen Fang Qing Wan"" (\*\*文房清玩 — The Scholar's Studio Keepsakes).  
While this elite culture peaked in the Song Dynasty, it was strictly tied to the spiritual life of scholars. Frankly, it shares almost no direct logical lineage with the walnuts or beads we hold in our hands today. Although most sellers love using this grand history as a marketing pedigree, I remain highly skeptical of this connection.  
Theory 2: The Truth Born from Street Jargon  
This leads us to the second theory—the one I personally find far more credible. It doesn’t hail from imperial courts, but from the gritty reality of modern internet subcultures.  
The term ""Wenwan,"" as we use it today to define an entire industry, was actually born in 2004 within the Chinese digital space. A young enthusiast founded an online community called ""Wenwan Tianxia"" (The World of Wenwan). Why did he choose this name? His inspiration came entirely from an old, hyper-local jargon popular among players in Hebei province (the primary origin of collectible walnuts): ""Wen Wan He Tao, Wu Wan Tie Qiu"" (文玩核桃，武玩铁球).  
Notice that in this idiom, ""Wan"" shifts into a verb (to play/handle):  
• ""Wen Wan"" (Gentle/Scholarly Handling): It dictates that when you roll a pair of walnuts in your palm, your movements must be so gentle and precise that the two shells never clash or make a clicking sound. This disciplines the mind and protects the fragile natural textures of the walnuts.  
• ""Wu Wan"" (Martial/Aggressive Handling): This applies to steel exercise balls, where you intentionally let them rub and clank together aggressively to build hand strength.  
Inspired by this phrase, the founder termed these specific walnuts ""Wenwan Walnuts."" The forum initially only discussed walnuts, but as the community grew, gourds, Bodhi seeds, and prayer beads were pulled into the mix. Eventually, ""Wenwan"" became an umbrella term for any object meant to be continuously massaged by human hands, allowing body temperature and oils to develop a rich, natural Patina (包浆) over time.  
Conclusion  
This messy, modern origin is heavily criticized on the Chinese internet because it shatters people's ""cultural fantasy."" Admitting that our hobby evolved from 21st-century street jargon is far less glamorous than claiming we are practicing a ""1,000-year-old scholar's ritual."" But based on my research, this raw, unpolished version is the practical truth.

Note: This article was originally written in Chinese and translated by AI. In the next episode, I will introduce a general history of modern Wenwan.",reddit,Wenwan,Johnny2046,1,0,reddit.com,https://www.reddit.com/r/Wenwan/comments/1tfzk27/an_introduction_to_wenwan_meaning_and_historical/
2026-05-17 19:40:29,CEO of Chevron just said one word on a public call that the oil industry is not allowed to say out loud but he said it anyway,"upsideinvest on youtube 

If you drive a car or own a single index fund, the next 6 months just changed. The word he used was shortage. 

Chevron CEO told investors this week that physical oil shortages have already started meaning the world is burning through stockpiles faster than producers can refill them.

That's not a forecast, not a warning, it is already happening and USO, the oil ETF is quietly sitting near a 52-week high while nobody is looking. 

Oil CEOs don't use that word ever. Their lawyers usually don't let them, but when one breaks the rule on the record, it means the data behind the scenes is worse than the public number.

CNBC already reported beer sales are slumping because gas is eating consumer wallets. This is the first crack and the headline will come later. 

Here's what Wall Street knows that retail doesn't. When a major oil CEO uses the word shortage on a public call, crude historically moves another 15 to 25% within months. Institutions treat that sentence as guidance and retail treats it like marketing. 

That gap is the whole trade and and the Chevron stock barely moved today. That is a tell. But on upside, the holders are actually already moving. 

Chevron seen 73% buys in the last 30 days compared to 27% sells. It's currently at an A+ trend grade and is in the top 8% of all stocks for accumulation. Roughly one in 12 people on the platform already own CVX and a third of those holders are top quartile performers. They are in the top 25%. 

The quiet money is positioning before the headlines catch up right now. ",reddit,conspiracy,panjwani_ajay,0,24,reddit.com,https://www.reddit.com/r/conspiracy/comments/1tfzjz0/ceo_of_chevron_just_said_one_word_on_a_public/
2026-05-17 19:40:27,Do you have the guts to share what's the oldest sewing machine you have resurrected and actually used?,"I have been collecting vintage machines for 15 years and my go-to is a 1952 Singer 201-2. Only straight stitch, all metal gears, and she purrs like a kitten. Never a thought of protesting, she sews right through leather and everything! I found her at a garage sale for $20, gave her a clean and oil and she’s just like new. Spunkier than my modern plastic machine! I bought some used industrial Juki clones on Alibaba (reconditioned) for my side gig; some just wonderful! One I got had a bent needle-bar! How do you guys check if an older machine is still in timing without sewing? How do you get off rust off chrome parts without ruining the finish? Do you guys have a servo motor retrofit on an old cast iron machine? Are vintage buttonholers worth it or should I just stick with a modern one?",reddit,Juki_clones,AutoModerator,1,0,reddit.com,https://www.reddit.com/r/Juki_clones/comments/1tfzjyc/do_you_have_the_guts_to_share_whats_the_oldest/
2026-05-17 19:40:18,Nail Care Reviews,"The MHB cuticle remover works great but I’d recommend ignoring their 15 second claim for “ultra-fast-acting”. It’s unrealistic to expect that so if you wait 30–60 seconds it will be fine. Don’t forget to scrub your nails with a nail brush when you finish. 

The metal cuticle tool was part of a set I got a while ago so I’m not sure if they still sell it. The pointy end is great for scraping off the cuticle and under the nails but be gentle with it! It’s sharp and you could do some damage if you are over enthusiastic using it. The wider end is just right for pushing back on the nail folds to shape the cuticle end of your nails. 

The b pure cuticle oil is a big👎🏻 for me. The idea of a push button to control the eyedrops is interesting but the cap is flimsy and the oil itself has such low viscosity it can’t really do much good before it evaporates. 

The cuticle serum, on the other hand (see what I did there? 😉) comes in a tube with a nozzle that easily lets you control how much product you want on each nail. It’s a light, white cream that you can rub in so you don’t really need a lot on each nail. One little dot is more than adequate. 

Normally I use CND Solar Oil during the day and Bert’s Bees lemon cuticle balm at night but those are pricey even when I find them on sale so I’ll be interested to see how these do on a day-to-day basis. ",reddit,dollartreebeauty,bertina-tuna,32,2,reddit.com,https://www.reddit.com/r/dollartreebeauty/comments/1tfzjrz/nail_care_reviews/
2026-05-17 19:39:58,SOTD - 17/05/2026 - Always return to sandalwood,"Since I began wetshaving some two years ago now, I've tried a range of different scents; however, sandalwood always pulls me back. ",reddit,wicked_edge,OmegaSMP300M,13,0,reddit.com,https://www.reddit.com/r/wicked_edge/comments/1tfzjfw/sotd_17052026_always_return_to_sandalwood/
2026-05-17 19:39:49,Ideas to improve the cliff?,"Originally this was going to be just a basic wet-on-wet oil painting, but I was not happy with how the cliff on the right turned out, obviously way too massive.  So I started adding the dinosaurs to distract, but that wasn't right. I tried eye lining the edge of the secondary cliff to help bring it forward and that helped a bit but it still isn't right.  I have no drawing experience and really struggle with perspective.  

What can I do to bring that secondary cliff forward and also tame the size of the whole cliff?  Would another giant pine tree help? (The tiny apple tree was definitely not the right decision).",reddit,painting,Rustymarble,2,7,reddit.com,https://www.reddit.com/r/painting/comments/1tfzjal/ideas_to_improve_the_cliff/
2026-05-17 19:39:29,India decides what gets oxygen,"The silver clamp is the part people should not brush past. When India tightens bullion imports, it is not just picking a fight with metal traders. It is deciding where scarce dollars are allowed to breathe. Oil has to come in. Fertilizer has to come in. Defense has to be funded. Industry still needs inputs. Households still defend savings in gold & silver because they feel currency pressure before economists finish explaining it. That is the board now. Nifty matters. USDINR matters. But the real move is deeper than both. India is sorting essential dollars from lazy dollar leakage while the larger machine keeps getting built underneath. Ports, logistics, steel, services, leather, textiles, handmade goods, tech depth, retail savings & domestic demand are still there. The mistake is reading pressure like collapse. This looks more like triage before the next leg. If crude cools, fertilizer stays available, foreign selling slows & the rupee stops bleeding, India gets room fast. If energy stays expensive & dollars keep leaving, the policy clamps keep coming. Thats where it breaks. India is not asking permission to grow. It is deciding what gets oxygen while the pressure is still on.",reddit,u_DrVonSpreckle,DrVonSpreckle,2,0,reddit.com,https://www.reddit.com/r/u_DrVonSpreckle/comments/1tfziy9/india_decides_what_gets_oxygen/
2026-05-17 19:39:28,The American epoch of oil is collapsing. What comes next could be ugly.,,reddit,SprocketApp,NukeouT,1,0,reddit.com,https://www.reddit.com/r/SprocketApp/comments/1tfzixu/the_american_epoch_of_oil_is_collapsing_what/
2026-05-17 19:38:35,What am i doing wrong ?,"Hi,  
My hair has always been extra dry, very thin and a bit wavy and it's gotten worse on the last months.   
1st pic : dried and brushed, looks terrible   
2nd pic : after shampoo, dried, no product. Its a bit wavy but the waves never stay after a night, even with protective hairstyle.  
3rd pic : day 2, the waves try to exist but look so bad.   
I dont know what to do.   
Im so ashamed of my hair i find it so ugly, i dont even used heat and it s horrible. I have so many split ends i have to cut it every month. I use a satin pillowcase, i put hydrating masks, use an hydrating shampoo, conditioner, cream, oil... and it still looks like this.   
Any advice?   
And what is my hair type? ",reddit,Haircare,Afraid-Education7225,1,0,reddit.com,https://www.reddit.com/r/Haircare/comments/1tfzi3r/what_am_i_doing_wrong/
2026-05-17 19:37:39,Help selling,"Curious what you guys think a 2002 ford ranger 4.0 with a 5 speed and 180k is worth   
•rust free  
Everything done in last 1000 miles  
• timing chains  
•headgaskets  
•oil pump   
• all fluids  
• thermostat  
•exhaust valves  
•water pump and fan  
•clutch and throw out bearing  
•starter  
•lifters  
•knock sensor  
•coolant hoses  
Maybe some other things I’m forgetting  
Bad things  
•needs a climate control sensor   
• drivers seat has a small rip",reddit,fordranger,Severe-Estimate6241,1,4,reddit.com,https://www.reddit.com/r/fordranger/comments/1tfzh7o/help_selling/
2026-05-17 19:37:37,Was ist euer liebstes Crispy Chili Oil?,"Ich hatte bisher immer das von Lao Gan Ma, aber irgendwie schmeckt mir das nicht mehr so. Schmeckt irgendwie abgestanden. Ich möchte deshalb was neues probieren.

Was ist euer Favorit (gern mit Link zu einem Onlineshop!)?",reddit,Kochen,fanofreddithello,64,38,reddit.com,https://www.reddit.com/r/Kochen/comments/1tfzh66/was_ist_euer_liebstes_crispy_chili_oil/
2026-05-17 19:37:34,"Zesty Paws Dog Multivitamin, Chewable Dog Vitamins and Supplements for Hip & Joints, Skin & Coat, Omega 3 Fish Oil for Dogs- Senior & Puppy Multivitamin- Chicken- 90ct","See specs, reviews & more on Amazon:   [https://www.amazon.com/dp/B07121B839/?tag=redditsatis-20](https://www.amazon.com/dp/B07121B839/?tag=redditsatis-20)",reddit,BestBudgetFindss,kodyzyrym,1,0,reddit.com,https://www.reddit.com/r/BestBudgetFindss/comments/1tfzh4g/zesty_paws_dog_multivitamin_chewable_dog_vitamins/
2026-05-17 19:37:23,Road trip from chicago to rushmore with 2025 crv sport L,I am planning to take a road trip next weekend from Chicago to Rushmore. Will be driving around 2000 miles  back and forth. My maintenance reminder is showing B6 with 40% oil life. Current miles driven 9900. First service done around 7000 back in November. Should i take it for service or i can come back then go for service.,reddit,crvhybrid,General-Fun-7305,0,10,reddit.com,https://www.reddit.com/r/crvhybrid/comments/1tfzgy7/road_trip_from_chicago_to_rushmore_with_2025_crv/
2026-05-17 19:37:22,Any idea what this might be/how to clean?,"little black dots all around the leather, mold? oil? i’m so confused ",reddit,VintageCoachRehab,claerake,2,3,reddit.com,https://www.reddit.com/r/VintageCoachRehab/comments/1tfzgxj/any_idea_what_this_might_behow_to_clean/
2026-05-17 19:37:14,An Introduction to Wenwan: Meaning and Historical Roots,"I’m absolutely thrilled to see more and more friends from all over the world discovering and falling in love with **Wenwan (****文玩****)**. Today, I’ve finally found some quiet time to sit down and share my personal perspective on this craft. For the very first chronicle of this series, let’s tackle the most fundamental question: **What exactly is Wenwan?**  
""Wenwan"" is the phonetic transliteration of the Chinese characters **文玩**. Many western collectors translate it literally as **""Cultural Toys.""**  
The second character, **""Wan (****玩****)""**, is straightforward—as a noun, it refers to exquisite, pocket-sized objects meant to be held, appreciated, and fiddled with. In modern collecting, almost any micro-collectible can be considered a ""Wan.""  
The real complexity lies in the first character, **""Wen (****文****)""**. In Chinese philosophy, ""Wen"" is a multi-layered concept: it means **Script/Writing**, it means **Culture/Civilization**, and historically, it shares roots with the word for **Natural Textures (****纹****)**.  
So, which definition applies when paired with ""Wan""? To answer that, we must trace two completely conflicting historical origins.  
**Theory 1: The Scholar's Studio Fantasy**  
The first theory, which is widely celebrated, suggests that ""Wen"" stands for **""Wen Fang"" (****文房****)**—the scholar’s private studio in ancient China. In this context, it refers to the elegant utensils of the literati. The most iconic examples are the ""Four Treasures of the Study"" (brush, ink, paper, and inkstone). Over centuries, they evolved from mere writing tools into spiritual anchors, reflecting the scholar's aesthetic taste and moral philosophy. This was historically known as **""Wen Fang Qing Wan"" (****文房清玩** **— The Scholar's Studio Keepsakes)**.  
While this elite culture peaked in the Song Dynasty, it was strictly tied to the spiritual life of scholars. Frankly, it shares almost no direct logical lineage with the walnuts or beads we hold in our hands today. Although most sellers love using this grand history as a marketing pedigree, I remain highly skeptical of this connection.  
**Theory 2: The Truth Born from Street Jargon**  
This leads us to the second theory—the one I personally find far more credible. It doesn’t hail from imperial courts, but from the gritty reality of modern internet subcultures.  
The term ""Wenwan,"" as we use it today to define an entire industry, was actually born in **2004** within the Chinese digital space. A young enthusiast founded an online community called ""Wenwan Tianxia"" (The World of Wenwan). Why did he choose this name? His inspiration came entirely from an old, hyper-local jargon popular among players in Hebei province (the primary origin of collectible walnuts): **""Wen Wan He Tao, Wu Wan Tie Qiu"" (****文玩核桃，武玩铁球****)**.  
Notice that in this idiom, ""Wan"" shifts into a **verb** (to play/handle):  
• **""Wen Wan"" (Gentle/Scholarly Handling):** It dictates that when you roll a pair of walnuts in your palm, your movements must be so gentle and precise that **the two shells never clash or make a clicking sound**. This disciplines the mind and protects the fragile natural textures of the walnuts.  
• **""Wu Wan"" (Martial/Aggressive Handling):** This applies to steel exercise balls, where you intentionally let them rub and clank together aggressively to build hand strength.  
Inspired by this phrase, the founder termed these specific walnuts ""Wenwan Walnuts."" The forum initially only discussed walnuts, but as the community grew, gourds, Bodhi seeds, and prayer beads were pulled into the mix. Eventually, ""Wenwan"" became an umbrella term for any object meant to be continuously massaged by human hands, allowing body temperature and oils to develop a rich, natural **Patina (****包浆****)** over time.  
**Conclusion**  
This messy, modern origin is heavily criticized on the Chinese internet because it shatters people's ""cultural fantasy."" Admitting that our hobby evolved from 21st-century street jargon is far less glamorous than claiming we are practicing a ""1,000-year-old scholar's ritual."" But based on my research, this raw, unpolished version is the practical truth.

Note: This article was originally written in Chinese and translated by AI. In the next episode, I will introduce a general history of modern Wenwan.",reddit,wuzhuwenwan,Johnny2046,2,0,reddit.com,https://www.reddit.com/r/wuzhuwenwan/comments/1tfzgsb/an_introduction_to_wenwan_meaning_and_historical/
2026-05-17 19:36:51,Help Needed: Honda F20B cranks but wont start (98 JDM Accord),"I'd appreciate any help I can get.

Details:

1998 Honda Torneo SiR (CF4) with F20B engine and Automatic Transmission, 200,000km miles. 

Problem:

The issue started when the car would experience pulsing Idle, then it began taking longer and longer to start, until it eventually stopped. Since then, I've: 

\- Cleaned the throttle body

\- Cleaned the MAP sensor 

\- Cleaned Distributor Cap terminals 

\- Cleaned the EGR Valve 

\- Cleaned Fuel Injectors

\- Cleaned IAC Valve

\- Checked the Fuse and Relays (including main fuel pump relay)

\- Tested Spark Plug (didn't have the tool, so I checked for spark against the body)

\- Confirmed Fuel is getting to the fuel rail at least

\- Measured Spark Plug Wire Resistance (2000 Ω)

\- Changed Spark Plugs

\- Replaced Valve Cover Gaskets

\- Changed Oil and Filter

\- Tested starting with Starter Fluid

All of which failed. The last time the car started was right after changing the oil and the filter. The second start after that took longer, and the third time it didn't start. I'd appreciate any help I can get. ",reddit,AskAMechanic,V1Z0-Virus,1,1,reddit.com,https://www.reddit.com/r/AskAMechanic/comments/1tfzgfa/help_needed_honda_f20b_cranks_but_wont_start_98/
2026-05-17 19:36:01,gold dropped 114 dollars on friday while CPI is at 3.8% and PPI at 6%. the bond market is telling you something the fed will not say yet,"gold dropped 114 dollars on friday while CPI is at 3.8% and PPI at 6%. the bond market is telling you something the fed will not say yet

friday's gold move is the bond market talking. gold opened 4652 and closed 4538 on the broker daily candle, low of 4511 intraday. 114 dollar single-day drop. silver collapsed from a weekly high near 88 down to a 75.89 close.

this looks insane when CPI is at 3.8 percent (highest since may 2023) and PPI is at 6 percent with wholesale gasoline up 15.6 percent in a single month. gold is supposed to be the inflation hedge.

the answer is real rates. 30 year treasury yield at the highest level since may 22 2025, approaching territory not seen consistently since before 2008. when nominal yields rise that fast while inflation is sticky, real rates rise. gold pays no yield. bonds now pay more than they have in nearly two decades. opportunity cost of holding gold goes up.

powell's term as fed chair expired friday may 15. kevin warsh confirmed may 13 (54 to 45, narrowest since 1977). warsh told the senate banking committee he wants ""regime change"" at the fed including changing how the central bank measures inflation. bank of america's aditya bhave (may 8 note) forecasts no cuts until july 2027. jpmorgan's michael feroli forecasts the next move is a 25bp hike in Q3 2027, not a cut.

the trump xi summit ended friday after trump rejected iran's MOU counter-proposal on may 10 and 11 as ""garbage."" no concrete commitment on hormuz. boeing got 200 jets not 500. nvidia h200 deal is approved by the US but blocked by china pushing domestic huawei ascend. anthropic published ""2028: two scenarios for global AI leadership"" on may 14 framing this exact dynamic as the global AI inflection point.

hormuz is the root cause of the energy inflation. 11 weeks of strait closure, 20 percent of global oil and LNG normally moves through. until that opens, energy stays elevated. but the bond market does not wait for diplomacy. it prices the inflation and tightens.

gold is caught between inflation (bullish) and rising real rates (bearish). real rates are winning right now.",reddit,DividendKings,Mother-Grapefruit-45,2,0,reddit.com,https://www.reddit.com/r/DividendKings/comments/1tfzfl4/gold_dropped_114_dollars_on_friday_while_cpi_is/
2026-05-17 19:35:36,Starting Point,"I started project pan in April, because I was inspired by my sister who’s in this subreddit. I just took my starting point pictures to see my progress and get inspired. (sorry if the quality is poor) I buy almost all of my products at tj maxx and marshall’s, not promoting, but it’s important because they don’t “restock” popular items and some items don’t come back. When I see something I want to use, even if not an immediate need, I buy it, because I’m scared it won’t be there when I need it.

I’m excited to start, my idea is to have only one of everything and cut out the products I don’t like. I’ve also banned my self from the mentioned stores. I’m starting with the products I don’t like and trying to use them in creative ways. I know that might be a bad strategy, but most of the products I don’t like are like 1/2 full. ",reddit,ProjectPan,s0uthfrogsp1te,7,0,reddit.com,https://www.reddit.com/r/ProjectPan/comments/1tfzf7c/starting_point/
2026-05-17 19:33:48,Oil looks Milky after first change,"Long story but I’ll try to keep it short. I have a 2021 Tuono 660 that had the engine recall. Engine was replaced and then I rode it for about 350 miles. I lost interest in the bike—mostly because I didn’t trust the dealership that replaced the engine—and haven’t rode it in 3 years. I’m in the process of making it road worthy and just finished an oil change today. This is the first oil change on the new engine. It looks a little milky and shimmery with some white swirls throughout. The oil was also beading at the end of draining which made me think there was some moisture. Drain plug magnet had some fuzzies but nothing crazy. I don’t know enough to tell if there is something seriously wrong here or if this is normal for a first oil change on a new engine— assembly lube mixed in etc…

Is my engine toast or am I good?",reddit,Aprilia,Critical_Tart_6574,1,3,reddit.com,https://www.reddit.com/r/Aprilia/comments/1tfzdgk/oil_looks_milky_after_first_change/
2026-05-17 19:33:13,Mealybugs on Sarracenia,"Hey all. I have a bad infestation of mealybugs on three of my Sarracenia (flava, minor, and purpurea). Has anyone else dealt with this and have suggestions? 

I have cut the plants to the base because they're coming out of dormancy and it's time anyways. If I dunk the plants in RO water for 24 hrs will that be enough to kill any left in the soil or what not? I wanna stay away from the oils suggested on the web sine these are all pretty sensitive bois and they're my pride n' joys. I grew one from seed and don't want to chance hurting them any more.",reddit,carnivorousplants,Tchn339,1,1,reddit.com,https://www.reddit.com/r/carnivorousplants/comments/1tfzcv5/mealybugs_on_sarracenia/
2026-05-17 19:32:15,Do I need new grill plates or can this be cleaned?,"Grill has been covered and unused for a couple years now. Just didn't make any opportunities to use it. Last time it got like this I just heated it up and applied vegetable oil to the grates and that seemed to do just fine, but it's gone unused longer this time around. ",reddit,grilling,Spiderranger,2,4,reddit.com,https://www.reddit.com/r/grilling/comments/1tfzbxs/do_i_need_new_grill_plates_or_can_this_be_cleaned/
2026-05-17 19:32:11,Honda F20B Cranks but won't start. (98 JDMAccord),"I'd appreciate any help I can get.

Details:

1998 Honda Torneo SiR (CF4) with F20B engine and Automatic Transmission; 200,000km. 

Problem:

The issue started when the car would experience pulsing Idle, then it began taking longer and longer to start, until it eventually stopped. Since then, I've: 

\- Cleaned the throttle body

\- Cleaned the MAP sensor 

\- Cleaned Distributor Cap terminals 

\- Cleaned the EGR Valve 

\- Cleaned Fuel Injectors

\- Cleaned IAC Valve

\- Checked the Fuse and Relays (including main fuel pump relay)

\- Tested Spark Plug (didn't have the tool, so I checked for spark against the body)

\- Confirmed Fuel is getting to the fuel rail at least

\- Measured Spark Plug Wire Resistance (2000 Ω)

\- Changed Spark Plugs

\- Replaced Valve Cover Gaskets

\- Changed Oil and Filter

\- Tested starting with Starter Fluid

All of which failed. The last time the car started was right after changing the oil and the filter. The second start after that took longer, and the third time it didn't start. I'd appreciate any help I can get. ",reddit,AskMechanics,V1Z0-Virus,2,0,reddit.com,https://www.reddit.com/r/AskMechanics/comments/1tfzbvm/honda_f20b_cranks_but_wont_start_98_jdmaccord/
2026-05-17 19:32:11,simple gentle cleanser,"Hi all.  55F here.  My skin is really reactive lately.  (I used a sheet mask that smelled funny, lesson learned)  I'm looking for suggestions for a simple gentle cleanser without any of the extras.  No vitamin C, no salicylic acid, no oil, and absolutely no hyaluronic acid.  Just a cleanser that will remove sunscreen, and would like to keep under $30 but would go higher for a good product. ",reddit,CanSkincare,Odd-Dragonfruit-3074,2,4,reddit.com,https://www.reddit.com/r/CanSkincare/comments/1tfzbvg/simple_gentle_cleanser/
2026-05-17 19:32:00,Black and yellow deposit on new aluminum foil sheet,I’m assuming it’s oil/lubricant that leaked from a machine. I unrolled more of the roll and it looked normal without such deposits. Is the roll still safe to use?,reddit,whatisit,Impossible-Mail8438,1,7,reddit.com,https://www.reddit.com/r/whatisit/comments/1tfzbok/black_and_yellow_deposit_on_new_aluminum_foil/
2026-05-17 19:31:56,You think I'll get banned? Lol,"A man had posted about an issue with brown recluse spiders in his house. I'm a pest control technician. I offered ways to kill the spiders as well as ways to simply repel them. The means of repelling them was simply peppermint oil, cinnamon and other incenses",reddit,BannedFromReddit,Calm-Application8531,2,4,reddit.com,https://www.reddit.com/r/BannedFromReddit/comments/1tfzbly/you_think_ill_get_banned_lol/
2026-05-17 19:31:43,How to remove stubborn built up flakes on my ears?,"I just saw a dermatologist who told me to remove this built up skin flakes on my ears.  
This has been sitting for months and I avoided removing it as my skin is extremely sensitive and I am skin infection prone. On my other SD areas, flakes come off easy but not this. 

She gave me Zoryve to try on the area once the flakes are gone. Problem is these flakes are so stuck they won't budge. I manages to get some come off with mct oil but they are now painful as i had to use qtips. Please share if you have any idea to gently remove these nasties without hurting my skin. I am desperate. 😢",reddit,SebDerm,phmstella,7,18,reddit.com,https://www.reddit.com/r/SebDerm/comments/1tfzbe6/how_to_remove_stubborn_built_up_flakes_on_my_ears/
2026-05-17 19:30:19,Why I cannot use creosote oil in my compression dynamo?,,reddit,feedthebeast,ThickIllustrator794,0,2,reddit.com,https://www.reddit.com/r/feedthebeast/comments/1tfz9xx/why_i_cannot_use_creosote_oil_in_my_compression/
2026-05-17 19:30:09,New finds.,Dermasil serum is 10/10 (tried on the back of hand). The deodorant is more natural based with macadamia & jojoba seed oil.,reddit,dollartreebeauty,sOunic211,9,5,reddit.com,https://www.reddit.com/r/dollartreebeauty/comments/1tfz9rl/new_finds/
2026-05-17 19:29:47,Does Zoloft help?,"I have been experiencing derealization for over 1 year now. I have never had mental health issues, up until I had a big accident (broke my femur snowboarding, it was very traumatic / falling off a cliff etc). Ever since then, I've felt that my surroundings + reality are not real. I am able to see things around me, and logically I know that I am with my friend or looking at a tree or crossing the street, but it feels like I don't trust that I am perceiving it at all. Some metaphors that help me communicate what I'm experiencing:

\- Like I'm watching an AirPlayed / Screen-shared version of my world

\- Like there is a foggy layer in between my reality and my perception that I cannot break through

\- Like I'm watching a laggier, blurrier, hazier version of my life (though my vision technically isn't different??)

\- When I am laughing with my friends I feel like I am not really there to experience it (I am still able to enjoy things and experience emotion, but I get sad because I feel like I am not really here to enjoy it)

\- When I am biking around town I feel really scared I might crash because I don't trust my perception of my surroundings

It has gotten A LOT worse from work giving me a ton more stress. I'm a software engineer at a startup and it has gotten so intense I feel so underwater and behind all the time with all this AI shit. I've gotten crazy physical symptoms of stress in the last month:

\- Pins and needles + itchiness on the left side of my body + both hands (this comes and goes throughout the day, but I've felt it every day for 2 weeks now)

\- Left arm pain (freaks me tf out bc it makes me think I'm gonna have a heart attack)

\- Intense neck/upper back tension that feels like someone is choking me (gets worse when I'm stressed from work)

\- Heart palpitations and heart pains (I went to the ER last week bc I thought I was having a heart attack). Blood test + Xray all came back normal

\- Slowed breathing + chest tightness/pressure (this comes and goes throughout the day)

\- Waking up in the middle of the night in a panic thinking about work

\- Sometimes before/during eating I have the most intense anxiety/nausea and want to jump out of my skin

\- Generally feeling exhausted and not a lot of energy

Previously I suffered from migraines and headaches after stopping birth control, but those have actually gotten better in the last few months.

I drink 1 cup of coffee every day, stopped drinking + smoking weed (which I only really did 2-3 times a month). No other medications, taking supplements (fish oil, magnesium glycinate, D3 + K2, and B complex sometimes). I also run and go to the gym 1-2x a week, have good friends and family support. But I genuinely feel like my life is worse and desperately want to feel better. I feel like Marty McFly when he is slowly disappearing, like I am fading away and going to die soon.

I got prescribed with Zoloft 50mg, but I'm hesitant about starting a new drug. Has this helped anyone with derealization?",reddit,derealization,eelzonwheelzz,2,3,reddit.com,https://www.reddit.com/r/derealization/comments/1tfz9en/does_zoloft_help/
2026-05-17 19:29:42,Luggage Cleaner,During a move I spilled olive oil all over the inside of my luggage. Any place nearby that could possibly save it?,reddit,CambridgeMA,DigitalJazzz,0,0,reddit.com,https://www.reddit.com/r/CambridgeMA/comments/1tfz9bz/luggage_cleaner/
2026-05-17 19:28:22,Subday Pizza Pop-up at Altbar,"Cross Coast Crumb at Albar until 5:30pm! We're so happy it's the spring/summertime and we get to make pizzas for you around Rochester. Stop by and try our pizza at Altbar today, or Tueaday night at Lux 7pm :)",reddit,Rochester,food_thatsit,12,1,reddit.com,https://www.reddit.com/r/Rochester/comments/1tfz835/subday_pizza_popup_at_altbar/
2026-05-17 19:28:14,Oil Reserves in the North Sea including the Islands of Caproney,,reddit,u_FunImportance87,FunImportance87,1,0,reddit.com,https://www.reddit.com/r/u_FunImportance87/comments/1tfz7ym/oil_reserves_in_the_north_sea_including_the/
2026-05-17 19:28:07,Longterm supply of Thorium/Monazite ~30years?,"With Thorium/Monazite being in demand for other things such as Thorium reactors, will there be enough for mankind's needs for cancer treatment for the next 30 years?

Will the US government prioritize medicine over energy?

This is revolutionary and generational that supplies of monazite/thorium will become the new ""oil"" and a national interest. Thoughts?",reddit,DRTS_Stock,West_V481,7,1,reddit.com,https://www.reddit.com/r/DRTS_Stock/comments/1tfz7vc/longterm_supply_of_thoriummonazite_30years/
